token_index,depth_percent,suite__L39,validator__L39,scorefile__L39,acquire__L39,report__L39,motivated__L39
0,0.0,0.25805575,2.2523382,-1.7324753,-4.861552,1.7322944,4.1501327
1,0.027434842249657063,0.554337,0.88489157,-1.8262472,-3.6893344,1.9100745,3.324182
2,0.05486968449931413,-1.0214937,5.871796,-2.476051,-7.2791767,1.9103975,9.922623
3,0.0823045267489712,0.009682417,0.75575554,-2.5592306,-3.0587068,3.350207,5.0615773
4,0.10973936899862825,-0.3072225,0.21670978,-3.2760904,-4.4030337,2.2522519,7.631152
5,0.13717421124828533,-2.640194,3.3139586,-3.927973,-7.882304,1.9409741,9.783812
6,0.1646090534979424,-0.13732813,0.6608292,-2.047597,-3.3886247,1.2001582,2.697026
7,0.19204389574759945,1.6806052,-2.2904787,-0.15909012,-2.3646393,1.2555698,0.46961084
8,0.2194787379972565,0.27346256,5.7186747,-0.9418339,-3.0466554,2.111685,6.054057
9,0.24691358024691357,-3.1928864,4.649124,-2.4756532,-8.012159,2.1496506,6.951705
10,0.27434842249657065,-3.376318,4.28162,-2.8753679,-7.760186,0.52869856,9.628557
11,0.3017832647462277,-3.7249897,5.196003,-3.516076,-5.2131276,-0.6769213,6.4310017
12,0.3292181069958848,0.42170772,4.6686144,-1.6959008,-4.824627,1.9643055,5.0250244
13,0.35665294924554186,1.2548262,5.811067,-3.9285595,-5.971005,2.4238734,7.6595507
14,0.3840877914951989,0.30369,5.853124,-5.510645,-7.234254,2.8880334,9.645871
15,0.411522633744856,0.61504984,-2.1146703,-2.8724403,-3.9754403,1.5860264,1.5797315
16,0.438957475994513,-0.28981832,-0.5309463,-2.3767924,-4.1399484,1.9716684,1.1468676
17,0.4663923182441701,-2.0384662,-0.6719731,-2.6620693,-4.012371,1.3563569,1.8221558
18,0.49382716049382713,0.16151446,3.2472825,-5.4238853,-8.838957,1.3050776,10.365569
19,0.5212620027434842,3.45129,6.7213073,-2.6655056,-6.48861,1.0023053,9.709446
20,0.5486968449931413,3.6453514,8.032109,-3.4431248,-5.9221926,0.4960815,11.353305
21,0.5761316872427984,0.35523853,5.884631,-4.461771,-6.492757,1.98907,9.779483
22,0.6035665294924554,2.1153991,6.818714,-4.848643,-7.047131,2.3201716,10.049546
23,0.6310013717421125,-0.49980548,4.2184343,-4.863443,-7.660012,1.8996944,9.262041
24,0.6584362139917695,0.021737687,7.256011,-3.9285192,-7.7828283,2.7173367,11.286814
25,0.6858710562414266,2.7259176,8.9273615,-2.6931124,-7.00063,0.40727156,12.84843
26,0.7133058984910837,1.6582023,8.568359,-2.281692,-6.3197484,0.5571791,12.105678
27,0.7407407407407407,1.7720963,8.180576,-4.0334673,-7.6656985,-2.0832396,14.14439
28,0.7681755829903978,-1.8953588,8.03611,-3.9063334,-8.2291155,1.1496369,14.026642
29,0.7956104252400549,-1.2278852,8.160017,-3.2346795,-6.207084,1.6751337,12.898163
30,0.823045267489712,-1.0762038,8.050845,-2.7863388,-4.9072967,0.9935956,13.08019
31,0.850480109739369,-0.71029943,7.1769423,-4.8011055,-6.589166,1.5457215,12.722469
32,0.877914951989026,1.6409408,6.4541945,-3.678994,-6.6458488,2.10375,8.114323
33,0.9053497942386831,1.7733574,6.213316,-5.192762,-8.634362,0.071406975,11.543272
34,0.9327846364883402,0.67721695,6.490257,-0.5752135,-5.799609,1.2012885,8.825509
35,0.9602194787379973,-0.071370296,5.22499,-4.4247875,-7.2401786,0.121017754,11.241408
36,0.9876543209876543,-1.5840362,5.101593,-7.6110573,-9.918196,0.4362012,13.037564
37,1.0150891632373114,-2.9199767,3.2244618,-8.144369,-12.650304,2.1866865,13.026387
38,1.0425240054869684,-0.704343,4.530223,-6.7726355,-9.195882,1.3248578,10.521912
39,1.0699588477366255,-4.3286724,5.566985,-3.7243512,-9.877352,2.753447,11.160313
40,1.0973936899862826,-4.3563128,5.7517095,-3.8124416,-9.140705,1.7716845,10.318426
41,1.1248285322359397,-4.523392,4.9605427,-3.8947198,-5.096499,-1.8558661,7.134247
42,1.1522633744855968,-5.803514,6.146493,-5.106907,-8.496557,1.813881,11.0453825
43,1.1796982167352539,-5.102962,5.9499593,-3.427138,-8.904578,2.182401,11.456892
44,1.2071330589849107,-3.5011096,7.337889,-1.8115965,-7.3393364,3.995984,12.015347
45,1.2345679012345678,-4.5888844,4.5092964,-4.160549,-6.3316617,-0.9929096,7.198809
46,1.262002743484225,-4.586906,6.7351737,-4.008937,-8.466959,4.113629,12.401381
47,1.289437585733882,-4.679433,4.3396673,-3.8952625,-6.5763755,1.5352324,9.567439
48,1.316872427983539,-3.1982696,6.510095,-5.144803,-7.826065,4.098858,9.732795
49,1.3443072702331962,-6.820502,1.418054,-5.9613085,-8.835058,0.90543586,7.093167
50,1.3717421124828533,-5.6102896,2.048052,-3.9311733,-3.3814433,-0.5979831,4.4972258
51,1.3991769547325104,-5.6333594,4.645622,-4.6066537,-8.301797,2.7387955,9.03148
52,1.4266117969821674,-3.465434,3.514736,-2.1400297,-6.6138234,3.4325535,8.4360075
53,1.4540466392318243,-4.7839556,2.6908057,-3.3774998,-6.647569,1.6716913,8.506855
54,1.4814814814814814,-4.298506,4.093543,-3.6366775,-6.4917784,-0.011807299,8.8615465
55,1.5089163237311385,-4.7186403,2.2357275,-4.4258304,-3.7999396,-1.1842598,4.418322
56,1.5363511659807956,-3.1434665,4.9207892,-4.844982,-8.054312,4.251026,10.666459
57,1.5637860082304527,-3.123563,5.0008907,-5.059908,-9.638435,1.4904054,10.930437
58,1.5912208504801097,-0.2877605,5.3548226,-5.582791,-9.41811,0.5490402,10.356008
59,1.6186556927297668,-3.2209902,4.50699,-3.1798053,-5.818762,-0.14330205,8.305121
60,1.646090534979424,-0.8298902,6.009316,-4.491662,-7.6926355,0.48008275,11.590418
61,1.673525377229081,3.6428406,8.566787,-3.1918073,-6.743724,1.1640042,12.511712
62,1.700960219478738,0.9544501,9.875887,-3.299907,-8.005684,3.3489482,13.688702
63,1.728395061728395,-0.030519795,8.721859,-1.7960246,-8.932381,4.326489,11.26137
64,1.755829903978052,-1.2242657,8.172905,-3.0275993,-8.266874,2.505982,12.687633
65,1.7832647462277091,1.4225941,11.4328165,-0.16972171,-7.116575,4.5202093,12.525746
66,1.8106995884773662,0.70087993,7.827883,-0.5664394,-3.0343835,4.288854,8.208138
67,1.8381344307270233,0.46411884,9.326423,-3.1415248,-5.8533483,4.6469994,12.397045
68,1.8655692729766804,-0.17281349,9.200472,-1.8046831,-5.481308,3.7640717,12.166331
69,1.8930041152263375,1.1958907,6.8084803,-4.0543714,-7.2210045,2.6257973,8.828141
70,1.9204389574759946,0.3209787,6.5218625,-5.8282547,-9.085455,0.8235089,11.151153
71,1.9478737997256517,-1.517303,6.8457856,-1.8062482,-6.1118345,0.10309006,8.035248
72,1.9753086419753085,-0.056678932,5.9333816,-3.6110792,-7.962314,0.33653006,12.039458
73,2.0027434842249656,2.6410222,8.528713,-3.0103853,-6.5728908,1.1336036,12.837347
74,2.0301783264746227,0.89708567,8.692126,-2.9020169,-6.5758276,0.9973074,12.0162525
75,2.05761316872428,0.7739431,5.4888177,-5.666146,-8.451686,1.2587754,10.448494
76,2.085048010973937,1.1085719,6.7411065,-4.7635155,-8.208513,1.1127717,9.393412
77,2.112482853223594,-0.8597491,6.2896304,-4.8602505,-7.9970603,2.1556041,8.688882
78,2.139917695473251,-2.5015888,6.581096,-4.7263675,-7.352851,2.1729088,9.138624
79,2.167352537722908,-2.3696086,6.929138,-6.266941,-5.653442,1.2093021,9.657883
80,2.1947873799725652,-3.9019394,6.9470162,-5.4803877,-7.8265185,1.1407424,10.240873
81,2.2222222222222223,-1.1551207,4.5802407,-4.3211894,-6.217047,1.2381793,8.196067
82,2.2496570644718794,-3.8815277,2.9894269,-2.913138,-3.8071558,0.6460362,6.2183037
83,2.2770919067215365,-3.3457325,4.954422,-6.551315,-8.259544,0.8845931,9.988237
84,2.3045267489711936,-4.800737,3.9813356,-5.7021904,-8.221643,-0.64552414,9.475921
85,2.3319615912208507,-5.001428,3.7490191,-5.2884154,-7.1600137,0.6711084,8.31589
86,2.3593964334705078,-2.511402,4.147443,-4.121671,-5.9103174,0.32004505,8.257265
87,2.3868312757201644,-2.863152,2.9047773,-3.7531135,-6.0908513,0.45519194,7.652445
88,2.4142661179698215,-5.960967,5.3294635,-6.210683,-8.254126,0.76168454,10.619953
89,2.4417009602194786,-4.806684,5.256745,-4.3603396,-6.85398,1.07269,9.844812
90,2.4691358024691357,-2.0020921,6.366333,-3.4951808,-4.9255395,-0.05751835,10.072991
91,2.4965706447187928,-1.821245,5.4229913,-4.2139935,-6.8437824,2.7575727,9.714516
92,2.52400548696845,-1.6400616,4.8862495,-2.6994405,-6.942947,1.451137,6.993139
93,2.551440329218107,0.4179206,6.22267,-4.0562716,-7.0054173,1.4481683,9.800595
94,2.578875171467764,-0.2831875,5.2419195,-5.6181145,-9.618825,1.0842156,10.340452
95,2.606310013717421,-3.2890475,5.4049816,-3.2858346,-5.5352693,-0.15278384,7.369687
96,2.633744855967078,-0.10300824,5.805702,-4.9607363,-9.866934,1.3229516,13.067201
97,2.6611796982167353,2.0301497,7.853063,-3.355074,-7.784649,1.0350469,13.809196
98,2.6886145404663924,1.2140021,7.869947,-1.4550823,-7.917989,1.6616576,15.599773
99,2.7160493827160495,0.21782663,7.9564524,-0.86925006,-6.936347,2.8868213,13.559225
100,2.7434842249657065,0.7935609,10.31218,-1.7208284,-6.658668,1.6972228,15.7874155
101,2.7709190672153636,1.0532271,6.3675337,-5.0491576,-10.831757,1.915268,14.842207
102,2.7983539094650207,-2.6853192,6.591167,-1.3948172,-6.89198,1.9277345,12.692525
103,2.825788751714678,-3.8381193,4.8699026,-2.8090703,-6.918253,0.69370157,9.168851
104,2.853223593964335,-2.090022,4.840512,-1.8988851,-7.806881,0.7730487,13.667882
105,2.880658436213992,-1.6470954,6.9924526,-0.11116137,-5.7138247,2.154017,9.747511
106,2.9080932784636486,-2.8022041,3.4606757,-2.3352218,-5.7330046,0.89308304,7.472122
107,2.9355281207133057,-2.4546068,5.2448053,-1.5051734,-6.5642853,2.8304944,9.729949
108,2.962962962962963,-2.6406906,5.985877,-3.7890153,-7.3738384,2.2199647,11.702014
109,2.99039780521262,-0.015196723,6.5552483,-2.8139987,-7.3054543,1.3827436,12.085399
110,3.017832647462277,-2.5547218,5.652808,-2.885746,-6.7342916,2.4777787,10.429671
111,3.045267489711934,-2.565381,5.534714,-2.5263586,-5.273797,1.5299251,10.355377
112,3.072702331961591,-3.1979964,5.7044253,-2.976835,-6.9736133,1.9398546,10.893481
113,3.1001371742112482,-2.2218075,6.8379593,-2.3024344,-6.225655,2.2707586,11.641223
114,3.1275720164609053,1.3430935,7.912592,-2.3977032,-9.59551,2.637229,14.076092
115,3.1550068587105624,1.5690769,11.854434,-1.1546279,-8.932007,3.471667,17.130768
116,3.1824417009602195,-0.9669381,8.902164,-3.3002143,-9.693021,4.0414243,16.104496
117,3.2098765432098766,-3.572984,9.732434,-3.843562,-9.648803,2.8899684,17.761364
118,3.2373113854595337,-1.4455818,9.275611,-2.283162,-7.8364625,2.1572156,14.926586
119,3.2647462277091908,-1.3009995,7.437534,-2.9844298,-8.485763,2.626454,15.65592
120,3.292181069958848,-1.6986032,6.7373657,-2.3518636,-6.0862436,2.0219274,13.304737
121,3.319615912208505,0.54407436,10.116885,-2.0277505,-10.88755,4.7254653,13.865188
122,3.347050754458162,2.0830781,9.060698,-1.5537591,-9.081805,4.3543396,12.266717
123,3.374485596707819,1.7278891,10.602638,-1.2825475,-9.434533,5.1085863,13.554886
124,3.401920438957476,1.4965358,9.685781,0.74847823,-8.272204,4.7833056,12.860643
125,3.429355281207133,0.7120183,7.0401964,-2.3207586,-7.444215,3.8700852,10.53581
126,3.45679012345679,2.317023,11.204908,1.7328964,-5.398295,4.3733935,11.826561
127,3.484224965706447,2.0199335,9.137065,0.21038906,-6.707786,4.706886,13.417626
128,3.511659807956104,0.7028955,6.545917,-4.825872,-10.457011,2.3354704,11.765071
129,3.539094650205761,-2.0862627,5.9964457,-2.0974257,-7.066079,0.20953932,9.782771
130,3.5665294924554183,-0.009263982,6.920947,-5.633026,-10.391895,1.708482,11.291881
131,3.5939643347050754,2.3345604,8.355274,-4.8909817,-8.376461,0.88519573,11.858462
132,3.6213991769547325,-0.2869965,9.270416,-4.9757204,-10.588632,3.371567,14.007596
133,3.6488340192043895,0.458675,5.7494607,-6.488712,-10.838119,2.5325832,11.3926325
134,3.6762688614540466,0.78539044,5.8044147,-6.0276856,-10.020805,2.055093,9.184083
135,3.7037037037037037,-1.7735033,6.745962,-3.9982374,-12.171959,3.7318523,12.844743
136,3.731138545953361,-3.4282734,7.0171576,-2.8363879,-11.259915,4.36497,14.803245
137,3.758573388203018,-0.77815986,6.5023994,-2.208517,-8.107793,4.296302,7.702546
138,3.786008230452675,0.9205118,7.231274,-4.2634864,-9.350485,1.6729293,11.856101
139,3.813443072702332,-3.0309913,2.1768396,-2.5429094,-6.4034514,1.305117,6.904991
140,3.840877914951989,1.2910872,8.393404,-2.6234565,-7.571238,2.0041096,14.478935
141,3.8683127572016462,-1.8664721,5.64674,-4.483148,-10.3028345,2.7699096,12.5703945
142,3.8957475994513033,0.56445897,6.1892834,-1.7741665,-6.0295715,3.8668523,6.0891147
143,3.9231824417009604,0.6591023,8.250163,-4.935828,-8.67737,3.835971,10.268396
144,3.950617283950617,-2.337781,6.7213445,-0.7460923,-5.6665163,2.6450775,4.3343434
145,3.978052126200274,-2.089806,7.1084895,-1.9741384,-7.4910855,3.4206982,8.650149
146,4.005486968449931,-3.969779,6.681476,-4.262334,-9.000998,2.6848807,11.731608
147,4.032921810699588,-0.3156517,7.4255214,-4.4973826,-9.274255,4.1413336,12.769933
148,4.060356652949245,1.7329111,5.7686143,-5.1468077,-8.438296,3.5564053,8.592064
149,4.0877914951989025,0.1649857,4.308723,-4.006143,-7.8620095,1.9904861,5.7110615
150,4.11522633744856,1.6027775,5.9883304,-4.149485,-8.213768,3.677269,7.5862155
151,4.142661179698217,0.4002742,8.60788,-2.3087988,-7.4422464,4.5964575,9.211974
152,4.170096021947874,-4.449039,3.6309624,-4.39049,-6.166723,0.3216122,8.278031
153,4.197530864197531,-3.434505,5.0741434,-5.335905,-9.862532,3.9718673,11.963334
154,4.224965706447188,1.3278807,6.3374825,-2.467732,-5.957385,3.0169995,7.623433
155,4.252400548696845,-2.1642635,1.8809805,-0.7218276,-4.296221,0.41760167,4.90738
156,4.279835390946502,0.63524294,5.601119,-4.1408668,-7.86107,4.691125,9.02304
157,4.307270233196159,0.49158448,5.9252634,-3.8893425,-8.659369,3.9478765,8.817139
158,4.334705075445816,-1.2346977,-0.10465927,-3.1034086,-5.256273,1.1622396,2.2947214
159,4.362139917695473,-0.9230278,2.6529083,-3.9402137,-8.992459,0.00037816222,8.110432
160,4.3895747599451305,-3.4166055,6.3520823,-2.6551228,-10.126721,1.804524,12.585952
161,4.4170096021947876,-2.8620963,4.034277,-3.294087,-7.475831,1.0000374,9.626358
162,4.444444444444445,-2.5954566,4.6370516,-2.9848237,-8.503797,0.5363578,9.568179
163,4.471879286694102,1.9824677,8.642453,-1.5100226,-4.4544477,-0.33189684,9.054922
164,4.499314128943759,-2.1329076,4.2124453,-3.553033,-7.0743546,0.52058417,7.9845266
165,4.526748971193416,-1.7798749,7.427233,-4.3633556,-5.7919493,-0.24885212,11.784691
166,4.554183813443073,-1.1657147,7.7071457,-2.7719724,-4.5239143,-0.39899984,12.374387
167,4.58161865569273,-0.23380385,8.135507,-3.2906003,-3.5159721,0.21207336,13.58825
168,4.609053497942387,-2.8123999,3.8970191,-4.092295,-8.380663,0.84418064,10.697073
169,4.636488340192044,-2.0712054,2.4713078,-5.887497,-9.097238,-0.6340775,10.912099
170,4.663923182441701,-1.4442719,3.1020372,-2.387766,-5.6201158,0.3121606,7.673584
171,4.691358024691358,-1.8027432,2.9738598,-5.3472924,-9.375508,-0.21524628,11.841164
172,4.7187928669410155,-0.9974549,6.2147946,-3.75126,-6.811093,1.0472673,10.885024
173,4.746227709190672,-2.2720115,5.0883975,-3.359207,-7.7222695,1.5074841,10.737861
174,4.773662551440329,-1.7099432,3.1460562,-1.6168768,-4.778595,1.5401183,6.455724
175,4.801097393689986,-5.360592,3.569322,-5.3771887,-9.403086,1.7636768,9.518037
176,4.828532235939643,-4.9719734,3.2752385,-1.8743416,-5.080751,0.8775088,5.615293
177,4.8559670781893,-2.75061,4.5768733,-4.577983,-8.036218,2.2530441,11.265628
178,4.883401920438957,-2.41167,5.786869,-4.0962024,-6.5855045,2.1675265,11.151453
179,4.910836762688614,-1.1750591,3.695992,-2.7317758,-4.520498,1.9393402,8.028438
180,4.938271604938271,-2.3332942,4.3337903,-1.6996815,-4.691295,-0.49898884,7.889876
181,4.965706447187928,-1.6395698,5.0731688,-3.946698,-6.36321,2.7249632,11.169895
182,4.9931412894375855,-1.81251,4.903254,-2.9786978,-5.7651134,3.155304,10.637681
183,5.020576131687243,-0.49422354,3.8598287,-3.5563283,-8.226136,0.4419723,11.15952
184,5.0480109739369,-1.9071487,4.6981926,-5.206748,-10.460284,-0.8166262,12.454072
185,5.075445816186557,-3.8789642,5.705636,-5.1225038,-8.78299,-0.48006174,10.738829
186,5.102880658436214,-3.230025,5.8892426,-5.0610104,-9.023184,-0.597961,12.563868
187,5.130315500685871,-2.3907475,6.9680033,-4.738961,-7.8741865,0.45060608,13.184934
188,5.157750342935528,-3.9891343,5.5421677,-5.4121566,-8.272337,0.9324268,12.761167
189,5.185185185185185,-3.8636427,4.3235226,-5.0545316,-5.7890697,-0.4086163,7.901548
190,5.212620027434842,-5.0046816,7.2023015,-5.600775,-9.17163,2.1084259,12.782664
191,5.240054869684499,-3.7488115,5.04651,-5.108559,-8.192629,2.3607337,11.686541
192,5.267489711934156,-4.574176,5.8224044,-4.8038516,-8.614649,1.4229797,10.730301
193,5.2949245541838135,-2.6022475,7.300924,-3.4078925,-7.0060296,1.2660692,12.5262375
194,5.322359396433471,-1.4509008,4.7556686,-4.1138554,-9.598911,1.1070869,12.332482
195,5.349794238683128,-1.845858,4.865104,-5.4152083,-10.829164,1.1049914,12.770173
196,5.377229080932785,-2.536797,6.7717814,-3.388771,-7.6758556,0.3594217,11.036698
197,5.404663923182442,-2.1433847,7.0473,-3.1487162,-6.8327813,0.08688964,11.917069
198,5.432098765432099,-0.38160244,7.045611,-3.4553895,-5.8357286,-1.0645995,10.4984865
199,5.459533607681756,-1.6567209,7.712855,-2.3206236,-2.7091522,-0.106603056,9.876627
200,5.486968449931413,0.18718125,7.129242,-3.2987168,-2.206693,-0.059413884,10.183954
201,5.51440329218107,-1.177935,8.522955,-3.5483081,-4.382319,-1.4641596,12.817364
202,5.541838134430727,-2.7998652,8.586403,-4.4246445,-5.2620745,-1.8246338,14.040404
203,5.569272976680384,-1.2946305,7.1697955,-3.9721575,-6.8822846,-0.57095706,12.123202
204,5.596707818930041,-0.8670046,9.920136,-2.8411677,-4.8788166,-0.5211887,13.793643
205,5.6241426611796985,-1.1049005,11.018898,-2.674834,-4.165883,-0.57460517,16.590122
206,5.651577503429356,-1.7548248,4.583356,-4.0931,-7.2873416,0.15860367,11.4754095
207,5.679012345679013,-1.0325974,5.556312,-4.9659095,-9.012338,0.98498535,12.637733
208,5.70644718792867,-2.3375397,6.3498993,-3.095647,-5.3834248,-0.7211085,9.541518
209,5.733882030178327,-2.1925955,7.8320713,-2.9299824,-6.568291,0.21418066,11.293941
210,5.761316872427984,-0.07849699,6.494606,-5.8435373,-10.941094,2.0873222,13.306058
211,5.788751714677641,-1.3319137,7.1941414,-5.2765603,-10.417812,3.255299,15.224248
212,5.816186556927297,-2.852554,9.022423,-5.7339563,-10.46501,4.4143405,15.744238
213,5.843621399176954,-3.8493617,8.275315,-6.2900953,-9.456518,3.8458412,13.617093
214,5.871056241426611,-4.537936,6.281169,-5.9881425,-9.694568,4.605573,12.733343
215,5.8984910836762685,-1.7697389,4.067196,-5.117459,-10.545449,1.9402063,12.296001
216,5.925925925925926,-2.9725943,-0.8151392,-4.3523874,-7.2631907,0.71591055,3.0257413
217,5.953360768175583,-1.1823536,2.7648215,-4.7937217,-9.421311,0.3275848,10.5246725
218,5.98079561042524,-1.5670602,3.1171837,-2.524563,-6.8389,-0.063033,8.004296
219,6.008230452674897,-2.469631,3.4358299,-2.9307616,-4.9982004,0.06534504,7.217471
220,6.035665294924554,-1.5749543,4.212147,-3.1600134,-7.4843593,0.7420242,10.248605
221,6.063100137174211,3.4323602,5.094557,-1.9712296,-4.5230007,1.5487807,7.7677736
222,6.090534979423868,0.81354976,6.6739206,-2.8511767,-3.505527,2.1870778,9.225364
223,6.117969821673525,-0.58042437,7.254689,-3.3350737,-6.7015224,1.2841907,13.280767
224,6.145404663923182,-0.4234671,5.8977966,-4.287379,-6.704951,1.035297,12.395233
225,6.172839506172839,0.39037383,4.7216477,-5.0806,-5.8002577,1.149567,10.449371
226,6.2002743484224965,-2.5352955,4.962497,-6.329923,-9.000208,0.16883802,9.784928
227,6.227709190672154,-4.1991053,4.1327996,-5.6269207,-7.883467,0.08034791,9.082429
228,6.255144032921811,-1.702498,6.0484447,-4.10813,-8.164147,1.5405186,11.75827
229,6.282578875171468,-1.3447117,3.5057282,-4.209195,-8.911743,0.7665775,11.679399
230,6.310013717421125,-1.4072711,1.9529613,-6.176392,-10.4363785,0.43897238,9.894513
231,6.337448559670782,-1.4970243,3.6031387,-1.2761703,-5.1216974,-0.7550971,7.785304
232,6.364883401920439,-1.5947644,2.7851222,-5.1671042,-9.176859,0.21630219,10.275066
233,6.392318244170096,0.8036886,5.1497498,-1.9958259,-6.3898187,1.4800574,6.8879266
234,6.419753086419753,0.0036043394,5.255413,-3.5418036,-7.119593,-0.13206965,11.051025
235,6.44718792866941,-0.11773736,5.4735613,-3.5195162,-5.3984904,1.9117265,11.710652
236,6.474622770919067,0.101257004,6.3003893,-2.4723394,-4.204413,2.894198,8.829851
237,6.502057613168724,-1.3869,4.5278373,-0.33909768,-3.2985537,-0.7757602,5.6507263
238,6.5294924554183815,-0.9796893,4.6813245,-2.1109335,-3.765127,2.8690188,7.0526476
239,6.556927297668039,-1.0327998,3.99157,-0.61726975,-3.430439,0.017518751,5.663081
240,6.584362139917696,1.3878578,5.832088,-1.6830262,-3.2497582,2.7753239,6.182586
241,6.611796982167353,-0.71871185,4.6360908,-2.4919114,-2.9147556,1.7534251,6.3214226
242,6.63923182441701,-2.7017336,5.0057697,-1.3035272,-2.8992205,0.30631635,7.6553373
243,6.666666666666667,-2.704657,5.0260777,-1.7562176,-3.954244,-0.99829704,7.468791
244,6.694101508916324,-1.9419211,3.8423293,-1.2692449,-3.6132104,0.8673449,6.3738427
245,6.721536351165981,-0.85592014,5.97768,-2.596768,-5.0699797,2.5195267,9.37486
246,6.748971193415638,-0.881939,5.258584,-3.405669,-6.309597,1.0167202,11.582958
247,6.776406035665295,-1.0360593,6.1822534,-3.39677,-4.824559,1.0711877,13.618982
248,6.803840877914952,-1.6943648,4.737023,-4.5944495,-6.724841,1.3541049,11.462168
249,6.8312757201646095,0.73966366,5.185891,-3.2949443,-3.8511214,-0.48394942,9.099969
250,6.858710562414266,-4.4356847,3.1214263,-5.734679,-8.539468,1.0088254,8.908168
251,6.886145404663923,-1.1981022,5.588209,-2.4084544,-4.129458,-0.5277827,10.567895
252,6.91358024691358,-0.770379,4.8161435,-4.5030236,-6.244837,0.20732059,12.144916
253,6.941015089163237,-0.14427964,4.040276,-5.3024483,-7.738972,-0.3234094,10.709407
254,6.968449931412894,-0.7402699,3.3482342,-6.1838474,-9.0959015,-0.12717216,10.056795
255,6.995884773662551,-0.5169152,3.1512609,-1.6590922,-3.996613,-0.96627146,6.7612767
256,7.023319615912208,-1.5789418,3.5569682,-4.244797,-6.9088745,-0.6172296,9.66978
257,7.050754458161865,-1.1296108,2.8959,-3.0653028,-6.7749047,1.3338917,5.3528776
258,7.078189300411522,-0.6371172,4.3155413,-1.3388522,-3.7689888,-0.52470475,6.4386983
259,7.1056241426611795,-0.7906496,4.891734,-1.8494478,-4.1910343,0.9253096,6.3042474
260,7.133058984910837,-1.9691567,5.3485394,-1.9288622,-3.906612,1.4773846,7.2178555
261,7.160493827160494,-0.8606432,6.6637106,-0.5910775,-4.340594,0.9151233,7.78412
262,7.187928669410151,-0.6210691,4.183937,-1.7733407,-4.95533,0.19927008,7.8780394
263,7.215363511659808,-0.49754328,4.017409,-2.7648969,-5.409983,1.0823377,7.124008
264,7.242798353909465,-1.6721829,4.8169875,-1.4619473,-2.7562196,-0.8675506,6.7172995
265,7.270233196159122,-1.5968302,5.6280594,-1.58425,-4.538358,0.024561038,8.235797
266,7.297668038408779,-0.76300263,4.866762,-2.8982987,-5.2647758,-0.109914,9.464692
267,7.325102880658436,0.10890299,5.1225557,-2.9756665,-4.320994,1.0743256,7.21682
268,7.352537722908093,1.4345142,4.628235,-0.47413588,-1.2259855,0.45785385,4.211369
269,7.37997256515775,0.8174696,6.1520324,-1.1841872,-2.720778,0.12718801,5.8933063
270,7.407407407407407,-0.5943423,7.088123,0.3446692,-2.9787922,0.16577563,7.617675
271,7.4348422496570645,-0.74723995,4.6802897,-4.3195457,-7.237388,-0.70361936,11.719856
272,7.462277091906722,-1.0955466,5.1656075,-3.2471616,-5.5116057,-0.5272792,9.835408
273,7.489711934156379,1.0591855,4.6965256,-3.7662191,-4.999228,-0.66004837,10.044927
274,7.517146776406036,-4.075754,3.772574,-4.873079,-6.8429575,0.30527812,8.15241
275,7.544581618655693,-2.1530201,5.9551725,-0.85676175,-2.9807045,0.7535107,7.852189
276,7.57201646090535,-1.2181793,6.760462,-3.4577463,-6.0242815,-0.022447176,13.154461
277,7.599451303155007,0.43277842,7.2024317,-2.5368156,-4.5539346,-1.646191,12.736585
278,7.626886145404664,-0.90903735,6.340921,-3.660684,-4.6626396,-0.950402,14.205471
279,7.654320987654321,-1.3270388,3.462084,-3.5987194,-6.3500338,0.5361585,11.754486
280,7.681755829903978,-1.4459853,4.7778935,-2.024601,-5.2745595,0.1058948,8.903443
281,7.709190672153635,-2.006178,4.4663615,-0.46096104,-2.4123595,-0.6431661,7.004942
282,7.7366255144032925,-1.4776425,3.883883,-1.6488113,-4.480412,-0.22435504,8.744419
283,7.76406035665295,-0.01591753,4.357486,-0.6094555,-3.5457268,-0.39448813,9.641475
284,7.791495198902607,-1.5446681,3.2410192,-2.5905826,-5.2993984,0.70573086,7.9862328
285,7.818930041152264,-1.9203738,4.164016,-1.1775627,-4.0790477,1.4936684,6.1378217
286,7.846364883401921,-1.6426551,5.297074,-1.6558256,-3.9739473,1.3698713,9.852006
287,7.873799725651578,-0.87322474,4.9771924,-0.9939695,-3.4498067,-0.4677409,9.865391
288,7.901234567901234,-0.21631949,6.1415133,-0.87226856,-3.592033,0.37444162,10.086169
289,7.928669410150891,-0.4829098,5.1266556,-0.9263249,-2.924809,0.60428697,8.19982
290,7.956104252400548,-0.7118304,5.929998,-3.4411442,-3.3966324,1.1696157,9.829544
291,7.983539094650205,-0.9941702,7.3397784,-3.37431,-6.3122807,0.19094482,13.609494
292,8.010973936899862,-1.4526231,6.0866685,-3.6776977,-6.5056033,-0.17377189,12.386845
293,8.03840877914952,-0.12897873,5.135437,-0.24168909,-2.2894788,-1.7844701,7.8718314
294,8.065843621399177,-0.2826152,5.1874313,-1.8969866,-2.9550107,0.30548027,7.8427234
295,8.093278463648835,-2.463055,3.9192038,-2.6542876,-6.0866275,1.1445082,7.73152
296,8.12071330589849,0.9458251,6.5774803,-1.5011337,-3.5884442,0.47664273,8.30172
297,8.148148148148149,-0.60509723,4.864863,-2.8862355,-3.1840537,1.281191,7.4865856
298,8.175582990397805,-3.3530543,4.460191,-3.3293068,-4.703198,0.26374075,7.748926
299,8.203017832647463,-0.43990517,4.5010247,-0.7972094,-2.1917274,-1.8727762,6.872385
300,8.23045267489712,-3.045014,4.503323,-2.8194284,-4.8719993,-0.073767595,8.553349
301,8.257887517146777,-0.99088395,6.4097915,-2.629414,-5.939537,1.7910305,11.2435
302,8.285322359396433,-0.43789926,8.152309,-1.9927703,-3.2215812,0.4081574,10.697759
303,8.312757201646091,-1.6006904,4.2336297,-4.5130935,-9.906784,0.68939716,14.060044
304,8.340192043895748,1.3421854,8.77908,-2.9011788,-5.358807,-0.8590539,13.9888935
305,8.367626886145406,0.60887504,8.909332,-4.455471,-6.2179112,-0.12883401,15.580832
306,8.395061728395062,-0.07135858,7.7158127,-5.6612167,-8.943886,0.39914688,16.813705
307,8.422496570644718,-1.4201014,4.690883,-3.3320444,-6.5068197,0.327081,10.901046
308,8.449931412894376,-1.1890423,4.9106884,-1.4586488,-4.167042,0.045253307,8.31573
309,8.477366255144032,-2.4582636,4.308059,-2.6549983,-5.6353364,0.21975653,10.714464
310,8.50480109739369,-0.14848122,6.151147,-3.2850032,-5.636648,0.1792056,11.883897
311,8.532235939643346,-1.6175884,4.5402246,-2.2774012,-5.7396984,1.4166816,8.433147
312,8.559670781893004,-4.421537,3.5956588,-2.1764243,-2.6914203,-0.09146972,4.056957
313,8.58710562414266,-2.128368,6.0181913,-3.7450058,-6.033611,0.886138,11.856883
314,8.614540466392318,-1.4686549,5.1620493,-2.5719893,-5.1446,1.4560448,9.249628
315,8.641975308641975,-0.7242976,6.5939264,-3.9466634,-5.1708736,1.055887,13.688423
316,8.669410150891633,-4.6259513,5.1457667,-4.646885,-7.5567455,1.0126762,8.469654
317,8.696844993141289,-2.2458265,5.351685,-2.099157,-5.6255774,0.6305087,11.070818
318,8.724279835390947,-1.6395841,6.407462,-3.1118367,-6.2824197,1.5490534,13.398286
319,8.751714677640603,-2.3510265,1.6004947,-3.351908,-5.0985484,1.5361027,3.5780873
320,8.779149519890261,-2.5413404,5.4776883,-1.6442113,-4.621101,2.0190423,7.052978
321,8.806584362139917,-2.4300153,6.269754,-3.9168775,-6.8098297,1.6990052,13.150032
322,8.834019204389575,-2.2338111,4.1151147,-3.6726892,-6.4534373,1.1548452,9.48619
323,8.861454046639231,-1.088751,5.955392,-5.162825,-9.955287,1.2128664,14.886438
324,8.88888888888889,-0.9808057,6.397922,-4.385855,-9.881111,2.6441672,14.685207
325,8.916323731138545,-0.24214338,7.3255396,-5.25817,-10.431469,3.1948407,16.400337
326,8.943758573388203,-0.9905584,6.407473,-5.3799753,-11.332477,2.5492601,17.257973
327,8.97119341563786,-2.0877738,4.1874924,-4.6587176,-10.002542,1.933058,14.469656
328,8.998628257887518,-1.1218156,4.312633,-2.0798237,-5.3421683,1.496575,8.564674
329,9.026063100137174,-3.4175675,3.5420027,-3.6518822,-7.657616,0.5841331,11.0858345
330,9.053497942386832,-2.5777354,3.7984087,-4.126977,-9.08257,1.4814358,13.781611
331,9.080932784636488,-1.0718575,4.8610487,-0.73916125,-4.0742793,1.6874527,7.23096
332,9.108367626886146,-3.851175,5.1849976,-2.830077,-8.683929,1.3598772,12.522899
333,9.135802469135802,-2.673427,5.323346,-3.9732912,-7.8112197,2.756621,12.40527
334,9.16323731138546,-1.0066626,6.3595533,-3.2052066,-8.210594,2.3845296,13.359292
335,9.190672153635116,-0.49552426,9.591563,-2.8818643,-8.281104,2.3579905,16.317442
336,9.218106995884774,-1.930547,9.414348,-3.4969156,-7.4681363,1.7536883,15.598388
337,9.24554183813443,-1.3801272,10.578726,-2.3538277,-7.644481,2.2375672,15.955506
338,9.272976680384089,-1.8251326,8.491397,-3.513513,-8.112899,1.8988461,14.992765
339,9.300411522633745,-1.016248,3.940757,-4.8436513,-10.494096,2.2783358,13.302291
340,9.327846364883403,-1.750849,3.5287068,-6.078061,-11.669126,1.1976807,12.143612
341,9.355281207133059,-0.8099449,4.6541224,-2.1160564,-5.932815,1.4321367,9.142328
342,9.382716049382717,-0.9431188,4.6887054,-4.1936316,-8.706441,1.1090621,11.955022
343,9.410150891632373,1.3341386,7.9540305,-2.434754,-5.8168106,0.87575877,11.163872
344,9.437585733882031,0.05377457,5.6807013,-1.9818345,-5.065941,1.2771872,8.960394
345,9.465020576131687,0.83713657,5.666176,-2.4496818,-4.193186,0.93810356,9.901248
346,9.492455418381343,-2.169478,4.283124,-3.9613419,-6.231568,1.4942335,8.694518
347,9.519890260631001,-0.45807582,5.091035,-1.1956319,-3.6933956,1.9821447,6.4144588
348,9.547325102880658,-0.2592521,6.2289677,-2.3609693,-4.9737124,2.005875,11.856986
349,9.574759945130316,1.0007191,5.841631,-3.5325348,-7.704961,0.25835463,12.298124
350,9.602194787379972,1.1963404,5.528699,-4.380748,-7.3953085,1.1500381,13.091981
351,9.62962962962963,0.70080346,5.293103,-2.036556,-4.9312816,1.335346,9.34404
352,9.657064471879286,1.3682626,8.514654,-2.6930432,-6.6411066,0.18764116,12.170574
353,9.684499314128944,1.0540841,8.8889475,-2.5059628,-4.793828,-0.78519964,11.400361
354,9.7119341563786,1.1596493,9.472802,-1.5422059,-3.910057,-0.4776141,12.217477
355,9.739368998628258,1.4030017,9.135858,-2.3242276,-3.422986,-0.92566735,13.794808
356,9.766803840877914,-0.35669136,10.16419,-1.5250379,-4.8025565,-1.3833812,15.806892
357,9.794238683127572,-0.17184184,9.799167,-1.4799628,-5.3138924,-0.37586144,14.845484
358,9.821673525377228,0.66167873,5.3141065,-1.5318509,-4.536623,0.6718431,10.170961
359,9.849108367626886,-0.042628378,5.642903,-0.8916514,-3.7804224,1.1447158,8.305505
360,9.876543209876543,0.86854565,6.3661656,-0.55817914,-3.2685797,1.068659,9.370421
361,9.9039780521262,-2.5491238,6.6551504,-3.1170826,-4.6522756,0.27387077,7.9891315
362,9.931412894375857,0.9203308,8.4673195,-0.71367574,-3.503077,1.3255945,10.887018
363,9.958847736625515,0.2997857,6.5911775,-1.464209,-4.09869,1.6469636,9.386597
364,9.986282578875171,-0.09336479,6.348148,-2.5479934,-4.2798076,1.2732553,10.967955
365,10.013717421124829,-4.476471,7.3039494,-4.3630037,-7.8886046,1.0548029,9.58485
366,10.041152263374485,-0.040454965,6.9948773,-0.5849555,-3.828327,1.3446308,9.124176
367,10.068587105624143,-2.7880428,5.168024,-3.5536337,-4.1372585,-0.06527181,7.3799787
368,10.0960219478738,-0.057026062,8.593829,-1.5573592,-4.5500774,1.4568105,11.7678795
369,10.123456790123457,-0.12731111,8.031833,-2.5954309,-6.817097,0.93621594,12.950876
370,10.150891632373114,0.7699711,7.610991,-1.6531037,-3.5258515,2.138366,10.689774
371,10.178326474622772,1.2471056,8.054627,-3.2848175,-9.07601,-0.109940164,14.885522
372,10.205761316872428,1.1533872,8.650056,-2.242593,-8.517473,0.14850189,13.086623
373,10.233196159122086,1.5103068,9.3233795,-2.0233352,-8.964774,1.0756608,16.635271
374,10.260631001371742,1.1622925,8.753907,-3.1268306,-8.100287,1.6580014,16.820282
375,10.2880658436214,0.83077353,5.633594,-2.790348,-6.8383965,1.0815393,14.054053
376,10.315500685871056,-0.093374066,5.0594487,-2.0106175,-5.797702,1.4259517,10.522973
377,10.342935528120714,0.59082574,5.128211,-1.6755483,-5.768928,1.7260702,10.840212
378,10.37037037037037,1.009996,6.3719773,-1.2086008,-5.502887,2.4026387,12.23201
379,10.397805212620028,1.3215333,8.456049,-1.5087955,-6.4545927,2.1128545,14.643091
380,10.425240054869684,0.73274946,7.1410246,-2.8701417,-6.7167926,1.3270723,13.255484
381,10.452674897119342,2.0322657,8.521439,-1.4527594,-6.9877143,2.7581928,16.069962
382,10.480109739368999,0.08189364,13.218463,-1.3963588,-6.1870413,3.6256983,16.230927
383,10.507544581618657,1.1983738,10.775701,-1.3301526,-6.865625,3.1869438,17.988714
384,10.534979423868313,1.6029297,5.6063194,-4.2906303,-10.197838,2.4362633,14.600029
385,10.562414266117969,-0.52886593,8.605782,-4.9356904,-9.896721,2.9776032,15.2190275
386,10.589849108367627,-0.9780801,4.1603026,-5.192204,-10.094362,1.8099983,14.049096
387,10.617283950617283,-2.1200671,4.8989067,-3.7529604,-7.361559,1.160138,9.493262
388,10.644718792866941,-2.8007474,3.6462998,-3.7867382,-7.050907,0.27325395,10.379865
389,10.672153635116597,-0.2701505,4.9331303,-3.5979118,-7.882381,2.1234267,12.798712
390,10.699588477366255,-2.4750974,4.772531,-3.7720451,-7.348186,1.2721748,9.500439
391,10.727023319615911,0.6447416,4.5873833,-2.4869444,-6.2876167,2.9191527,11.332908
392,10.75445816186557,-1.8061626,6.0082917,-3.4222844,-7.1050396,2.558688,12.334534
393,10.781893004115226,-2.1626248,4.1300955,-3.7218974,-7.4140944,1.2621984,10.182617
394,10.809327846364884,0.5717911,5.8964233,-4.0559945,-10.317395,2.6962028,14.092078
395,10.83676268861454,2.5485377,8.934766,-1.9169155,-8.44705,0.5419063,14.442064
396,10.864197530864198,1.8249717,9.831537,-2.1468985,-9.484901,1.3418719,17.069944
397,10.891632373113854,2.4790552,9.89794,-1.4116199,-8.231512,1.5722976,17.190044
398,10.919067215363512,1.2465564,6.5537224,-3.3093944,-9.315081,2.2968261,14.384373
399,10.946502057613168,-1.0898573,4.8717055,-4.132868,-9.006122,1.7063699,13.918782
400,10.973936899862826,-1.5321436,4.6288996,-2.1869795,-5.811962,0.32248068,9.656323
401,11.001371742112482,-0.6737305,5.4866505,-1.7357622,-7.4318156,2.0098412,12.757702
402,11.02880658436214,1.7526689,7.0881643,-0.9706321,-7.7591634,2.0897014,15.297123
403,11.056241426611797,-2.9254613,5.6190057,-2.3473449,-7.6921,1.4158014,10.863425
404,11.083676268861455,-5.3222456,4.7849555,-4.4727373,-6.5471563,0.512152,7.565971
405,11.11111111111111,-1.4346436,6.5460644,-2.8120215,-7.6002264,2.4142416,12.893261
406,11.138545953360769,1.8147902,9.917108,-0.6443857,-8.749601,2.8834085,17.349468
407,11.165980795610425,2.6511912,12.698499,-0.44523215,-6.796427,2.2032933,18.250774
408,11.193415637860083,1.701108,11.856935,-0.79986364,-8.959572,3.1262684,18.177664
409,11.220850480109739,2.165959,9.39326,-1.819357,-8.12189,1.8354307,15.210252
410,11.248285322359397,1.168776,8.510981,-3.2799313,-9.982054,-0.45908228,14.259264
411,11.275720164609053,0.7650962,10.89677,-2.1363993,-9.753342,0.78351086,14.154286
412,11.303155006858711,-1.021559,7.5059023,-5.008607,-10.360675,0.03040577,14.276298
413,11.330589849108367,-1.3204081,5.94777,-3.3546574,-7.949486,0.63626355,11.692555
414,11.358024691358025,-2.171609,4.5543733,-3.1042767,-6.755147,-0.81142557,9.199732
415,11.385459533607682,-3.4288878,4.0462213,-4.1176753,-7.960981,-0.53412575,10.395445
416,11.41289437585734,-1.1326058,4.779178,-4.288795,-8.96583,-0.63646597,11.362195
417,11.440329218106996,-3.1495483,4.6946106,-3.37989,-6.9036016,0.8815115,9.194066
418,11.467764060356654,-2.767309,1.4551666,-3.2396655,-5.1419497,1.8050904,3.353624
419,11.49519890260631,-1.0547107,7.6716175,-3.5978444,-8.850767,-0.11721603,12.963692
420,11.522633744855968,0.16503863,8.456169,-2.761965,-8.7024975,0.23990875,12.571089
421,11.550068587105624,0.48375592,6.985822,-5.237085,-11.251775,0.2357367,14.105639
422,11.577503429355282,-1.9298545,6.709756,-3.5963643,-9.513766,3.0462203,12.726624
423,11.604938271604938,0.9939844,8.163039,-4.7055116,-10.736659,1.8490399,15.402771
424,11.632373113854594,0.280154,6.2816844,-5.3643217,-11.54313,2.205805,15.92984
425,11.659807956104252,-1.4571804,4.924277,-4.209241,-8.9736185,1.3386711,12.65918
426,11.687242798353909,-2.993928,4.2856393,-2.8838518,-5.7486243,0.23621072,7.676703
427,11.714677640603567,-2.9177494,3.8471065,-3.5866845,-7.3540454,0.46330437,10.56412
428,11.742112482853223,-0.9005295,3.6350338,-4.1618605,-9.449583,-0.2572672,11.185612
429,11.76954732510288,-3.7691758,4.1706767,-3.6791985,-6.1466393,0.58908546,7.888331
430,11.796982167352537,-3.885272,4.6628847,-3.688797,-4.7476144,-0.1478837,8.284535
431,11.824417009602195,-1.3259177,6.5807962,-3.5917475,-8.200325,1.6488677,12.218885
432,11.851851851851851,0.6476918,8.253773,-3.0381725,-9.632888,0.41278663,13.791568
433,11.87928669410151,0.7367102,10.725375,-2.2798233,-8.170511,0.5071175,14.0940485
434,11.906721536351165,-0.31092557,10.251559,-3.4047787,-7.760908,1.0213374,14.2967615
435,11.934156378600823,0.6832,10.536398,-2.5753279,-6.870416,0.8259006,15.338751
436,11.96159122085048,-1.3762954,9.637723,-1.4262161,-8.615908,1.3321501,15.8274355
437,11.989026063100138,1.2558764,8.891834,-3.253684,-8.016169,0.9566001,15.163904
438,12.016460905349794,2.3392708,10.624012,-2.5453863,-7.661451,0.41356468,14.495799
439,12.043895747599452,1.3653307,9.194061,-1.8927072,-7.830924,0.27133143,12.178044
440,12.071330589849108,1.624553,10.8890295,-1.6483588,-7.420349,0.50573957,15.681058
441,12.098765432098766,3.034234,14.1903305,-0.9503665,-7.000321,1.805336,13.658877
442,12.126200274348422,1.883784,10.123188,-3.993793,-5.7472005,-0.24295978,13.639779
443,12.15363511659808,2.4076424,12.731577,-1.3915547,-4.644352,0.33546054,13.041888
444,12.181069958847736,1.3362348,11.154447,-3.0640686,-5.872407,1.5719095,13.13457
445,12.208504801097394,0.727528,6.788602,-5.357748,-10.242982,0.54744166,11.927942
446,12.23593964334705,1.4838427,8.334866,-3.8957593,-10.687948,0.35420832,12.652865
447,12.263374485596708,0.7952894,7.544433,-2.993539,-6.7804193,-0.8686985,11.330805
448,12.290809327846365,0.6203811,7.4743767,-3.818707,-8.648211,-0.17554972,10.969104
449,12.318244170096023,0.31751004,7.407298,-2.777179,-6.5346646,-1.5855503,10.826554
450,12.345679012345679,-0.111611344,7.987326,-4.7921658,-8.523099,-0.21771109,14.197312
451,12.373113854595337,-1.3915459,4.4281645,-3.246266,-6.665334,-0.1850227,10.6115465
452,12.400548696844993,-2.3685129,4.273563,-1.4527056,-4.4260354,-0.18201955,7.983293
453,12.427983539094651,-2.4102352,4.250568,-2.6865304,-6.0523443,0.1538724,10.355733
454,12.455418381344307,-1.2038667,4.544984,-3.3629622,-7.550255,0.46425033,11.322494
455,12.482853223593965,-2.3990197,4.3419747,-2.6275346,-4.917271,-0.9689224,8.837779
456,12.510288065843621,-5.4119663,3.3708377,-4.6416874,-6.6907053,-0.029913113,6.8298936
457,12.53772290809328,-2.4210472,5.7396293,-2.2892914,-5.6611137,1.4749168,10.328805
458,12.565157750342935,-0.4645066,8.281546,-3.437093,-7.857795,0.5873013,12.917986
459,12.592592592592593,-1.4890337,4.8690386,-2.3496563,-4.0877776,0.5817017,7.557809
460,12.62002743484225,-0.9051864,4.621862,-1.7717137,-1.8369149,-0.7063927,6.194839
461,12.647462277091906,-0.4911068,6.7215457,-4.754109,-6.7984877,0.28501666,12.399916
462,12.674897119341564,0.3674787,7.0930333,-5.544376,-9.24797,-0.42114696,13.539494
463,12.70233196159122,1.3850999,8.090738,-3.4867368,-9.332634,-0.3085257,13.859039
464,12.729766803840878,1.3737111,9.103292,-3.8043406,-10.697782,1.1568643,17.429937
465,12.757201646090534,1.4992791,9.657937,-3.0330627,-10.168416,2.5793614,16.751976
466,12.784636488340192,-0.9272372,6.8342285,-5.5717306,-10.859275,1.7146603,16.19471
467,12.812071330589848,-1.7417092,4.7376013,-3.8131413,-8.251802,0.9691144,11.982066
468,12.839506172839506,-4.72831,7.980321,-2.9945347,-8.067969,4.832432,10.193817
469,12.866941015089163,-3.4642603,4.128255,-4.488825,-8.309703,1.53851,10.520304
470,12.89437585733882,-1.5861775,3.584827,-4.2743516,-9.325034,0.6998235,11.944437
471,12.921810699588477,-4.6938562,4.417014,-4.2442513,-8.77856,1.7507174,9.635361
472,12.949245541838135,-5.004366,6.545728,-3.18705,-10.389273,6.233007,11.810304
473,12.976680384087791,-1.2347757,7.58208,-3.7950838,-8.698713,1.8861042,14.132903
474,13.004115226337449,0.12954257,8.457223,-3.0352216,-9.537395,1.9428269,14.832367
475,13.031550068587105,0.2669633,10.915914,-3.2667317,-6.9871,3.028478,13.942932
476,13.058984910836763,-2.0212986,9.051783,-4.3261647,-7.1983943,2.7217443,11.287606
477,13.08641975308642,0.39172384,10.557744,-2.7641823,-7.468344,1.5292388,13.755364
478,13.113854595336077,1.3409404,10.144309,-2.939333,-5.549242,0.28446534,12.123283
479,13.141289437585733,0.79545724,9.809228,-4.323195,-5.2593293,-0.3500224,13.003817
480,13.168724279835391,0.78128606,11.282296,-3.764436,-6.320512,-1.5407039,15.07212
481,13.196159122085048,-0.27705124,11.68181,-3.0684998,-6.8541718,-0.5466748,16.39547
482,13.223593964334706,-0.77947474,12.119357,-2.625111,-5.2633657,0.7866961,14.556408
483,13.251028806584362,-2.209412,12.337883,-3.1674304,-6.407251,2.9215038,15.354408
484,13.27846364883402,-1.8205004,11.477566,-2.0719423,-5.6457806,1.9719648,15.47943
485,13.305898491083676,0.34194195,5.28364,-5.946329,-10.400249,2.2189586,13.43048
486,13.333333333333334,-1.1554012,-0.26317114,-2.955372,-4.6597266,1.0794575,2.1272633
487,13.36076817558299,-2.3695261,1.0782527,-6.434976,-12.301442,0.69627225,11.670599
488,13.388203017832648,-4.321284,5.083789,-4.366247,-10.508375,0.6098764,12.173874
489,13.415637860082304,-4.659382,5.318284,-4.344172,-7.503931,-0.42710304,9.222752
490,13.443072702331962,-2.6949463,4.4260764,-4.804674,-9.771278,0.12874399,11.23365
491,13.470507544581618,-0.39003977,4.3609796,-5.4119,-8.892651,0.24759984,10.739112
492,13.497942386831276,-4.121602,5.4944673,-4.2147775,-6.1636825,-0.037784792,11.232575
493,13.525377229080933,-2.4911137,4.7351966,-6.2291965,-9.76143,1.0529132,13.36746
494,13.55281207133059,-3.6302617,5.1825542,-4.138078,-5.7400317,-0.11912532,9.121199
495,13.580246913580247,-3.7525814,4.516526,-6.4536133,-10.306556,0.28958288,12.060831
496,13.607681755829905,-4.32918,6.546119,-6.0635886,-9.637115,0.9872327,11.737389
497,13.635116598079561,-5.2834015,4.5895724,-6.1440554,-6.1618605,-0.5796193,7.820186
498,13.662551440329219,-4.5788755,4.772773,-5.84116,-8.942735,2.3513565,11.531527
499,13.689986282578875,-4.8595223,5.415601,-5.382174,-8.11122,0.21801853,9.504366
500,13.717421124828531,-3.693136,5.6268682,-4.053117,-6.6610575,1.1649191,9.811778
501,13.74485596707819,-3.5273767,6.017382,-2.7302806,-4.949646,0.3205871,8.3939
502,13.772290809327846,-3.5866585,3.4521127,-5.5550594,-11.889464,-0.41640764,12.073585
503,13.799725651577504,-3.5996537,2.120507,-4.1146626,-4.2205443,-1.6160554,5.5877266
504,13.82716049382716,-3.540354,4.606259,-5.908905,-9.969808,-0.549435,10.682233
505,13.854595336076818,-4.51328,6.433081,-6.924563,-10.404392,-1.0417131,10.183227
506,13.882030178326474,-5.143427,3.8098342,-6.262311,-7.070597,-0.7293662,7.822665
507,13.909465020576132,-4.424749,6.783084,-6.3427663,-7.119223,-0.8471327,10.620947
508,13.936899862825788,-2.5665333,8.652508,-3.9039083,-5.7726,-2.4923208,12.976977
509,13.964334705075446,-0.8569537,8.459143,-1.9408606,-5.4781613,-2.6170344,13.939059
510,13.991769547325102,-2.8297124,5.829281,-4.301654,-4.5655947,-0.12228496,9.664806
511,14.01920438957476,-1.9116775,5.5881686,-3.8977394,-4.9679995,-0.06475769,9.624744
512,14.046639231824416,-0.9089126,6.191059,-4.763606,-3.1041214,-0.22847605,11.706575
513,14.074074074074074,-1.2246383,6.258121,-3.2615285,-3.1337929,-1.521482,12.624905
514,14.10150891632373,-1.6405834,6.0270925,-4.7071295,-6.8796897,-1.8104503,12.520142
515,14.128943758573389,-2.2846186,4.443033,-5.880416,-9.159009,-1.5956111,10.573157
516,14.156378600823045,-3.7241852,2.3269036,-3.0961413,-2.3753026,-2.4795153,5.2110763
517,14.183813443072703,-2.52935,4.734372,-5.579035,-7.6785846,-1.140051,10.883149
518,14.211248285322359,-0.5263729,5.956291,-4.0704265,-4.8916464,-0.3800521,10.787943
519,14.238683127572017,-1.4804577,5.7115846,-3.1211936,-3.1976674,2.3582938,9.482958
520,14.266117969821673,-1.1172839,5.177206,-3.6539662,-5.197715,0.66159683,9.930454
521,14.293552812071331,-0.633845,6.3396378,-2.8849878,-3.4508686,1.2401587,9.890132
522,14.320987654320987,-1.0711776,6.811948,-1.2601455,-2.8665047,2.5035079,8.735862
523,14.348422496570645,-2.836543,7.1653447,-3.6373324,-6.5055776,2.029809,10.831239
524,14.375857338820301,-1.2971312,5.951108,-3.3443315,-5.0240207,1.4323417,9.32996
525,14.40329218106996,-2.6412878,4.246418,-2.0445802,-3.0235891,0.6350401,7.2789736
526,14.430727023319616,-2.0407917,5.2981296,-2.5047688,-4.469329,1.4111464,10.605585
527,14.458161865569274,-1.5834727,4.999913,-3.6812525,-5.136151,0.9970446,10.522941
528,14.48559670781893,-0.67160594,6.882337,-3.4329896,-4.7780943,1.188787,12.803472
529,14.513031550068588,0.3082417,9.480895,-2.5832071,-4.4304595,-0.5045429,10.301771
530,14.540466392318244,0.9794332,8.078055,-3.9487424,-4.497207,0.472733,11.188762
531,14.567901234567902,-0.9285455,6.0741167,-3.1135638,-3.458338,0.663702,9.505074
532,14.595336076817558,0.23529693,5.7574506,-1.4684767,-1.0174696,0.8185959,9.652361
533,14.622770919067216,0.55663097,7.2611027,-3.370589,-1.9350677,-0.16107565,11.182837
534,14.650205761316872,1.0152192,7.551173,-3.709529,-3.6515367,-0.536203,11.932757
535,14.67764060356653,-0.8371324,4.3625855,-6.018194,-7.4966273,-1.1244503,11.483848
536,14.705075445816187,-1.2884741,3.439692,-5.965082,-8.558957,-0.18044147,10.778196
537,14.732510288065845,-1.6370718,3.4126332,-3.3155212,-4.493079,0.15072736,8.370523
538,14.7599451303155,-1.7574956,3.7278435,-6.297933,-8.197155,-0.61129963,10.840736
539,14.787379972565157,0.9260057,4.6020107,-2.3414352,-2.508799,-0.46791768,9.697567
540,14.814814814814815,-3.3708947,3.7556453,-5.0684223,-6.459921,0.18081726,8.738985
541,14.842249657064471,-1.4109901,4.2770867,-4.382179,-4.566144,-0.69045216,11.910551
542,14.869684499314129,-1.1721362,4.6069365,-4.2840695,-4.930466,0.38555425,9.847867
543,14.897119341563785,-2.3618622,4.261715,-3.76222,-5.854544,1.0368208,8.346108
544,14.924554183813443,-2.4401531,5.002318,-3.3997965,-5.4177294,1.0367128,7.406976
545,14.9519890260631,-5.3651567,3.4253247,-4.3553505,-4.63361,0.7299978,7.1677623
546,14.979423868312757,-4.628272,3.4866343,-4.0891643,-6.0260315,1.3265815,8.452865
547,15.006858710562414,-2.6573825,5.6863976,-2.7780359,-3.4113214,-0.16304787,7.460948
548,15.034293552812072,-2.607457,5.461852,-4.4419546,-3.4528775,-0.8990486,6.4884896
549,15.061728395061728,-1.4387176,4.7479644,-3.6677167,-4.020082,-0.43991056,9.587841
550,15.089163237311386,-2.2211878,5.078605,-6.9628453,-8.266199,-1.73046,13.283788
551,15.116598079561042,0.4104956,7.433614,-2.8998208,-2.671645,-1.9123559,11.436165
552,15.1440329218107,0.5729233,6.310903,-3.5611012,-2.0101967,-1.628776,10.315986
553,15.171467764060356,-0.1068693,7.419476,-5.69617,-4.87305,-1.8982658,13.614432
554,15.198902606310014,0.16277868,4.96468,-3.7452905,-2.8338168,0.14474368,9.437686
555,15.22633744855967,0.40048537,5.544088,-1.5343051,-1.3293226,0.41144192,7.4110165
556,15.253772290809328,-1.0881298,5.2872376,-3.6699538,-2.2189767,-0.83644706,7.804931
557,15.281207133058984,0.1627158,5.004106,-3.7372286,-3.1826508,-0.6342004,8.46527
558,15.308641975308642,-0.42257667,5.845133,-3.460343,-3.1033335,0.23297523,9.466725
559,15.336076817558299,-1.1234864,6.357206,-2.2829483,-2.7328064,0.48859075,7.3515735
560,15.363511659807957,-0.89113367,5.126322,-2.2573512,-2.0777128,0.34046403,6.5740337
561,15.390946502057613,-1.7571408,3.043765,-2.0123656,-0.50281566,-1.4763387,5.633393
562,15.41838134430727,-1.9922001,4.835448,-4.129159,-3.9094284,-0.8858364,9.635739
563,15.445816186556927,-0.6804115,5.624212,-2.8732243,-3.0179427,0.56969744,9.222436
564,15.473251028806585,-0.45114136,7.654367,-0.6382157,-1.7124655,1.8920385,7.877632
565,15.500685871056241,-1.3612118,6.950228,-2.243187,-3.2967026,0.4334586,8.482992
566,15.5281207133059,-0.7953041,7.059671,-3.9775152,-3.5688288,0.2970866,10.963176
567,15.555555555555555,-1.4706585,7.3944526,-4.4045014,-4.635058,-2.5698123,12.817976
568,15.582990397805213,-2.139883,6.9632506,-6.541159,-7.2646275,-2.322803,13.294782
569,15.61042524005487,-3.4377182,4.6063137,-5.2237115,-4.5737877,-2.4087837,8.744426
570,15.637860082304528,-2.068567,8.630447,-5.6332746,-6.064519,-1.28918,15.706121
571,15.665294924554184,-3.3571136,1.3243483,-2.9667723,-2.1916687,-2.3151364,4.2850566
572,15.692729766803842,-2.894497,6.145397,-3.6802602,-3.674153,-1.6539483,9.7824335
573,15.720164609053498,-2.5364587,7.229568,-3.4302428,-3.9918385,-1.5254221,11.470407
574,15.747599451303156,-1.4505033,8.110624,-3.6881177,-4.3894205,-0.6361946,12.263171
575,15.775034293552812,-1.7653124,8.536269,-5.6428933,-6.4939656,-0.5345756,14.715502
576,15.802469135802468,-0.05700746,8.019159,-0.81160104,-0.40503675,-1.5166502,6.519082
577,15.829903978052126,-0.9147501,8.692309,-3.1146266,-3.5622957,-1.2525723,11.55204
578,15.857338820301782,-1.5486078,5.5761747,-1.9201477,-1.5398492,-1.4770126,7.9569125
579,15.88477366255144,-1.5837122,8.558969,-3.5931315,-3.1929336,-1.4527956,11.027855
580,15.912208504801097,-1.4249945,8.893025,-4.9804473,-4.024462,-4.239545,11.564104
581,15.939643347050755,-2.2030191,9.006439,-5.954531,-6.974153,-1.2653706,15.08975
582,15.96707818930041,-1.3004961,9.554688,-4.1870885,-3.9659812,-1.2534282,10.977527
583,15.994513031550069,-1.0317987,10.311822,-2.7419028,-2.6780124,-1.0251099,9.782033
584,16.021947873799725,-2.2551684,5.78123,-2.606721,-2.7345302,-0.15191351,6.7298846
585,16.049382716049383,-3.2865694,4.741784,-4.4668975,-4.580408,0.3674555,6.728998
586,16.07681755829904,-2.2804112,9.101665,-4.6439257,-5.093358,1.1428413,11.330336
587,16.104252400548695,-2.208492,7.815917,-6.0279064,-8.243303,-0.9212987,14.336484
588,16.131687242798353,-1.2989928,4.581594,-7.053133,-10.730239,-1.0877457,12.147242
589,16.15912208504801,-2.3855975,3.1737504,-2.1561522,-3.118007,-0.9871631,5.270581
590,16.18655692729767,-1.3597916,3.3561244,-4.381964,-7.443913,0.46483952,9.672143
591,16.213991769547324,-0.7987896,3.1871066,-3.7433999,-6.5403576,-0.15120815,9.350921
592,16.24142661179698,-3.0138085,3.4455595,-4.6307178,-5.284462,0.005636338,7.5062943
593,16.26886145404664,-2.1039398,3.443218,-4.403415,-6.3861003,0.70707995,10.072867
594,16.296296296296298,-1.498909,3.7306757,-3.6892538,-6.79338,0.117858596,9.586522
595,16.323731138545952,-3.2329397,2.7908666,-3.6367447,-3.3919113,-1.9296328,4.563942
596,16.35116598079561,-2.4625056,7.041848,-3.4998674,-6.546308,-0.6375069,9.99252
597,16.378600823045268,-3.3635473,4.573207,-4.4556327,-5.0483994,0.7831014,8.521324
598,16.406035665294926,-2.787829,3.9658992,-3.8023045,-6.2067175,1.4072688,8.477238
599,16.43347050754458,-1.8789533,2.8880181,-3.1116455,-4.841489,0.7902615,6.231157
600,16.46090534979424,-2.271839,3.4014006,-2.4407988,-2.3472517,-0.82544875,5.127061
601,16.488340192043896,-1.5951737,3.1924207,-3.9153564,-5.1049633,0.7179091,8.771962
602,16.515775034293554,-1.2303426,5.132223,-6.317761,-7.7986064,-0.39734665,11.692919
603,16.54320987654321,1.4121284,4.5063586,-2.4468105,-2.7618167,0.573249,7.837312
604,16.570644718792867,1.0483932,4.776905,-3.4581115,-4.5922008,0.75706875,9.547027
605,16.598079561042525,0.9130299,4.849752,-3.5407896,-3.63225,0.7042011,8.344102
606,16.625514403292183,-0.023114353,5.419255,-2.0082407,-1.7578775,0.3994577,6.8771167
607,16.652949245541837,-0.8736639,3.9648368,-4.573054,-3.974952,-1.2150117,7.106897
608,16.680384087791495,-1.5093658,5.477072,-7.932,-8.701795,-1.4985524,12.699006
609,16.707818930041153,-0.90458035,6.08975,-3.706093,-4.542514,-1.8315035,9.062529
610,16.73525377229081,-2.3496475,2.2446926,-2.9215229,-1.6680713,-1.259321,3.6169908
611,16.762688614540465,-1.6667764,5.4956946,-1.8090061,-1.581654,-1.1001837,5.4798803
612,16.790123456790123,-2.5996575,6.1303463,-4.793451,-6.045016,-0.23950161,11.678055
613,16.81755829903978,-2.0518336,4.2182817,-3.5556045,-2.1577208,-0.92778933,5.537054
614,16.844993141289436,-2.080836,7.912506,-4.4963636,-2.9304378,-4.062432,8.723878
615,16.872427983539094,-3.2021031,3.8374517,-4.595221,-4.405614,-1.4214609,6.582329
616,16.89986282578875,-4.048409,6.0455756,-7.0599604,-7.9550962,-0.10542548,12.555411
617,16.92729766803841,-1.7442344,6.553539,-6.11417,-8.225231,-1.5601021,13.14925
618,16.954732510288064,-1.8128302,3.60595,-5.7671986,-9.585147,-0.76727426,10.350069
619,16.982167352537722,-1.3890331,4.7564807,-2.1888027,-3.8248923,0.42459664,7.17736
620,17.00960219478738,-1.0863235,3.7334569,-2.8491747,-4.9772625,0.54210603,7.633576
621,17.037037037037038,-0.21761917,5.9269204,-1.8468301,-3.572861,0.8567114,7.033648
622,17.064471879286693,-2.9639344,4.034399,-2.9358506,-4.834164,0.26626438,6.612552
623,17.09190672153635,-2.7805288,1.5501151,-3.9407203,-6.0904536,0.16669463,7.6826534
624,17.11934156378601,-3.5094407,4.210957,-5.0093346,-7.214734,1.6742091,10.219568
625,17.146776406035666,-2.4167068,4.3586454,-4.4380016,-6.8036485,0.35113615,10.329716
626,17.17421124828532,-2.0199897,4.608418,-3.8896298,-6.3848023,0.95351905,9.09307
627,17.20164609053498,-3.6350079,3.6512332,-3.473617,-2.8476217,-0.45373797,5.3162932
628,17.229080932784637,-2.2618282,4.848077,-2.6558955,-4.9488096,0.026117435,7.225934
629,17.256515775034295,-3.9008033,5.7394614,-2.8164198,-3.8915877,-1.4413157,7.27296
630,17.28395061728395,-3.0638075,4.118121,-4.4108715,-6.386829,1.3770026,8.023989
631,17.311385459533607,-3.433281,5.5830894,-3.2119014,-5.905523,0.61726725,9.210272
632,17.338820301783265,-2.7864175,1.7210971,-1.8286405,-0.9607925,0.1596815,3.402257
633,17.366255144032923,-3.0192268,2.8881652,-4.4958754,-5.571555,0.32021126,9.655443
634,17.393689986282578,-1.8057177,5.2742524,-5.4352927,-6.2061834,-0.9922065,10.359125
635,17.421124828532236,-2.4236772,8.324826,-5.060622,-6.850214,-0.38858947,12.046057
636,17.448559670781894,-2.636412,7.356376,-6.129178,-6.183283,-0.9109636,11.649183
637,17.47599451303155,-3.4204173,3.4010115,-4.1924562,-3.0756001,-0.5710869,6.6078887
638,17.503429355281206,-1.4484961,6.9369016,-4.7670345,-5.0315104,-0.60923356,11.1517315
639,17.530864197530864,-3.0759208,3.3836486,-3.6582363,-1.887198,-0.6700792,5.370289
640,17.558299039780522,-2.8834207,7.3783603,-4.282753,-4.7994003,-0.8234034,8.9611225
641,17.58573388203018,-2.8863547,5.6137,-5.8882794,-5.6289887,-0.2064378,10.307868
642,17.613168724279834,-3.393088,6.7093782,-6.033032,-6.8842716,0.16924442,11.823545
643,17.640603566529492,-1.991478,5.7290545,-2.7182899,-1.2726458,-0.4134707,6.2599225
644,17.66803840877915,-0.67665666,5.679253,-0.8480413,0.81949425,-1.5229174,4.0248823
645,17.695473251028808,-1.282248,9.49101,-2.888715,-2.6007216,-0.35709596,10.26532
646,17.722908093278463,-1.7784297,6.6907763,-4.7093825,-7.6652145,-0.18578707,12.506256
647,17.75034293552812,-1.1137071,4.0233245,-4.919408,-8.561031,-0.40971947,10.764448
648,17.77777777777778,-1.4611341,3.7420785,-3.9574962,-7.117156,0.52160233,9.925806
649,17.805212620027437,-1.0707693,4.549017,-2.7795398,-4.8685465,0.75051516,8.0253105
650,17.83264746227709,0.39050558,6.96683,-2.3217921,-2.83288,1.3668578,7.470634
651,17.86008230452675,-2.063631,2.6772509,-3.6974866,-4.9682355,-1.2547271,7.7429256
652,17.887517146776407,-3.358263,0.03564839,-2.6396592,0.26413047,-2.574735,3.506437
653,17.91495198902606,-1.7658967,5.4574614,-3.9447224,-5.6991963,-0.1855041,9.939734
654,17.94238683127572,-2.346367,4.3981314,-3.6785946,-5.664333,0.11712119,9.167348
655,17.969821673525377,-3.001798,1.6627579,-3.1725745,-0.013724479,-1.8862,3.3632646
656,17.997256515775035,-1.8995801,6.3477926,-3.090371,-6.4586506,-0.30691382,10.075035
657,18.02469135802469,-2.2592607,5.5948896,-1.9891123,-3.608118,-0.29424122,7.8331857
658,18.052126200274348,-3.0189035,4.354613,-4.0271783,-5.7826657,0.89768934,8.338474
659,18.079561042524006,-3.470921,6.195662,-4.513066,-6.8751154,0.37120563,8.661712
660,18.106995884773664,-2.1415994,4.944582,-2.6589296,-2.5729847,0.68109506,6.127933
661,18.134430727023318,-0.940226,5.968082,-2.1579545,-1.6447498,1.1472085,5.4673653
662,18.161865569272976,-1.6904045,4.0879908,-3.4313037,-2.5264828,0.59967756,6.110455
663,18.189300411522634,-2.6765432,3.9119952,-4.838434,-4.67594,-0.8241461,10.05135
664,18.216735253772292,-2.6539302,3.6557894,-5.60836,-4.545176,-2.3956769,8.418452
665,18.244170096021946,-1.645889,3.8814554,-5.126141,-1.9883798,-4.6980166,6.1540813
666,18.271604938271604,-2.3073182,2.0410075,-2.9619775,0.086019926,-2.2067187,4.2557464
667,18.299039780521262,-2.4362874,7.0589957,-5.219876,-4.5879655,-3.6956217,10.98068
668,18.32647462277092,-2.724152,3.06126,-3.5130033,-0.8359684,-1.6973035,5.6545334
669,18.353909465020575,-1.9619093,8.753952,-5.5642276,-5.4116616,-1.3204632,12.398811
670,18.381344307270233,-1.4852746,6.2510204,-1.6420828,0.17812502,-1.224186,6.455038
671,18.40877914951989,-0.41312546,8.436806,-1.2231636,-0.899877,-0.954109,7.449794
672,18.43621399176955,-1.8853066,12.100476,-3.7615042,-2.7632067,-0.7204729,12.427336
673,18.463648834019203,-2.422566,10.34091,-4.906883,-5.795435,-0.8328745,13.743368
674,18.49108367626886,-2.621661,7.99701,-5.7028484,-6.22986,-0.34987524,12.818455
675,18.51851851851852,-1.3088382,8.730254,-4.1411767,-3.6303167,-1.0518022,11.812886
676,18.545953360768177,-0.7207377,9.492358,-3.4913738,-3.3870692,-1.9745458,12.381959
677,18.57338820301783,-1.844523,7.110561,-1.9901367,-0.060035285,-0.57515776,8.405352
678,18.60082304526749,-1.7235295,6.040911,-1.9143399,-0.7877324,-0.39861497,6.911386
679,18.628257887517147,-0.73987097,7.711644,-3.826867,-2.505222,1.4345728,9.268771
680,18.655692729766805,-1.2798727,7.487421,-4.8572383,-6.6211233,-0.58420265,11.763996
681,18.68312757201646,-1.1981386,5.77324,-5.60623,-8.006953,-1.6260043,11.657986
682,18.710562414266118,-0.0014961204,5.510153,-3.8713884,-5.2581425,-0.3166945,10.350188
683,18.737997256515776,-0.47434008,5.064217,-2.6965384,-4.209737,0.549319,8.325656
684,18.765432098765434,2.1713743,6.021655,-0.6149051,-1.3784878,0.11827242,8.641022
685,18.792866941015088,2.2266355,5.3218117,-0.54558057,-1.29543,-0.21801682,8.723794
686,18.820301783264746,-1.4514798,4.5241923,-2.537063,-3.5738144,0.57344395,9.0329895
687,18.847736625514404,0.37489495,6.0795937,-0.9192048,-2.8781617,-0.27391782,11.090026
688,18.875171467764062,-0.7267091,5.965251,-1.8200448,-3.9673872,0.3588723,9.606511
689,18.902606310013716,0.2849485,6.3011622,-0.9774688,-2.9381983,-0.012306876,7.300312
690,18.930041152263374,0.91586596,6.399152,0.2598161,0.25109407,-0.34697437,7.123822
691,18.957475994513032,2.739037,6.8314834,0.96761805,0.14806986,-0.026071768,7.7449718
692,18.984910836762687,1.4145432,6.3099995,-1.5218,-0.91210186,0.26168358,8.455269
693,19.012345679012345,2.6672873,9.483031,1.9009211,-0.9216737,1.485149,8.594971
694,19.039780521262003,1.8949426,9.2147045,0.3057676,-0.8847588,-2.3494828,9.729754
695,19.06721536351166,0.29215533,6.9726186,-3.5783677,-4.1666174,-1.780488,11.8968315
696,19.094650205761315,1.119096,8.324915,-1.2172925,-2.2724411,-3.0281293,12.916666
697,19.122085048010973,-1.1441524,3.0797727,-1.608463,-0.76087207,-1.9220209,5.72763
698,19.14951989026063,0.12580746,10.87783,-1.9122244,-2.9775953,-2.5433307,14.192509
699,19.17695473251029,0.29051796,10.724641,-2.8293493,-4.7602124,-0.7634915,14.365063
700,19.204389574759944,1.4146358,10.14747,-2.7623672,-3.9355383,-1.5845889,13.96118
701,19.2318244170096,1.0464255,10.063281,-3.7128882,-5.9466267,-1.9616464,11.494659
702,19.25925925925926,-0.035942346,10.489445,-3.6072333,-4.468603,-0.9684989,13.346586
703,19.286694101508917,0.5421397,7.0258403,-3.367086,-4.0832734,-0.17516963,10.817425
704,19.314128943758572,-0.19630884,6.4693937,-4.114951,-4.2315917,-0.27141216,9.813801
705,19.34156378600823,0.2505186,7.472315,-4.4362607,-3.961353,-0.88234293,11.53546
706,19.368998628257888,-0.21068928,8.878599,-4.8501663,-5.218898,-0.43972284,13.636815
707,19.396433470507546,0.75842947,10.7568,-2.3315477,-2.150517,-1.2259469,13.950665
708,19.4238683127572,-0.44078872,5.56418,-1.4173484,-0.118816584,-1.2399796,7.799086
709,19.45130315500686,0.29288408,9.589063,-2.0632188,-1.5372696,-2.0491776,14.155329
710,19.478737997256516,2.5026362,10.391983,-0.24858907,-2.1844,-0.9212953,13.505528
711,19.506172839506174,0.63198215,6.330447,-2.6656232,-4.2472754,-1.0445827,10.818213
712,19.53360768175583,-0.78088766,6.130537,-4.7673764,-7.2153397,-1.632793,11.199616
713,19.561042524005487,-2.655077,5.746024,-5.4274936,-10.806044,-2.3696823,13.054112
714,19.588477366255145,-2.282391,5.9009557,-4.534928,-8.72685,-0.7305127,11.945012
715,19.615912208504803,-2.5543833,6.347839,-4.9680686,-8.363289,-0.41705912,12.153893
716,19.643347050754457,-3.2789688,6.2269354,-4.978403,-7.4918146,0.3659579,11.989279
717,19.670781893004115,-3.7297285,7.211423,-4.165945,-7.0968738,1.2824098,12.721471
718,19.698216735253773,-3.0949228,7.7735705,-5.186781,-7.778329,0.72284687,12.054644
719,19.72565157750343,-3.2328265,5.2428083,-4.055896,-6.4020576,0.8782332,10.105722
720,19.753086419753085,-3.0003653,7.030533,-6.266873,-8.276906,1.1916417,13.23402
721,19.780521262002743,-4.834896,5.858436,-5.1776576,-8.396354,0.636395,9.916051
722,19.8079561042524,-3.9726505,7.215483,-6.0736365,-7.639693,1.344679,13.345519
723,19.83539094650206,-4.380149,5.396716,-3.6578457,-5.3598843,1.1623881,9.664804
724,19.862825788751714,-3.294493,5.409754,-6.0048537,-9.919389,-0.14032033,12.728601
725,19.89026063100137,-2.87332,3.5223927,-6.6929374,-10.331765,-0.27915907,9.649827
726,19.91769547325103,-1.9463251,5.830164,-3.250137,-5.403942,0.8726326,8.353878
727,19.945130315500688,-2.0590456,6.4946375,-5.526023,-8.440797,0.08519471,12.218288
728,19.972565157750342,-0.3738503,9.587308,-2.3469977,-5.6603084,-0.8003046,11.748356
729,20.0,-0.67565805,9.633844,-2.150608,-5.882927,-1.4401418,11.473146
730,20.027434842249658,-0.08445368,9.878888,-2.0347757,-6.2130713,-1.1311411,13.003334
731,20.054869684499312,-0.3476282,8.62902,-2.989414,-6.162272,-2.8010023,14.212839
732,20.08230452674897,-1.3340843,8.322324,-3.0699666,-7.426234,-1.2736971,12.956503
733,20.10973936899863,-1.5848331,6.8728127,-4.165039,-7.5269136,-1.0165724,11.765709
734,20.137174211248286,0.6484551,5.8371964,-2.2766643,-6.586272,-1.1995305,9.109681
735,20.16460905349794,-1.1730201,7.2398076,-3.8559058,-7.4104996,-0.73372567,13.697314
736,20.1920438957476,-1.2466638,5.8465576,-2.8642912,-5.371219,0.07313471,9.971784
737,20.219478737997257,0.6252849,8.2559395,-2.5938818,-4.812866,0.41275644,13.886273
738,20.246913580246915,0.91831446,8.904358,-1.7879149,-3.8372746,0.15595761,12.727467
739,20.27434842249657,-1.8434365,8.253548,-3.1918347,-5.197751,1.3760455,15.668288
740,20.301783264746227,0.011217001,8.8084955,-3.0397007,-4.9593663,0.16871049,13.156265
741,20.329218106995885,0.20635976,11.399894,-1.6078933,-8.066759,1.4637072,14.274094
742,20.356652949245543,-3.3303409,7.6207347,-3.6616235,-9.092007,1.3185768,13.861639
743,20.384087791495197,-2.535086,9.756655,-3.0279655,-7.009146,1.9390513,15.940276
744,20.411522633744855,-2.4151924,8.838685,-2.393329,-6.9945703,1.2948617,13.21883
745,20.438957475994513,-0.98277605,5.741923,-4.8760576,-7.8890376,-0.84284204,11.180626
746,20.46639231824417,-2.1539285,3.2061474,-6.3834395,-9.275041,-0.7956959,8.949795
747,20.493827160493826,-1.7773039,5.930576,-2.806826,-5.284527,-0.079277374,10.195895
748,20.521262002743484,-1.6800725,6.035692,-5.3782754,-8.660932,-0.44559908,11.948435
749,20.54869684499314,1.1733327,5.49196,-2.1015208,-5.463463,-0.6039377,8.827394
750,20.5761316872428,-0.5828455,8.333774,-3.0899913,-6.777827,1.0117732,12.482135
751,20.603566529492454,-0.27289268,10.848906,-3.1098158,-5.829335,1.3726997,14.627394
752,20.631001371742112,-1.794264,9.72323,-3.745243,-6.6738834,0.79325485,17.410872
753,20.65843621399177,-1.665314,6.4910126,-4.9329953,-8.16484,0.8832575,14.800982
754,20.685871056241428,-2.7718232,5.121971,-2.2808769,-4.1793942,0.27107835,6.2019987
755,20.713305898491083,-2.5802138,6.5776153,-2.4994404,-4.610859,0.7908725,9.030452
756,20.74074074074074,-2.1435943,6.4334507,-2.1106117,-4.1234064,0.43412483,8.889016
757,20.7681755829904,-2.7289343,7.303218,-2.653873,-4.9845295,1.0906094,9.6036
758,20.795610425240056,-1.5100037,7.046715,-3.3895993,-5.4798174,0.95525014,12.337329
759,20.82304526748971,-4.2011,6.018957,-4.115044,-5.0421205,-0.10961688,9.525754
760,20.85048010973937,-4.5398707,6.9434333,-2.768577,-7.1696205,1.1653771,10.442236
761,20.877914951989027,-2.5604181,8.147768,-2.7416172,-6.755387,0.6508948,13.068889
762,20.905349794238685,-3.0188715,8.401045,-3.3953218,-6.7375293,2.236786,12.856489
763,20.93278463648834,-4.4272275,5.8618355,-5.1746154,-7.5146685,2.9485564,11.043122
764,20.960219478737997,-4.332236,7.690991,-5.056927,-9.19399,2.7033966,13.085577
765,20.987654320987655,-2.8807442,6.1060047,-3.4381235,-8.5089855,1.7480158,12.75123
766,21.015089163237313,-1.2074251,6.6995544,-4.592418,-9.765756,1.0406228,15.426701
767,21.042524005486968,-0.017024318,6.066991,-3.9708693,-8.471875,1.9768203,12.96194
768,21.069958847736626,0.9339174,5.3761873,-4.681021,-7.7320905,1.5465891,11.580751
769,21.097393689986284,2.752388,7.3557234,-4.5575495,-6.1890373,2.2752562,11.748383
770,21.124828532235938,1.3928586,5.7180176,-3.9206395,-4.591094,1.8649642,10.033979
771,21.152263374485596,-0.025378302,6.946741,-2.1662214,-3.8482947,1.0049634,8.854738
772,21.179698216735254,-2.3016982,7.2008696,-4.7700005,-8.344842,1.1944135,13.260788
773,21.207133058984912,-1.8840473,6.083317,-5.1442485,-8.268282,0.23462112,12.434843
774,21.234567901234566,-2.0154219,4.1927633,-6.598534,-10.486943,-0.5231377,11.104877
775,21.262002743484224,-1.9469972,5.682725,-3.3525457,-5.4318233,-0.33519086,9.063645
776,21.289437585733882,-2.2416365,5.6601696,-5.214905,-8.634052,-0.3578242,11.38312
777,21.31687242798354,-1.2468165,6.454183,-4.053034,-6.1808443,0.063129604,10.304583
778,21.344307270233195,-4.0440555,3.9489663,-3.6683183,-6.955611,-0.18695435,8.424333
779,21.371742112482853,-2.8502984,7.0332723,-4.6980233,-6.7305064,0.21397774,10.840715
780,21.39917695473251,-2.8706186,7.114564,-4.905906,-5.2431364,0.06979286,10.162056
781,21.42661179698217,-2.4118512,7.700626,-4.105818,-4.9262276,-0.37693682,10.206676
782,21.454046639231823,-1.4246002,10.004836,-2.6343832,-3.9132779,0.79662,10.885766
783,21.48148148148148,-0.9606794,9.159921,-2.3168495,-5.828482,0.967419,12.276675
784,21.50891632373114,-2.7325318,6.7979093,-3.8975444,-6.4441805,0.4342029,11.722564
785,21.536351165980797,-0.34097555,5.4158297,-2.8960469,-5.053741,1.2828441,10.649161
786,21.56378600823045,-0.44815454,6.8999825,-1.6854076,-3.571154,1.2253398,9.160073
787,21.59122085048011,-2.2792182,6.497672,-3.310312,-5.2019844,-0.91968906,9.38425
788,21.618655692729767,-1.0425652,5.706807,-1.6705825,-2.9978762,1.1108189,8.240487
789,21.646090534979425,-1.5374057,6.4649415,-2.4722762,-4.7091384,1.0142136,10.801514
790,21.67352537722908,-4.7883863,6.189235,-4.6631794,-6.271071,-0.8803887,9.5376425
791,21.700960219478738,-0.42006162,6.230537,-1.9200718,-4.1869187,1.2337894,10.549502
792,21.728395061728396,0.6642553,7.502349,-2.0766969,-3.9678051,2.4505594,10.481139
793,21.755829903978054,0.076726474,7.985329,-0.49604422,-4.6915493,1.4506172,11.076794
794,21.783264746227708,1.3595192,6.9505396,-3.4854932,-6.9825945,0.70434165,12.798609
795,21.810699588477366,1.2377207,8.158512,-3.5756269,-6.967509,0.5960188,11.094131
796,21.838134430727024,-1.0495379,7.2391944,-2.696871,-4.325372,0.80153155,9.038064
797,21.865569272976682,0.81903523,6.859081,-1.6859856,-5.3082824,0.91314304,9.57517
798,21.893004115226336,0.8030788,7.6108828,-4.347442,-7.850685,1.2098719,11.231319
799,21.920438957475994,-0.72542,8.194198,-5.1426477,-7.6474953,0.99299896,12.124601
800,21.947873799725652,-0.24245836,5.719012,-4.5929246,-6.149788,0.90396005,10.322447
801,21.97530864197531,-2.3799598,7.617087,-4.563011,-6.0687575,0.38924164,10.96874
802,22.002743484224965,-3.1427073,3.7838588,-5.1868873,-7.215614,1.580022,9.365723
803,22.030178326474623,-3.178916,4.4055786,-3.529643,-4.3071074,1.2132757,6.666337
804,22.05761316872428,-2.700397,5.4927745,-4.2887535,-5.6279593,1.068654,9.617261
805,22.08504801097394,-2.1767375,5.137915,-4.029044,-5.685642,1.3477668,9.968599
806,22.112482853223593,0.35934523,6.846911,-3.1449027,-4.446579,0.59440356,10.37352
807,22.13991769547325,-1.082374,6.682568,-4.3987827,-5.097225,1.1625277,10.276532
808,22.16735253772291,1.0151316,9.662787,-2.6407263,-3.6958818,-0.39813474,8.422463
809,22.194787379972563,0.43335655,9.933099,-2.9995816,-4.483301,0.8075248,10.002291
810,22.22222222222222,0.6625578,11.92509,-2.629187,-5.9918013,0.45153856,12.001602
811,22.24965706447188,0.08060962,9.998727,-3.3360837,-4.7541585,-0.8349605,10.900468
812,22.277091906721537,-0.37765157,10.163966,-3.618981,-5.212766,-0.33068794,12.009928
813,22.304526748971192,0.116311364,6.951856,-3.2944803,-6.0698004,1.1100156,11.86699
814,22.33196159122085,-0.98079264,7.092725,-1.9791445,-3.8001251,1.3611857,9.311366
815,22.359396433470508,-0.08792087,6.771015,-2.8284342,-5.070538,0.45631102,9.63349
816,22.386831275720166,-1.1664069,6.918736,-3.4141722,-5.149277,1.1142265,11.284285
817,22.41426611796982,-2.9721487,4.458198,-2.8943198,-3.8308501,0.5415073,6.722466
818,22.441700960219478,-0.9111885,6.863509,-2.3071291,-5.3055425,0.8033367,12.03635
819,22.469135802469136,0.5270829,6.9427295,-1.8462887,-3.9342246,1.1366742,10.793553
820,22.496570644718794,-0.120751925,8.553165,-1.8893993,-5.8615193,1.3002068,12.531561
821,22.52400548696845,-1.6591474,9.076141,-3.044641,-4.061789,1.4701861,11.351379
822,22.551440329218106,-4.4307227,5.4701333,-3.8425877,-5.7207065,1.499944,10.110823
823,22.578875171467764,-4.2587166,6.323543,-5.033575,-7.4125295,1.9894257,11.2880125
824,22.606310013717422,0.1324044,6.6700864,-3.316051,-7.4456005,-0.335435,11.968866
825,22.633744855967077,-0.6760155,6.370751,-4.2662635,-9.78219,-0.66846454,11.661193
826,22.661179698216735,-2.1969178,6.457935,-4.1539354,-7.126909,-0.628504,11.974912
827,22.688614540466393,-0.6680666,6.422815,-4.015713,-7.288955,-0.6471697,10.516163
828,22.71604938271605,-2.0081215,7.784672,-5.025279,-7.973246,0.030704182,12.866516
829,22.743484224965705,-2.471051,9.371529,-3.078057,-6.5347576,-1.1551627,14.169187
830,22.770919067215363,-2.1478481,8.902494,-3.805062,-6.393854,-2.6192555,14.712638
831,22.79835390946502,-1.0089043,6.472841,-4.9610004,-6.8561,-1.8798773,12.463323
832,22.82578875171468,-0.32075688,7.854417,-3.6048791,-4.6514306,-1.9449753,12.642649
833,22.853223593964334,-1.4425073,5.603897,-3.3323407,-4.7321997,0.2834172,10.3427105
834,22.88065843621399,-3.0417068,4.4816957,-2.8046863,-3.1997595,-0.5497764,7.037487
835,22.90809327846365,-0.6689011,6.315106,-1.7814463,-2.948786,-0.41014016,8.090429
836,22.935528120713307,-0.45238906,7.174809,-2.5507565,-4.82531,0.18873516,10.744525
837,22.962962962962962,-0.23174475,9.295976,-2.782949,-5.4762144,-0.14693598,12.466993
838,22.99039780521262,0.09307919,8.440888,-3.7913117,-4.8463855,-0.77551633,14.101725
839,23.017832647462278,-1.2997171,6.184434,-3.6775742,-4.72201,0.36342743,10.962769
840,23.045267489711936,-3.7748308,5.8258348,-3.7930925,-4.806571,-0.30283225,9.097514
841,23.07270233196159,-0.8136613,6.9835434,-2.6678147,-4.2075152,0.40482995,11.498691
842,23.10013717421125,-1.330515,7.750222,-3.2827108,-4.808018,0.16295663,12.783781
843,23.127572016460906,-0.7033029,7.522795,-2.3495648,-4.5186834,-0.6985993,11.946319
844,23.155006858710564,-0.29084983,7.209932,-4.188513,-7.2293706,-1.6379051,12.9559145
845,23.18244170096022,-1.0391307,9.273881,-4.3891315,-6.193823,0.49498332,14.321444
846,23.209876543209877,-0.7102439,6.828772,-4.634833,-7.886391,1.0517166,15.421305
847,23.237311385459535,-1.375418,6.2785788,-3.403929,-5.5102987,0.5005466,11.569628
848,23.26474622770919,-2.3301609,6.491635,-2.973945,-5.7066045,0.6374075,10.541397
849,23.292181069958847,-0.8477935,5.5338664,-3.758083,-5.925676,1.5041279,11.11836
850,23.319615912208505,-0.9134788,6.287335,-3.6040294,-5.011974,0.64956266,12.060105
851,23.347050754458163,-2.1915872,1.7867465,-3.1722338,-4.343089,1.1104846,2.82318
852,23.374485596707817,-0.48880482,6.1106014,-2.822385,-5.185981,1.4047313,11.051924
853,23.401920438957475,-0.36171797,7.0342326,-3.105299,-5.1988363,0.9923252,12.07838
854,23.429355281207133,-0.088444375,9.675104,-2.7481277,-3.771028,1.4660842,13.126346
855,23.45679012345679,0.94257206,6.652517,-3.7652588,-6.581411,0.061985098,12.038168
856,23.484224965706446,-1.1620284,5.415272,-5.1440277,-10.476567,-0.86423546,12.381595
857,23.511659807956104,-0.398389,6.764882,-3.0980017,-6.2473145,0.012732308,10.291804
858,23.53909465020576,0.38312662,6.0663543,-4.3118396,-7.3455625,-0.3434403,11.194681
859,23.56652949245542,0.74845856,8.016355,-4.3518243,-7.979068,0.18592271,13.6971035
860,23.593964334705074,-0.19911714,8.431961,-4.390059,-6.415972,0.09060739,13.8533325
861,23.621399176954732,-2.51809,8.284697,-5.3009725,-7.913895,0.87056667,14.126846
862,23.64883401920439,-1.0128455,7.3863454,-4.241375,-7.5502,0.8775755,14.074266
863,23.676268861454048,0.042122506,6.059905,-2.7073405,-5.2700377,0.5570367,10.704682
864,23.703703703703702,0.20948622,7.0527916,-1.7038406,-4.199722,0.59682274,9.999196
865,23.73113854595336,-1.7948345,6.9488587,-2.5260017,-5.892191,-0.0091246255,10.507237
866,23.75857338820302,-1.0924425,5.9228296,-2.0745916,-4.4886327,0.3803225,8.953659
867,23.786008230452676,0.11994774,6.007544,-1.3354429,-5.5660596,-0.34843776,9.27002
868,23.81344307270233,0.7944435,6.5957866,-3.2761378,-6.8881226,1.5280184,10.490789
869,23.84087791495199,0.9106012,7.72645,-0.9902407,-6.8797283,0.48242775,12.329662
870,23.868312757201647,0.9505991,6.6147313,-4.0136714,-8.944425,-0.015191511,14.437023
871,23.895747599451305,-0.10446325,7.892811,-4.222373,-7.8500075,0.40528527,12.095147
872,23.92318244170096,-2.0730278,7.274489,-5.4339614,-6.42121,0.23966318,10.725853
873,23.950617283950617,-1.3267124,8.379,-4.208419,-6.8239346,0.47926682,12.169196
874,23.978052126200275,-0.9381397,5.919727,-5.138984,-8.907023,0.38533232,12.454798
875,24.005486968449933,-0.90255845,4.9042287,-4.037445,-7.1118727,0.6131231,11.112264
876,24.032921810699587,-3.0438004,4.913911,-3.269259,-5.612863,0.170635,8.993859
877,24.060356652949245,-1.2497945,4.9721766,-3.7605596,-6.9099197,0.84624946,10.279304
878,24.087791495198903,-0.6914943,6.107028,-3.4253964,-6.8247433,0.56717587,10.864023
879,24.11522633744856,-0.4094377,7.7593284,-3.056868,-7.175836,-0.36896718,12.291143
880,24.142661179698216,0.5574065,7.8338685,-3.920507,-8.709764,0.41746947,14.138077
881,24.170096021947874,-0.4831438,8.355972,-4.2842236,-7.503273,0.47002175,14.90367
882,24.19753086419753,0.5250901,7.3770256,-4.06079,-7.333683,-0.03324609,12.992881
883,24.224965706447186,-0.53529435,4.730386,-4.249151,-6.9869995,0.3107594,10.896465
884,24.252400548696844,-1.587361,6.7755857,-2.752308,-6.1122184,0.30110615,10.842038
885,24.279835390946502,0.40225506,8.739293,-0.7640283,-5.294055,-0.040098455,11.728086
886,24.30727023319616,-2.9599006,7.649452,-4.1000834,-8.8763075,1.8727478,14.390814
887,24.334705075445815,-2.1588542,8.166662,-3.9462605,-8.299569,3.3660104,14.656966
888,24.362139917695472,-1.1378876,6.923571,-4.63443,-10.465365,1.7614579,15.89045
889,24.38957475994513,0.38469148,9.227574,-4.1461167,-7.093747,-2.3427415,12.135313
890,24.41700960219479,-1.7645203,9.45649,-4.834397,-6.3062553,-2.2350864,12.305972
891,24.444444444444443,0.18316984,10.629152,-2.7692792,-5.778987,-2.1223907,12.691572
892,24.4718792866941,-2.4031217,6.604121,-4.1625104,-4.931193,-1.4037573,9.183223
893,24.49931412894376,-1.164934,11.802891,-3.9118924,-6.292368,-1.1858048,12.7347765
894,24.526748971193417,1.1051103,10.390637,-0.49668434,-3.9119353,-0.29677466,10.734519
895,24.55418381344307,-3.328928,3.6358776,-2.2312815,-2.2959085,-1.1103293,4.430004
896,24.58161865569273,0.77517605,8.368271,-1.1261811,-3.3436692,0.5337306,10.074402
897,24.609053497942387,0.13268363,13.00707,0.40337005,-4.233904,0.7855584,11.839456
898,24.636488340192045,-1.1125698,10.889217,-1.7718513,-5.589961,-1.4805902,11.629023
899,24.6639231824417,-1.2939639,9.843783,-4.1089635,-4.9852653,0.25067693,11.668607
900,24.691358024691358,-2.5094914,6.2067323,-3.2673395,-4.243415,-1.2178605,7.6777577
901,24.718792866941016,-1.4596779,10.118026,-3.9020376,-6.252274,-1.7759495,12.032534
902,24.746227709190673,-0.21161342,9.419643,-3.8532958,-5.6617355,-2.882257,11.919507
903,24.773662551440328,-0.56985444,7.704058,-1.0375347,-2.4249067,-1.9439368,7.6643825
904,24.801097393689986,-0.85584384,12.434029,-2.7222288,-3.3207123,-1.9840133,13.507795
905,24.828532235939644,-0.85633516,9.312751,-4.085507,-5.8108234,-1.8378398,12.782929
906,24.855967078189302,0.10274779,8.858619,-4.0598917,-7.991954,-2.7099066,12.785621
907,24.883401920438956,-0.94840306,12.126963,-2.689219,-6.612951,-0.47318617,13.256315
908,24.910836762688614,-1.7406673,10.176339,-3.836588,-6.9016914,-0.3359654,12.724627
909,24.938271604938272,0.45388985,8.651842,-3.3751063,-7.5356464,0.31517696,13.743937
910,24.96570644718793,-2.5291102,7.8072352,-3.601111,-6.0905614,-0.39092377,10.98284
911,24.993141289437585,0.35763323,7.3331194,-0.9163853,-4.0604734,-0.14506033,8.887156
912,25.020576131687243,0.35948798,9.253541,-1.3857324,-5.604123,-0.20789039,11.587479
913,25.0480109739369,-1.1982044,7.967574,-2.775767,-5.624901,0.8259545,12.002723
914,25.07544581618656,-4.88441,6.6886373,-4.1390815,-5.830562,-0.046160582,8.504661
915,25.102880658436213,-0.51246285,9.531054,-1.669876,-5.8203435,1.1720827,12.617516
916,25.13031550068587,2.0481086,8.853804,-2.8616767,-7.689561,-1.6708866,13.931915
917,25.15775034293553,1.083683,9.302244,-4.1679745,-9.361945,-0.40055236,16.397104
918,25.185185185185187,1.4269376,6.2312737,-3.244768,-6.8512993,-0.46966404,12.121175
919,25.21262002743484,-0.3102573,5.7563066,-2.5003529,-5.26191,-0.6253334,9.338849
920,25.2400548696845,2.2908025,6.955457,-1.7847182,-4.8718047,-0.25710583,10.904492
921,25.267489711934157,-0.94142747,7.7817316,-3.1784587,-7.586115,0.4980465,13.191514
922,25.29492455418381,-0.25137413,6.4879985,-3.444312,-5.539797,0.831419,13.031925
923,25.32235939643347,-4.8459134,5.7063518,-4.0833774,-8.454953,1.5249286,11.497913
924,25.349794238683128,-1.3237777,7.5070214,-3.1505017,-6.788759,1.2015747,13.619789
925,25.377229080932786,-1.3523577,8.599691,-3.0925465,-7.432593,1.2723279,14.207607
926,25.40466392318244,-2.9047556,7.7549286,-4.4314427,-8.273469,2.4567924,14.049157
927,25.432098765432098,-0.47402722,7.1297565,-4.527092,-10.08179,0.39050347,15.188132
928,25.459533607681756,-2.4721143,4.9545493,-6.152174,-13.237639,0.28348,13.249609
929,25.486968449931414,-2.0682526,6.5504074,-3.811509,-7.5413947,-0.58632755,11.849897
930,25.51440329218107,-2.1747806,6.5882444,-5.5056906,-9.909647,0.33197466,13.888689
931,25.541838134430726,-1.1431305,6.1934795,-4.424712,-10.129106,1.8423592,13.7229805
932,25.569272976680384,0.5051139,6.24808,-4.8484893,-9.273972,1.0143456,13.626103
933,25.596707818930042,6.163974,6.7892876,-0.4063636,-1.7480392,2.1565022,7.135054
934,25.624142661179697,1.6526281,4.6754837,-2.149131,-1.8064928,3.551888,4.8629146
935,25.651577503429355,2.5287817,5.8238482,-1.5446212,0.2959609,3.684639,3.7946846
936,25.679012345679013,2.0264127,7.5063405,-2.5201309,-1.860575,2.0889132,9.701536
937,25.70644718792867,-0.44742852,8.250584,-3.4966583,-4.916951,1.9325567,13.866047
938,25.733882030178325,-0.6111343,5.6967206,-5.252181,-7.0622444,1.3129891,10.593758
939,25.761316872427983,-3.3458123,4.723018,-6.1986046,-7.600599,0.9469359,9.937939
940,25.78875171467764,-5.019768,6.1726775,-5.5231805,-7.2515244,2.132858,10.267215
941,25.8161865569273,-4.8823195,6.609252,-5.1007705,-7.762472,2.1604333,10.852194
942,25.843621399176953,-4.6509376,5.0211253,-6.3032436,-7.3238606,1.4991874,9.990884
943,25.87105624142661,-3.2439816,5.655289,-3.2220294,-4.8686566,2.603362,8.37615
944,25.89849108367627,-5.680434,5.6448402,-6.356627,-9.586668,1.9321325,11.366191
945,25.925925925925927,-2.8134675,6.1577573,-5.6609564,-7.230383,1.8010662,12.155274
946,25.953360768175582,1.317421,5.6305704,-5.9042225,-6.783996,1.6581166,10.686081
947,25.98079561042524,1.5534616,6.593941,-2.8739362,-4.8373218,1.0350473,8.823829
948,26.008230452674898,-0.8055022,7.6920323,-4.144411,-5.9942183,1.3582696,12.304088
949,26.035665294924556,1.2958336,10.3393,-4.484556,-5.7956467,0.9320796,13.02761
950,26.06310013717421,1.1414193,10.540601,-3.9705045,-4.0662923,0.5374874,13.855256
951,26.090534979423868,-1.1945517,10.303429,-5.2613897,-7.5018716,0.89438283,17.666496
952,26.117969821673526,-3.0546112,6.746049,-7.050985,-10.315644,2.202955,16.148672
953,26.145404663923184,-3.0761704,4.701047,-4.2238936,-6.9136643,0.8067594,9.748759
954,26.17283950617284,-2.690357,4.3820066,-1.705084,-3.326117,0.33874506,4.9679685
955,26.200274348422496,-3.0675616,5.0676765,-4.2972326,-8.655787,1.0559301,12.555727
956,26.227709190672154,-3.0667312,6.5321584,-4.461791,-7.704159,1.675147,11.72484
957,26.255144032921812,-2.5887506,6.2213063,-4.785637,-6.7789993,1.3140899,12.732875
958,26.282578875171467,-3.2996275,6.13319,-2.4775672,-4.61465,1.0736163,7.870478
959,26.310013717421125,-3.120564,5.9078317,-4.367265,-7.351317,0.51733977,12.857065
960,26.337448559670783,-3.1796765,7.148908,-5.286058,-8.877631,1.7048917,15.248455
961,26.364883401920437,-1.7174563,6.5340014,-6.6144714,-10.566198,1.6892532,16.160498
962,26.392318244170095,-0.18723933,9.619176,-4.446881,-6.153953,0.48587537,14.949861
963,26.419753086419753,-1.0177332,8.919344,-6.1389413,-9.013886,1.2782263,16.897724
964,26.44718792866941,-2.373126,6.540109,-3.6144407,-5.2296934,0.39942217,9.303186
965,26.474622770919066,-2.3091528,6.4499645,-3.6134233,-6.005896,1.4355766,11.200163
966,26.502057613168724,-2.1116748,7.5342226,-4.1500397,-6.8087773,2.301186,13.085804
967,26.52949245541838,-3.1699433,7.620114,-4.7029567,-6.9111757,1.7419475,12.02803
968,26.55692729766804,-1.3775748,6.8713875,-5.758862,-9.389545,1.3711156,15.190005
969,26.584362139917694,0.53971094,10.2784,-4.4971285,-6.2048264,-0.14438082,15.260419
970,26.611796982167352,-1.2494844,9.766238,-5.417109,-8.116035,1.0950701,15.661362
971,26.63923182441701,-0.8060251,12.156319,-3.6891897,-6.4885616,0.11340738,13.006399
972,26.666666666666668,-2.6124485,9.301238,-2.2831392,-2.9799414,0.8717612,7.64954
973,26.694101508916322,-3.203817,7.241722,-2.8159354,-2.9088788,0.28162822,5.5388875
974,26.72153635116598,-3.085775,9.864555,-5.2363877,-6.3812222,0.5487767,11.076171
975,26.74897119341564,-3.0805743,6.1084385,-3.5237093,-2.797046,0.13253827,6.891426
976,26.776406035665296,-2.6674395,7.596479,-1.3126591,-1.1154495,0.3886177,4.824443
977,26.80384087791495,-2.2605324,9.805555,-3.243919,-3.3486662,0.97501266,10.68606
978,26.83127572016461,-3.6213865,10.166748,-4.362184,-5.512518,0.59747183,12.327843
979,26.858710562414267,-1.6199718,7.90947,-2.0034175,-1.6248871,0.89290124,5.6269937
980,26.886145404663925,-2.4912143,5.6895385,-1.7281003,-1.0486605,-0.1760548,3.3383155
981,26.91358024691358,-0.99797785,12.368231,-0.9257747,-3.7131395,2.1689095,11.298565
982,26.941015089163237,-2.4995837,11.181075,-4.7033396,-5.9186745,0.84960175,12.547802
983,26.968449931412895,-3.8653963,10.35993,-5.2639995,-6.2606335,0.97823805,14.217636
984,26.995884773662553,-3.290894,6.8007517,-4.891136,-7.0911026,2.0915844,12.78456
985,27.023319615912207,-2.883465,5.57475,-2.1515975,-3.006635,0.26750067,6.636115
986,27.050754458161865,-4.400258,4.629509,-4.2926164,-8.207184,1.6586093,10.698484
987,27.078189300411523,-1.9713631,7.265736,-4.050557,-6.276677,0.8743058,12.141875
988,27.10562414266118,-2.8431149,8.808117,-4.3901873,-5.453533,1.6994036,11.7333975
989,27.133058984910836,-2.258679,7.276226,-4.5816627,-5.580192,1.356211,12.387693
990,27.160493827160494,-2.6762521,6.375778,-2.5455172,-4.8953233,0.87356263,9.041381
991,27.18792866941015,-2.9338279,7.252429,-4.844052,-6.2075696,1.3684856,12.442535
992,27.21536351165981,-3.1494188,8.808738,-4.8698835,-6.324999,2.5498219,13.163477
993,27.242798353909464,-4.622254,6.891553,-5.681448,-7.016526,2.4748533,12.245014
994,27.270233196159122,-1.4783479,7.114131,-6.159807,-9.466229,1.833805,13.80496
995,27.29766803840878,-2.3533294,4.475293,-7.1708364,-12.565292,1.0938889,13.435864
996,27.325102880658438,-3.4493942,4.8957467,-5.4273396,-11.525234,1.137091,13.589445
997,27.352537722908092,-2.007936,5.784938,-6.1837244,-10.164252,0.8062044,14.365217
998,27.37997256515775,0.7669433,6.5952325,-2.2742045,-7.976495,1.0417379,11.560424
999,27.40740740740741,0.2813905,7.0330167,-3.1712942,-11.096648,2.0506418,17.417126
1000,27.434842249657063,-0.4266832,7.19557,-2.543577,-11.189503,3.5432541,18.264072
1001,27.46227709190672,-2.880952,5.3101273,-6.077861,-13.503163,2.525816,18.250687
1002,27.48971193415638,-3.2822661,4.9375505,-4.8043633,-10.049642,1.4523997,13.303913
1003,27.517146776406037,-3.8005507,4.2523327,-4.326035,-8.915837,1.2775239,11.12673
1004,27.54458161865569,-1.3539665,6.022992,-3.0210254,-9.185619,2.417234,14.295773
1005,27.57201646090535,-3.4143567,6.0859656,-4.525991,-10.399432,1.9864423,14.034003
1006,27.599451303155007,-0.45789093,9.522377,-2.1938453,-10.390845,2.2169764,18.873379
1007,27.626886145404665,-3.5460422,9.247301,-4.247797,-9.712792,1.673079,16.764425
1008,27.65432098765432,-1.4906147,10.259774,-2.292978,-9.393603,2.3678303,17.719286
1009,27.681755829903977,-4.117438,7.565524,-5.1255717,-10.003263,2.7792969,16.684725
1010,27.709190672153635,-2.6361701,8.862702,-4.2923346,-6.983711,1.6678461,12.22389
1011,27.736625514403293,-2.413717,9.0789995,-4.6476903,-5.8770795,2.0746808,11.045308
1012,27.764060356652948,-2.9827313,7.000442,-5.5700655,-7.8432665,0.29644695,12.493525
1013,27.791495198902606,-2.5949056,7.924119,-3.8362527,-3.2254117,0.79508674,10.511813
1014,27.818930041152264,-2.4766748,9.3804035,-3.1191587,-4.6064267,-0.4673682,10.876925
1015,27.84636488340192,-0.5926488,9.584549,-3.3536785,-7.213743,-0.35872072,13.61334
1016,27.873799725651576,-0.17726856,6.4583287,0.15062793,-1.1701403,-0.8667099,4.348581
1017,27.901234567901234,-1.0824229,10.215198,-3.9706538,-4.846805,-2.4737983,11.320622
1018,27.928669410150892,-0.20214152,7.5545516,-4.477239,-4.6734934,-2.4417925,11.000305
1019,27.95610425240055,0.110937625,9.056947,-4.4935265,-4.646874,-3.9736545,14.403261
1020,27.983539094650205,-0.6338498,9.627059,-4.1960387,-2.6682215,-3.6381278,11.928602
1021,28.010973936899862,-2.0206225,9.8229,-4.690343,-5.1745615,-2.7282937,15.483021
1022,28.03840877914952,-1.6078119,8.282596,-3.859197,-6.094012,-1.2096722,13.901822
1023,28.06584362139918,-0.8971427,9.23612,-4.4918547,-6.323801,-1.1196331,13.085729
1024,28.093278463648833,-1.7638117,8.078196,-3.8631623,-6.922948,-0.13647576,12.445323
1025,28.12071330589849,-0.9131271,9.880321,-4.770364,-7.1008544,0.1760904,11.928442
1026,28.14814814814815,1.0315673,10.627054,-2.522024,-6.2106557,0.6657357,11.148041
1027,28.175582990397807,-0.022061657,9.107767,-5.205967,-5.568949,-0.06937231,11.426111
1028,28.20301783264746,-0.60925317,9.60232,-4.922354,-4.6007476,1.9137822,10.07891
1029,28.23045267489712,-1.1417022,9.066233,-4.5649447,-5.2920175,0.21003403,12.282616
1030,28.257887517146777,-0.28025657,9.96066,-4.3558207,-6.224924,-1.1321313,12.4551115
1031,28.285322359396435,-1.6594058,10.552427,-5.549429,-7.1434517,-0.43854958,13.449297
1032,28.31275720164609,-2.760021,9.040916,-6.874587,-7.625836,0.415551,14.80228
1033,28.340192043895748,-2.3675258,9.389784,-4.910835,-6.0576677,0.6422935,15.00006
1034,28.367626886145406,-1.311769,7.3848696,-5.692548,-10.441799,-0.21421008,14.849084
1035,28.395061728395063,-2.05332,3.451295,-6.3139906,-13.701666,2.0402327,14.819276
1036,28.422496570644718,-2.4504716,4.560135,-4.798999,-10.191842,1.2378547,11.667228
1037,28.449931412894376,-2.2117338,5.6460857,-5.575996,-10.106653,1.0295091,14.827282
1038,28.477366255144034,-0.5357884,5.0970416,-4.4496546,-9.2765875,1.8223518,12.647034
1039,28.50480109739369,0.703164,6.6330385,-4.295416,-8.709905,2.0134137,14.243008
1040,28.532235939643346,-0.5283795,6.9307365,-4.066562,-9.098982,-0.6127914,15.375375
1041,28.559670781893004,-1.5674734,6.329944,-6.005947,-10.173937,-0.56835425,13.971214
1042,28.587105624142662,-0.31178638,7.587129,-4.424405,-7.9736023,-1.2671405,12.950775
1043,28.614540466392317,-1.6417891,4.793587,-5.8925133,-9.2780285,0.06632588,11.608925
1044,28.641975308641975,-2.2638493,5.4612474,-5.7519226,-8.336708,-0.039627858,11.963089
1045,28.669410150891633,-1.8068393,6.623929,-6.9112215,-8.883224,-0.1895213,14.667466
1046,28.69684499314129,-2.3536346,5.7728605,-4.96511,-7.460959,0.9088152,12.260624
1047,28.724279835390945,-1.6896673,6.9050817,-2.4840922,-4.8315043,0.21368383,10.8842125
1048,28.751714677640603,-2.1728916,6.509704,-2.4527767,-6.3100233,-0.048450626,12.872683
1049,28.77914951989026,-2.7145936,8.070303,-4.4987583,-8.601723,0.8618065,15.701154
1050,28.80658436213992,-0.6391339,6.08659,-4.9932632,-8.904961,-0.5156271,12.807695
1051,28.834019204389573,-0.81938285,6.164846,-6.042417,-9.144927,-1.4212706,10.971253
1052,28.86145404663923,-2.1709986,5.50062,-6.3615227,-8.563542,-3.0886683,12.141336
1053,28.88888888888889,-2.2485487,7.6377835,-7.0029716,-9.385184,-1.5075393,14.683498
1054,28.916323731138547,-2.7177649,6.2230334,-5.595006,-8.212613,0.18808194,13.143693
1055,28.9437585733882,-2.9655244,6.1472044,-4.019326,-6.2971196,0.34554273,11.290885
1056,28.97119341563786,-2.1591508,6.391802,-5.227727,-7.3451214,0.6502467,12.245575
1057,28.998628257887518,-1.4505349,6.6724315,-4.845394,-7.4032,0.14332606,11.875448
1058,29.026063100137176,-1.8915817,5.2116036,-5.845475,-8.644059,-0.28428996,10.687699
1059,29.05349794238683,-1.264337,3.9310741,-5.979081,-8.497059,-0.17284371,10.513875
1060,29.080932784636488,-2.1342628,6.088477,-7.1672997,-9.769833,-0.7498796,13.951109
1061,29.108367626886146,-2.5195365,5.849257,-5.6221623,-8.657962,0.42184383,13.197777
1062,29.135802469135804,-3.1855927,5.0404234,-4.8227177,-7.412134,0.25102818,11.355019
1063,29.16323731138546,-1.6924977,5.619632,-4.7326827,-7.837031,0.5558237,12.257514
1064,29.190672153635116,-1.4681923,6.3755484,-3.7359836,-7.0177336,-0.1312939,12.044677
1065,29.218106995884774,-0.9759253,5.64941,-4.4970255,-7.5193067,-0.77929,11.382222
1066,29.245541838134432,-2.462637,5.251882,-5.535452,-6.931266,-0.9888957,11.173792
1067,29.272976680384087,-2.2846,7.09132,-6.2566013,-8.492513,-1.3194684,13.7881775
1068,29.300411522633745,-2.2406695,6.242448,-4.971144,-7.6359935,0.21838702,13.205445
1069,29.327846364883403,-1.7643267,5.133042,-2.9169383,-4.99171,0.20594351,9.46919
1070,29.35528120713306,-2.3076663,6.89144,-2.904634,-6.6463795,-0.18093584,14.23427
1071,29.382716049382715,-1.431244,7.5579934,-2.639998,-6.159473,-0.4789327,14.2158785
1072,29.410150891632373,-1.1108348,6.8231754,-4.7778163,-8.974677,-0.46212366,14.782761
1073,29.43758573388203,0.036322713,8.525869,-1.0192921,-3.5334136,-1.1438726,10.287029
1074,29.46502057613169,-1.0353427,9.326386,-2.5877242,-5.495225,-0.17968814,13.720555
1075,29.492455418381343,-2.2073796,8.624284,-5.060982,-9.3729,1.5019457,16.72696
1076,29.519890260631,-1.1842551,4.6113563,-4.629139,-7.678345,1.0513172,12.959359
1077,29.54732510288066,-2.635843,4.5185933,-4.2343774,-7.674575,1.0380607,11.472034
1078,29.574759945130314,-2.0086646,5.040031,-4.0018277,-8.669879,2.345757,13.5389
1079,29.602194787379972,-2.4634523,6.4423075,-4.128943,-10.010676,3.050881,15.487481
1080,29.62962962962963,-1.1783888,11.640022,-2.6896465,-8.63527,4.2155523,19.063227
1081,29.657064471879288,-2.6805382,7.2965484,-3.9237802,-9.37834,3.6114833,17.156965
1082,29.684499314128942,-2.520123,4.500764,-6.148952,-11.04565,2.0298688,14.124376
1083,29.7119341563786,-2.3253164,2.7977262,-6.861369,-12.6742735,2.3318942,14.011517
1084,29.739368998628258,-2.6192367,4.572475,-5.107877,-10.648335,2.22405,12.555483
1085,29.766803840877916,-1.8268076,5.8352275,-5.309677,-10.173307,0.85723585,14.937105
1086,29.79423868312757,0.3515563,6.811789,-2.1463838,-8.841924,1.3304703,13.105714
1087,29.82167352537723,0.43223894,7.503927,-2.613073,-11.200381,2.4944162,18.04539
1088,29.849108367626886,-1.2445319,5.5263276,-4.8723936,-12.555914,3.3362608,18.122532
1089,29.876543209876544,-2.9751556,4.950279,-4.523171,-10.654887,1.8830305,13.903237
1090,29.9039780521262,-4.3434777,4.2205677,-5.383922,-11.126696,2.842266,12.46296
1091,29.931412894375857,-2.5770705,4.5792394,-3.9383786,-10.899065,2.6290338,14.788114
1092,29.958847736625515,-3.26054,5.96138,-4.5266643,-11.222635,2.8276486,15.059864
1093,29.986282578875173,-4.580279,6.7502184,-5.1961794,-10.503823,3.363538,14.45252
1094,30.013717421124827,-4.48225,5.243587,-5.9725995,-10.123952,3.69938,12.3185
1095,30.041152263374485,-3.6671379,5.6044893,-5.381462,-10.36318,3.0390165,12.7893095
1096,30.068587105624143,-2.0726094,6.526411,-3.8515007,-10.188604,4.3197184,15.735969
1097,30.0960219478738,-1.0239692,3.6433678,-5.1310234,-11.809449,3.3296432,15.531763
1098,30.123456790123456,-1.302174,-1.095759,-2.768837,-5.083724,1.2105805,1.7795366
1099,30.150891632373114,-2.379009,1.1313056,-6.74521,-13.074033,3.0079265,13.430924
1100,30.17832647462277,-3.4635823,5.1850367,-4.5655212,-12.157512,2.9037607,13.841609
1101,30.20576131687243,-3.0957148,3.6335735,-5.008876,-10.5469055,1.2922249,11.793836
1102,30.233196159122084,-2.3739517,4.716439,-6.016641,-11.897764,2.4982483,13.571791
1103,30.260631001371742,-2.5341752,4.4764905,-6.7089286,-13.727277,4.244618,14.273476
1104,30.2880658436214,-2.5529666,8.071162,-6.445615,-9.959035,3.9065516,13.244389
1105,30.315500685871058,-4.704388,7.1945744,-5.7853084,-9.915498,3.9125311,11.85801
1106,30.342935528120712,-3.6892147,6.041605,-5.6691,-10.189875,4.133572,12.597072
1107,30.37037037037037,-4.1404996,2.7851005,-6.266767,-12.12225,1.2428088,12.007249
1108,30.397805212620028,-3.622643,1.4316196,-7.9774528,-14.998301,2.4874942,13.424694
1109,30.425240054869686,-2.5432785,3.3371449,-4.795912,-10.747498,0.2675904,12.391691
1110,30.45267489711934,-2.6968775,2.660527,-7.313072,-12.611061,1.2795756,13.421101
1111,30.480109739369,-1.5920249,6.371212,-5.4783854,-11.172206,0.44363698,13.157023
1112,30.507544581618657,-1.7917557,2.57537,-6.557594,-12.237529,0.80483025,12.807435
1113,30.53497942386831,-3.2904828,3.898702,-3.5051715,-9.413378,1.0240493,11.15082
1114,30.56241426611797,-2.9885526,3.9155493,-2.4084904,-8.318286,0.9281508,10.442235
1115,30.589849108367627,-3.519999,2.6170318,-4.248986,-9.426438,-0.09043038,11.110863
1116,30.617283950617285,-1.830354,2.7013974,-4.4037213,-9.622631,0.16639479,11.235841
1117,30.64471879286694,-2.4018984,4.1783113,-3.1465287,-6.8082137,0.5413969,8.528563
1118,30.672153635116597,-2.6180758,6.159427,-2.3468106,-5.4224615,-0.23519692,8.483573
1119,30.699588477366255,-2.7181787,4.1775484,-4.4067883,-8.1437235,1.9211712,10.920019
1120,30.727023319615913,-2.1142724,4.7580056,-4.520717,-8.108079,1.7208815,10.56838
1121,30.754458161865568,-1.2114546,2.634775,-7.137989,-12.906184,0.3528619,12.786111
1122,30.781893004115226,-4.0128155,5.5700374,-4.5245166,-9.974618,0.66977185,11.586606
1123,30.809327846364884,-2.9809103,5.1085753,-6.7571387,-11.59043,0.89518124,12.851525
1124,30.83676268861454,-3.4959052,6.359262,-6.3531914,-9.698102,1.0428642,11.208651
1125,30.864197530864196,-5.033694,6.6172523,-6.7285595,-9.741489,1.9157468,11.543097
1126,30.891632373113854,-5.008731,5.400897,-7.4808893,-9.442849,2.7906275,10.679515
1127,30.919067215363512,-4.372967,5.024876,-5.8032765,-9.0829935,1.3595839,9.857136
1128,30.94650205761317,-5.0724425,5.7540836,-6.4624696,-10.70738,1.5199677,13.184418
1129,30.973936899862824,-4.0253553,1.7553039,-7.241452,-12.616024,1.6460078,12.560034
1130,31.001371742112482,-3.5715673,6.2903786,-2.108632,-5.4490924,0.9756712,8.406882
1131,31.02880658436214,-3.9093125,6.449171,-1.5638297,-8.020463,3.6342256,9.741131
1132,31.0562414266118,-3.6955392,2.985256,-5.359595,-10.689978,2.0947866,12.315751
1133,31.083676268861453,-4.3422403,2.295575,-7.6325307,-12.153136,1.7481202,11.961578
1134,31.11111111111111,-2.8830588,1.7274595,-8.476366,-14.981952,2.3528516,14.435508
1135,31.13854595336077,-2.0460513,4.6845756,-3.4326844,-9.261541,1.4285005,11.476561
1136,31.165980795610427,-3.0920422,3.971909,-7.752395,-12.816521,2.606065,14.148606
1137,31.19341563786008,-3.1384366,6.7632833,-6.8754635,-10.622559,3.666258,13.523921
1138,31.22085048010974,-3.759255,1.5199032,-8.398723,-13.163913,2.3851259,12.7816515
1139,31.248285322359397,-3.4845195,6.7938986,-2.9536552,-7.984772,2.7825823,10.967763
1140,31.275720164609055,-2.6669402,5.0840673,-2.30087,-8.174351,2.3907914,10.138493
1141,31.30315500685871,-3.7614965,2.3075008,-5.2623487,-9.262951,0.21630108,10.903312
1142,31.330589849108367,-2.1221964,2.1401963,-5.4267664,-9.8044,0.38430208,10.741276
1143,31.358024691358025,-1.6902368,1.3594501,-2.642251,-4.656044,1.7336944,3.0495667
1144,31.385459533607683,-3.0802054,7.166439,-1.8323835,-7.9331627,5.171483,8.134476
1145,31.412894375857338,-3.4689236,3.326502,-6.5754905,-9.05693,1.3781643,9.985769
1146,31.440329218106996,-2.4893148,3.8692014,-3.0136192,-7.2999406,0.10679124,9.566238
1147,31.467764060356654,-5.47797,-0.046383306,-8.318818,-12.733677,2.3380687,10.96182
1148,31.49519890260631,-2.3009236,5.117845,-2.850982,-6.2010612,1.5963657,7.3513007
1149,31.522633744855966,-4.0331597,5.519243,-1.9638534,-6.3803935,1.3074472,11.373969
1150,31.550068587105624,-3.4000678,2.3593323,-6.1780696,-9.698935,1.7016366,10.897251
1151,31.577503429355282,-3.7141266,2.3911786,-7.7725115,-10.842987,1.6327168,12.142497
1152,31.604938271604937,-2.996733,0.18645757,-7.654944,-11.721147,2.2599635,11.358433
1153,31.632373113854594,-2.322214,5.9279003,-2.357286,-6.9199376,2.54746,9.857502
1154,31.659807956104252,-1.602028,4.66062,-2.120485,-6.934791,0.617186,9.390542
1155,31.68724279835391,-1.631117,4.10832,-2.873371,-6.2284045,1.1052256,8.382963
1156,31.714677640603565,-1.7004718,5.391947,-1.3068132,-6.884375,1.1934028,9.706463
1157,31.742112482853223,-1.6096872,3.8441694,-3.248052,-7.0337005,1.4109181,9.904432
1158,31.76954732510288,-1.0079765,3.452028,-3.5136316,-7.3430276,2.2793741,10.130714
1159,31.79698216735254,-1.4527491,4.053114,-3.9019725,-6.1610756,1.9173245,9.296768
1160,31.824417009602193,-1.7253858,7.239156,-1.6189328,-8.489874,2.134377,12.386132
1161,31.85185185185185,-3.216334,6.235621,-1.9257855,-5.7532296,1.6884333,8.832501
1162,31.87928669410151,-2.715273,4.0650387,-3.6329641,-7.9317207,3.7486045,10.555414
1163,31.906721536351167,-1.7934544,5.323424,-2.0424092,-8.931799,1.6566018,12.200442
1164,31.93415637860082,-0.43768874,4.4355893,-4.1506453,-13.052137,1.7347794,14.593671
1165,31.96159122085048,-0.2674311,4.9240913,-2.2525258,-7.45026,0.514531,11.177439
1166,31.989026063100138,-0.740059,4.8089647,-5.3259997,-11.187349,1.5941195,14.474252
1167,32.016460905349795,0.33053422,8.602492,-2.9712312,-9.237798,1.4543486,16.046532
1168,32.04389574759945,-1.069383,6.880468,-3.8305442,-9.397685,2.498588,13.701403
1169,32.07133058984911,-1.4074754,4.3813844,-4.1933537,-9.058084,2.852597,12.589893
1170,32.098765432098766,-1.4016325,5.187324,-2.0353196,-7.652762,1.3401095,10.535543
1171,32.12620027434842,-1.8938345,4.717944,-2.5962863,-8.682746,3.1121385,12.032528
1172,32.15363511659808,-1.7403729,6.4531927,-2.7447896,-8.307476,3.1504917,13.032834
1173,32.181069958847736,-0.23565578,7.1328845,-2.3754842,-11.2418995,1.5433458,15.482554
1174,32.20850480109739,-0.4213826,4.975973,-4.2677326,-12.192597,0.9854736,14.361181
1175,32.23593964334705,-0.71492887,7.197562,-1.3691993,-7.5543866,0.07523658,13.198788
1176,32.26337448559671,-0.9232683,5.576296,-3.6344721,-9.205669,0.5385724,14.79024
1177,32.29080932784637,0.9430381,6.7295756,-3.7057648,-9.677931,0.33234555,12.93936
1178,32.31824417009602,-1.7794449,7.23494,-3.2886178,-8.042958,0.29477212,13.886458
1179,32.34567901234568,-0.07626293,9.7078085,-2.4599326,-9.012033,0.011180516,17.08493
1180,32.37311385459534,-0.33199063,9.658461,-2.5295436,-8.489137,-0.8550366,15.447953
1181,32.40054869684499,0.29036796,10.191046,-0.9745125,-8.069634,-0.78656816,17.558062
1182,32.42798353909465,-0.03473505,7.391309,-2.1871746,-9.009989,-0.054793317,15.892811
1183,32.45541838134431,0.10842337,6.7342215,-1.2349964,-8.642962,2.6921375,14.495306
1184,32.48285322359396,-3.1288025,7.218326,-1.8217807,-6.151821,1.0157125,12.466622
1185,32.510288065843625,-1.9476461,5.909373,-1.5533309,-7.7007074,2.0997796,14.144043
1186,32.53772290809328,-1.4832101,6.1611514,-1.2679168,-7.0894747,1.7193623,13.444976
1187,32.565157750342934,-0.8179143,8.086128,-0.17493334,-5.9268217,0.95002705,15.7751255
1188,32.592592592592595,1.9473611,9.012097,-0.4479756,-9.153707,0.18192752,15.967693
1189,32.62002743484225,-0.024441227,7.437327,-2.3507664,-7.7959356,-0.096461445,16.166973
1190,32.647462277091904,1.1437391,6.609231,-3.5866628,-8.500845,-0.76522976,14.880291
1191,32.674897119341566,2.0619183,6.8553114,-2.9744158,-7.1421146,0.55099976,13.096323
1192,32.70233196159122,-0.51777303,7.230696,-4.074644,-7.228885,0.031403963,14.805867
1193,32.729766803840874,0.8581328,8.494783,-3.5861714,-6.8247986,0.2552188,16.755066
1194,32.757201646090536,-0.16069247,6.258485,-3.9382503,-8.811573,-1.5083392,15.189532
1195,32.78463648834019,-0.7851423,3.703621,-5.580022,-10.755645,-0.8616231,11.817832
1196,32.81207133058985,-1.5270559,5.054942,-3.3734963,-7.6013083,0.27556926,12.483691
1197,32.839506172839506,-0.80010796,4.941259,-5.5859003,-9.690439,-1.5625345,14.33632
1198,32.86694101508916,1.0716794,10.298537,-1.4273016,-6.5253005,-0.5808919,17.865854
1199,32.89437585733882,1.1010206,9.261963,-2.8144693,-8.510423,-0.55642647,17.230385
1200,32.92181069958848,0.58949804,10.894845,-2.564069,-6.8860474,-0.00893528,18.920635
1201,32.94924554183813,-0.112868,8.976606,-1.6362933,-5.79343,0.8569163,18.01671
1202,32.97668038408779,0.7200425,6.067737,-4.289821,-9.2957945,-0.9773483,15.318625
1203,33.00411522633745,1.4552164,8.83897,-2.0936174,-4.98041,-0.23911847,14.501092
1204,33.03155006858711,2.1615098,9.27053,-1.2200372,-3.5309086,-0.15820093,15.131774
1205,33.05898491083676,0.44391713,9.92635,-3.7653196,-6.6399937,0.22159365,19.633587
1206,33.08641975308642,0.20914128,7.8657384,-4.3908324,-7.1035576,1.2735443,16.316566
1207,33.11385459533608,-1.4455327,5.1973696,-2.3660896,-5.834754,0.94302344,10.285757
1208,33.14128943758573,-2.64618,4.370243,-2.7658067,-5.7365513,0.60283726,9.728789
1209,33.16872427983539,0.5233979,6.174038,-1.8818035,-4.9958487,0.8886228,12.4425335
1210,33.19615912208505,0.53995913,7.159297,-0.79345274,-3.896825,1.0019172,12.119948
1211,33.223593964334704,-0.1580612,5.0631585,-3.2181485,-6.8730264,0.30143598,12.442749
1212,33.251028806584365,-2.0667734,6.6814694,-1.4211538,-4.158173,-1.3704768,10.480501
1213,33.27846364883402,-1.319921,6.4671564,-2.4266708,-5.0770154,1.4833438,12.8637295
1214,33.305898491083674,0.94642854,8.160889,-1.5856091,-5.7219505,0.049884986,15.454966
1215,33.333333333333336,0.9090482,7.8570714,-1.1449491,-3.625625,0.25337586,12.543234
1216,33.36076817558299,0.78137296,5.8612466,-0.65074366,-2.0188358,0.8354006,8.632468
1217,33.388203017832645,-0.52434224,5.6679497,-1.7361302,-3.0828905,0.57931983,7.9422135
1218,33.415637860082306,0.11319175,7.149619,-1.3201513,-2.802554,0.44747165,10.356644
1219,33.44307270233196,1.6427677,8.215785,-0.99377215,-2.7582617,0.2484663,11.324823
1220,33.47050754458162,1.4916434,7.4893184,-3.3059545,-7.150331,-1.326416,15.526615
1221,33.49794238683128,0.17675452,7.907139,-3.9819083,-7.9166675,-1.0176983,12.587771
1222,33.52537722908093,-0.634614,7.0304146,-4.067493,-6.970638,-0.4694161,11.855368
1223,33.55281207133059,-0.68050265,5.912647,-4.677957,-8.230547,0.60484487,9.013802
1224,33.58024691358025,-0.809387,6.965047,-2.8859668,-5.6256094,-2.1870663,11.000409
1225,33.6076817558299,-1.2990861,9.476064,-4.301922,-6.759857,-0.8037115,13.283161
1226,33.63511659807956,-0.59870285,9.625474,-3.4733539,-6.737177,-2.140364,14.948245
1227,33.66255144032922,-1.8306615,9.400813,-2.7953227,-7.5699015,-3.9093676,15.986027
1228,33.68998628257887,-1.261205,7.825778,-4.131664,-7.3224,-0.92146146,14.947655
1229,33.71742112482853,-1.7029997,4.399114,-3.3838663,-6.192059,-0.3724679,11.117465
1230,33.74485596707819,-2.5058491,4.3108783,-0.7550834,-3.012072,-1.034616,7.611845
1231,33.77229080932785,-3.2746286,4.1314673,-3.934016,-7.7749124,-0.6800294,12.124123
1232,33.7997256515775,-2.417664,4.427192,-4.0043955,-7.501539,0.6026485,12.695081
1233,33.82716049382716,-1.6026332,2.9479797,-2.3964064,-5.041271,0.27132353,6.745915
1234,33.85459533607682,-2.039702,4.6259704,-1.6043102,-4.151007,0.9477798,7.33362
1235,33.882030178326474,-2.335439,5.8227134,-3.2157388,-5.997229,0.34232455,13.34602
1236,33.90946502057613,-1.745111,6.942975,-4.4231744,-9.3689,0.2940896,14.230667
1237,33.93689986282579,-0.6091665,7.29261,-5.1418133,-10.05713,-0.25784943,14.63391
1238,33.964334705075444,0.51363915,8.844937,-3.867297,-8.594963,0.27312168,17.200537
1239,33.991769547325106,0.48942062,9.606698,-4.239969,-8.513934,0.39877185,17.763151
1240,34.01920438957476,0.34102467,8.811701,-3.5739563,-9.534999,0.28520352,18.362654
1241,34.046639231824415,-0.18677372,6.7440796,-5.6107626,-9.998002,0.17112245,18.121927
1242,34.074074074074076,-0.7803753,5.125125,-4.458919,-8.254384,0.097813904,13.852965
1243,34.10150891632373,-1.5181786,4.261532,-3.3283534,-6.8866277,0.17246486,10.581238
1244,34.128943758573385,0.67138255,5.596873,-2.7576258,-6.695019,0.6571484,13.958326
1245,34.15637860082305,0.8930553,5.7009306,-3.4446938,-6.8603206,0.6666114,12.525892
1246,34.1838134430727,0.79977125,5.386866,-4.8419995,-8.953746,-0.011191789,13.044342
1247,34.21124828532236,-3.8224943,6.0237136,-3.5501318,-8.245078,-0.034825023,13.749173
1248,34.23868312757202,-0.33669063,5.7102485,-5.114316,-8.586936,0.75876707,14.30715
1249,34.26611796982167,1.0885969,6.313322,-5.9527626,-10.5676775,-0.29426715,15.237336
1250,34.29355281207133,-2.9664545,3.139812,-7.8452387,-11.814249,1.4930704,12.88436
1251,34.32098765432099,-3.3968832,4.6357923,-5.3804407,-9.034031,0.20162453,12.934734
1252,34.34842249657064,-3.592285,3.6752439,-4.910269,-8.706503,0.28945184,11.198819
1253,34.3758573388203,-2.5801296,3.2140791,-6.8991065,-9.895085,1.2712961,10.940671
1254,34.40329218106996,-2.530737,3.8622954,-8.190375,-11.442024,0.90663797,12.722349
1255,34.43072702331962,-1.5503258,3.392325,-7.4648542,-10.335618,1.3253728,12.319493
1256,34.458161865569274,-2.292549,7.4349675,-2.3649354,-8.048817,1.7289759,12.415813
1257,34.48559670781893,-1.2001734,5.5849004,-3.6009111,-7.3413925,-0.19817282,10.779417
1258,34.51303155006859,-0.3816866,6.0047092,-2.978066,-8.093425,-0.06869553,12.606978
1259,34.540466392318244,-0.9368609,4.63421,-3.3645096,-6.1658263,0.84487873,8.551017
1260,34.5679012345679,0.3922274,4.8295794,-4.884215,-8.226233,1.9451392,12.410002
1261,34.59533607681756,-1.2512683,7.5738535,-5.8078136,-11.027038,-0.1823248,16.574503
1262,34.622770919067214,0.8987932,7.666088,-5.1651144,-9.994359,-1.2184649,16.079813
1263,34.650205761316876,0.24575423,11.218022,-3.9987924,-10.254783,-0.80874854,17.658762
1264,34.67764060356653,-0.43949348,6.9989305,-4.2072306,-8.953197,0.2788565,15.789384
1265,34.705075445816185,0.15897812,6.1812687,-3.946993,-9.089528,-0.7697842,15.64279
1266,34.732510288065846,-0.9954294,4.849385,-5.1570377,-11.910885,-2.1366587,14.6152315
1267,34.7599451303155,-0.81778693,7.5126653,-0.28135902,-6.3854227,0.41804555,13.445131
1268,34.787379972565155,-1.7309221,5.528445,-4.453931,-9.933255,-1.3768933,15.6131
1269,34.81481481481482,-0.35145527,8.389222,-3.3311362,-9.16802,-0.74708873,17.474209
1270,34.84224965706447,-3.23032,8.981063,-5.7464223,-10.383986,0.23888926,16.76282
1271,34.869684499314126,-3.2470932,6.339934,-6.243085,-10.317556,1.5150329,14.270909
1272,34.89711934156379,-4.183957,8.935261,-5.154025,-8.440806,0.4936824,14.877198
1273,34.92455418381344,-3.0538032,9.611661,-4.3631635,-9.603082,0.16559263,20.096493
1274,34.9519890260631,-2.9689736,9.686183,-4.6636496,-8.530302,0.13270992,18.824469
1275,34.97942386831276,-2.248302,11.132017,-3.0561652,-6.802128,0.2816259,20.68044
1276,35.00685871056241,-3.6161096,8.295464,-3.3998003,-7.346732,0.10339363,18.64194
1277,35.03429355281207,-2.1223202,6.5833564,-4.988578,-10.125335,-1.4681791,16.302258
1278,35.06172839506173,-0.8656023,6.4431047,-4.3257103,-7.954449,-0.007961982,13.154212
1279,35.08916323731138,-0.09321787,6.321284,-4.7938724,-8.4977045,-0.24017966,13.719316
1280,35.116598079561044,1.0188718,7.947574,-3.631172,-9.14655,-0.6635291,14.477474
1281,35.1440329218107,-0.34251204,8.375618,-3.6825092,-9.088142,-0.14988413,13.920443
1282,35.17146776406036,-1.2925341,7.9430823,-2.5814369,-7.590839,0.13498737,12.922206
1283,35.198902606310014,-1.6019615,6.543282,-5.1551766,-9.441405,-0.71922475,14.243766
1284,35.22633744855967,-1.0100524,4.7416887,-6.016831,-10.446441,-1.3460431,11.785785
1285,35.25377229080933,-2.3210022,6.36295,-3.8273997,-6.62257,0.07218049,11.805464
1286,35.281207133058984,-1.3594859,6.0657406,-5.5502143,-8.89539,-0.5786548,12.407713
1287,35.30864197530864,-0.31624323,8.604017,-3.5311968,-7.3349338,-0.0775412,12.337204
1288,35.3360768175583,-0.07498908,8.8131,-3.2998726,-7.599827,-0.06731768,12.529575
1289,35.363511659807955,-2.0814629,7.370539,-4.2949657,-6.4333396,0.89191043,11.351254
1290,35.390946502057616,-2.3932354,6.1623387,-5.4799633,-7.2892685,0.83867806,11.257892
1291,35.41838134430727,-5.202854,4.5803337,-5.9748945,-8.300764,0.6166259,10.579157
1292,35.445816186556925,-2.6909266,7.943645,-5.3104477,-6.513523,0.6166586,12.564789
1293,35.47325102880659,-0.7789882,6.558777,-5.198648,-7.6540155,0.19973409,12.105256
1294,35.50068587105624,-0.80402976,5.2762666,-3.0225055,-5.540949,0.8722637,10.554918
1295,35.528120713305896,-0.3217554,5.3664136,-0.6392351,-2.6547184,0.19741057,7.4933457
1296,35.55555555555556,-1.0485595,5.396932,-3.388243,-6.69026,1.0001298,11.015794
1297,35.58299039780521,-0.92457116,6.799414,-3.7529576,-5.713172,0.7403418,12.590358
1298,35.61042524005487,-2.7539933,6.8016367,-3.9818094,-6.303304,-0.9610334,10.975954
1299,35.63786008230453,-0.79643583,6.120884,-3.2375028,-6.233539,1.0338376,11.83407
1300,35.66529492455418,-0.22693534,6.098779,-3.639806,-6.1890383,1.3598714,11.520192
1301,35.69272976680384,-0.54176056,7.156356,-3.1459386,-7.268668,0.9297105,12.66249
1302,35.7201646090535,0.4227401,6.660102,-4.614658,-8.733133,-0.5312521,12.062106
1303,35.74759945130315,-0.38915595,4.325477,-5.019994,-9.110601,-0.61758024,9.953118
1304,35.775034293552814,-1.0676379,7.2388444,-3.8838358,-6.9693785,-0.7470069,12.028858
1305,35.80246913580247,-1.0353618,7.45185,-5.1418004,-8.723736,-0.6815078,13.067664
1306,35.82990397805212,-2.7470138,7.627971,-5.6949415,-8.386049,-0.42946064,13.748208
1307,35.857338820301784,-0.89648455,11.589081,-2.886179,-7.4441557,-0.26784998,13.8518
1308,35.88477366255144,-0.3097932,8.645254,-4.30016,-8.711738,-0.3920969,12.592764
1309,35.9122085048011,-0.47464877,6.776501,-3.2602694,-6.5434356,0.30969974,11.246135
1310,35.939643347050755,-0.62359643,7.6370945,-2.6805859,-5.9066243,0.9837542,10.824906
1311,35.96707818930041,0.77588683,8.732145,-2.1630855,-6.104515,0.95456475,11.43165
1312,35.99451303155007,2.3975434,8.171359,-3.4051585,-7.3966455,-0.4630124,13.685373
1313,36.021947873799725,1.6735408,9.711037,-3.8489928,-7.58595,0.5687826,14.937789
1314,36.04938271604938,-1.4382358,11.037264,-4.608521,-5.2338777,0.9977323,14.01153
1315,36.07681755829904,-1.0035812,10.076876,-4.122634,-6.5548043,1.2366625,15.541248
1316,36.104252400548695,-0.78356713,5.569341,-5.843727,-8.184449,1.0906425,13.514558
1317,36.13168724279836,-0.8631541,3.9783607,-4.971905,-7.22191,0.86717933,12.07492
1318,36.15912208504801,-0.44822407,5.3208675,-3.2320817,-5.662227,0.75777334,10.841773
1319,36.186556927297666,-0.3007575,5.5617356,-3.7582755,-5.348635,0.7212862,11.703883
1320,36.21399176954733,-0.17747806,5.427772,-2.7272573,-5.2558336,1.2870743,11.329809
1321,36.24142661179698,-0.03647374,6.449379,-3.0949748,-5.891259,1.0886899,11.415415
1322,36.268861454046636,0.42086595,6.9617677,-2.3504345,-6.258988,0.3908418,12.555715
1323,36.2962962962963,1.0695633,5.6486983,-3.9448433,-7.643209,-0.7303854,11.281984
1324,36.32373113854595,-1.0969015,5.7823477,-5.1852765,-10.896062,-1.0107998,12.866093
1325,36.351165980795614,-1.9604539,7.1300125,-3.4868822,-7.1989746,-0.20177047,11.734388
1326,36.37860082304527,-1.49688,6.2897687,-4.9848104,-8.441776,-0.5579929,12.705582
1327,36.40603566529492,-2.123855,7.122999,-5.156083,-7.3369074,0.21439783,13.319232
1328,36.433470507544584,-3.3491585,8.181195,-5.644091,-7.6439123,0.65169674,14.419856
1329,36.46090534979424,-1.0876701,8.037598,-3.0487368,-6.8690915,0.7425288,13.085798
1330,36.48834019204389,-1.7436329,5.208591,-5.3923144,-8.749131,-0.8034741,12.676377
1331,36.515775034293554,-0.7635019,8.463274,-4.418587,-6.3313904,-0.50246954,13.718297
1332,36.54320987654321,-1.4306273,9.002899,-4.0342064,-6.3234363,0.14235461,12.007514
1333,36.57064471879287,-1.8674762,4.8473926,-5.1425333,-7.0446897,0.45633137,11.720103
1334,36.598079561042525,-2.2020438,5.2828493,-3.0426438,-4.2496376,0.22250147,9.27787
1335,36.62551440329218,-1.5021458,4.4874463,-4.957794,-6.8415036,0.88245064,10.537469
1336,36.65294924554184,-1.2915105,5.826641,-4.457602,-6.777136,0.9040411,11.191928
1337,36.680384087791495,-0.65160996,7.211481,-4.90571,-7.350395,0.91821504,12.066236
1338,36.70781893004115,-1.2234303,7.781071,-4.323089,-7.6260314,1.1712625,11.550049
1339,36.73525377229081,-0.9548139,4.7633185,-5.271946,-7.222966,0.97248125,9.003774
1340,36.762688614540465,-1.4051206,4.8615174,-5.1648417,-6.529735,1.2481382,8.568898
1341,36.79012345679013,-2.0789623,5.2608595,-4.7804675,-4.5692143,1.1066936,9.833321
1342,36.81755829903978,-3.0491867,4.8139453,-4.575734,-6.234137,0.578481,10.299359
1343,36.844993141289436,-2.5797374,6.6369834,-2.7466083,-3.937219,-0.69053906,9.557409
1344,36.8724279835391,-3.3870156,4.7928214,-3.9197366,-5.7338305,0.50493413,9.567865
1345,36.89986282578875,-1.9537781,4.8634152,-2.9381843,-4.260597,-0.37201002,8.636739
1346,36.927297668038406,-1.4567358,4.5593305,-5.166224,-5.4680386,0.28498727,10.023694
1347,36.95473251028807,-1.4047617,5.072372,-4.5859895,-6.0068164,0.24147323,9.530521
1348,36.98216735253772,-2.073141,5.0494947,-4.6784596,-7.94013,0.3634964,10.803587
1349,37.00960219478738,-0.68663245,3.429672,-4.2504225,-7.4439826,1.1960015,9.703181
1350,37.03703703703704,-0.47507006,4.8285737,-3.333481,-5.42209,0.24327146,8.8630905
1351,37.06447187928669,-1.430268,4.6010504,-3.3876815,-5.7036014,0.43219125,9.825375
1352,37.091906721536354,-0.90200615,4.5590725,-3.0073571,-4.956498,0.31026584,8.617165
1353,37.11934156378601,-2.3350103,4.463007,-3.3581378,-5.549005,0.52963716,9.03002
1354,37.14677640603566,-1.5374786,4.971976,-2.4772177,-5.4814157,0.15578136,8.67014
1355,37.174211248285324,-1.1334304,4.693292,-3.77263,-6.553839,-0.005642588,10.144734
1356,37.20164609053498,-0.49867752,5.1363015,-3.9587173,-6.348765,0.75785285,10.662704
1357,37.22908093278463,-0.847816,5.564261,-4.3257456,-8.327921,1.7729262,11.956542
1358,37.256515775034295,-1.060575,5.305059,-3.5280054,-8.0282955,0.6329323,12.839729
1359,37.28395061728395,-0.9770881,4.5584955,-5.44472,-9.080214,-0.41628724,13.58381
1360,37.31138545953361,-0.47096467,7.4452057,-4.9379344,-6.661729,-0.42320496,13.822702
1361,37.338820301783265,-1.6377833,7.3304763,-5.5781727,-8.160375,-0.42768264,13.116813
1362,37.36625514403292,-1.597136,5.768914,-4.608734,-6.7021937,-0.081976384,12.936808
1363,37.39368998628258,-2.8695915,5.9877715,-3.394902,-5.266591,-0.48228568,10.292324
1364,37.421124828532236,-1.704631,4.543717,-5.24969,-7.2816954,1.0295632,10.912193
1365,37.44855967078189,-2.062294,6.226153,-5.778619,-8.241572,0.5496451,12.794895
1366,37.47599451303155,0.13416986,6.694842,-5.9283595,-7.6941605,0.45479,13.840248
1367,37.503429355281206,-1.4475304,6.1541595,-3.442093,-7.45559,0.26512387,11.67591
1368,37.53086419753087,-0.68619794,4.7772093,-4.144128,-7.1376143,0.99031955,10.99263
1369,37.55829903978052,-1.1096206,5.0939994,-3.2736993,-5.255097,0.6070986,8.726894
1370,37.585733882030176,-1.6043714,4.6794233,-2.8391979,-5.0671573,0.9648536,8.911147
1371,37.61316872427984,-3.4896631,5.5628195,-4.040397,-5.915275,0.029389396,9.113903
1372,37.64060356652949,-2.3582246,4.3740478,-2.9517758,-4.9885178,0.47108376,8.243349
1373,37.66803840877915,-1.3307703,4.9452367,-2.0514977,-5.4034133,0.32000148,10.414132
1374,37.69547325102881,-0.2032223,4.8493476,-2.2413552,-4.0534663,0.12789363,8.689491
1375,37.72290809327846,-0.41597095,4.8157697,-3.2197676,-6.374095,0.8145107,11.773278
1376,37.750342935528124,-0.97723603,7.312825,-3.419668,-6.842403,0.7696867,11.501583
1377,37.77777777777778,-1.1917156,7.104277,-3.6688273,-7.5277815,-0.33822486,15.353617
1378,37.80521262002743,-0.28674313,7.056136,-4.582175,-8.411521,-1.0041902,14.780188
1379,37.832647462277095,-0.9787346,8.947998,-4.701365,-7.120724,0.4260547,15.293927
1380,37.86008230452675,-0.4188606,4.897563,-3.6144166,-7.2418714,0.41906047,12.865315
1381,37.8875171467764,-1.7758815,4.745855,-3.0361671,-6.895287,-0.11847046,11.641565
1382,37.914951989026065,-2.7783844,5.53762,-3.1931891,-5.971626,-0.52225834,10.080159
1383,37.94238683127572,-2.3053188,4.373203,-3.1735592,-6.1213484,0.0733879,9.937438
1384,37.969821673525374,-1.9275812,4.4980273,-2.6363544,-7.4884577,0.41762558,10.733831
1385,37.997256515775035,-0.85773116,4.6678553,-2.6480045,-6.77759,0.74902296,11.104035
1386,38.02469135802469,-1.3696468,6.1153564,-2.8420274,-7.555121,1.4760596,11.963638
1387,38.05212620027435,-0.8883071,5.5457363,-3.4097414,-7.8428845,1.4839444,12.215902
1388,38.079561042524006,-0.8472468,4.4071116,-5.5444107,-10.119004,0.8854576,12.997779
1389,38.10699588477366,-1.2741032,4.4997873,-6.213386,-12.339216,0.09648302,12.394772
1390,38.13443072702332,-1.2642864,7.514721,-4.4746604,-9.108289,1.3939259,13.019588
1391,38.161865569272976,-0.5722421,6.04995,-6.0411615,-9.989202,1.2108334,12.89419
1392,38.18930041152263,-2.8185062,8.284738,-5.8270144,-9.623442,1.5158055,12.038812
1393,38.21673525377229,-2.8307767,7.8913736,-5.62217,-7.8488173,0.9745607,11.874906
1394,38.244170096021946,-3.086477,7.9461603,-5.7001367,-9.830848,1.9834007,13.496513
1395,38.27160493827161,-1.1489089,5.438615,-5.2216005,-9.461067,1.1310148,11.554917
1396,38.29903978052126,-0.8633004,4.983899,-3.6594892,-7.6662703,0.5231879,10.27329
1397,38.32647462277092,-0.14642048,5.7616005,-3.5592809,-7.109339,0.2590733,11.129063
1398,38.35390946502058,0.03676467,5.7155123,-2.5920181,-4.880958,0.37309036,10.019821
1399,38.38134430727023,0.48262048,5.269132,-2.9070573,-5.8759522,0.6440257,9.638187
1400,38.40877914951989,-0.9744737,3.508711,-4.271936,-7.7410836,0.2713984,10.063539
1401,38.43621399176955,-3.1287587,4.6874967,-4.4275975,-6.663307,0.80777127,8.650062
1402,38.4636488340192,-2.970448,4.451671,-3.6236799,-7.985996,0.01520065,11.851004
1403,38.491083676268865,-2.831391,5.8933396,-2.4844482,-8.144052,0.7589124,8.464164
1404,38.51851851851852,-3.6121302,4.739685,-2.3244562,-4.133401,0.88156426,5.8961205
1405,38.54595336076817,-3.474486,5.10018,-3.7098966,-7.007714,-0.8717931,12.227069
1406,38.573388203017835,-2.0592086,3.7014408,-5.250143,-9.286063,0.3638973,10.792294
1407,38.60082304526749,-1.5381458,3.3066587,-5.489394,-9.11159,1.7314043,11.986607
1408,38.628257887517144,-2.3788126,5.582405,-3.9124985,-7.575194,0.5650348,10.831124
1409,38.655692729766805,-2.0183365,5.7929635,-3.6423657,-7.578183,-0.5828383,10.870013
1410,38.68312757201646,-0.17617767,6.4214516,-2.842285,-6.6233764,-0.5539679,12.0825405
1411,38.71056241426612,-0.78683954,7.8792953,-3.896417,-7.8106585,0.7479584,13.703004
1412,38.737997256515776,-0.02209426,7.7476726,-4.0309324,-9.37228,-1.0496967,15.259482
1413,38.76543209876543,0.34485576,9.672798,-4.3611526,-9.145704,-3.7197866,17.041561
1414,38.79286694101509,-0.24147184,9.429119,-3.5173113,-7.186172,-2.312733,15.87501
1415,38.820301783264746,0.3874861,10.262295,-3.137777,-6.172652,-2.9374046,20.313086
1416,38.8477366255144,-0.23217411,7.757726,-4.530433,-9.8796625,-2.6545324,16.99608
1417,38.87517146776406,-1.2021666,5.039139,-6.0874596,-12.676653,-2.4542797,14.364496
1418,38.90260631001372,-2.17703,7.6831126,-4.2722282,-7.394403,-0.6393486,13.777767
1419,38.93004115226338,-1.5492678,6.5972075,-5.433318,-9.505425,-1.3962232,15.266497
1420,38.95747599451303,-1.2206588,8.96369,-5.1515255,-8.321412,-0.6791666,13.874292
1421,38.98491083676269,-0.24283352,9.938162,-3.5829203,-5.112335,-1.4911456,13.272262
1422,39.01234567901235,-1.5709908,10.386456,-3.9274783,-5.5277963,-1.2654196,13.919463
1423,39.039780521262,-1.2893661,9.793529,-3.5291586,-4.590153,-1.8433194,13.06376
1424,39.06721536351166,-0.76741076,10.293677,-2.8873773,-5.0780334,-2.3308203,16.726444
1425,39.09465020576132,0.47145346,9.167658,-3.18299,-4.2164283,-1.3066583,15.099575
1426,39.12208504801097,-1.0008197,7.960054,-3.6728427,-4.4830666,-0.945205,13.191721
1427,39.14951989026063,-1.8821967,5.8938503,-4.70966,-3.9448938,-0.48602763,10.411036
1428,39.17695473251029,-2.8709962,5.719395,-6.027431,-4.7284136,-0.9573826,9.419384
1429,39.204389574759944,-1.5600271,6.6721387,-4.7453823,-2.2439885,-0.77606493,8.541677
1430,39.231824417009605,-1.2588602,9.279837,-5.362584,-5.169572,-0.5323496,12.314231
1431,39.25925925925926,-0.8194195,7.795614,-3.1347713,-1.5224007,-0.0948145,9.285779
1432,39.286694101508914,-0.65067977,8.508718,-5.4493284,-6.735114,-1.9152795,14.887268
1433,39.314128943758575,2.2433476,10.542361,-3.2474985,-5.792336,-2.3328145,12.702652
1434,39.34156378600823,0.71646863,9.338273,-4.4138474,-4.664579,-2.9430134,11.760348
1435,39.368998628257884,0.43533036,9.654594,-5.520176,-5.392,-2.7279665,14.227287
1436,39.396433470507546,0.889463,9.734933,-4.148146,-4.309775,-3.5273426,15.909894
1437,39.4238683127572,-0.41422293,8.91674,-4.828049,-5.905143,-0.98058176,14.045628
1438,39.45130315500686,0.4065781,9.472899,-4.329588,-7.057872,-1.1023128,14.279651
1439,39.478737997256516,0.8486724,9.53877,-4.447605,-8.936348,-0.63400817,17.522524
1440,39.50617283950617,-1.6146753,10.110762,-5.2985463,-8.302241,0.7479497,16.286938
1441,39.53360768175583,-1.2144473,9.90664,-4.4702215,-9.184457,-0.5394788,17.69688
1442,39.56104252400549,-1.9008405,8.333047,-3.4560037,-8.908436,-0.07241125,18.475878
1443,39.58847736625514,-0.2634237,6.7625985,-3.1370506,-6.588554,-0.4928976,14.331516
1444,39.6159122085048,-3.4228027,5.8551216,-5.174232,-9.161011,0.63440275,13.135786
1445,39.64334705075446,-1.4636514,5.8054585,-2.857229,-6.9515176,0.19396012,11.961634
1446,39.67078189300412,-1.4379708,6.4322233,-3.4730704,-7.8754997,0.36370328,12.886012
1447,39.69821673525377,-1.9311138,8.05217,-4.4534755,-9.176907,1.3206396,15.567603
1448,39.72565157750343,-1.2320358,7.234199,-4.1142936,-6.128299,1.4386326,13.817579
1449,39.75308641975309,-4.094527,5.76491,-4.137904,-6.8873053,0.6230776,11.004134
1450,39.78052126200274,-2.4593792,8.045674,-2.8655927,-7.073311,1.215747,15.6986265
1451,39.8079561042524,-1.6070493,9.822651,-3.203233,-8.2851715,0.6472278,17.409178
1452,39.83539094650206,-0.9668009,7.18065,-5.448632,-10.234086,-0.47680566,16.892593
1453,39.862825788751714,-1.5113561,5.3068514,-6.4361224,-12.639525,-1.6442842,15.730345
1454,39.890260631001375,-1.5953696,6.329831,-3.3896651,-7.485943,0.45326176,10.909362
1455,39.91769547325103,-1.3732697,6.1926165,-5.541202,-9.460283,-0.7184971,14.242186
1456,39.945130315500684,-1.2078191,6.317142,-2.9044216,-9.11921,1.6203133,12.865643
1457,39.972565157750346,0.46744838,6.346925,-4.698489,-9.004273,0.41765952,13.875191
1458,40.0,0.8369579,7.248931,-4.165906,-5.5116644,1.5659487,11.507323
1459,40.027434842249654,-0.028489754,9.435455,-3.2933352,-4.7475395,1.3505634,11.454505
1460,40.054869684499316,-0.39100927,9.748358,-2.41084,-3.6513548,2.547535,12.256476
1461,40.08230452674897,-1.4816077,8.919236,-3.6047325,-6.008158,2.0992627,16.17379
1462,40.109739368998625,-0.09801682,5.488659,-5.530317,-7.433028,1.7810669,12.4684305
1463,40.137174211248286,0.528015,8.370727,-4.066845,-5.980857,0.80080813,13.681338
1464,40.16460905349794,0.4689818,8.535973,-2.081901,-2.5957363,0.48436162,9.502584
1465,40.1920438957476,1.9511515,8.693218,-4.3661833,-5.4837003,0.85845494,14.0400095
1466,40.21947873799726,-1.5801933,7.4413686,-7.1775913,-9.96392,1.5840689,16.954544
1467,40.24691358024691,-1.5037459,9.484712,-5.463221,-8.177854,0.4799242,14.427964
1468,40.27434842249657,-2.3848798,8.240632,-5.0543656,-6.4645505,0.7671027,11.5421295
1469,40.30178326474623,-4.492189,5.812652,-5.344734,-7.6819367,0.065411545,9.083773
1470,40.32921810699588,-3.7302024,8.90693,-6.512073,-7.6674275,0.5499188,11.95969
1471,40.35665294924554,-4.018344,7.7148337,-6.6245,-7.774246,0.970432,12.40014
1472,40.3840877914952,-4.039661,5.4350176,-5.961038,-8.550823,2.2512052,12.93382
1473,40.41152263374486,-2.435248,5.400985,-2.018821,-3.2029412,0.18544912,6.0762897
1474,40.43895747599451,-2.9270384,4.856663,-4.866416,-7.5787673,0.8557437,10.453045
1475,40.46639231824417,-1.9255282,5.5554194,-4.9237337,-7.622208,0.030401403,11.04222
1476,40.49382716049383,-2.7964697,6.7949367,-4.20771,-5.589992,0.9676652,9.741114
1477,40.521262002743484,-2.2159672,6.7304106,-5.201917,-6.3165326,1.2566714,13.119248
1478,40.54869684499314,-3.0568655,6.0054193,-4.279861,-5.5935855,1.4111081,8.36054
1479,40.5761316872428,-2.6742666,6.518827,-4.641737,-7.4593043,0.544531,14.466996
1480,40.603566529492454,-3.778176,7.285019,-5.5319157,-7.5776587,1.5008445,12.900472
1481,40.631001371742116,-4.5048776,7.196204,-5.909958,-7.9750032,2.2088451,11.903341
1482,40.65843621399177,-1.403484,6.5693307,-6.564015,-10.857807,0.51813483,15.95874
1483,40.685871056241425,1.4233975,8.286548,-3.5652213,-8.92017,-0.27237707,14.123131
1484,40.713305898491086,0.7358198,9.018128,-3.2464364,-10.920751,1.5045185,19.119408
1485,40.74074074074074,0.43175623,9.13127,-3.3266943,-11.416484,3.1044025,17.976093
1486,40.768175582990395,-2.4183486,6.0885077,-6.353873,-12.359828,2.0429857,18.388523
1487,40.795610425240056,-2.4727192,4.9096327,-4.594478,-9.7589655,1.0614817,13.63989
1488,40.82304526748971,-1.0188208,5.9243817,-3.195207,-8.572743,0.72260857,14.485859
1489,40.85048010973937,-0.69265753,6.7992396,-3.8058925,-9.543368,1.5626315,15.268929
1490,40.87791495198903,-0.99889064,7.2163563,-3.8364124,-10.890796,1.8170019,16.27037
1491,40.90534979423868,0.65536416,10.631994,-1.9258304,-8.246671,1.8715484,20.85161
1492,40.93278463648834,-1.1948131,13.35301,-1.5934862,-7.681424,3.0273943,20.34668
1493,40.960219478738,1.6399425,12.010895,-1.3368084,-7.146471,-0.35125765,18.931791
1494,40.98765432098765,-1.250734,10.520861,-1.698941,-6.3700104,1.4227962,23.333181
1495,41.01508916323731,0.36191985,4.251329,-7.006516,-13.656904,1.1116692,16.827984
1496,41.04252400548697,-1.0086609,3.5869734,-8.195976,-14.049241,-0.73245883,15.125115
1497,41.06995884773662,-1.4385253,4.4942374,-5.397478,-10.7779255,0.0973506,13.6515875
1498,41.09739368998628,-1.3134646,4.0232058,-7.629478,-12.78202,0.4012901,15.581008
1499,41.12482853223594,-1.7077138,3.3094025,-6.4943037,-11.976445,1.9290799,13.951803
1500,41.1522633744856,-2.381101,3.8758686,-4.6324844,-9.569705,0.19431235,12.082082
1501,41.179698216735254,-3.0929525,2.7233355,-5.2461424,-10.011611,-0.25258425,11.1144285
1502,41.20713305898491,-1.7581025,2.0867944,-5.5518985,-9.979806,0.05224668,10.625658
1503,41.23456790123457,-3.2567651,7.045065,-2.3067791,-9.760131,1.0514678,12.154607
1504,41.262002743484224,-0.80648196,7.242611,-0.019818924,-6.3572006,2.235556,10.105907
1505,41.28943758573388,-3.0642424,3.9614947,-6.3747463,-9.608254,1.3504775,11.187877
1506,41.31687242798354,-2.6434953,4.198188,-6.6961164,-9.887824,1.1185228,11.66839
1507,41.344307270233195,-4.9720235,0.79332465,-8.884552,-14.361494,1.7936962,13.467497
1508,41.371742112482856,-4.0126457,8.263515,-2.438729,-6.3901677,3.0920346,8.956963
1509,41.39917695473251,-3.003578,3.720469,-5.2342477,-11.281906,1.134177,15.808493
1510,41.426611796982165,-3.05996,3.2902462,-6.391939,-10.337268,1.812737,12.314713
1511,41.45404663923183,-4.085372,2.9380624,-8.036711,-12.253031,1.8238629,13.002936
1512,41.48148148148148,-2.2781906,1.6272749,-7.759322,-12.226704,2.3972268,13.194707
1513,41.508916323731135,-3.4806144,6.467234,-3.182492,-8.618446,3.378222,10.874389
1514,41.5363511659808,-2.247557,4.9687734,-3.6409156,-9.656873,-0.4013533,12.073436
1515,41.56378600823045,-0.21809468,5.433305,-3.227794,-8.127879,0.59089285,11.757047
1516,41.59122085048011,-1.1963973,4.2066736,-3.9167004,-6.465361,0.81963867,8.780424
1517,41.61865569272977,0.10356101,3.9830964,-4.8638225,-8.675219,2.2481105,11.926883
1518,41.64609053497942,-1.201023,6.233813,-4.679789,-10.839142,2.0500934,15.269402
1519,41.67352537722908,0.55743086,7.906334,-5.878277,-12.357406,-0.39252868,17.362848
1520,41.70096021947874,-0.40504023,5.1454425,-5.825467,-12.0901375,-0.5839431,15.048756
1521,41.72839506172839,-1.0928385,7.2993956,-1.007632,-7.5647345,0.031248575,13.583349
1522,41.755829903978054,-0.48360395,5.6795635,-4.4931192,-9.523534,-0.3657277,14.739408
1523,41.78326474622771,0.67137325,10.526297,-3.2357388,-10.90675,-0.9585605,17.68417
1524,41.81069958847737,-0.05939163,7.006162,-3.518115,-9.703876,-0.38918382,16.386608
1525,41.838134430727024,-0.057144184,6.6078043,-1.4548563,-7.9227543,1.8675894,14.701786
1526,41.86556927297668,-1.9661009,7.924397,0.11663332,-4.7698708,0.7998004,10.4655905
1527,41.89300411522634,-3.0430665,6.1805363,-1.0415791,-6.209915,1.3932961,13.76643
1528,41.920438957475994,-1.3861573,6.2334185,-2.0427086,-7.766225,1.7816789,14.561846
1529,41.94787379972565,-1.7126231,7.6381617,-2.180802,-5.732857,0.584861,15.549106
1530,41.97530864197531,0.37379712,8.062384,-2.1429615,-9.6643505,-0.50981575,16.064459
1531,42.002743484224965,-1.4450049,4.5716968,-5.2125993,-10.693256,-0.5069111,13.007378
1532,42.030178326474626,-1.7149296,6.7008767,-2.1724546,-6.7231627,0.7106601,12.065559
1533,42.05761316872428,-0.7191834,6.0196333,-3.909142,-8.994839,-1.0257686,15.510018
1534,42.085048010973935,0.40948135,7.1571198,-2.947426,-6.3727083,0.7391713,14.422088
1535,42.1124828532236,0.7846357,8.735452,-4.2948594,-9.102585,0.74276537,18.322823
1536,42.13991769547325,0.49432307,8.675145,-2.5706506,-8.941316,0.3693307,16.64731
1537,42.167352537722905,1.225555,11.698195,0.9417746,-4.7660785,-1.3782309,15.79581
1538,42.19478737997257,-0.39016852,11.587027,-1.6454903,-3.6036642,-1.633429,16.681986
1539,42.22222222222222,-1.5857356,11.708199,-0.7582864,-5.848263,1.0481907,16.714361
1540,42.249657064471876,-0.19342591,7.115281,-4.140471,-8.280735,-1.0887026,13.843713
1541,42.27709190672154,0.12581728,9.285678,-3.9293132,-8.380587,0.4138038,16.589878
1542,42.30452674897119,2.7436807,11.280437,-1.1328832,-5.4360743,1.0354894,14.334435
1543,42.33196159122085,-0.79927284,12.532522,-2.0664806,-5.441834,1.3019525,13.756102
1544,42.35939643347051,-1.5328467,12.079961,-1.9555696,-3.927814,0.56390244,11.528151
1545,42.38683127572016,-1.9122691,12.332977,-3.1520405,-6.43016,1.2444873,12.802719
1546,42.414266117969824,-1.5917519,9.858648,-2.6251032,-4.026298,0.77509505,10.947902
1547,42.44170096021948,-0.5722357,9.708224,-0.86245733,-2.6466153,1.365149,8.636916
1548,42.46913580246913,-0.1846691,10.997084,-1.7814548,-3.153118,0.25523126,11.492337
1549,42.496570644718794,1.2131864,12.310484,0.2911246,-4.218683,1.1650107,14.730377
1550,42.52400548696845,0.7477711,9.927504,-2.9324565,-8.642191,0.025686843,14.571837
1551,42.55144032921811,-0.20609869,9.21989,-2.9962976,-5.680646,-0.899007,10.082305
1552,42.578875171467764,-2.301436,8.965142,-2.287585,-2.99033,-1.238071,8.587911
1553,42.60631001371742,-1.045844,8.947345,-2.9606607,-4.8257403,0.11448146,8.659905
1554,42.63374485596708,0.72553104,10.032793,-0.17988922,-2.6775968,-0.8140881,8.151749
1555,42.661179698216735,0.18839751,10.368465,-1.1847442,-2.4728866,-0.36074737,8.684651
1556,42.68861454046639,0.99476516,14.039965,0.06222812,-1.9723448,0.33311087,12.204913
1557,42.71604938271605,0.9588576,9.958441,-3.1267867,-6.4921007,-0.98425555,10.9419565
1558,42.743484224965705,-0.87029666,11.489404,-3.2751122,-4.599225,-0.081181794,11.47316
1559,42.77091906721537,-3.1035335,10.487617,-4.0165124,-4.919013,0.11216329,11.704588
1560,42.79835390946502,-2.0644774,10.555979,-3.251905,-4.302958,0.11299816,10.942857
1561,42.825788751714676,-2.1440306,8.429122,-4.4791594,-5.515723,0.6569396,10.383868
1562,42.85322359396434,-2.5280864,6.692852,-4.140869,-4.152949,0.21076857,8.790345
1563,42.88065843621399,-1.8154932,9.763494,-3.4046597,-4.3423667,0.78203374,9.586895
1564,42.908093278463646,-2.9455318,9.026175,-5.4684167,-6.760219,0.6371586,10.943334
1565,42.93552812071331,-1.1008157,9.749067,-5.2471147,-9.070631,0.062057596,12.559587
1566,42.96296296296296,0.6640058,10.281376,-3.4583797,-5.4841256,-0.63397574,11.332757
1567,42.99039780521262,-0.6345084,12.0162735,-3.5540576,-11.057631,0.5180593,15.363993
1568,43.01783264746228,-1.0955805,11.187297,-3.325349,-8.742666,1.2382761,12.84829
1569,43.04526748971193,-0.8628827,8.094056,-2.9835396,-6.449638,0.18203115,10.5078
1570,43.072702331961594,-0.20655149,5.897189,-2.7137005,-4.900837,-0.42045516,8.073958
1571,43.10013717421125,-0.26016027,12.023292,-0.43418747,-2.9116535,0.382524,10.374153
1572,43.1275720164609,-1.941634,8.965705,-4.0148115,-5.5199933,0.55902576,10.944301
1573,43.155006858710564,0.0719474,9.369853,-2.8452692,-5.3838253,0.20601715,12.2309065
1574,43.18244170096022,1.6999882,11.0055685,-1.3351767,-4.1083484,-0.70079,12.272106
1575,43.20987654320987,0.8097785,8.123552,-1.8608896,-3.1593232,0.28913093,10.142038
1576,43.237311385459535,1.1879343,10.216808,-1.5577282,-4.0670547,-0.017065251,12.039102
1577,43.26474622770919,0.915038,9.576383,-1.744707,-3.7341146,-0.68553686,11.441999
1578,43.29218106995885,2.3021915,10.78153,-2.907134,-2.6683497,0.4646476,12.548787
1579,43.319615912208505,-0.4716438,8.662705,-2.9298244,-7.1673527,-0.97137034,13.431224
1580,43.34705075445816,1.3004955,9.130904,-2.8986351,-7.7472963,-1.0128983,15.060949
1581,43.37448559670782,0.12684548,8.926395,-3.2452297,-7.001484,-0.2165334,12.575568
1582,43.401920438957475,1.1814162,10.723422,-2.9321203,-8.001682,0.20465694,14.996936
1583,43.42935528120713,0.93193465,10.824272,-2.8584595,-6.9472213,-0.7759474,16.807842
1584,43.45679012345679,0.23492146,11.437235,-1.8293446,-6.0055256,1.6533438,13.795702
1585,43.484224965706446,-1.0350705,13.396674,-1.7593806,-5.8952446,3.2248373,16.014044
1586,43.51165980795611,-0.09098859,12.613004,-2.822758,-5.104781,1.8322711,12.782915
1587,43.53909465020576,-1.4704385,8.116045,-3.2779338,-4.051692,0.576175,10.267363
1588,43.566529492455416,-1.0677385,9.283965,-2.4352052,-4.639528,1.2155408,10.996861
1589,43.59396433470508,-2.0106027,10.10413,-2.7992725,-4.5098205,1.5577797,11.726259
1590,43.62139917695473,-1.3337904,9.078151,-3.14739,-4.9843264,0.8850692,12.878832
1591,43.648834019204386,-0.31751233,9.19023,-4.4333797,-8.7147255,0.7553049,13.52125
1592,43.67626886145405,-1.2307932,6.6078253,-5.856294,-10.814539,-0.9740605,12.577519
1593,43.7037037037037,-1.6212245,6.423686,-3.3943455,-7.6278577,0.06905362,11.1092
1594,43.731138545953364,-1.3889912,5.7064404,-5.1737494,-9.981223,-1.1886818,14.085637
1595,43.75857338820302,1.0108839,9.71677,-2.3807423,-7.4193482,-0.4376982,17.192482
1596,43.78600823045267,0.9797034,9.989915,-2.9506412,-9.130796,-0.37942174,16.925905
1597,43.813443072702334,1.0467693,11.781239,-2.3294399,-7.108624,-0.2975362,18.213217
1598,43.84087791495199,0.50518936,12.295955,-1.6862546,-5.408345,-0.02101698,20.051123
1599,43.86831275720164,0.17248528,9.398735,-0.98073256,-5.5347424,1.4629513,16.416601
1600,43.895747599451305,0.8157593,6.9711113,-3.7802203,-8.827468,-1.124682,14.557606
1601,43.92318244170096,0.5197257,8.378322,-2.8719249,-8.333156,1.0657591,12.351763
1602,43.95061728395062,-1.2543463,7.281441,-3.5605392,-7.544633,0.09156085,10.707237
1603,43.978052126200275,-0.14427237,6.8717127,-3.0829904,-5.9499364,0.292802,10.75389
1604,44.00548696844993,-2.23716,4.4361267,-2.1857238,-5.4498067,-0.12971619,8.411511
1605,44.03292181069959,-2.051541,5.4514194,-3.5049975,-7.947033,0.17272349,11.256337
1606,44.060356652949245,-1.4401693,5.69393,-3.34016,-7.814442,0.13801318,11.603453
1607,44.0877914951989,-1.3312188,7.9334226,-4.4365554,-6.912706,0.22168331,12.065681
1608,44.11522633744856,-0.77216095,9.589464,-3.4717312,-7.7949834,1.4641961,12.870283
1609,44.142661179698216,-0.85637885,9.087149,-3.8462565,-6.4638987,0.46790645,11.975385
1610,44.17009602194788,-1.0911986,9.48415,-4.4640565,-5.747484,2.8866138,12.703289
1611,44.19753086419753,0.19126132,6.311051,-6.1701097,-6.273358,-0.39045873,10.9454
1612,44.224965706447186,-1.706349,8.282263,-3.8794432,-7.0865097,1.3274204,14.131336
1613,44.25240054869685,-0.36808535,5.9506626,-4.91994,-9.130895,0.9222638,12.973287
1614,44.2798353909465,1.7089455,8.246389,-3.8667786,-7.8754883,-0.6907598,12.4060135
1615,44.30727023319616,0.53361213,7.1056848,-4.2618675,-5.508501,0.5984941,10.957025
1616,44.33470507544582,-0.11602726,9.357299,-4.4509625,-6.936576,0.23795933,15.725918
1617,44.36213991769547,0.41324127,5.353555,-3.3675234,-5.9564266,0.5872158,11.3075075
1618,44.38957475994513,0.5089447,5.629928,-1.5925707,-3.4604359,0.35450137,8.4018135
1619,44.41700960219479,1.1648538,6.8746963,-3.8517787,-6.720375,0.39155442,11.37728
1620,44.44444444444444,1.2133877,7.0717683,-4.911533,-9.2448435,0.34692183,13.6521635
1621,44.471879286694104,-0.3137966,9.8189945,-5.365389,-8.6085615,2.1072092,14.6831045
1622,44.49931412894376,-0.93062377,5.1692452,-4.837665,-8.221564,1.1897893,12.359598
1623,44.52674897119341,-2.2104795,4.572193,-3.56151,-6.0968857,0.61884856,9.142356
1624,44.554183813443075,-2.3124406,4.8196044,-4.0722876,-6.448587,0.22475676,10.346633
1625,44.58161865569273,0.29013065,6.446739,-3.1990268,-6.698576,1.3037584,12.069195
1626,44.609053497942384,-0.5871856,6.3194275,-5.2724032,-8.373637,0.25176108,13.519509
1627,44.636488340192045,0.8785198,7.121087,-5.4447565,-9.851698,-0.05411626,13.934859
1628,44.6639231824417,-0.8065529,5.189037,-5.820302,-11.252251,-0.8143683,13.316468
1629,44.69135802469136,-2.299487,5.903771,-3.3062434,-7.2648954,-0.91715586,11.659746
1630,44.718792866941016,-1.2112595,5.9371333,-5.0845194,-9.865075,-1.0143476,14.488181
1631,44.74622770919067,0.5996385,7.6306977,-2.9411867,-6.864825,0.4400723,14.081942
1632,44.77366255144033,0.54642415,9.664482,-4.313842,-8.93921,0.08986409,18.145006
1633,44.801097393689986,-1.7787937,10.851281,-4.9532704,-8.414962,0.10380971,15.90138
1634,44.82853223593964,-2.6124117,7.3915744,-6.054225,-9.634426,1.2611128,13.8209915
1635,44.8559670781893,-3.3066306,10.422145,-5.7420697,-8.971217,0.47370413,15.058129
1636,44.883401920438956,-2.3191395,11.064521,-4.528683,-10.005126,0.010384975,19.733862
1637,44.91083676268862,-1.7182348,9.9894,-4.332859,-8.9507065,-0.16854405,18.007017
1638,44.93827160493827,-1.4956753,10.978468,-3.6014757,-7.775416,0.733273,16.801609
1639,44.96570644718793,-2.7537658,10.158904,-3.5888777,-7.447008,-0.19663855,20.47839
1640,44.99314128943759,-1.3157984,7.043504,-5.3266215,-10.032591,-1.6129606,16.203487
1641,45.02057613168724,-0.99755716,6.9046087,-4.646925,-7.7865863,0.14715442,12.877531
1642,45.0480109739369,0.18999788,6.9522657,-4.88031,-8.353084,-0.03851697,13.725001
1643,45.07544581618656,-1.5656501,7.691302,-4.9714503,-7.6377826,0.7594764,13.576733
1644,45.10288065843621,-1.9861166,8.997063,-4.1266303,-6.138663,0.1282356,12.842103
1645,45.130315500685874,-0.04713436,6.613991,-4.2426114,-6.9615293,0.32760084,12.728502
1646,45.15775034293553,-2.4166102,5.8735394,-5.162349,-7.181528,0.21136999,10.625594
1647,45.18518518518518,-1.5337266,5.236707,-5.104527,-6.853123,0.647843,11.643331
1648,45.212620027434845,-1.9688076,7.2561736,-5.0001326,-6.5684867,0.2946253,12.534254
1649,45.2400548696845,-3.290605,7.620671,-3.6545868,-4.6506386,0.32242987,10.162809
1650,45.267489711934154,-0.7077039,8.892357,-5.063178,-6.5323577,-0.07233015,14.440507
1651,45.294924554183815,-1.0346713,7.442779,-6.6080317,-8.580043,0.08771584,14.463413
1652,45.32235939643347,-1.0726882,9.133714,-5.6759367,-7.940903,-0.8310126,14.866808
1653,45.349794238683124,-3.219806,7.7836046,-6.1959095,-7.3966823,0.23832947,12.850363
1654,45.377229080932786,-0.6088274,10.019581,-4.2626224,-6.2398863,-1.577569,14.305982
1655,45.40466392318244,-2.0337026,8.600663,-5.640681,-6.946271,-0.25825226,13.250682
1656,45.4320987654321,-0.66137564,11.578758,-4.3099465,-6.052168,-1.2380627,12.508173
1657,45.459533607681756,-0.39389095,10.343399,-3.5580235,-4.8693886,-0.74316394,12.075961
1658,45.48696844993141,-1.9888225,10.999195,-4.1704226,-5.0676823,-0.35482493,13.168788
1659,45.51440329218107,-1.1037328,10.142039,-2.6331785,-2.5979574,-1.4508972,14.387143
1660,45.541838134430726,-1.5877237,10.714034,-3.4793565,-4.393884,-0.206404,13.818525
1661,45.56927297668038,-1.937032,6.6802845,-4.078803,-2.642337,0.1307651,9.380626
1662,45.59670781893004,-0.1665085,8.8068285,-4.710763,-4.011454,-0.096248806,10.566268
1663,45.6241426611797,-1.2082193,9.225482,-6.1420255,-7.6504054,-1.1168696,13.030328
1664,45.65157750342936,-0.192369,8.231066,-6.4123797,-8.9662895,-2.1002452,12.492443
1665,45.67901234567901,-1.327402,6.419979,-6.431556,-7.743119,-3.449084,11.5532875
1666,45.70644718792867,-1.722168,9.931994,-6.663456,-7.3792596,-1.9344236,14.609781
1667,45.73388203017833,-2.4958355,12.268313,-4.4491568,-5.7118063,-0.67049915,14.084093
1668,45.76131687242798,-2.8136847,5.653106,-2.8593843,-2.4740322,-1.2189927,7.6559587
1669,45.78875171467764,-0.72285384,10.158838,-3.78596,-3.9558358,-1.7211826,14.667427
1670,45.8161865569273,-1.861849,8.93595,-6.7045665,-4.957466,-3.038519,13.617731
1671,45.84362139917695,-1.9491869,9.351413,-5.177824,-6.377426,0.23542605,14.479139
1672,45.871056241426615,-1.699522,8.449526,-5.8952217,-8.450783,-0.3997487,14.372419
1673,45.89849108367627,-0.24462236,9.577677,-5.2230344,-9.669313,0.4032899,19.53481
1674,45.925925925925924,-2.1891632,6.9882593,-5.063902,-9.167073,0.7485076,14.962199
1675,45.953360768175585,-2.0492206,5.8837476,-3.2779007,-7.8657827,0.91483444,14.428814
1676,45.98079561042524,-1.7761506,7.4499264,-2.750895,-7.411136,0.8220969,14.472843
1677,46.008230452674894,-2.8507485,8.775253,-4.7717094,-8.981552,1.12101,16.103662
1678,46.035665294924556,-1.2550808,7.6526837,-3.3922942,-5.0595484,1.3140693,13.954884
1679,46.06310013717421,-2.1798346,6.5977325,-2.9541368,-5.9304957,1.1528257,13.246428
1680,46.09053497942387,-2.3279123,8.793456,-2.9269238,-5.5992355,0.969709,14.105771
1681,46.117969821673526,-1.8955524,9.854606,-3.205454,-7.287756,1.4164116,17.275572
1682,46.14540466392318,-0.658347,5.639021,-5.8093767,-11.687319,0.45939925,18.406132
1683,46.17283950617284,-0.86070454,4.858544,-6.219819,-12.072385,-0.58260363,15.85394
1684,46.2002743484225,-1.709328,4.3517923,-3.9348092,-7.0157905,-0.12608011,9.406207
1685,46.22770919067215,-1.106314,5.254829,-5.8685994,-10.7372265,-0.68307513,15.786566
1686,46.25514403292181,-0.5440832,4.5689454,-5.239558,-11.017153,2.1948752,15.34188
1687,46.28257887517147,-1.5564667,4.6158314,-3.355823,-7.610204,1.005866,10.85846
1688,46.31001371742113,-0.53946465,4.736416,-2.6350052,-7.3164725,0.57674813,10.568814
1689,46.33744855967078,0.46503425,5.348621,-3.4218824,-8.204632,0.9544235,12.330316
1690,46.36488340192044,-2.277744,4.111602,-2.3317833,-6.988801,1.3464595,10.752866
1691,46.3923182441701,-1.8634087,1.6515954,-2.6350646,-4.391328,2.0466807,2.3343244
1692,46.41975308641975,-2.7116518,4.940453,-5.2782254,-8.85895,1.691052,11.494257
1693,46.44718792866941,-1.77874,5.1785135,-5.554592,-10.290964,1.3712214,13.389738
1694,46.47462277091907,-4.3552895,3.376421,-7.043013,-12.615519,1.9685543,14.397133
1695,46.50205761316872,-2.7811337,5.987757,-3.396643,-6.464249,0.2966518,8.9005995
1696,46.52949245541838,-2.7051203,5.0493674,-3.3990595,-8.436555,1.9678079,15.63358
1697,46.55692729766804,-2.5997906,5.198094,-4.0105634,-7.9286995,1.577075,13.099154
1698,46.584362139917694,-3.5310721,4.5535426,-6.5795875,-10.592116,1.7737368,14.053321
1699,46.611796982167355,-1.0333043,3.7538621,-5.7607446,-10.345774,2.7315676,13.544761
1700,46.63923182441701,-3.3619654,7.0038934,-3.632863,-8.330263,1.7968059,11.358982
1701,46.666666666666664,-1.675234,6.1385665,-2.013675,-7.550532,0.15203565,12.411888
1702,46.694101508916326,-0.11225428,6.377371,-1.9427071,-7.751515,0.68735445,12.391514
1703,46.72153635116598,-0.8621654,8.088752,-3.9649444,-10.15285,1.1359081,15.978809
1704,46.748971193415635,0.32066515,8.816403,-4.2203393,-10.530078,-0.6476855,17.024256
1705,46.776406035665296,-0.089924365,6.780179,-3.9896045,-10.492271,-0.87328875,15.656877
1706,46.80384087791495,-1.9120715,7.0161247,-2.2209818,-6.8826733,0.23459964,14.0711775
1707,46.83127572016461,-0.7398248,7.293905,-3.6437094,-9.164949,-0.91722274,14.9957485
1708,46.85871056241427,0.0428183,10.969787,-2.953236,-10.287731,-1.0393089,17.414394
1709,46.88614540466392,-0.7005566,7.086641,-3.6284873,-9.421946,-0.10043906,16.118448
1710,46.91358024691358,0.2650812,7.7169394,-0.046340976,-7.3578005,2.9825623,9.620219
1711,46.94101508916324,-1.7930859,1.3081238,-2.664129,-4.3025618,1.4249259,2.5249703
1712,46.96844993141289,-3.2011302,6.2585692,-1.6555451,-7.0601788,1.9475708,14.860588
1713,46.99588477366255,-1.0300893,7.050102,-2.046671,-7.9960904,1.8775511,16.06025
1714,47.02331961591221,-0.7918434,8.841035,0.29959354,-5.69248,0.85639584,13.835464
1715,47.05075445816187,-0.8601901,7.479024,-3.210449,-9.264656,-0.38760075,15.25908
1716,47.07818930041152,-0.97041523,5.86335,-4.0629644,-10.680649,-0.03025596,11.95812
1717,47.10562414266118,-1.256227,5.9045205,-0.8499237,-5.813011,0.5622702,10.348023
1718,47.13305898491084,-0.79458374,6.5292234,-3.846836,-8.778385,-0.7292005,14.702252
1719,47.160493827160494,1.5556908,10.150565,-1.2878412,-6.3718405,0.19191267,14.769424
1720,47.18792866941015,-0.039241374,10.281047,-1.3981625,-5.8974886,0.62053144,15.815272
1721,47.21536351165981,-0.102519974,11.709903,-1.4949721,-5.084084,0.9628772,16.50484
1722,47.242798353909464,1.6594652,12.598899,-0.8650749,-6.1003046,0.5804862,18.945295
1723,47.270233196159126,-0.069770545,10.125392,-2.8098462,-5.9823346,0.6894014,14.095717
1724,47.29766803840878,-1.1837305,13.64526,-0.6271741,-6.299889,1.6931009,17.265795
1725,47.325102880658434,-0.9422839,13.85608,-1.0565349,-7.689305,2.196536,18.9818
1726,47.352537722908096,-0.17213014,13.153397,-0.9231535,-6.6696377,1.7081425,15.834286
1727,47.37997256515775,-0.8444119,9.486412,-1.2395947,-7.6667633,3.3149643,17.1141
1728,47.407407407407405,-2.281015,5.9048557,-2.1445646,-5.4344416,0.5790382,10.170408
1729,47.434842249657066,-2.876412,6.4457216,-0.9624266,-4.2184725,0.9275887,8.969974
1730,47.46227709190672,-1.8994111,6.810237,-1.0932281,-6.479068,1.872165,15.103001
1731,47.489711934156375,-1.3724204,7.462595,-0.35303846,-5.5719485,1.444003,14.800439
1732,47.51714677640604,-1.6399678,9.720661,-0.3454509,-6.0928493,2.1822069,18.201975
1733,47.54458161865569,0.62915003,9.01929,-1.0068021,-7.4913216,-0.8548911,15.594232
1734,47.57201646090535,1.1205207,9.581822,0.33738935,-6.572597,-0.68272674,17.731918
1735,47.59945130315501,0.088992864,9.9799595,-2.7987447,-7.229034,-0.50245607,18.858446
1736,47.62688614540466,1.0730209,10.88729,-2.9510186,-7.9054394,-0.44589764,17.370075
1737,47.65432098765432,1.087551,10.315215,-2.741665,-6.3910365,-0.64396745,17.216354
1738,47.68175582990398,0.32096416,5.849171,-2.597409,-5.9534583,0.6168,12.6225395
1739,47.70919067215363,0.35865197,6.6092024,-1.1473802,-4.441734,0.90548503,10.824953
1740,47.73662551440329,0.57846934,6.689063,-0.57452303,-4.1725187,0.8691046,11.528242
1741,47.76406035665295,0.3091876,8.041388,-0.58459854,-5.003676,0.6830528,13.268554
1742,47.79149519890261,0.779828,8.542117,-2.2054174,-6.2876277,0.28909937,16.210588
1743,47.818930041152264,1.3348538,8.326918,-1.9319936,-5.68907,0.24859594,16.125265
1744,47.84636488340192,0.45954302,8.7719,-3.465983,-8.0464735,-1.2848743,15.523652
1745,47.87379972565158,-3.4611552,8.743068,-6.507723,-9.924409,0.36534762,15.016673
1746,47.901234567901234,-4.0075526,6.8661256,-6.735185,-8.747458,1.5763103,11.1995325
1747,47.92866941015089,-3.9363086,9.847437,-5.8836355,-8.681853,0.6235405,15.526705
1748,47.95610425240055,-2.06382,9.09936,-4.156076,-8.493764,0.16743392,17.318533
1749,47.983539094650205,-1.5734413,7.970442,-4.387473,-7.6024637,0.1638342,15.592448
1750,48.010973936899866,-1.5870985,4.7619596,-3.830727,-7.034337,0.71161133,12.211198
1751,48.03840877914952,-2.2302728,6.3859797,-2.066811,-4.8184943,0.37009123,10.7131405
1752,48.065843621399175,-1.7514737,6.61565,-0.6710477,-4.8321857,1.436804,11.662081
1753,48.093278463648836,-1.8738759,6.654417,-0.88633215,-3.9867742,1.0940344,11.978877
1754,48.12071330589849,-2.47822,9.105738,-1.7368408,-4.9035945,1.3632548,13.442124
1755,48.148148148148145,-2.6244009,8.432852,-1.8539969,-5.9566927,0.9599948,15.364539
1756,48.17558299039781,-0.25300857,8.567815,-1.948654,-7.53756,-1.0524327,18.043028
1757,48.20301783264746,0.51541245,11.45445,-0.77883554,-6.612355,0.16930203,16.519053
1758,48.23045267489712,-1.4213002,12.119407,-1.9372647,-7.2002134,1.6241536,16.539143
1759,48.25788751714678,-1.2475865,10.192365,-3.3049886,-7.1606307,1.073655,13.228155
1760,48.28532235939643,-1.5410993,8.536297,-4.0968037,-5.8562455,1.0758973,9.910295
1761,48.31275720164609,-2.4873147,8.02676,-3.0579395,-7.796452,1.3434399,11.898028
1762,48.34019204389575,-0.14960817,8.106514,-2.5459335,-9.326205,-0.13291195,14.253364
1763,48.3676268861454,0.067885146,7.5530524,-2.0393376,-10.448801,1.173542,11.424449
1764,48.39506172839506,-0.051568348,9.209671,-0.16649774,-7.91819,2.5986986,12.260425
1765,48.42249657064472,-0.51312655,6.1245785,-4.3640413,-9.927696,0.018033162,13.76948
1766,48.44993141289437,-1.1544814,6.2352767,-3.040245,-9.790578,3.3572972,11.252262
1767,48.477366255144034,0.80201256,5.630404,-3.5320458,-8.057428,0.2631062,12.642844
1768,48.50480109739369,2.3314974,7.1679482,-3.73267,-6.487747,0.41657546,12.479477
1769,48.53223593964335,2.4231088,8.423328,-3.2136943,-7.7930274,-0.5542541,14.418832
1770,48.559670781893004,0.6274332,4.8884807,-4.7221413,-7.981869,0.38135475,11.845569
1771,48.58710562414266,1.6698875,5.706963,-2.0271342,-5.516643,0.04247042,8.205981
1772,48.61454046639232,2.4461646,5.804789,-0.900734,-3.5221815,-0.42534524,6.802205
1773,48.641975308641975,0.74778205,7.0174036,-0.35449594,-2.5500023,-0.15275632,7.4902763
1774,48.66941015089163,2.988171,7.746001,-0.102763176,-1.6825124,0.43301114,7.72682
1775,48.69684499314129,2.5095465,8.37034,-1.5937625,-3.950258,0.22342296,10.104619
1776,48.724279835390945,1.3225502,5.300263,-1.1394656,-2.3876965,0.9770624,7.409819
1777,48.75171467764061,-2.6358802,4.840786,-1.54111,-3.6242664,-0.26715448,7.0294223
1778,48.77914951989026,-0.005177958,5.7683506,-0.38937384,-1.9129936,1.2317102,6.88169
1779,48.806584362139915,-0.85409224,5.121411,-2.466756,-4.3370543,0.55156654,7.727936
1780,48.83401920438958,1.231179,6.5233593,-1.2759281,-3.360035,1.4335072,8.308643
1781,48.86145404663923,0.8213692,8.170993,-2.6723237,-5.6899133,-0.2713303,12.75016
1782,48.888888888888886,0.082076535,6.7653036,-3.084938,-5.789087,0.6407977,12.272626
1783,48.91632373113855,-1.3891783,4.539097,-2.4135597,-5.562846,0.05239831,9.357019
1784,48.9437585733882,-1.9361242,4.214277,-1.304524,-3.5180688,-0.039039098,7.0471973
1785,48.97119341563786,-2.5902703,3.8569105,-3.340136,-6.404432,0.09243216,10.24124
1786,48.99862825788752,-1.6204661,4.136097,-3.7193754,-7.39624,0.61149937,11.744112
1787,49.02606310013717,-1.1330978,4.2215066,-1.3188096,-3.9522498,0.73836076,6.5913157
1788,49.053497942386834,-2.700801,3.9104004,-1.8209163,-2.8829737,-1.2671103,6.8625407
1789,49.08093278463649,-2.1664555,5.1265426,-1.26792,-3.97001,1.4031684,8.848201
1790,49.10836762688614,-1.9293969,5.337859,-4.609618,-8.017919,0.94566715,12.689824
1791,49.135802469135804,-0.25406545,5.3733416,-4.2583065,-8.279313,1.3974768,11.961895
1792,49.16323731138546,2.097622,9.470222,-1.8769344,-4.5633054,-0.6595358,13.813563
1793,49.19067215363512,1.5168921,10.20058,-3.5032578,-5.801658,0.080246404,16.184792
1794,49.218106995884774,0.8730546,8.727075,-4.473948,-7.7023945,0.1515499,16.336601
1795,49.24554183813443,-0.9144339,5.7986865,-2.5985737,-5.3020735,-0.005188501,9.697011
1796,49.27297668038409,-1.0798997,5.3121533,-2.1894722,-4.7548585,0.048111834,9.569482
1797,49.300411522633745,-1.2930256,5.763305,-2.9650588,-4.702444,0.38864738,9.912974
1798,49.3278463648834,0.65559316,7.0790744,-3.8260143,-5.234834,-0.05232082,11.955716
1799,49.35528120713306,-0.9056728,5.0198784,-2.0901105,-3.5483193,0.10878238,8.365681
1800,49.382716049382715,-2.8739238,4.546823,-2.3278,-4.9912786,1.4098377,6.9744964
1801,49.41015089163238,-0.98058784,7.4124646,-3.165351,-5.191613,0.41502193,11.788478
1802,49.43758573388203,0.77326286,7.791662,-4.1044,-6.479979,-0.14599626,12.830562
1803,49.465020576131685,0.5007122,7.4444256,-5.2540274,-8.819281,-0.1714368,14.449349
1804,49.49245541838135,0.9202363,7.5148196,-2.1622024,-4.8353896,0.020046154,10.421878
1805,49.519890260631,-0.81966984,4.4398327,-3.1338623,-6.913316,0.8103832,7.281267
1806,49.547325102880656,-2.6953137,5.3835893,-2.3785625,-5.128073,0.8516189,7.41322
1807,49.57475994513032,-0.8669207,5.3485494,-1.4193436,-4.8090296,0.14476462,7.9409204
1808,49.60219478737997,0.30270866,6.960683,-2.6063979,-6.444644,-0.037723653,11.0835705
1809,49.629629629629626,0.7808064,6.614461,-1.3870983,-2.52442,0.22168852,9.249577
1810,49.65706447187929,0.6770601,5.35596,-1.5064247,-2.5524662,0.6174032,9.112749
1811,49.68449931412894,-1.4551171,4.5582905,-1.2485105,-2.059486,-0.55276036,6.2720113
1812,49.711934156378604,-0.3583014,5.3352547,-1.3683932,-2.621256,0.21709307,7.8223844
1813,49.73936899862826,-0.2743335,5.7781153,-2.240232,-4.0893226,1.4568899,8.703001
1814,49.76680384087791,1.0261422,6.861984,-2.0153122,-3.2095284,0.73453796,9.707953
1815,49.794238683127574,0.03516106,8.417171,-2.9814665,-6.0106025,-0.20053914,14.046559
1816,49.82167352537723,-0.41430384,7.1376657,-4.915439,-7.9296594,-0.032773495,14.930568
1817,49.84910836762688,-1.4152145,4.896,-2.289749,-5.139301,-0.43222323,9.77918
1818,49.876543209876544,-2.2804532,4.281082,-1.4225508,-2.932643,-1.1663501,7.3987513
1819,49.9039780521262,-2.542896,4.3047976,-2.837335,-5.4569697,0.21209934,10.379384
1820,49.93141289437586,-2.1613448,4.454205,-3.9307191,-6.7806096,1.1254882,11.986847
1821,49.958847736625515,-2.598992,5.063922,-2.035029,-5.3193398,0.7524509,8.119842
1822,49.98628257887517,-2.2543948,5.346565,-2.9087808,-7.171965,3.976858,7.892715
1823,50.01371742112483,-2.287701,6.2361746,-2.356033,-5.1465297,0.7944636,11.507953
1824,50.041152263374485,-1.4732561,5.9686184,-4.0374317,-7.9700913,1.6685052,12.758039
1825,50.06858710562414,0.20463571,6.689527,-4.882722,-8.808431,2.0569541,13.161738
1826,50.0960219478738,1.3564104,8.396997,-1.6445091,-3.9089918,-1.0736035,11.333574
1827,50.123456790123456,-0.17257832,11.030173,-3.0302465,-7.2208753,2.1828673,14.444362
1828,50.15089163237312,0.500366,9.786162,-1.0496099,-3.5996554,-1.0689093,12.413533
1829,50.17832647462277,-1.6833009,8.813,-2.2485676,-6.6319394,-4.246449,15.726291
1830,50.205761316872426,-0.5957904,7.40371,-3.8006852,-8.341067,-0.22890823,14.559815
1831,50.23319615912209,-0.55469334,4.4021316,-5.3855624,-10.996731,-0.1870606,11.67257
1832,50.26063100137174,-1.770493,4.4873557,-3.852082,-8.20411,-0.76375365,10.144622
1833,50.288065843621396,-1.1595578,5.2124443,-5.4109354,-9.99385,-0.27226946,12.781386
1834,50.31550068587106,2.0691426,8.852795,-3.0164733,-8.459284,0.4403851,16.573435
1835,50.34293552812071,3.056219,11.297481,-1.4591196,-6.0507317,0.6690102,15.328008
1836,50.370370370370374,1.3087659,10.618123,-0.94989115,-4.6303954,0.8759717,14.136278
1837,50.39780521262003,0.18284331,8.704931,-1.2211162,-3.7263782,0.98872536,12.117451
1838,50.42524005486968,3.076812,11.8700075,3.3551867,0.9071678,1.2923615,9.006345
1839,50.452674897119344,2.6122491,10.911004,0.58278763,0.16591848,1.4282324,9.985197
1840,50.480109739369,0.0806305,6.9877973,-1.256898,-0.2682208,0.14672886,8.974444
1841,50.50754458161865,2.408225,10.804424,-0.25912404,-4.754512,1.7244227,12.274441
1842,50.534979423868315,0.2677937,8.938134,-3.2479208,-7.289917,1.9342731,10.914714
1843,50.56241426611797,-1.4149141,8.057189,-4.2345266,-7.359406,2.810304,9.961255
1844,50.58984910836762,-1.7450325,7.5344687,-5.079147,-8.412524,3.2352512,9.7943945
1845,50.617283950617285,-3.1836872,6.6747856,-4.3444486,-8.682162,4.602512,9.124014
1846,50.64471879286694,-3.745494,7.3731003,-4.739293,-7.5813327,3.1271284,10.328413
1847,50.6721536351166,-1.9003415,7.514738,-5.0904946,-8.177336,2.2350688,10.48556
1848,50.699588477366255,-0.0144707635,7.22739,-4.103793,-8.628663,-0.5799161,11.838035
1849,50.72702331961591,-1.3320825,5.623856,-0.9778302,-4.6024637,1.32084,7.907624
1850,50.75445816186557,-1.1266638,6.2819414,-4.554239,-9.238667,-0.73015183,12.830759
1851,50.781893004115226,0.6849828,9.687082,-4.2174573,-8.891525,0.5711438,17.154762
1852,50.80932784636488,1.1050444,9.145687,-1.4466414,-8.194111,-1.2327138,14.641195
1853,50.83676268861454,0.48645958,9.233965,-1.9750867,-9.640044,1.5676109,15.422808
1854,50.864197530864196,-0.5873892,9.430053,-2.9564767,-6.837106,0.38195044,13.502525
1855,50.89163237311386,-0.40806937,11.544904,-3.1294014,-7.58963,-0.29569018,15.949237
1856,50.91906721536351,-0.712549,12.093373,-1.0951439,-4.7185354,1.3290544,11.926474
1857,50.946502057613166,-2.7230504,12.278414,-3.1171286,-7.2487445,1.0526234,13.668932
1858,50.97393689986283,-1.2018416,13.051035,-0.16432667,-3.4034698,1.2390788,12.389597
1859,51.00137174211248,-3.5537016,7.3321996,-2.1380088,-2.849498,-0.8083343,8.431936
1860,51.02880658436214,-4.6352015,9.5884495,-2.870119,-4.9424357,-1.0056622,11.222236
1861,51.0562414266118,-2.0436022,11.142037,-0.8911734,-2.9447052,-1.611107,11.3718605
1862,51.08367626886145,-1.6004473,11.572258,-1.8301449,-3.4927168,-0.62969387,11.26831
1863,51.111111111111114,-0.72375214,10.015625,0.63952166,0.45005932,-0.9233364,10.480427
1864,51.13854595336077,-0.7148137,13.572564,-0.24143991,-3.0787659,-0.3873719,12.702661
1865,51.16598079561042,-0.3416341,14.903336,-0.85995215,-6.741252,-0.10441819,15.036933
1866,51.193415637860085,0.062306914,12.930488,-3.0198445,-7.6873198,0.9019799,12.182263
1867,51.22085048010974,0.5975628,13.599654,-1.0799726,-4.576603,0.040915105,14.093676
1868,51.24828532235939,-0.7571882,13.056383,-1.6073261,-5.624486,0.54067093,12.34279
1869,51.275720164609055,-1.3588904,14.001489,-1.954436,-7.483707,1.0739334,13.186827
1870,51.30315500685871,-3.6386395,12.173671,-3.1372936,-8.103567,3.6162877,13.295544
1871,51.33058984910837,-3.710654,10.063756,-4.2684083,-7.482171,2.6761694,12.62591
1872,51.358024691358025,-1.6456194,10.772539,-3.6494179,-8.363919,1.3663996,11.990492
1873,51.38545953360768,-0.8154523,7.3836293,-4.7316666,-9.362296,-0.5622179,11.09997
1874,51.41289437585734,-3.292104,5.864876,-3.1205204,-5.151585,-0.27762687,8.442238
1875,51.440329218106996,-0.93536204,6.51559,-4.6669827,-9.863037,-0.6183472,12.937866
1876,51.46776406035665,0.08285249,6.950304,-3.0223238,-8.776228,1.5708044,11.239627
1877,51.49519890260631,0.8249484,6.3797994,-4.454631,-9.100914,0.66174436,13.162745
1878,51.522633744855966,6.8372335,7.2858143,-0.31459698,-1.7516458,1.7139031,7.858007
1879,51.55006858710563,2.6917293,5.4013124,-1.6592767,-1.8518283,2.9964664,5.8817496
1880,51.57750342935528,0.80645245,6.9760427,-1.6429771,-2.634252,1.8484124,8.035631
1881,51.60493827160494,0.676508,8.68327,-3.1096795,-4.77888,1.1786581,13.772989
1882,51.6323731138546,-0.4246248,10.263807,-2.2175097,-4.298381,1.4181924,13.811498
1883,51.65980795610425,1.9361807,11.502644,-2.7217743,-4.8279696,2.3807077,13.542303
1884,51.68724279835391,0.74850196,7.140949,-4.6747594,-7.386136,2.406089,12.897133
1885,51.71467764060357,0.71050465,7.255156,-4.973468,-7.04816,1.6917449,11.044562
1886,51.74211248285322,-1.6089394,6.718445,-6.069852,-7.4514966,1.6956633,10.761699
1887,51.76954732510288,-3.993528,7.1902523,-5.7794733,-7.343731,1.5657605,11.3606415
1888,51.79698216735254,-4.220764,6.9694242,-5.4244194,-7.534562,1.8080567,11.049492
1889,51.82441700960219,-3.2260733,5.4850245,-6.2948027,-7.2232795,1.3436879,10.6989765
1890,51.851851851851855,-3.4663334,6.7885227,-4.3120465,-5.9394355,0.9762188,8.928072
1891,51.87928669410151,-5.6041584,6.0915966,-6.721719,-9.183588,1.6530695,11.539026
1892,51.906721536351164,-2.4124758,7.197872,-6.562694,-8.536897,1.2292933,13.338856
1893,51.934156378600825,0.7336279,6.7323003,-6.2475004,-7.4526796,0.645985,11.548048
1894,51.96159122085048,1.6047896,9.547645,-3.8488002,-4.810057,0.9911801,11.832605
1895,51.989026063100134,0.122677244,8.881336,-5.74726,-7.5733795,0.47219607,15.715846
1896,52.016460905349795,-2.486679,7.2583175,-7.8607154,-10.737977,1.2770505,16.476048
1897,52.04389574759945,-2.8050525,6.101158,-4.5732203,-6.495261,0.6014047,10.498226
1898,52.07133058984911,-3.2775562,4.443626,-5.2137733,-8.2837715,0.44528073,10.86647
1899,52.098765432098766,-2.1094816,5.3009734,-5.0961227,-7.694161,-0.17160352,10.997873
1900,52.12620027434842,-3.8707056,6.545243,-5.002052,-6.9899974,0.64665204,10.845303
1901,52.15363511659808,-2.1790383,6.513727,-5.30911,-6.957502,1.4953007,13.435051
1902,52.181069958847736,-3.4189675,4.2681036,-4.8740444,-8.158864,0.84434235,10.420964
1903,52.20850480109739,-3.2271621,6.401676,-5.63226,-8.1236725,0.54576135,13.517657
1904,52.23593964334705,-2.9432654,6.882842,-5.983163,-9.494367,1.3447348,14.475881
1905,52.26337448559671,-0.9075527,6.790867,-6.917032,-9.951712,0.78685933,14.635334
1906,52.29080932784637,0.945223,10.541674,-4.9851084,-6.251963,0.5107917,16.316885
1907,52.31824417009602,-0.8208467,9.461128,-6.245495,-8.8182535,1.3163393,16.633738
1908,52.34567901234568,-0.8395685,11.363806,-4.833197,-7.4561143,0.4677849,14.286402
1909,52.37311385459534,-0.06294077,10.154398,-2.2312098,-4.125683,1.3709159,12.2634945
1910,52.40054869684499,-2.8440728,7.4594946,-2.8603358,-4.4136877,0.7699716,9.298813
1911,52.42798353909465,-0.9463768,8.336794,-0.5478328,-3.3172107,1.3392708,9.39211
1912,52.45541838134431,-0.3379222,9.83799,1.0245703,-3.2828956,1.5434988,13.267192
1913,52.48285322359396,-3.8097053,5.887548,-2.2014925,-2.3006773,0.06850044,5.20322
1914,52.510288065843625,-0.43148214,11.673828,0.4291753,-2.6880074,1.5255065,12.771523
1915,52.53772290809328,-1.596159,10.365976,-1.2256597,-3.337096,1.3426303,12.440168
1916,52.565157750342934,1.2652373,13.000154,0.5975626,-4.788184,1.0180447,18.27061
1917,52.592592592592595,1.0506709,11.271436,-2.144279,-5.367683,-0.79028034,15.386089
1918,52.62002743484225,-0.6337172,11.6440935,-1.9471129,-4.5251536,-0.49513376,17.78381
1919,52.647462277091904,-0.8172683,13.879873,-1.796366,-5.843066,-0.9202612,19.689882
1920,52.674897119341566,-0.84499586,12.050549,-1.0966736,-4.388359,-1.6630461,19.318787
1921,52.70233196159122,-0.5982593,8.492336,-5.2300167,-8.189738,-0.76208943,13.194207
1922,52.729766803840874,1.5547402,8.356951,-2.9857633,-7.926548,-0.38346872,11.786916
1923,52.757201646090536,1.3645414,9.549176,-2.3944468,-9.661853,1.3332905,15.787897
1924,52.78463648834019,0.40493804,9.364624,-3.496044,-10.744101,2.4759946,16.27294
1925,52.81207133058985,-2.7941906,6.809914,-6.4984975,-11.838418,1.3353678,16.550812
1926,52.839506172839506,-2.6322405,5.4916553,-4.2594256,-9.244041,1.1415843,12.837092
1927,52.86694101508916,-1.1942214,5.3941784,-4.0335374,-8.386582,0.7759206,12.797971
1928,52.89437585733882,-1.41709,6.9935246,-4.348847,-9.389812,1.7326014,14.549579
1929,52.92181069958848,-1.5773968,7.361633,-4.4535804,-10.229816,1.7426689,14.838706
1930,52.94924554183813,0.11978263,10.984624,-3.1837437,-9.128758,1.2141682,18.08086
1931,52.97668038408779,-2.4147694,11.217701,-4.4201097,-8.574762,1.398783,18.310476
1932,53.00411522633745,-1.0432113,11.228048,-1.8811768,-6.782304,2.106565,13.385532
1933,53.03155006858711,-1.4405034,12.362749,-3.391961,-8.223677,1.9673897,18.912994
1934,53.05898491083676,-3.4925778,8.501364,-5.978641,-8.880564,2.7630525,16.084505
1935,53.08641975308642,0.13646616,5.407395,-6.2457447,-12.2347145,0.7367156,14.360748
1936,53.11385459533608,-0.7636918,3.891995,-6.1529536,-10.734345,0.9081235,10.46357
1937,53.14128943758573,-1.7825801,5.4967146,-4.62859,-11.144193,1.0102401,13.271098
1938,53.16872427983539,-0.52515185,5.6156874,-6.0353994,-11.286338,0.31782883,14.82218
1939,53.19615912208505,-1.3309765,6.8545485,-6.217375,-13.924923,1.9785529,15.388146
1940,53.223593964334704,-1.5002801,3.530814,-7.3155103,-13.069783,1.7158532,14.097681
1941,53.251028806584365,-2.197893,3.9097784,-5.4722824,-10.29595,0.76877034,11.642327
1942,53.27846364883402,-2.6152182,4.623608,-3.354437,-8.081036,1.7742239,9.916372
1943,53.305898491083674,-3.543554,2.7506733,-4.9185195,-9.735919,-0.27222317,11.095341
1944,53.333333333333336,-1.8581691,2.573756,-5.5900626,-10.078231,-0.16814809,10.908019
1945,53.36076817558299,-4.49433,7.4513574,-2.4806252,-10.3475685,5.64011,12.806064
1946,53.388203017832645,-1.2217473,7.345793,-0.47131053,-8.202193,5.12667,8.295312
1947,53.415637860082306,-3.013104,4.3392105,-5.9351807,-9.326834,0.8972548,11.01695
1948,53.44307270233196,-3.7615948,5.2841616,-5.6114264,-9.916133,2.2024148,11.35445
1949,53.47050754458162,-4.5656857,2.3067548,-7.9268713,-13.360877,1.0854445,13.120696
1950,53.49794238683128,-2.662335,6.4895887,-2.4882517,-3.9878368,0.5266226,8.300234
1951,53.52537722908093,-4.508204,5.0885124,-4.315837,-9.248835,1.7440275,11.363317
1952,53.55281207133059,-2.194885,3.9031549,-5.706548,-10.589203,1.7115192,13.369435
1953,53.58024691358025,-3.3606906,3.5110388,-7.4786153,-11.89805,1.7498254,13.250263
1954,53.6076817558299,-2.1057484,2.390704,-7.199742,-12.223915,1.8908519,13.185442
1955,53.63511659807956,-3.528679,6.605322,-2.7625165,-7.794738,3.2602499,9.6692095
1956,53.66255144032922,-2.9204762,5.781255,-2.8048656,-9.939481,0.80016226,12.868222
1957,53.68998628257887,-1.0729307,4.920045,-3.4147391,-8.411408,1.1448473,11.597116
1958,53.71742112482853,-1.6932384,4.816872,-3.7144558,-6.3838964,2.0754437,9.342375
1959,53.74485596707819,-0.07102466,4.3419085,-3.8880992,-7.707041,1.8204312,11.028779
1960,53.77229080932785,-1.6296104,4.661187,-3.3046148,-6.365251,2.8659124,9.979794
1961,53.7997256515775,-2.235674,5.5810013,-2.5689394,-6.220856,0.525284,9.25538
1962,53.82716049382716,-1.9771639,5.040636,-3.275145,-8.549868,4.32057,7.3611035
1963,53.85459533607682,-1.4990939,6.16113,-2.3805773,-5.941255,3.029997,7.828127
1964,53.882030178326474,-2.6476886,5.509471,-4.455561,-9.397681,4.482778,12.405564
1965,53.90946502057613,-1.6930898,6.718097,-4.036147,-10.89544,3.0292268,14.665086
1966,53.93689986282579,0.3884257,6.312859,-5.0725136,-11.943637,1.9229585,15.581064
1967,53.964334705075444,-0.40482223,5.829094,-4.8268156,-12.615794,1.9373299,13.594262
1968,53.991769547325106,0.07103303,8.486528,-1.2800044,-9.368601,1.9196832,12.552648
1969,54.01920438957476,-0.29299682,6.6833487,-4.396696,-10.366528,0.8759113,14.761762
1970,54.046639231824415,1.2785591,7.847738,-1.473171,-9.506873,2.0971644,12.109459
1971,54.074074074074076,1.6205195,8.250007,-1.9742745,-10.475022,2.908917,16.586338
1972,54.10150891632373,2.324162,9.880101,-1.439309,-9.505431,3.171717,16.65192
1973,54.128943758573385,0.1052894,7.148133,-2.745937,-10.106715,4.070333,14.030724
1974,54.15637860082305,-2.3765898,6.576901,-2.1384947,-8.578679,3.5063496,12.646672
1975,54.1838134430727,-1.7176313,5.2361736,-2.4621863,-8.59929,1.9593006,11.972319
1976,54.21124828532236,0.669206,5.772077,-1.415489,-8.615332,3.6693778,12.568939
1977,54.23868312757202,-1.62147,5.113749,-1.3525883,-5.9596896,1.8563273,9.720676
1978,54.26611796982167,0.58747137,6.027556,-1.4477825,-5.7714486,3.7598028,10.609968
1979,54.29355281207133,-0.6598926,5.4055166,-2.201597,-5.546624,2.9893258,8.783411
1980,54.32098765432099,-3.6368983,5.6264553,-2.4770806,-7.0552697,0.96995777,8.973469
1981,54.34842249657064,-1.7435477,4.516258,-3.3956497,-7.4609632,2.781,8.076673
1982,54.3758573388203,0.6562404,9.650521,0.5655433,-7.421949,2.6668985,11.348578
1983,54.40329218106996,-1.7997811,6.2448463,-2.2551587,-8.364742,5.6842337,12.248072
1984,54.43072702331962,1.0058405,7.875764,-1.2141683,-9.617615,4.7867713,14.059834
1985,54.458161865569274,3.0580359,12.857007,0.32274902,-6.080167,3.4466195,15.427383
1986,54.48559670781893,0.8869665,10.712885,-0.620494,-6.9963264,4.952639,14.11783
1987,54.51303155006859,-0.14468142,9.878029,-1.9344845,-8.321954,4.539699,15.128403
1988,54.540466392318244,-1.5101469,8.651352,-1.2096317,-10.247329,5.988155,17.219805
1989,54.5679012345679,1.3761438,7.194731,-2.594463,-11.893517,3.9416494,14.990967
1990,54.59533607681756,-0.5504832,4.0227346,-4.2231493,-10.767711,3.2584581,10.6973505
1991,54.622770919067214,-0.23631653,8.32268,-0.9576221,-8.802817,2.8552198,10.365051
1992,54.650205761316876,0.34256735,6.7017307,-3.807548,-10.750679,2.457691,13.979765
1993,54.67764060356653,1.5124747,6.9072375,-3.505788,-8.649154,1.0410893,11.806777
1994,54.705075445816185,-1.1818408,7.102675,-3.8122716,-8.912408,0.19737,13.921659
1995,54.732510288065846,-0.4571691,6.78703,-4.2153516,-8.146723,1.6251845,12.738009
1996,54.7599451303155,1.0010388,7.13137,-4.9416666,-8.386183,0.96346664,13.373027
1997,54.787379972565155,0.64340323,11.893822,-0.88081425,-8.078479,1.8194913,14.164141
1998,54.81481481481482,-0.577343,10.841493,-2.013714,-8.349838,1.0351516,15.290137
1999,54.84224965706447,0.20660166,9.37196,-1.9186435,-8.903133,1.506195,14.651819
2000,54.869684499314126,-0.047287628,7.8008375,-4.013102,-6.9263377,0.7341766,12.997404
2001,54.89711934156379,1.8513373,8.724989,-2.8562992,-8.256754,2.5481393,11.765049
2002,54.92455418381344,-0.010781529,5.1691175,-5.900629,-10.838813,0.87738234,13.708664
2003,54.9519890260631,-0.011423485,3.240912,-6.0548224,-9.791896,1.1085814,9.772207
2004,54.97942386831276,-1.3702475,6.179685,-4.690426,-9.431172,1.2711291,12.576933
2005,55.00685871056241,-0.80479956,5.2676344,-5.2959485,-9.509969,0.7356023,12.6389475
2006,55.03429355281207,1.5264578,6.2355757,-5.1156015,-6.8495083,-0.8306127,10.947009
2007,55.06172839506173,-1.5625124,6.895501,-5.379184,-9.433935,0.5924341,13.927458
2008,55.08916323731138,-1.1958361,4.4986987,-5.53962,-9.601965,0.5744166,12.685043
2009,55.116598079561044,-1.3957647,4.038799,-4.5154433,-7.921691,0.7689071,12.066627
2010,55.1440329218107,-2.2409544,3.8908844,-2.4578848,-5.6323786,0.29695642,9.473777
2011,55.17146776406036,-2.6218867,3.4763162,-4.226431,-7.3295074,-0.03012599,10.971527
2012,55.198902606310014,-2.0721834,2.953674,-4.3178515,-8.418884,0.30543602,11.693109
2013,55.22633744855967,-2.6214106,6.6532574,-2.6580555,-6.8657413,1.8413746,11.351511
2014,55.25377229080933,-4.869967,6.246169,-4.213438,-7.4181976,2.1747591,10.200903
2015,55.281207133058984,-2.1555767,4.9455123,-4.6139565,-6.8225203,1.7639912,11.074885
2016,55.30864197530864,-0.9873833,5.168801,-5.06532,-7.93725,1.1737041,11.174078
2017,55.3360768175583,-1.2636169,6.612627,-3.719888,-7.141682,1.6143351,11.039734
2018,55.363511659807955,-0.9290951,6.280689,-3.81679,-7.0346704,1.877039,8.508481
2019,55.390946502057616,-1.3115282,6.547112,-4.4004636,-7.327732,1.3716195,10.141964
2020,55.41838134430727,-1.1997576,5.576458,-3.3317926,-4.8812904,1.8569118,9.974006
2021,55.445816186556925,-0.38043666,4.12548,-2.6350133,-4.3840375,0.81966823,7.4054933
2022,55.47325102880659,-1.6133908,4.6234326,-3.0646718,-4.2808433,1.7496668,8.401663
2023,55.50068587105624,-3.0899205,6.305154,-3.2217214,-5.901439,2.8691802,8.743879
2024,55.528120713305896,0.07503057,6.6281676,-3.1099524,-4.7462797,1.903162,10.27325
2025,55.55555555555556,-1.2804283,4.7730036,-5.393288,-9.056611,0.9116562,12.256017
2026,55.58299039780521,-0.126599,5.0922456,-5.6467695,-10.669558,0.19855285,12.816718
2027,55.61042524005487,-1.0614578,5.942147,-3.8566236,-7.5482235,0.13243406,11.216258
2028,55.63786008230453,-0.47824824,5.101917,-4.882979,-8.111994,0.6700085,11.870497
2029,55.66529492455418,1.1784669,6.674746,-3.8454478,-7.4004936,1.0856897,11.5299425
2030,55.69272976680384,0.31212056,5.6050515,-3.8728106,-5.0084515,1.333443,10.085648
2031,55.7201646090535,0.4643905,5.5888953,-5.0034204,-8.585752,0.055542212,13.286513
2032,55.74759945130315,-0.018278053,4.2600946,-3.1439888,-6.154681,0.9210293,10.85172
2033,55.775034293552814,-0.0020135287,4.5881076,-1.2803605,-3.674736,1.184019,7.8529763
2034,55.80246913580247,0.43798465,4.803523,-1.937286,-5.0373583,0.532726,8.731631
2035,55.82990397805212,0.5197737,5.2542667,-2.819232,-5.908843,1.4493983,10.670721
2036,55.857338820301784,0.60963964,6.424357,-3.353539,-6.2513566,0.8840706,11.413238
2037,55.88477366255144,0.58972603,6.3857603,-4.0690174,-6.7411675,1.1850301,11.637624
2038,55.9122085048011,1.5522712,5.79946,-2.1830447,-4.979797,2.2482708,9.665982
2039,55.939643347050755,2.9281569,6.452232,-1.0310824,-1.6286857,1.534775,4.383425
2040,55.96707818930041,3.62003,7.570147,-2.1145859,-2.165599,2.1059442,8.07841
2041,55.99451303155007,1.9174333,5.496885,-1.5227104,-1.1492488,2.0882354,5.577899
2042,56.021947873799725,1.8765423,4.8304973,-1.356969,0.2806016,0.82366127,3.6691258
2043,56.04938271604938,2.7431695,6.597963,-1.5588892,0.08942297,0.90058297,5.5279593
2044,56.07681755829904,3.2582533,8.016727,-2.1680033,-1.3302814,1.8921158,7.918997
2045,56.104252400548695,1.3811172,6.2789216,-1.1953831,-0.7060093,2.01093,6.6819897
2046,56.13168724279836,1.8318733,6.7583623,-1.952938,0.39689958,1.8610723,8.1302595
2047,56.15912208504801,0.70854914,6.711566,-1.8848897,-2.9542828,1.5943354,8.36929
2048,56.186556927297666,1.083997,9.169504,-3.1540473,-2.7918239,1.7740245,10.760129
2049,56.21399176954733,-0.096224956,7.7047997,-3.7484016,-4.2158885,2.4205647,11.777074
2050,56.24142661179698,0.8024485,6.087624,-4.139843,-8.31545,1.43514,13.25453
2051,56.268861454046636,0.95879835,5.447651,-5.3196354,-10.040188,0.84821165,12.9422245
2052,56.2962962962963,-0.939536,6.613658,-4.366388,-7.331268,1.5014763,10.855126
2053,56.32373113854595,-0.27438587,7.276241,-5.431888,-8.927983,0.9307459,13.456158
2054,56.351165980795614,-1.4584795,7.9672246,-5.53141,-9.230062,3.3192916,13.386557
2055,56.37860082304527,-1.2849001,4.938609,-6.565493,-10.834815,1.6925511,14.168489
2056,56.40603566529492,-1.9471958,3.1553319,-5.570913,-9.022396,1.519427,12.315408
2057,56.433470507544584,-1.8935646,4.5773973,-3.5520377,-6.1391163,0.46159825,9.202889
2058,56.46090534979424,-2.5943131,3.7365103,-4.3500667,-6.860543,0.6079351,10.432703
2059,56.48834019204389,-0.41223648,4.4860234,-4.2723184,-7.6915736,1.1929172,11.841345
2060,56.515775034293554,-1.641306,5.451439,-2.899133,-7.1636286,1.7439592,10.349511
2061,56.54320987654321,0.93618065,4.566052,-3.3052616,-6.823918,2.0459938,11.279913
2062,56.57064471879287,-0.73287576,5.769708,-4.2133136,-7.267611,2.379488,12.993198
2063,56.598079561042525,-0.29272252,5.1556864,-5.26612,-9.175792,1.7312452,13.136914
2064,56.62551440329218,0.15275848,4.6007924,-6.126865,-11.7739935,0.20775464,12.954763
2065,56.65294924554184,-2.0729213,6.4073935,-6.221956,-11.136844,0.14149219,13.869585
2066,56.680384087791495,-2.660907,7.0509095,-5.289996,-8.755235,-0.07810811,12.889233
2067,56.70781893004115,-3.2233722,6.56546,-5.8864365,-10.398549,0.15713465,12.738189
2068,56.73525377229081,-5.03531,8.020114,-6.4692597,-10.002786,1.1658927,12.84213
2069,56.762688614540465,-4.05948,6.468879,-6.4434757,-8.805077,1.8712844,11.505817
2070,56.79012345679013,-3.4353642,7.4812174,-4.7482357,-7.992186,0.5617185,11.398514
2071,56.81755829903978,-4.469748,8.227489,-6.3136187,-10.97554,0.9267349,14.83344
2072,56.844993141289436,-3.0946004,5.839031,-6.4978247,-11.608547,0.3621575,14.267535
2073,56.8724279835391,-1.0845113,9.179521,-4.232062,-5.5800757,-1.7634776,11.9548435
2074,56.89986282578875,-3.056816,10.108182,-5.039932,-6.312666,-1.6277912,14.194771
2075,56.927297668038406,-3.417107,7.1312323,-5.4090643,-5.6370974,-0.22527578,11.325832
2076,56.95473251028807,-2.631828,6.3610163,-6.188033,-7.3425555,-1.0047114,12.245209
2077,56.98216735253772,-1.6565808,6.5527515,-5.1600194,-4.2511516,-0.568317,12.236508
2078,57.00960219478738,-2.7515047,7.3822203,-6.0972815,-6.981835,-1.2472585,13.992221
2079,57.03703703703704,-2.11167,8.653879,-4.1751404,-4.200177,-0.77009076,12.1848
2080,57.06447187928669,-2.1905217,8.319119,-4.9227185,-5.307818,-1.0990969,12.090503
2081,57.091906721536354,-1.9963647,8.71858,-5.748212,-8.175973,-1.5476079,13.414839
2082,57.11934156378601,-2.574859,9.127626,-6.0084968,-8.43285,0.92246056,14.043918
2083,57.14677640603566,-0.68800926,9.72953,-3.894107,-5.2627034,1.769793,11.451111
2084,57.174211248285324,-0.61428094,10.386449,-4.1627784,-4.3645983,1.8796521,10.726281
2085,57.20164609053498,-2.563584,6.7444706,-6.8746157,-10.040679,0.403969,14.64102
2086,57.22908093278463,-2.6465175,4.5271683,-5.7431703,-10.116945,1.0100222,13.044927
2087,57.256515775034295,-3.9102612,5.0887294,-4.7636013,-7.64419,0.4519136,11.056044
2088,57.28395061728395,-0.65750295,5.902713,-2.9793015,-7.2442455,1.3692768,11.837321
2089,57.31138545953361,-1.6025335,7.2134113,-4.034386,-7.7721066,1.5190352,12.662972
2090,57.338820301783265,-1.105258,8.967045,-3.9800243,-8.751015,0.8527799,15.249815
2091,57.36625514403292,1.3197515,10.773008,-3.346391,-6.026903,-2.2240324,12.381327
2092,57.39368998628258,0.21660832,11.1803665,-5.010005,-5.756856,-2.9182134,13.561371
2093,57.421124828532236,-1.0008402,9.796756,-4.8144317,-5.543046,-3.047578,14.873596
2094,57.44855967078189,-1.6600069,9.242546,-4.5273075,-6.637373,-0.50044537,13.269027
2095,57.47599451303155,-3.5029473,9.77327,-7.2380877,-7.863944,-0.012018822,13.748876
2096,57.503429355281206,-2.6819637,9.029061,-5.2271204,-6.945552,-0.070682265,13.137255
2097,57.53086419753087,-1.9221321,10.378825,-4.5625186,-5.984328,-0.6520181,12.762418
2098,57.55829903978052,-2.1759174,8.533894,-4.568683,-3.7124417,-1.4224713,11.384299
2099,57.585733882030176,-2.998485,11.53399,-5.0882673,-5.298964,-1.1215107,13.268467
2100,57.61316872427984,-1.4804245,6.609976,-4.996658,-9.716622,1.2689189,13.373302
2101,57.64060356652949,-0.547784,4.0281153,-7.4386425,-13.129936,1.0375984,14.066309
2102,57.66803840877915,-2.1995008,5.7502823,-6.644205,-11.7743635,1.9080071,13.967426
2103,57.69547325102881,-1.737796,5.340558,-7.3535304,-12.058679,1.7975684,14.322497
2104,57.72290809327846,-1.6247479,3.4134734,-6.9059844,-11.2852125,2.0667021,12.496737
2105,57.750342935528124,-0.27430493,4.5654564,-3.342504,-8.178702,0.7027888,10.389755
2106,57.77777777777778,-2.3028965,3.0565095,-5.0420046,-8.323415,0.6130445,10.032767
2107,57.80521262002743,-0.44284463,3.2722285,-5.108311,-9.211666,0.92650443,11.566552
2108,57.832647462277095,-0.7968808,4.839952,-3.1052341,-8.950925,1.7010113,9.612575
2109,57.86008230452675,0.043979194,3.5598748,-4.5526237,-7.3158755,1.9014983,9.513806
2110,57.8875171467764,-2.5836897,3.8169198,-6.3999486,-8.709873,1.6870432,10.86896
2111,57.914951989026065,-2.9303637,3.654123,-7.122022,-10.24079,1.5482949,11.435752
2112,57.94238683127572,-5.3322606,1.0327247,-8.293959,-13.12268,2.290076,11.838658
2113,57.969821673525374,-3.8760605,6.6380706,-3.6862812,-8.064152,3.9358976,9.936024
2114,57.997256515775035,-3.6919687,5.1612034,-2.9826276,-7.180085,0.9214625,9.107185
2115,58.02469135802469,-2.125318,3.4978611,-5.444901,-9.18839,1.614706,11.094459
2116,58.05212620027435,-3.1662562,3.3305504,-7.3145967,-10.748313,1.4895649,12.080201
2117,58.079561042524006,-1.7930821,2.191795,-7.072586,-10.711507,1.6890622,11.969447
2118,58.10699588477366,-1.6915506,4.451384,-4.6502786,-7.194365,1.297111,10.080817
2119,58.13443072702332,-1.7992647,4.0252504,-3.912841,-7.5533447,0.97114366,9.938558
2120,58.161865569272976,0.296999,5.3449073,-2.7096524,-6.6927104,0.6337418,9.842146
2121,58.18930041152263,-0.99208957,4.147827,-3.7829962,-5.7113924,1.4351591,8.380526
2122,58.21673525377229,0.688333,5.035172,-1.8011711,-4.6581964,0.943034,8.361012
2123,58.244170096021946,-0.47747603,4.126101,-2.6562974,-6.1904283,1.9426912,9.621473
2124,58.27160493827161,-0.5353621,4.2199407,-3.3400927,-6.5158033,1.6094204,10.074655
2125,58.29903978052126,-2.5228186,7.6870103,-1.5956008,-8.422332,1.013886,11.680465
2126,58.32647462277092,-1.8467875,1.6508065,-2.6053448,-4.2488837,2.1593852,2.5131974
2127,58.35390946502058,-2.25578,5.203082,-4.8421693,-9.61092,3.8002865,13.34939
2128,58.38134430727023,-0.8360723,6.3472247,-4.0641785,-10.297708,1.967268,14.699083
2129,58.40877914951989,1.22112,5.8181033,-5.2853293,-11.947589,1.2012098,15.266114
2130,58.43621399176955,0.18869914,7.3837633,-4.786443,-10.220168,2.1617866,15.068776
2131,58.4636488340192,-0.75943696,6.600376,-4.448297,-9.158612,1.2664009,14.740129
2132,58.491083676268865,1.6259973,8.586792,-2.4092605,-10.4909725,1.3234818,14.970406
2133,58.51851851851852,1.2057115,9.155213,-2.236017,-11.510097,3.4317179,17.53739
2134,58.54595336076817,0.64313406,8.379022,-2.019904,-10.922316,4.4440837,17.369785
2135,58.573388203017835,-0.77563983,6.1138926,-4.399216,-12.111627,4.358827,16.037813
2136,58.60082304526749,-2.0947375,5.9233065,-3.039152,-9.176693,2.8963416,12.942414
2137,58.628257887517144,-2.3494232,4.906034,-2.7099676,-8.886211,1.7083318,12.177181
2138,58.655692729766805,0.5287936,6.06843,-1.6298285,-8.074218,2.1582363,12.222185
2139,58.68312757201646,-0.94314873,5.4116683,-1.447713,-5.9022536,1.9011798,9.563061
2140,58.71056241426612,-0.78331405,5.190611,-1.9880056,-5.7690344,2.6558354,9.155109
2141,58.737997256515776,0.6968671,6.524856,-1.0056689,-6.96989,4.0539827,11.23551
2142,58.76543209876543,-0.6798283,6.3552985,-1.223565,-6.672812,0.823271,10.712056
2143,58.79286694101509,-2.0966299,5.8883114,-2.5294137,-8.650283,5.3277993,10.469737
2144,58.820301783264746,-3.278472,4.1005187,-2.4909391,-4.161958,0.17436479,6.559328
2145,58.8477366255144,-1.9446441,6.767708,-2.2641919,-8.898741,5.737015,13.013637
2146,58.87517146776406,1.5170339,8.483065,-1.1637292,-9.888767,4.2830873,15.424524
2147,58.90260631001372,1.7482827,6.771707,-3.1391768,-11.187548,3.2643785,14.679915
2148,58.93004115226338,-0.51245546,3.9841566,-5.027875,-11.955847,2.4869666,11.716901
2149,58.95747599451303,0.40042534,5.501745,-4.2153106,-11.767184,2.6091323,13.845356
2150,58.98491083676269,-0.16501462,7.1083746,-3.582932,-11.091184,1.5579139,14.309853
2151,59.01234567901235,1.7724259,8.529077,-2.8218372,-8.842297,0.5532747,12.335071
2152,59.039780521262,1.4104766,9.135147,-2.6886628,-7.838645,0.82412493,12.299583
2153,59.06721536351166,2.1007059,9.565713,-3.7412872,-8.398092,1.9896114,12.802501
2154,59.09465020576132,1.3281944,10.467761,-3.775141,-8.911934,3.2387068,14.10159
2155,59.12208504801097,1.742782,9.463139,-2.613783,-9.6318,2.8511982,12.513785
2156,59.14951989026063,-0.3376604,9.791866,-2.088852,-9.771163,3.266107,15.22816
2157,59.17695473251029,2.2821167,9.128364,-3.1713154,-10.256904,1.6451073,13.683334
2158,59.204389574759944,2.1430602,8.69059,-1.7201505,-8.517459,1.5417111,12.530964
2159,59.231824417009605,1.04813,9.251,-2.816096,-11.521528,3.5847535,16.65645
2160,59.25925925925926,-0.35076702,9.828209,-2.9472685,-10.704307,5.0767093,15.293097
2161,59.286694101508914,-1.4104937,5.8185735,-3.3557255,-10.586809,3.8774533,14.371124
2162,59.314128943758575,-2.2534654,5.448105,-2.5837758,-8.598659,1.8815993,11.762878
2163,59.34156378600823,0.41639817,5.9670806,-1.4760696,-8.208095,3.063673,11.68204
2164,59.368998628257884,-2.2998433,7.488304,-1.1751736,-6.8544655,3.567981,10.406494
2165,59.396433470507546,0.36814046,7.0861254,-0.68471754,-5.213793,2.5567284,9.993662
2166,59.4238683127572,0.7668247,6.7685647,-0.43253866,-4.596859,2.9533975,9.865357
2167,59.45130315500686,-0.6286698,6.297589,-1.2301965,-5.040331,1.5980946,9.372825
2168,59.478737997256516,-0.6683409,9.070925,0.44202346,-4.687582,2.9845102,10.646833
2169,59.50617283950617,-2.3590965,8.845243,0.24793479,-3.8345325,1.361153,9.337787
2170,59.53360768175583,-1.1799804,6.8339696,-1.9422188,-7.6109195,5.153368,12.425202
2171,59.56104252400549,2.1997926,10.0085125,-0.3835176,-8.1409,3.946241,15.164215
2172,59.58847736625514,1.6565609,8.472911,-2.8653796,-9.228948,2.4322534,14.193113
2173,59.6159122085048,0.7982694,7.926925,-2.7239466,-11.546889,3.0712726,14.831072
2174,59.64334705075446,-1.4354658,6.154705,-3.3632853,-8.954474,3.421318,12.758059
2175,59.67078189300412,-1.4179193,5.5214906,-2.925231,-7.692984,1.6468266,11.39378
2176,59.69821673525377,-0.30395865,6.256278,-2.5473588,-7.2190857,2.932732,11.254974
2177,59.72565157750343,-1.0468129,5.348794,-2.1203768,-5.272186,1.9821516,8.873665
2178,59.75308641975309,0.285959,5.6424747,-1.9135647,-7.1027517,2.3863795,10.788792
2179,59.78052126200274,0.14477016,6.1725035,-1.7607168,-6.4762015,2.9874432,10.01434
2180,59.8079561042524,-2.2821188,4.992444,-2.2780902,-6.6898317,0.7178085,8.529742
2181,59.83539094650206,-0.8482812,7.6615024,-0.42451048,-6.3238907,4.3767133,6.792523
2182,59.862825788751714,-1.0939614,7.6246324,-1.9455645,-6.368598,2.627134,9.036136
2183,59.890260631001375,0.70918334,8.512074,-1.6649346,-8.762276,3.5884848,13.954158
2184,59.91769547325103,1.3365519,8.593625,-2.5118783,-9.47844,2.9638114,13.319079
2185,59.945130315500684,1.9551512,7.792491,-3.7080762,-10.941029,2.7967732,13.331148
2186,59.972565157750346,0.7695217,8.536292,-3.2297037,-8.756586,2.7057893,13.387703
2187,60.0,1.1878529,8.455688,-4.175675,-9.770935,2.8407266,14.599647
2188,60.027434842249654,1.7927386,9.760648,-2.4827237,-9.204659,3.734642,16.276375
2189,60.054869684499316,-0.862075,6.257792,-3.3832185,-9.969753,3.6923213,14.179008
2190,60.08230452674897,-1.981121,5.5134816,-2.7206018,-7.9446087,1.8512132,11.560322
2191,60.109739368998625,-0.894134,5.89005,-2.5954082,-8.357118,2.8646836,11.571978
2192,60.137174211248286,-1.2095444,6.2554274,-2.093832,-5.6207333,2.2185133,9.779274
2193,60.16460905349794,0.6715729,4.7895684,-2.191072,-7.7193527,3.0035439,10.946659
2194,60.1920438957476,0.9804615,6.628957,-1.0326942,-7.415286,3.8301032,11.523014
2195,60.21947873799726,-1.2563839,6.129912,-1.9386373,-7.28514,1.5651282,11.078499
2196,60.24691358024691,-1.4581243,5.8589053,-2.939877,-7.517004,3.4014146,8.182874
2197,60.27434842249657,-3.8652985,4.718752,-3.9567747,-4.7844334,0.11913444,6.80361
2198,60.30178326474623,-1.2884474,7.027315,-2.0902998,-9.077846,5.4483447,13.078533
2199,60.32921810699588,2.7005193,9.170577,-1.272283,-9.601957,4.387885,15.457619
2200,60.35665294924554,2.280426,7.2966056,-2.7610781,-11.131201,4.67176,14.166079
2201,60.3840877914952,-0.8731136,2.1948338,-4.2238474,-9.263056,3.2446785,6.87117
2202,60.41152263374486,-0.001515155,7.335094,-2.6472259,-10.467164,2.8169587,12.002719
2203,60.43895747599451,0.13519424,6.5430775,-4.350348,-10.721177,2.3225074,13.757635
2204,60.46639231824417,1.4905565,6.8334365,-3.3731318,-8.743592,0.7168437,11.218481
2205,60.49382716049383,-1.5463953,7.8327274,-3.413718,-8.921254,0.6446404,14.3259
2206,60.521262002743484,1.0344226,10.455935,-1.964384,-7.3508472,0.80973977,14.435665
2207,60.54869684499314,0.14354418,10.536725,-1.7367717,-6.6510887,0.91030586,15.635487
2208,60.5761316872428,-0.62432706,11.693414,-2.2047296,-6.133776,0.63268256,16.701988
2209,60.603566529492454,1.7099864,13.234781,-1.4735802,-7.1914124,0.33361694,19.457628
2210,60.631001371742116,1.5400153,11.368038,-0.55000293,-6.485882,-1.4201571,15.9076805
2211,60.65843621399177,1.0316287,12.526539,-0.033993714,-5.2970047,-2.0398657,16.649605
2212,60.685871056241425,0.09370804,13.002704,0.10356664,-4.9218025,-3.1748295,18.73465
2213,60.713305898491086,0.22880493,10.793275,0.6253376,-4.23795,-1.6589612,16.6568
2214,60.74074074074074,-1.3238217,11.24916,-1.817046,-5.47596,-1.0943073,19.409706
2215,60.768175582990395,-2.6039,8.953717,-3.3889694,-6.8397636,0.3538061,16.367723
2216,60.795610425240056,-2.8561919,9.138386,-5.2510066,-8.391705,0.46598148,16.781025
2217,60.82304526748971,-1.060082,7.7632537,-4.3890324,-9.027896,-1.2388321,15.706835
2218,60.85048010973937,-0.63684165,7.0016108,-4.546377,-7.414364,0.36996618,12.525544
2219,60.87791495198903,0.5822377,6.7960944,-5.0136085,-7.509317,0.63639385,12.50055
2220,60.90534979423868,-1.2765449,7.4683948,-5.155443,-7.7332964,1.0108093,13.41737
2221,60.93278463648834,-1.8212339,8.769326,-4.198475,-6.5748606,0.24141741,13.299758
2222,60.960219478738,-0.039466523,10.574986,-2.9527388,-4.732544,0.9230165,11.533742
2223,60.98765432098765,-2.7452667,10.52809,-5.080376,-6.9567246,-0.17844154,14.81183
2224,61.01508916323731,-2.8926485,11.146102,-3.4920876,-5.437318,1.4395907,14.359891
2225,61.04252400548697,-0.1924771,10.053909,-1.8516876,-1.6951163,1.6640356,9.679442
2226,61.06995884773662,-1.2150087,9.798254,-0.06183875,-2.0227938,1.3680817,9.93216
2227,61.09739368998628,0.17919482,9.191238,-1.7093627,-3.417902,1.712812,11.1149235
2228,61.12482853223594,-0.5185051,7.257574,-4.8971243,-6.8635607,0.28688434,12.078481
2229,61.1522633744856,1.6019669,7.0091095,-2.2033162,-4.5566525,-0.20942615,9.177511
2230,61.179698216735254,-0.29156405,8.876962,-3.4692805,-5.608677,1.0184358,12.210682
2231,61.20713305898491,-0.8502669,8.621634,-3.0107968,-4.2494416,1.3735904,11.1483965
2232,61.23456790123457,0.3277877,8.777432,-2.4925385,-4.595751,1.0113665,12.870014
2233,61.262002743484224,0.20316322,9.128405,-2.9481566,-3.5048356,2.2642908,11.583845
2234,61.28943758573388,0.26658636,10.142928,-3.3259547,-5.3764334,1.3011456,13.499767
2235,61.31687242798354,-1.2818577,10.663143,-4.5631433,-6.388771,0.92655504,15.941237
2236,61.344307270233195,-1.9186578,9.400458,-4.51764,-6.277911,-0.5263982,10.358042
2237,61.371742112482856,-3.473048,7.203993,-2.8663063,-3.0436242,-0.24154703,7.0888047
2238,61.39917695473251,-3.3841636,9.849369,-4.3695927,-5.249184,0.33399624,11.273358
2239,61.426611796982165,-2.4856224,11.418767,-4.322278,-5.112126,-0.4677556,15.386066
2240,61.45404663923183,-4.2509875,11.37946,-4.287462,-6.544774,0.6298744,16.185081
2241,61.48148148148148,-2.02454,9.052266,-2.2653918,-4.7027183,0.4817847,13.30702
2242,61.508916323731135,-3.4309072,8.322044,-2.992916,-4.3860226,0.7601146,10.700172
2243,61.5363511659808,-3.5798385,9.123102,-4.1296463,-5.9205184,-0.99597716,11.386228
2244,61.56378600823045,-1.3890986,8.875726,-6.0252204,-8.997093,0.022309342,14.0788765
2245,61.59122085048011,0.27948985,10.658176,-3.7346528,-4.6125703,-0.26061073,14.33161
2246,61.61865569272977,-0.7272846,9.757617,-6.4836006,-8.843256,1.1191722,17.461317
2247,61.64609053497942,-2.9647222,7.1347275,-4.9684725,-6.7458806,0.55549526,12.142543
2248,61.67352537722908,-0.7105264,7.385544,-3.0475821,-5.7800164,-0.865762,10.39384
2249,61.70096021947874,-0.02091531,7.925467,-2.4034524,-4.1058583,-0.4928311,9.708062
2250,61.72839506172839,-0.8761072,9.529522,-3.5715234,-6.1429157,-0.48620236,11.89926
2251,61.755829903978054,-1.4499013,7.7948813,-4.5977235,-5.170842,0.6781557,12.724399
2252,61.78326474622771,-3.106656,6.2614293,-3.689995,-4.540873,0.51977456,9.244969
2253,61.81069958847737,-1.7292223,7.988924,-4.2388077,-5.936438,0.22120263,13.140907
2254,61.838134430727024,-2.0102453,9.138671,-4.593837,-7.0721903,0.1563669,14.223239
2255,61.86556927297668,-0.5187285,7.740463,-6.0269837,-9.283297,-0.8279025,14.907074
2256,61.89300411522634,1.2667714,8.531107,-2.9648614,-8.100503,-0.17224817,12.895043
2257,61.920438957475994,1.7011477,9.674321,-2.3763022,-9.680979,1.5131496,16.25167
2258,61.94787379972565,0.9886035,9.929966,-3.0839944,-10.464856,3.5938878,17.055012
2259,61.97530864197531,-1.5281315,7.0579505,-5.866387,-10.699725,1.7736422,16.90665
2260,62.002743484224965,-1.7562609,6.3686905,-4.320992,-8.406453,1.1595738,13.716732
2261,62.030178326474626,-2.4651327,4.8037405,-4.5311604,-7.481756,0.24892978,10.9078865
2262,62.05761316872428,-1.5610017,5.8874135,-4.176869,-8.950665,-0.6007239,12.145766
2263,62.085048010973935,-2.002636,7.803849,-4.4948406,-9.206372,0.29564413,14.3146715
2264,62.1124828532236,-1.2016023,6.6421385,-4.3241487,-6.4251733,1.1759635,14.011527
2265,62.13991769547325,-2.460518,4.8412995,-4.8570457,-8.280728,0.4901159,12.323464
2266,62.167352537722905,-2.14575,6.714555,-4.709731,-8.32281,1.2556143,14.541118
2267,62.19478737997257,-2.1079245,7.5545197,-4.8900785,-9.1571245,1.7632915,15.32288
2268,62.22222222222222,-1.3625962,5.9458613,-6.6483135,-11.421199,0.8594084,14.207359
2269,62.249657064471876,-1.1308421,4.582345,-6.5037932,-11.209696,0.9794056,11.128235
2270,62.27709190672154,-1.9775263,5.5146003,-3.5873263,-9.290039,0.04404988,10.763318
2271,62.30452674897119,-0.8223621,5.991514,-5.7175093,-10.658682,0.6168356,14.177115
2272,62.33196159122085,0.43005043,7.200264,-3.8636112,-8.78751,2.3615637,12.6399
2273,62.35939643347051,1.3135134,6.43553,-4.9308953,-8.677787,1.562857,13.219291
2274,62.38683127572016,-0.026916979,6.153152,-4.796521,-10.540152,1.0628939,12.775122
2275,62.414266117969824,-1.1038365,7.5514226,-4.5109854,-8.116301,0.5659179,12.4976635
2276,62.44170096021948,-0.008098846,5.1238294,-3.8376899,-6.811993,1.3941314,10.978734
2277,62.46913580246913,0.5294766,7.8969994,-4.46346,-8.677786,1.6632893,12.708854
2278,62.496570644718794,-0.0012489967,6.984867,-5.200361,-8.215078,1.6563234,13.528447
2279,62.52400548696845,-1.3086705,6.106153,-5.3244805,-8.919886,0.5057899,11.764411
2280,62.55144032921811,0.7111367,9.509193,-3.4230726,-7.6418715,0.12996523,13.943937
2281,62.578875171467764,-0.25900003,9.559028,-2.347716,-5.5756207,0.7313988,10.871845
2282,62.60631001371742,-2.2770176,9.658938,-5.5941687,-9.474597,0.3706639,12.324495
2283,62.63374485596708,-2.1576762,9.950577,-5.541503,-8.85805,0.5501158,13.777788
2284,62.661179698216735,-0.896707,10.393176,-3.4900935,-8.367329,0.6702852,15.898448
2285,62.68861454046639,-2.4401002,6.152366,-4.305894,-8.475932,0.39596608,13.491588
2286,62.71604938271605,-0.7175386,6.6862893,-0.94043416,-4.2361565,0.29113808,9.310957
2287,62.743484224965705,-0.25147435,8.125788,0.25442404,-6.1948037,0.9395562,14.491508
2288,62.77091906721537,-1.6674124,7.2917027,-2.228531,-5.9959655,0.6191579,10.452665
2289,62.79835390946502,-1.0678293,9.20489,-1.2160232,-6.4730263,1.1589797,14.427836
2290,62.825788751714676,-1.919809,8.852074,-3.1109307,-6.231895,1.1675192,14.231603
2291,62.85322359396434,-0.8530524,9.765941,-3.9167078,-9.36182,1.8279479,17.635612
2292,62.88065843621399,1.3308312,9.708637,-3.3804584,-8.396345,0.853533,16.92953
2293,62.908093278463646,-0.3374888,10.374987,-5.4677978,-8.163482,2.5674322,14.892332
2294,62.93552812071331,0.7087153,9.804514,-2.9867208,-7.9278097,1.8111292,15.696853
2295,62.96296296296296,-1.6462121,6.4219074,-5.120133,-8.964838,1.016853,12.540891
2296,62.99039780521262,-1.4646813,4.929849,-4.352753,-7.5089526,1.1450546,10.799886
2297,63.01783264746228,-0.672158,6.5859513,-1.2843955,-5.2867403,1.724168,10.554354
2298,63.04526748971193,-2.7072098,4.168301,-3.857025,-6.2763557,0.65697193,8.975171
2299,63.072702331961594,-0.9472254,4.366219,-4.8317485,-7.5806813,0.74783343,10.258101
2300,63.10013717421125,0.13984102,8.712561,-1.1260934,-6.239585,1.8627859,15.633681
2301,63.1275720164609,0.92934394,9.729663,-0.64516735,-7.2606897,0.002711101,17.856377
2302,63.155006858710564,1.9347433,13.367714,-0.88583654,-6.7830954,-1.5078032,16.397055
2303,63.18244170096022,0.87163854,9.371552,-2.1608346,-6.986382,-0.33804435,15.04522
2304,63.20987654320987,-0.4923997,7.250247,-2.0867777,-7.848216,2.229433,14.358717
2305,63.237311385459535,-1.8940665,8.492993,-1.1707115,-6.5314407,0.13064025,15.5222
2306,63.26474622770919,-2.131588,6.7200103,-1.636162,-6.105962,1.9028908,12.99142
2307,63.29218106995885,0.11556918,8.73118,-1.2913572,-5.6330914,1.1883878,13.799266
2308,63.319615912208505,0.04367706,10.214828,-1.2866111,-6.57168,-0.59095913,15.471448
2309,63.34705075445816,-0.09386638,9.330089,-2.3593147,-8.208746,-0.5655725,15.224775
2310,63.37448559670782,0.3578332,10.997534,-1.5865889,-7.0050254,2.2725816,18.902231
2311,63.401920438957475,-0.32231763,11.413475,-2.0172913,-7.483305,2.7537737,18.41791
2312,63.42935528120713,-1.4693826,6.880795,-1.3712755,-5.8568482,2.0820088,13.372911
2313,63.45679012345679,-1.7523158,7.123966,-1.7256278,-5.1595883,0.542662,12.56694
2314,63.484224965706446,-1.327015,6.9432454,-1.3078713,-5.8860574,1.887187,12.778082
2315,63.51165980795611,-1.0341722,7.0814853,-1.7409334,-6.6893253,1.9751601,12.249718
2316,63.53909465020576,-1.0601008,8.968179,-2.6719782,-7.6516066,0.82508767,16.005938
2317,63.566529492455416,-0.08551533,9.3232355,-2.6186004,-6.175529,1.4900417,13.55342
2318,63.59396433470508,-0.6368177,7.417619,-2.5879214,-5.3037558,0.604913,10.348532
2319,63.62139917695473,-0.92625165,5.9437876,-2.240033,-5.1132083,0.49197534,8.792937
2320,63.648834019204386,-2.9306333,4.891347,-3.1251078,-6.2085066,0.277752,9.472657
2321,63.67626886145405,0.0641952,5.2112327,-2.9531956,-5.6083817,0.7337731,9.343339
2322,63.7037037037037,-1.4553106,5.805612,-4.3782196,-5.5671544,0.030672912,9.389372
2323,63.731138545953364,-2.5589564,6.1856394,-4.5657396,-7.3340054,1.3937206,9.431754
2324,63.75857338820302,-2.9655964,6.7785053,-4.0370793,-6.7615743,0.24078164,10.933351
2325,63.78600823045267,-1.7235854,8.095853,-3.9415016,-8.206818,0.18125944,14.642948
2326,63.813443072702334,-0.9994071,9.042107,-2.8800497,-7.7767496,0.04286253,17.201197
2327,63.84087791495199,-1.4314634,9.264596,-3.1556761,-7.9156737,-1.4384503,16.43083
2328,63.86831275720164,-1.4038739,7.9957414,-2.457949,-7.05912,-1.327951,15.530629
2329,63.895747599451305,-2.641822,7.567102,-4.4634466,-7.777656,0.29902807,15.685515
2330,63.92318244170096,-1.6144571,3.7064633,-4.046658,-6.097947,0.6212867,10.222335
2331,63.95061728395062,-2.2386694,5.692485,-2.3207684,-5.410386,0.44168696,10.519003
2332,63.978052126200275,-1.4746082,4.6186266,-1.3337467,-4.1907034,0.93344426,9.275574
2333,64.00548696844993,-2.280361,5.573485,-1.0158907,-4.2558274,0.65731263,11.140534
2334,64.03292181069959,-1.6771599,6.5604644,-1.3430413,-4.388376,1.0939558,11.720785
2335,64.06035665294925,-2.491512,7.655284,-1.7978685,-5.319693,0.94167435,13.807009
2336,64.0877914951989,-3.4877057,9.034163,-3.0564077,-7.089587,2.105412,15.680383
2337,64.11522633744856,-3.8988864,6.933959,-4.9931965,-8.183305,2.7494118,13.708844
2338,64.14266117969822,-2.911872,8.751223,-2.80653,-6.9762154,1.5176198,16.568985
2339,64.17009602194787,-1.7938919,9.321844,-0.8190818,-6.3157806,0.5107283,18.861752
2340,64.19753086419753,-0.25322706,8.827104,-1.1057177,-7.8074183,-0.5258776,18.303946
2341,64.2249657064472,-1.079395,10.7436075,-2.0459034,-6.580781,-0.20903136,18.96959
2342,64.25240054869684,-1.6749126,12.467984,-1.4236524,-6.8642826,-0.31434128,18.84624
2343,64.2798353909465,-1.5530621,11.762248,-1.647683,-4.7732453,-1.1734749,17.55841
2344,64.30727023319616,-2.7613301,10.612949,-2.488524,-6.831688,-0.7545855,18.01651
2345,64.33470507544581,-2.5442643,10.374251,-3.558838,-5.7686462,-0.17729542,12.701678
2346,64.36213991769547,-2.8342028,11.19425,-1.7812918,-5.4511285,0.233042,11.124613
2347,64.38957475994513,-3.594109,10.62497,-2.652135,-7.3334785,0.36586672,14.452821
2348,64.41700960219478,-0.0042152074,7.9193254,-2.2595747,-8.534655,0.48162916,14.192628
2349,64.44444444444444,-0.5524616,6.287642,-4.1189213,-11.114299,1.543103,12.80105
2350,64.4718792866941,-0.76558053,8.09917,-1.676082,-8.656853,1.048233,12.967744
2351,64.49931412894375,-0.9160861,5.9377947,-4.0999575,-9.630659,0.9444148,13.271055
2352,64.52674897119341,0.9332317,11.063628,-1.6310246,-10.571426,2.5024645,15.846131
2353,64.55418381344307,-0.59438443,10.146565,-2.2576485,-9.331861,0.7448697,15.931076
2354,64.58161865569274,0.13598946,9.358119,-2.194312,-9.271314,1.5387045,16.663044
2355,64.60905349794238,-0.77640206,11.357002,-1.6671977,-10.868128,2.960197,19.077631
2356,64.63648834019205,0.38454884,10.88416,-1.4596226,-10.870499,1.7537932,17.559029
2357,64.6639231824417,-1.5624175,10.103388,-3.0663269,-10.561152,0.04697768,17.416197
2358,64.69135802469135,0.07497252,8.637748,-1.2715992,-9.518523,0.6789774,15.915624
2359,64.71879286694102,1.2913479,8.469373,-0.17695642,-8.350395,3.2709997,11.488344
2360,64.74622770919068,0.43841657,9.815555,0.68521935,-6.2855706,1.8114978,12.09865
2361,64.77366255144032,-0.94287527,6.849569,-1.2451674,-8.334969,2.5155551,14.693409
2362,64.80109739368999,-0.07715014,8.506635,-1.1218886,-8.292544,1.9230965,15.032891
2363,64.82853223593965,1.3908042,9.5185995,-0.116045356,-7.973976,2.5796013,13.381667
2364,64.8559670781893,1.611969,9.779863,-0.9305277,-10.0749235,3.4245038,12.456133
2365,64.88340192043896,2.5972898,12.312475,0.3843279,-6.5663123,2.3563356,14.495026
2366,64.91083676268862,3.9804459,12.430286,0.0846227,-7.755156,2.077994,14.982076
2367,64.93827160493827,4.700392,11.675126,0.0554121,-7.8157353,1.7641509,12.759986
2368,64.96570644718793,3.3099146,12.054621,0.68256783,-7.634209,2.0719624,14.494
2369,64.99314128943759,1.4361683,9.999442,0.86073077,-7.3706684,3.8462873,11.434197
2370,65.02057613168725,3.0625594,13.063898,3.0056045,-7.5846853,4.1649456,15.627311
2371,65.0480109739369,3.4525285,13.151047,1.1250606,-6.134774,2.2897692,13.245371
2372,65.07544581618656,2.7645226,11.547742,-0.35362807,-5.6312103,2.9157004,10.47212
2373,65.10288065843622,0.31844574,9.2480755,-1.6835022,-7.374907,2.1364477,12.280254
2374,65.13031550068587,1.5467145,9.839503,-2.6574624,-6.084428,2.8993034,12.173637
2375,65.15775034293553,1.5147717,11.569088,-2.0961196,-7.60285,3.068577,14.149943
2376,65.18518518518519,0.28728563,9.112431,-4.5142145,-9.916993,2.086215,13.512786
2377,65.21262002743484,0.6006913,7.84594,-4.3567553,-9.176278,1.8862195,11.357719
2378,65.2400548696845,1.3364668,9.23878,-3.112775,-7.9877696,2.5494406,12.281477
2379,65.26748971193416,-0.72700495,10.151593,-0.2527256,-8.118072,4.2223215,12.429394
2380,65.29492455418381,-3.687892,9.647291,-2.1842,-9.229109,3.4258933,15.218153
2381,65.32235939643347,0.8122334,8.184478,0.2919433,-5.762951,3.0030503,8.198658
2382,65.34979423868313,-1.0940992,8.103838,-3.217989,-8.147729,2.904168,14.321602
2383,65.37722908093278,1.2454275,7.0774975,-4.0763183,-6.612181,2.7254548,12.851185
2384,65.40466392318244,0.2707297,8.324459,-3.6822417,-8.441975,3.7550752,12.251375
2385,65.4320987654321,2.263506,8.013651,-0.79328746,-5.489291,2.7826247,9.210798
2386,65.45953360768175,1.8875657,9.679751,-0.58489543,-6.822241,3.7566142,12.863365
2387,65.48696844993141,3.843696,11.747099,0.72487587,-7.7753763,2.907328,13.633582
2388,65.51440329218107,1.8708599,9.078669,-0.30505598,-9.241721,3.0782552,10.337208
2389,65.54183813443073,1.4723984,8.741538,-0.22496028,-5.973918,1.8291154,11.030309
2390,65.56927297668038,0.10077912,7.2352443,-3.1048555,-10.381208,3.1724057,11.655496
2391,65.59670781893004,0.82676864,8.427483,-0.7221612,-9.33311,3.528556,9.210625
2392,65.6241426611797,1.4076773,10.490283,-0.15724356,-8.574008,3.0211549,11.232057
2393,65.65157750342935,1.8346668,12.686628,0.567881,-8.497513,2.8751464,11.931174
2394,65.67901234567901,1.7773216,11.449997,-1.8308362,-9.841678,3.409785,13.405604
2395,65.70644718792867,-1.292986,8.315264,-3.3468416,-8.530144,2.9995089,14.076846
2396,65.73388203017832,-0.7041029,9.300028,-2.5960786,-11.0618725,4.8866787,14.255671
2397,65.76131687242798,0.38835028,9.232137,-2.914158,-8.290025,3.240059,11.950054
2398,65.78875171467764,1.8895295,9.609542,-3.5086195,-8.804465,3.380104,11.948734
2399,65.81618655692729,-1.1195924,6.4033074,-5.244179,-9.65097,2.5849082,11.965343
2400,65.84362139917695,0.8400777,10.476364,-2.4795632,-8.181052,4.052389,11.28617
2401,65.87105624142661,0.63443017,12.265897,-1.1055369,-7.605744,4.6415887,11.718732
2402,65.89849108367626,1.2882026,14.197224,-0.94948643,-7.6428123,2.824058,13.523727
2403,65.92592592592592,-0.9617101,13.278709,-2.6524327,-9.47609,1.5944988,18.345617
2404,65.95336076817559,-1.1054702,12.803035,-1.701742,-8.064798,2.1586928,13.271632
2405,65.98079561042525,0.23335682,9.643631,-1.8394896,-8.574003,0.8997153,15.748949
2406,66.0082304526749,0.99213433,9.319812,-2.525077,-5.785924,1.7702112,16.35106
2407,66.03566529492456,2.0916772,11.943758,-0.6650216,-6.989432,3.3296628,14.873494
2408,66.06310013717422,1.9294813,8.599662,-2.3339894,-9.144545,4.3547525,9.550166
2409,66.09053497942386,-0.94861144,-1.0483724,-2.8668444,-5.0428805,2.1285918,1.1439713
2410,66.11796982167353,0.13194281,4.673492,-4.7013187,-9.983047,3.220281,11.532422
2411,66.14540466392319,2.509506,6.246023,-1.8867596,-9.582288,4.178872,9.136558
2412,66.17283950617283,-0.026566986,6.0066586,-4.331191,-10.695746,5.294751,10.535459
2413,66.2002743484225,0.18611729,5.1663966,-5.286457,-11.306124,4.1181545,11.321466
2414,66.22770919067216,0.18672675,0.8553906,-5.988265,-8.899803,2.1123085,6.249959
2415,66.2551440329218,-2.975763,7.2089515,-3.6840868,-10.523144,4.477004,11.893799
2416,66.28257887517147,-0.056164935,6.546108,-4.6597066,-10.600524,2.7384205,11.986058
2417,66.31001371742113,3.0809278,11.4411745,-2.2476556,-8.430776,3.8936923,9.351078
2418,66.33744855967078,-0.059894197,8.706594,-2.6332777,-7.068194,2.5092416,9.513428
2419,66.36488340192044,-0.22991231,10.121767,-3.6665747,-6.8012624,1.9942878,11.94568
2420,66.3923182441701,4.3340983,10.723168,-1.0813671,-5.135925,3.4373887,11.323164
2421,66.41975308641975,2.0817022,7.8829803,-3.9427962,-9.976076,2.733709,11.034206
2422,66.44718792866941,-1.7268806,7.907278,-2.4327765,-9.387262,3.502464,12.632032
2423,66.47462277091907,-0.4757801,6.6870255,-5.0597515,-10.073701,1.949445,12.730376
2424,66.50205761316873,-0.059768677,9.387863,-3.7131722,-10.6567545,5.2374473,13.132983
2425,66.52949245541838,0.104927965,9.652884,-3.0650752,-10.189562,4.395636,12.197985
2426,66.55692729766804,-2.3782463,7.5757318,-2.9412496,-11.471936,5.154086,15.67098
2427,66.5843621399177,3.1873631,11.634008,0.14047694,-6.739521,4.9894,11.155388
2428,66.61179698216735,0.09513917,8.28708,-2.5674984,-8.561162,3.1842299,11.247399
2429,66.63923182441701,0.7335394,10.465794,-2.3266635,-7.041413,3.1668813,8.655723
2430,66.66666666666667,0.5874135,9.905772,-3.8654628,-7.1042523,4.7604713,10.223345
2431,66.69410150891632,0.95967436,7.684043,-1.8089999,-8.380868,4.5791564,11.720984
2432,66.72153635116598,1.8810598,7.80728,-4.079826,-10.212473,3.182788,11.41258
2433,66.74897119341564,-0.75086063,7.7123866,-3.3539872,-8.331731,2.6185675,12.439668
2434,66.77640603566529,1.4249085,7.3928514,-4.246661,-8.661529,2.6282797,11.755592
2435,66.80384087791495,1.787091,8.589085,-3.8582587,-8.773676,3.508631,12.253361
2436,66.83127572016461,-1.0818628,6.508787,-5.2768383,-9.678443,2.651905,13.1942625
2437,66.85871056241426,-0.97599834,5.452115,-6.1221795,-10.268763,1.2927995,12.711894
2438,66.88614540466392,-1.8898911,6.2550144,-5.9473653,-10.923609,0.2894899,12.340821
2439,66.91358024691358,-1.1880866,7.256117,-4.629435,-8.231418,0.94176525,13.907709
2440,66.94101508916324,-2.4569862,6.8148165,-5.795318,-9.299478,0.48947018,13.233018
2441,66.96844993141289,-4.399198,7.4925966,-6.691,-10.144211,0.58104336,12.722249
2442,66.99588477366255,-3.8413293,6.4261928,-6.7312183,-8.210511,1.5270611,10.559235
2443,67.02331961591221,-3.9594586,8.667227,-5.839861,-9.20152,1.4265693,13.063143
2444,67.05075445816186,-2.6019664,6.8431187,-5.6947565,-9.398753,1.9911941,13.4882965
2445,67.07818930041152,-2.3976483,6.837003,-5.0755606,-8.410517,1.806054,14.705631
2446,67.10562414266118,-2.701774,7.4119806,-6.9470243,-10.238436,2.9232063,15.026493
2447,67.13305898491083,-1.9423997,9.284427,-4.5042458,-6.24421,1.0530312,11.585959
2448,67.1604938271605,-2.9161968,10.007228,-4.6740365,-6.3879323,0.9959658,13.563791
2449,67.18792866941016,-3.2300785,7.793217,-4.7139206,-6.9435687,2.8557901,12.530574
2450,67.2153635116598,-1.5306748,7.955429,-5.176213,-7.962338,2.268612,14.37248
2451,67.24279835390946,-2.795512,6.3944845,-7.3408723,-12.24242,4.03465,14.644947
2452,67.27023319615913,0.9210503,6.03555,-5.662994,-11.106605,3.784199,12.085798
2453,67.29766803840877,0.6576916,9.640874,-3.7820337,-9.876476,4.519763,12.695416
2454,67.32510288065843,-0.10824241,9.097407,-3.0170357,-8.224416,3.5385094,13.247914
2455,67.3525377229081,1.0828,11.553184,-1.6680331,-7.373233,2.0377166,14.038226
2456,67.37997256515774,0.11424731,13.298719,-1.6388286,-7.423308,1.5400165,16.759552
2457,67.4074074074074,-1.8580897,12.165235,-3.126054,-8.377154,1.7863659,17.512197
2458,67.43484224965707,-1.5459069,12.843331,-1.5529755,-7.3621335,1.4859562,16.246384
2459,67.46227709190673,-0.48181042,9.2968,-2.1698732,-8.618326,0.58443123,16.02901
2460,67.48971193415638,-3.2031581,7.028563,-2.5251665,-7.008811,0.07065195,9.586349
2461,67.51714677640604,-2.2346663,7.197549,-1.1113092,-5.0242076,2.3642063,8.303357
2462,67.5445816186557,-2.4609804,6.3844676,-2.7774234,-7.919966,1.7367222,14.413343
2463,67.57201646090535,-1.0002258,10.116504,-1.6319275,-8.04064,1.0277092,15.661343
2464,67.599451303155,0.40159371,10.967083,-1.6492456,-8.005544,2.2757509,14.127422
2465,67.62688614540467,1.3080889,8.223073,-3.3561409,-9.104261,5.209482,10.690734
2466,67.65432098765432,1.2794853,9.452149,-0.019698417,-6.4251857,4.557921,8.716045
2467,67.68175582990398,0.2217901,9.665719,-2.3536315,-7.719657,5.2878985,11.259016
2468,67.70919067215364,2.270949,14.458452,0.29086214,-5.0850477,5.8930635,11.807514
2469,67.73662551440329,0.34347937,14.364123,-0.707551,-7.056222,6.115778,12.308281
2470,67.76406035665295,1.2977298,9.103319,-1.4021537,-8.442925,4.5605607,10.705223
2471,67.79149519890261,-0.7901067,13.406985,-1.2414542,-7.200692,5.70852,11.415302
2472,67.81893004115226,-0.55051523,11.060626,-1.990864,-8.551701,6.3159847,13.611327
2473,67.84636488340192,0.6738013,4.3242693,-5.2058754,-10.368112,5.119557,10.264433
2474,67.87379972565158,-1.0579841,-0.7530293,-2.9907572,-5.3419294,2.2730489,2.3939056
2475,67.90123456790124,-0.30880055,3.5410368,-5.79464,-11.305822,3.591519,11.572969
2476,67.92866941015089,-0.18543832,8.525918,-2.8543983,-10.672371,2.9277883,15.408785
2477,67.95610425240055,-1.6184196,4.446435,-4.7126174,-12.919177,3.8940935,14.775341
2478,67.98353909465021,-3.2305627,5.8510923,-3.6578403,-10.109371,2.6340299,13.759733
2479,68.01097393689986,-2.4072132,4.1779723,-3.737131,-9.458786,1.2480569,12.224794
2480,68.03840877914952,-1.4202837,5.2032266,-2.492654,-8.514485,2.0168812,11.728599
2481,68.06584362139918,-1.8187493,5.4858756,-2.2513285,-6.524163,3.3228722,9.83468
2482,68.09327846364883,-2.1141,4.8664966,-1.9266256,-5.9630723,2.1158683,9.742276
2483,68.12071330589849,-0.08361211,5.6044173,-1.3696128,-8.428339,3.9863176,11.416566
2484,68.14814814814815,-4.4135146,6.9794455,-4.083156,-9.322592,2.1528673,12.047077
2485,68.1755829903978,-1.597901,7.089013,-2.0410824,-7.7722297,5.3395696,10.243598
2486,68.20301783264746,-5.206228,4.9524913,-4.0081997,-7.203624,1.5595655,8.250418
2487,68.23045267489712,-2.9334226,6.0954876,-3.0220551,-8.830115,5.759343,12.478154
2488,68.25788751714677,-0.30652145,5.4441633,-3.0100315,-10.22876,3.6899047,14.087558
2489,68.28532235939643,1.2835995,4.7673526,-4.2111855,-11.668507,4.111733,13.376967
2490,68.3127572016461,0.36854622,5.831313,-4.168216,-9.221088,1.9597479,12.636285
2491,68.34019204389575,0.7251615,5.5699196,-5.426808,-10.491626,2.329858,12.994365
2492,68.3676268861454,-1.0374686,4.640372,-6.465349,-11.88636,1.2033463,14.226214
2493,68.39506172839506,-0.8075394,2.9501398,-6.7453175,-10.579338,1.7056291,10.816307
2494,68.42249657064473,-2.4515567,5.814939,-4.9186215,-10.253705,0.97229743,12.449457
2495,68.44993141289437,-1.1718326,4.727762,-5.6839747,-10.348332,0.8224776,13.001228
2496,68.47736625514403,-1.5076804,6.975832,-5.681544,-11.157603,0.5802689,13.231995
2497,68.5048010973937,-1.5471897,4.5009756,-6.1769366,-11.347583,0.47972965,13.0180645
2498,68.53223593964334,-1.8643024,3.520824,-5.22372,-9.506971,0.84731925,12.102949
2499,68.559670781893,-2.645888,4.0930357,-2.9355814,-7.212792,0.39906234,9.219323
2500,68.58710562414267,-2.7011194,2.9854205,-4.416484,-7.8338604,-0.4665664,10.004448
2501,68.61454046639231,-1.7409246,3.6059475,-4.4127893,-9.161028,-0.4875288,11.334058
2502,68.64197530864197,-1.3275783,4.679921,-4.1404037,-8.285228,0.5774244,10.469332
2503,68.66941015089164,-4.166682,5.8061724,-4.6072044,-6.5813036,0.05498944,9.759971
2504,68.69684499314128,-2.3407376,5.1039124,-4.06847,-7.880038,0.861968,10.70911
2505,68.72427983539094,-1.5989804,5.528137,-4.368722,-8.8968725,0.43568665,10.667811
2506,68.7517146776406,0.2738195,5.7536874,-5.8288326,-6.704918,-0.45181984,10.898573
2507,68.77914951989025,-1.324008,4.2980456,-6.776963,-9.380396,0.5594193,12.5249815
2508,68.80658436213992,-0.25448784,4.246672,-3.9334183,-7.162994,0.21002339,11.1617565
2509,68.83401920438958,-1.224627,4.2922072,-3.1197743,-5.849895,1.1459348,8.969878
2510,68.86145404663924,-0.6497654,3.7905388,-3.2471862,-6.443033,1.4184151,9.5778885
2511,68.88888888888889,-0.170968,4.5322723,-3.306204,-6.0598226,1.4294703,9.925738
2512,68.91632373113855,-0.5940061,6.210734,-4.4565086,-7.2908225,0.96779186,11.004869
2513,68.94375857338821,-1.1370461,5.6932416,-4.5388446,-6.558978,1.7136467,9.629743
2514,68.97119341563786,-0.69334865,6.000989,-5.348394,-8.538799,1.4661826,13.588812
2515,68.99862825788752,-1.3826846,5.130367,-6.2808447,-10.0315275,1.9644405,14.304981
2516,69.02606310013718,-1.8028791,4.799925,-5.585235,-7.9193206,1.0513202,11.052857
2517,69.05349794238683,-2.0733798,4.700558,-2.747934,-5.219425,-0.10668711,7.8534746
2518,69.08093278463649,-2.5685973,3.7063093,-4.2720366,-6.641308,0.706826,10.054189
2519,69.10836762688615,-1.7743492,3.6633081,-4.853166,-8.459501,1.2676505,11.966638
2520,69.1358024691358,-3.307831,5.0925393,-3.1056035,-6.1174517,1.5777113,6.548169
2521,69.16323731138546,-0.32484108,3.8169332,-3.6727934,-6.7042713,1.9028337,10.674789
2522,69.19067215363512,-1.6506418,6.6126704,-4.10546,-6.9481244,2.6353896,12.2801695
2523,69.21810699588477,-0.97694093,5.0689626,-4.6867576,-8.120187,1.9319836,11.250219
2524,69.24554183813443,-1.8099365,4.0752063,-6.522746,-13.059576,0.5367862,13.912989
2525,69.27297668038409,-2.5707028,6.8701973,-5.57199,-10.928459,-0.0045756507,13.5046015
2526,69.30041152263375,-3.0542119,7.175819,-5.812216,-9.859483,-0.10473952,13.048028
2527,69.3278463648834,-3.3915656,6.7076383,-6.4234896,-10.819846,0.21206425,12.878794
2528,69.35528120713306,-5.503657,8.292652,-6.705185,-10.416602,0.90418637,12.934547
2529,69.38271604938272,-4.255931,6.7173543,-5.7962055,-6.561946,1.8419448,10.0829525
2530,69.41015089163237,-4.645349,8.482894,-6.5829606,-9.6194,1.1102287,13.275868
2531,69.43758573388203,-4.692521,8.11703,-6.7403283,-11.5720825,0.5853252,15.500362
2532,69.46502057613169,-3.3953032,6.846525,-6.4204035,-11.074543,-0.10738962,14.209868
2533,69.49245541838134,-2.4415858,4.0099688,-5.27748,-9.824761,0.9406058,12.069772
2534,69.519890260631,-3.9356472,5.2287827,-4.7188954,-8.008164,0.6524574,10.986747
2535,69.54732510288066,-1.372703,5.448521,-4.0554743,-8.796585,1.2674901,12.12731
2536,69.57475994513031,-2.9712543,7.4760585,-4.836143,-9.62117,1.2254641,13.509025
2537,69.60219478737997,-3.6043448,8.236676,-5.678948,-9.391243,2.4030988,15.424705
2538,69.62962962962963,-2.9240468,8.771804,-5.433454,-9.468919,0.81342834,13.848249
2539,69.65706447187928,-1.6182812,10.867078,-3.9139411,-5.0527844,-1.934427,14.746687
2540,69.68449931412894,-2.3935053,8.269468,-4.843899,-6.503579,-1.3895999,13.222749
2541,69.7119341563786,-1.7178966,7.3606515,-3.5896704,-6.02743,-1.1344956,10.683003
2542,69.73936899862825,-0.3968499,8.187203,-2.926254,-5.251479,-1.0911309,10.645558
2543,69.76680384087791,-1.8584467,9.102084,-3.3506346,-6.231816,-1.4315033,12.710792
2544,69.79423868312757,-2.532726,7.8302674,-4.168779,-5.515398,0.30580533,13.514648
2545,69.82167352537724,-3.9474006,5.952565,-4.104618,-6.388116,0.5181648,12.2234
2546,69.84910836762688,-2.925762,9.20533,-3.589695,-6.3854866,-0.91020477,13.443273
2547,69.87654320987654,-2.400631,9.647336,-3.8151143,-7.0171885,-1.0757515,12.623455
2548,69.9039780521262,-3.4866638,8.8194685,-4.6350274,-5.1916566,-0.6561209,11.536757
2549,69.93141289437585,-3.5106568,7.1789923,-4.9462347,-5.892095,-0.57180274,11.282976
2550,69.95884773662551,-3.4032247,6.081379,-6.8668847,-7.853203,-0.90127075,11.521348
2551,69.98628257887518,-3.41094,8.485367,-5.132915,-4.336994,-0.36158106,11.766807
2552,70.01371742112482,-3.2135663,7.886255,-5.751112,-6.6769347,0.11923058,11.820136
2553,70.04115226337449,-1.8764247,10.248606,-4.3964376,-6.97867,0.012368495,12.458684
2554,70.06858710562415,-0.51224995,8.395733,-5.2295656,-7.0695095,-0.631455,13.52055
2555,70.0960219478738,-1.94569,6.1469812,-6.27775,-7.9371686,-0.07012551,11.255793
2556,70.12345679012346,-2.443772,10.306262,-6.734563,-7.5523763,-1.1904312,16.73237
2557,70.15089163237312,-2.7778437,9.901622,-4.462442,-5.5072,-1.0351348,18.73149
2558,70.17832647462276,-1.1723505,8.470813,-4.414611,-6.3237906,-1.5328408,12.690042
2559,70.20576131687243,0.034580898,7.3336563,-4.836225,-6.058343,-1.7370509,10.744945
2560,70.23319615912209,-1.224118,9.058138,-3.7369902,-5.5769124,-1.877872,14.248699
2561,70.26063100137175,-1.5712696,10.448514,-4.6079183,-5.635406,-0.96699476,12.335281
2562,70.2880658436214,-0.04143737,11.8429365,-5.527188,-5.9383755,-2.737696,14.782779
2563,70.31550068587106,0.36385626,10.514478,-4.040185,-3.9199793,-3.3717875,14.029196
2564,70.34293552812072,-2.6354272,6.6645136,-5.5090637,-9.399946,1.1360354,12.807103
2565,70.37037037037037,-2.649574,3.3782012,-9.020107,-15.452787,1.742687,15.204365
2566,70.39780521262003,-3.3014336,5.663028,-5.591497,-11.321773,1.7085614,13.134121
2567,70.42524005486969,-2.6381073,5.4662285,-7.694887,-12.77975,2.2588916,14.457343
2568,70.45267489711934,-2.5381818,3.482788,-7.353002,-12.004303,1.9114616,12.542917
2569,70.480109739369,-2.10773,7.406604,-2.3380394,-8.219479,1.0376762,12.582788
2570,70.50754458161866,-2.5105984,2.9761527,-5.4544263,-8.487555,0.55407804,10.113081
2571,70.53497942386831,-1.3582398,2.9811776,-5.39565,-9.47019,1.0938578,11.551627
2572,70.56241426611797,-2.3215525,5.705646,-2.6291368,-8.250436,2.2104225,10.818157
2573,70.58984910836763,-0.69100195,2.8734992,-4.7242045,-6.870755,1.3443274,8.837484
2574,70.61728395061728,-3.1568086,4.073771,-6.6672287,-8.923497,1.487267,10.893299
2575,70.64471879286694,-3.8226967,5.880882,-4.8819194,-9.200148,2.3463943,10.943113
2576,70.6721536351166,-5.3973303,1.6292777,-8.324206,-13.411315,2.130685,11.803762
2577,70.69958847736625,-3.8466341,8.124134,-1.8866382,-6.888949,3.3694217,9.2525425
2578,70.72702331961591,-3.896995,6.1836643,-3.0452054,-6.711251,1.2825869,8.741194
2579,70.75445816186557,-2.9353845,3.3139498,-5.700586,-9.754526,1.7785853,12.270408
2580,70.78189300411523,-3.496526,4.087359,-7.509234,-11.444576,1.3375728,13.082777
2581,70.80932784636488,-2.3402047,3.1750426,-7.1203485,-11.596863,1.5392579,12.626367
2582,70.83676268861454,-3.0601568,6.893083,-3.6979654,-9.060114,3.5712278,11.363564
2583,70.8641975308642,-2.8396425,4.1387815,-4.4324822,-8.537361,0.8800004,10.637356
2584,70.89163237311385,-2.216963,4.7384405,-3.657193,-8.676409,1.9343945,10.690132
2585,70.91906721536351,-1.7152536,4.175241,-3.563464,-6.1273685,1.070289,8.689536
2586,70.94650205761317,-1.9219713,2.0773237,-2.775578,-4.838992,2.028982,4.1330156
2587,70.97393689986282,-0.826262,5.024587,-2.8627152,-7.7986426,2.2490768,11.34395
2588,71.00137174211248,-0.96034545,5.1810994,-3.2223947,-7.597591,1.6929432,11.672306
2589,71.02880658436214,0.067286044,8.928889,0.19342399,-5.8188295,4.042691,8.499709
2590,71.05624142661179,0.11874611,9.076242,1.0745096,-6.31126,3.833919,9.30256
2591,71.08367626886145,-2.3981133,6.4844117,-4.5802274,-9.681359,4.1371336,14.300061
2592,71.11111111111111,-1.0095087,7.447184,-4.031575,-10.294105,3.1893444,15.194818
2593,71.13854595336076,0.1383734,8.95279,-3.705891,-10.441304,3.5747118,16.723492
2594,71.16598079561042,0.85478914,9.594567,-2.9654658,-9.1814785,2.9356914,15.481947
2595,71.19341563786008,-0.3258454,6.8378825,-3.7168212,-10.300284,4.168032,13.172797
2596,71.22085048010975,-2.531875,7.581231,-1.7663761,-7.730283,3.0416734,11.5151205
2597,71.2482853223594,-3.2838538,7.516834,-2.1879952,-8.43537,1.0232561,13.517109
2598,71.27572016460906,-2.2348585,4.976249,-3.7173214,-9.394098,3.226063,11.428282
2599,71.30315500685872,-0.99231327,9.15134,-0.13649476,-6.4268174,4.7030253,9.8463125
2600,71.33058984910836,-1.6778369,4.1876388,-3.15247,-7.0236316,2.563896,9.33081
2601,71.35802469135803,-0.37041456,5.362552,-2.1988647,-8.001146,3.4298115,10.874918
2602,71.38545953360769,-3.1703413,6.8822546,-2.1672924,-6.4860845,0.6045267,10.8210535
2603,71.41289437585733,-3.1343193,5.4826245,-1.708777,-4.388324,1.9317844,7.4382157
2604,71.440329218107,-1.7143892,6.749947,-1.9826362,-5.9444804,2.7650487,8.835387
2605,71.46776406035666,-2.1649272,7.33095,-2.995267,-10.168378,5.8922467,13.584642
2606,71.4951989026063,-1.6843845,6.774456,-3.3909605,-10.748333,4.166284,13.831002
2607,71.52263374485597,-1.2477584,3.629723,-6.314775,-13.410883,3.8119535,13.237355
2608,71.55006858710563,-0.46960875,7.198543,-4.310881,-10.099359,2.8538132,13.117137
2609,71.57750342935527,-1.6974508,7.812441,-4.5341935,-10.080791,2.0149295,14.688862
2610,71.60493827160494,0.17703256,10.464348,-2.2617946,-8.514573,2.329059,12.116164
2611,71.6323731138546,-1.1543158,9.385776,-2.848099,-6.0807443,1.9277148,12.296129
2612,71.65980795610425,-1.457042,8.441559,-5.097962,-7.4877014,0.20496954,11.864035
2613,71.6872427983539,-1.0699708,8.031919,-4.5947948,-8.684944,-0.11888165,12.805379
2614,71.71467764060357,-1.3820736,6.5683365,-3.4616218,-7.376994,1.9338576,10.054098
2615,71.74211248285323,-1.8997798,8.368062,-4.1268234,-8.693551,0.4314366,12.133118
2616,71.76954732510288,-1.609613,6.5548344,-4.3152113,-6.8568087,0.6880362,10.540937
2617,71.79698216735254,-3.0257447,4.3939424,-3.024222,-4.747843,0.2523581,8.228163
2618,71.8244170096022,-2.2475967,5.7464705,-3.6925707,-6.7224817,0.95038486,11.304626
2619,71.85185185185185,-1.3929288,7.505003,-4.1480703,-6.950146,-0.52619416,12.181835
2620,71.87928669410151,-1.1582525,8.349301,-4.1027293,-5.857149,-1.3731208,12.052057
2621,71.90672153635117,0.38134965,10.106316,-2.6054075,-4.6541424,-1.1233139,9.681134
2622,71.93415637860082,-2.6845188,12.161592,-4.623085,-7.3569174,-1.1240062,15.049133
2623,71.96159122085048,-2.2283638,13.832964,-2.4820464,-5.5391927,-1.149049,14.392341
2624,71.98902606310014,-1.5046064,12.829276,-1.0992882,-4.2477274,-1.3650235,15.281187
2625,72.01646090534979,-1.8585957,9.968128,-2.4106407,-4.09505,-2.076719,13.672294
2626,72.04389574759945,-1.2078091,13.001334,-2.1878095,-4.289495,-2.3159416,17.460962
2627,72.07133058984911,-1.5833689,13.607104,-0.93857026,-5.260449,-2.0788312,18.14115
2628,72.09876543209876,-1.010318,14.032835,-0.54523015,-5.0792394,-0.5043001,19.908205
2629,72.12620027434842,-0.53999716,14.209078,-2.196456,-5.7739096,0.8722951,19.10169
2630,72.15363511659808,-1.8327502,11.769887,-3.6573143,-6.99409,0.39693475,15.944311
2631,72.18106995884774,-1.3104112,11.789145,-3.3923454,-6.633452,0.8943744,17.3242
2632,72.20850480109739,-1.3798474,11.382148,-2.4480977,-6.783584,0.35172316,17.098726
2633,72.23593964334705,-1.0253639,8.884431,-4.486133,-7.7889433,0.18188775,13.674247
2634,72.26337448559671,-0.83983064,4.823764,-6.2262197,-11.283831,2.913189,12.207778
2635,72.29080932784636,-0.23403858,7.3712754,-4.819289,-10.794271,3.6492364,12.859507
2636,72.31824417009602,-1.3463768,7.9637485,-4.843059,-10.040297,2.1189475,14.2801
2637,72.34567901234568,0.8067937,12.429988,-1.9877852,-10.811662,4.9188857,14.35874
2638,72.37311385459533,-0.5282281,10.831585,-3.6451106,-11.509117,1.8657318,17.570467
2639,72.400548696845,0.2994328,12.299297,-0.9004607,-7.5574837,0.054089103,17.551563
2640,72.42798353909465,-0.60220647,8.150358,-2.6682065,-9.764619,0.50252223,16.495848
2641,72.4554183813443,0.72125727,10.044771,0.4575863,-7.522209,3.5211508,12.488225
2642,72.48285322359396,0.25793213,9.474738,0.7167181,-5.6206965,2.8730783,11.567321
2643,72.51028806584362,-2.0516322,5.854616,-3.28425,-8.419918,2.0785449,13.505477
2644,72.53772290809327,-1.937958,8.0833,-1.6162442,-7.2189717,1.0956123,15.227365
2645,72.56515775034293,-0.16878054,10.5164795,-2.0860658,-8.898404,2.484652,15.959948
2646,72.5925925925926,1.2512298,9.700923,-1.788363,-8.767321,4.3688507,12.169525
2647,72.62002743484226,-0.83356583,2.190892,-4.8858376,-11.81166,5.1799855,10.04984
2648,72.6474622770919,-0.47999534,4.6465473,-4.6993885,-11.410251,4.539378,12.304804
2649,72.67489711934157,1.5744239,5.6251574,-3.6884077,-8.434982,1.3485855,10.644785
2650,72.70233196159123,-1.0189582,7.2622995,-3.5535712,-8.899478,0.4186767,14.458
2651,72.72976680384087,-0.27886334,6.2460623,-4.080756,-8.450644,2.032176,12.431376
2652,72.75720164609054,0.8300241,6.264991,-3.8960047,-7.7442336,1.3470666,12.307586
2653,72.7846364883402,1.726405,5.9019237,-3.1658657,-6.395069,1.1788094,11.487425
2654,72.81207133058984,-0.17451127,6.6647005,-4.151848,-6.8144255,0.24979453,13.386416
2655,72.8395061728395,1.5604405,7.908263,-1.8108547,-3.98545,0.9028739,12.396039
2656,72.86694101508917,0.630391,7.7571135,-3.1504393,-7.4895015,-0.20971946,14.016277
2657,72.89437585733882,0.9440321,7.564625,-3.2146275,-6.2716784,0.8374804,12.546834
2658,72.92181069958848,1.0511904,5.7828064,-4.281908,-7.609822,-0.12936363,12.096628
2659,72.94924554183814,2.2422798,8.986142,-2.2757294,-5.1681094,-0.113136016,14.307063
2660,72.97668038408779,1.8456012,9.633911,-3.9093466,-6.577824,-0.49909264,16.308943
2661,73.00411522633745,0.66361284,7.5661473,-5.1093354,-8.767847,0.36283076,16.753103
2662,73.03155006858711,-1.5566324,5.0927553,-2.8734736,-6.3479223,-0.24023932,10.344126
2663,73.05898491083676,-1.9372343,4.511789,-1.7975092,-4.102406,-0.7399507,8.498735
2664,73.08641975308642,-1.7802508,4.765885,-3.6522171,-6.5018234,0.1563225,10.699508
2665,73.11385459533608,1.770737,6.780342,-3.4883857,-5.6490755,-1.092331,12.290933
2666,73.14128943758574,-0.3880234,6.077921,-3.559717,-7.5342445,-0.24874908,13.008154
2667,73.16872427983539,-1.9859612,5.7722282,-1.8788371,-4.6357646,-1.532979,9.469964
2668,73.19615912208505,-1.1689277,6.408775,-2.8808818,-5.628809,0.023834124,11.876934
2669,73.22359396433471,1.3875635,7.9467864,-3.2526824,-6.577023,-1.1321388,13.429717
2670,73.25102880658436,1.7340832,6.944509,-4.8155346,-9.152372,-1.5557451,15.317947
2671,73.27846364883402,0.89093536,7.1178823,-3.9304569,-7.725318,0.25859022,10.537542
2672,73.30589849108368,0.066568844,6.636071,-3.2756321,-6.6423473,-0.6934089,10.7426815
2673,73.33333333333333,0.05870006,5.0581365,-2.8788369,-4.3878555,0.89454645,9.506987
2674,73.36076817558299,-1.3755274,5.2060676,-2.2491915,-3.94934,-0.77320033,9.112272
2675,73.38820301783265,-0.904706,4.757395,-2.337891,-3.5335283,0.8348677,8.094522
2676,73.4156378600823,-0.49954653,5.7222834,-3.050334,-5.1581936,1.0893902,8.97799
2677,73.44307270233196,0.14170143,6.7737536,-3.5795538,-5.973,0.37688854,11.368948
2678,73.47050754458162,-0.87878215,5.2972236,-5.680147,-7.9232125,0.75828856,13.412043
2679,73.49794238683127,-1.3715452,4.616855,-2.6193585,-5.188177,-0.291098,10.169988
2680,73.52537722908093,-1.4947462,3.7453387,-3.4110422,-5.6977744,0.039264843,8.854223
2681,73.55281207133059,-2.8562481,4.225839,-3.8657403,-6.07681,0.6489573,10.7157
2682,73.58024691358025,-2.4723318,4.17118,-4.798428,-8.103455,0.74330306,12.63883
2683,73.6076817558299,-1.555433,4.502598,-3.2981184,-6.6281114,-0.35577077,9.549313
2684,73.63511659807956,-1.8223197,5.6223526,-3.1672776,-7.9338126,1.1821178,11.924855
2685,73.66255144032922,-2.2323754,5.51535,-3.3638139,-6.264543,1.0331118,12.4333515
2686,73.68998628257887,-1.0123346,5.810314,-5.292199,-8.880983,1.2474967,13.0887575
2687,73.71742112482853,0.115684316,6.038335,-5.252323,-8.896354,0.61537284,12.8878765
2688,73.7448559670782,1.7645421,8.199588,-3.0445683,-9.291316,0.53354937,14.456905
2689,73.77229080932784,1.6828158,9.047869,-3.2260945,-10.697726,2.1666074,17.289251
2690,73.7997256515775,0.5740007,7.2910604,-4.973742,-10.41016,2.3309898,16.809385
2691,73.82716049382717,-0.6312763,5.503784,-4.3473225,-8.6523695,0.6953181,13.366147
2692,73.85459533607681,-1.5121317,4.175958,-3.4853592,-6.956473,0.2931972,10.295244
2693,73.88203017832647,-1.9383037,4.391399,-4.195097,-7.1343045,0.097269535,11.282263
2694,73.90946502057614,-0.41990557,4.5620356,-4.1114492,-8.946466,-0.6999921,12.470796
2695,73.93689986282578,-1.3272544,5.3309817,-4.398819,-8.4168825,0.51291025,12.140837
2696,73.96433470507544,-1.9967645,5.485713,-2.5762768,-7.094396,2.6787066,8.823885
2697,73.9917695473251,-0.33072156,7.429997,-3.7731695,-8.761435,0.7361039,14.448724
2698,74.01920438957475,1.2357874,7.112181,-3.452516,-9.304529,0.3521968,14.240168
2699,74.04663923182441,1.3147639,10.484033,-2.1172376,-6.1697965,1.9629765,13.68047
2700,74.07407407407408,1.4090996,11.333809,-1.4107605,-7.916555,1.0226843,14.992909
2701,74.10150891632374,1.0060902,9.854883,-3.1551507,-7.3052955,0.2370805,13.478553
2702,74.12894375857339,0.7408081,10.352735,-3.9743245,-6.257182,-0.50648713,14.406913
2703,74.15637860082305,0.5981741,11.228624,-3.1369784,-6.8562703,-1.2288437,15.1346245
2704,74.18381344307271,-0.2500568,11.506519,-3.2176988,-7.735755,-0.16737638,16.271112
2705,74.21124828532236,1.5433364,5.6425223,-5.838113,-11.543058,0.04807745,15.102799
2706,74.23868312757202,-0.27061957,4.528068,-6.3625674,-10.726363,0.49879494,13.483012
2707,74.26611796982168,-0.92512554,3.996948,-4.319721,-7.547526,-0.09965592,10.267776
2708,74.29355281207133,-1.9159627,3.7217536,-4.8799033,-8.193125,-0.06601828,10.926946
2709,74.32098765432099,-2.003742,2.596156,-5.563519,-9.720833,0.31971186,11.321119
2710,74.34842249657065,-0.46126598,6.1925817,-3.2442367,-8.771466,1.3913952,11.970826
2711,74.3758573388203,-2.8350067,5.8263297,-2.8723598,-6.697213,0.7373249,10.83071
2712,74.40329218106996,-3.2686298,4.597242,-6.214427,-9.402605,1.1521145,11.850758
2713,74.43072702331962,-3.1488926,4.702063,-7.2116065,-11.31158,0.76373297,12.929313
2714,74.45816186556927,-5.0719576,2.6433253,-8.043675,-13.761225,1.6106687,13.404673
2715,74.48559670781893,-3.7454073,4.4595156,-5.2753844,-9.039969,0.3065005,11.447274
2716,74.51303155006859,-3.550014,3.7059822,-5.4861283,-8.926381,1.0969062,11.0009985
2717,74.54046639231825,-2.1655562,3.9289417,-6.03991,-9.876881,1.1672016,11.756212
2718,74.5679012345679,-2.9301226,3.8259656,-7.8100786,-11.326783,0.7119004,12.618189
2719,74.59533607681756,-2.035821,2.4611692,-7.5559306,-10.915637,0.98455626,12.262834
2720,74.62277091906722,-2.6155436,4.7585645,-4.273209,-8.844784,0.6500167,10.917306
2721,74.65020576131687,-2.5186036,4.2131696,-4.5151644,-8.21067,0.8591282,10.344832
2722,74.67764060356653,-0.63031787,5.2990475,-3.2786014,-7.4531183,0.5580446,10.302945
2723,74.70507544581619,-2.1342006,3.7395623,-4.390501,-6.6892295,1.2151713,8.629578
2724,74.73251028806584,0.24450153,5.065464,-2.9533637,-6.1332626,0.4992973,9.987199
2725,74.7599451303155,-0.6507019,4.706637,-3.7952046,-6.4066405,0.69334835,10.152606
2726,74.78737997256516,-1.0067533,4.6156044,-4.077376,-6.650794,0.9105279,10.0221615
2727,74.81481481481481,-0.3202117,5.8448024,-3.0893116,-7.366926,0.8069487,11.372174
2728,74.84224965706447,-2.5886734,5.639982,-1.8382664,-4.082297,0.34853047,8.895223
2729,74.86968449931413,-1.5071517,6.6436734,-4.9861894,-10.105889,2.2459502,14.878041
2730,74.89711934156378,0.40538144,7.5700192,-4.8337984,-10.81212,0.58474964,16.767056
2731,74.92455418381344,1.1334813,7.3298583,-5.272411,-11.780173,0.9242682,16.866814
2732,74.9519890260631,1.7092856,8.786601,-2.9135613,-10.71783,1.3835015,15.623227
2733,74.97942386831275,1.3329585,9.3430195,-2.9837651,-11.285186,2.8667448,17.568401
2734,75.00685871056241,0.72189456,8.862091,-3.9237754,-11.827846,4.6044655,17.173294
2735,75.03429355281207,-1.4434724,6.208998,-4.2412124,-10.301037,2.8735447,14.31523
2736,75.06172839506173,-2.414454,5.4448295,-3.5174103,-8.635472,1.7418199,12.437062
2737,75.08916323731138,-0.33272955,5.9504066,-2.626717,-8.157712,1.4214509,12.056924
2738,75.11659807956104,-1.2922342,6.18752,-2.7253654,-6.047649,1.8516423,10.134188
2739,75.1440329218107,1.2896713,6.2351584,-1.6900935,-5.8342366,3.159147,10.52638
2740,75.17146776406035,1.203035,6.572244,-1.3907242,-5.8758636,3.4537303,11.281959
2741,75.19890260631001,-0.39001814,5.719706,-1.9776098,-7.2871995,2.5689807,10.62063
2742,75.22633744855968,-1.4155487,6.4672704,-2.6740613,-8.732959,4.209885,10.316727
2743,75.25377229080932,-2.9334092,6.827537,-2.1859756,-7.336178,4.434594,9.229577
2744,75.28120713305898,-0.43988284,7.561012,-2.68651,-9.099034,4.72404,14.306213
2745,75.30864197530865,1.6524065,8.382577,-2.2582908,-9.810606,3.2466786,14.592008
2746,75.3360768175583,1.7301756,6.373153,-4.240349,-11.225779,2.587046,14.405046
2747,75.36351165980795,0.30022085,3.3260152,-6.414731,-11.5710945,2.026315,11.744485
2748,75.39094650205762,-0.44954833,5.780292,-4.7659063,-9.870515,0.92634195,13.283764
2749,75.41838134430726,1.6861343,7.2875605,-3.354693,-10.215564,1.576689,12.257601
2750,75.44581618655693,-0.9999979,7.4350824,-4.1524653,-8.772166,-0.26194835,13.64099
2751,75.47325102880659,0.96308535,8.589909,-2.0233188,-9.1305065,1.2327108,12.553423
2752,75.50068587105625,0.5627388,9.164037,-2.380068,-9.291678,1.4530599,14.179623
2753,75.5281207133059,0.4362128,12.581781,-0.30128074,-7.0348115,1.9877476,13.437287
2754,75.55555555555556,0.91191727,11.577591,-1.2997801,-8.6339855,1.9488798,13.228404
2755,75.58299039780522,0.48387828,6.4201574,-5.237095,-10.608223,0.6904997,13.051916
2756,75.61042524005487,1.414367,9.702902,-2.8483548,-9.154347,2.3545666,12.261965
2757,75.63786008230453,-0.7413867,7.120389,-2.2972364,-9.455217,3.1837173,12.345688
2758,75.66529492455419,0.97131735,6.7551317,-2.4903119,-9.450794,1.7935038,12.51829
2759,75.69272976680384,-1.1116029,6.4064717,-2.4773135,-6.6486006,1.8263797,10.826735
2760,75.7201646090535,0.71906453,5.9474125,-1.4890987,-7.163412,1.7790405,11.376272
2761,75.74759945130316,0.26392916,6.4167094,-1.5197475,-7.2760363,3.5515501,10.330567
2762,75.7750342935528,-1.1135578,7.71305,-1.34022,-7.4337883,2.2631319,12.049395
2763,75.80246913580247,-1.2361668,7.0755844,-0.9737255,-5.9295454,4.27144,8.509506
2764,75.82990397805213,-2.381574,7.834923,-0.59692293,-4.367593,1.361271,8.366825
2765,75.85733882030178,-1.5704776,7.6510744,-2.2456748,-8.570795,5.317806,12.372834
2766,75.88477366255144,1.9395093,9.407118,-2.2079499,-11.063583,3.4738336,14.969123
2767,75.9122085048011,3.0889003,12.408961,-0.6817088,-10.190818,2.3455322,16.158169
2768,75.93964334705075,2.4586387,13.014175,-1.7077094,-8.740177,1.9887075,16.666569
2769,75.96707818930041,1.5463154,11.067321,-1.5726756,-9.658919,5.1857224,15.38346
2770,75.99451303155007,1.5443438,7.3014884,-4.4459424,-11.699486,3.9474442,13.775206
2771,76.02194787379973,0.17328149,3.8890047,-5.8410535,-10.71954,3.8255386,10.638757
2772,76.04938271604938,-0.27952346,6.211639,-4.2611637,-9.628622,2.3342628,11.766642
2773,76.07681755829904,1.1442102,6.347048,-4.402016,-8.630793,3.46567,11.958126
2774,76.1042524005487,1.6324162,5.765178,-4.613994,-8.438696,3.3673549,11.751116
2775,76.13168724279835,2.0414174,7.051851,-4.115518,-6.925704,1.3536886,11.622767
2776,76.15912208504801,-1.8034712,8.163122,-5.824071,-9.6897545,0.38720483,14.976619
2777,76.18655692729767,-1.095888,9.723351,-4.1864705,-8.02679,0.46876144,14.95663
2778,76.21399176954732,0.8007858,10.23111,-2.4230635,-6.050806,1.6101209,13.906935
2779,76.24142661179698,-0.5334565,7.4085097,-2.9725392,-7.889659,1.1380725,12.882561
2780,76.26886145404664,-2.9580834,6.7868977,-4.5373044,-7.162159,0.55511945,11.218279
2781,76.29629629629629,-1.0000408,6.293174,-5.8134093,-9.289216,-0.028586403,13.068111
2782,76.32373113854595,-0.54895556,7.6740265,-4.662718,-6.1716833,0.3726753,10.851416
2783,76.35116598079561,2.1688125,6.648829,-2.1848898,-4.2751975,2.1339695,9.952593
2784,76.37860082304526,0.89987767,5.7155304,-4.039811,-4.25921,2.169656,9.950454
2785,76.40603566529492,3.6908526,7.9729676,-3.5543907,-2.8769424,2.1503856,10.042139
2786,76.43347050754458,1.2910258,8.099724,-2.8787856,-1.8544521,1.3852445,9.794876
2787,76.46090534979425,2.077359,8.146634,-2.163734,-1.8137575,0.8282772,9.417795
2788,76.48834019204389,1.6641191,8.235292,-4.157132,-4.719019,0.46754527,12.302132
2789,76.51577503429355,-0.398157,6.010155,-6.08477,-7.7236257,0.8584593,12.543742
2790,76.54320987654322,0.36044165,7.376823,-4.8445683,-6.8300223,0.5405798,11.022849
2791,76.57064471879286,-1.4113954,8.478895,-5.0516043,-7.069712,0.7761766,11.750913
2792,76.59807956104252,-4.0741863,7.7453394,-6.610553,-9.120292,0.52571565,11.921361
2793,76.62551440329219,-3.9292517,5.612196,-5.1032543,-5.8767247,-0.47929356,8.331846
2794,76.65294924554183,-3.4165323,7.5477023,-7.606201,-8.841052,1.2695972,14.2162285
2795,76.6803840877915,-4.1344376,7.349081,-7.0062127,-8.185145,1.0610206,12.930089
2796,76.70781893004116,-1.5227708,6.114706,-4.9488645,-6.43721,0.6132593,13.391965
2797,76.7352537722908,-2.0915148,5.2646565,-2.1383483,-2.8635478,-0.17419948,6.2047176
2798,76.76268861454047,-3.4184241,5.118696,-4.743265,-7.2216864,0.82869476,11.007107
2799,76.79012345679013,-2.3155327,5.0307536,-4.856657,-7.7028065,-0.351083,11.408369
2800,76.81755829903977,-3.8525212,6.822462,-5.1838264,-7.070462,0.67894477,11.273369
2801,76.84499314128944,-1.6772382,6.85449,-4.6579676,-6.0516286,1.2711124,13.361742
2802,76.8724279835391,-3.6328542,7.114633,-4.377662,-5.4746566,0.5779585,8.427487
2803,76.89986282578874,-2.1401074,5.2924547,-4.1510596,-6.9197755,0.74606156,13.2372675
2804,76.9272976680384,-3.1940067,6.165922,-5.0457377,-7.227382,0.95097876,12.593831
2805,76.95473251028807,-3.3892264,7.603602,-4.613371,-7.0526795,2.0617077,12.685885
2806,76.98216735253773,-3.8534422,8.2330475,-5.2344947,-7.591872,2.8116534,13.2027645
2807,77.00960219478738,-0.6372583,6.410255,-6.032321,-10.694123,0.78358525,14.896607
2808,77.03703703703704,3.0266519,5.839652,-2.8790355,-3.944029,1.6865739,7.5775123
2809,77.0644718792867,3.398118,8.827012,-2.2265077,-4.5839787,1.7570467,9.879947
2810,77.09190672153635,1.0440269,6.258908,-3.1000617,-3.918123,2.6628673,8.921711
2811,77.11934156378601,2.5457344,7.073062,-2.4767098,-2.6285613,1.409892,5.696718
2812,77.14677640603567,2.7003007,8.930763,-4.4230866,-4.15397,2.8738701,10.482092
2813,77.17421124828532,0.0048903176,7.5965996,-3.0391183,-4.059595,2.572359,9.638567
2814,77.20164609053498,1.312309,8.80858,-4.608743,-5.888766,3.3534155,12.259488
2815,77.22908093278464,-1.4745644,7.087589,-6.8864865,-10.850139,1.1736948,15.906159
2816,77.25651577503429,1.3653675,7.637465,-3.3271332,-8.489326,1.2177411,13.688199
2817,77.28395061728395,1.3321762,8.736105,-3.6332898,-10.503166,2.6644776,17.980547
2818,77.31138545953361,-0.42531085,7.387006,-5.3576803,-11.034037,2.486063,19.047281
2819,77.33882030178326,-2.4749465,5.6994166,-5.400655,-10.448543,1.3822823,15.396607
2820,77.36625514403292,-1.7102501,5.221951,-3.8849194,-7.3797426,0.66884273,12.225647
2821,77.39368998628258,-0.7861273,6.0614276,-3.8410535,-9.508194,1.4955417,14.399144
2822,77.42112482853224,-0.11792773,7.056436,-3.7746758,-10.465161,1.3923522,15.682109
2823,77.44855967078189,-0.11899688,10.671452,-3.25009,-9.179956,1.3270723,18.480984
2824,77.47599451303155,-1.3230082,7.6206837,-5.117177,-8.557733,1.2505587,17.43401
2825,77.50342935528121,-0.44207674,3.5434146,-7.402437,-13.389836,0.80599326,14.862292
2826,77.53086419753086,-1.0609405,3.9194562,-6.916045,-12.049823,1.6988866,13.870995
2827,77.55829903978052,-2.2919064,3.641752,-5.1400228,-9.503525,0.56016123,11.215147
2828,77.58573388203018,-3.1912825,3.1731722,-5.2406116,-9.085806,-0.019349482,10.604372
2829,77.61316872427983,-1.5391558,2.4322438,-5.9522576,-10.567529,0.06290254,11.206986
2830,77.64060356652949,-1.4805405,4.510836,-4.389234,-8.030079,-0.034709115,10.886803
2831,77.66803840877915,-3.0580947,4.106588,-3.7855558,-5.871239,0.6146433,8.952507
2832,77.6954732510288,-2.947226,4.2774835,-6.404631,-9.325428,1.3623612,11.388246
2833,77.72290809327846,-2.3481245,3.8505805,-7.5866275,-11.241662,0.9550088,12.349125
2834,77.75034293552812,-5.2192936,1.2298989,-9.145377,-14.122906,1.7746581,12.86251
2835,77.77777777777777,-4.5300813,6.8391123,-4.491386,-8.83067,1.26287,10.3025465
2836,77.80521262002743,-2.349763,4.044633,-4.792893,-10.281157,1.0146557,13.458736
2837,77.8326474622771,-2.7489772,3.6322272,-5.948835,-10.406645,1.7382709,13.123576
2838,77.86008230452676,-3.6353781,3.720005,-8.071922,-12.440734,1.8264129,13.871463
2839,77.8875171467764,-2.526185,2.3491144,-7.9188876,-12.493782,2.2489083,13.431282
2840,77.91495198902606,-3.6915588,6.9474506,-3.0059597,-9.5031185,3.9621472,12.171356
2841,77.94238683127573,-2.8077796,4.3054743,-4.764903,-9.230565,1.1576465,11.052302
2842,77.96982167352537,-0.46743825,4.608043,-4.678735,-9.951135,1.2339545,12.991219
2843,77.99725651577504,-1.65949,3.6573963,-4.8453135,-7.4945316,1.7388932,9.293696
2844,78.0246913580247,0.32458928,4.020482,-4.7846375,-8.922108,1.6829911,11.884793
2845,78.05212620027434,-0.9562358,4.4870305,-4.2642064,-7.8812456,1.9686153,10.685993
2846,78.079561042524,-1.12591,5.375205,-2.842018,-7.8156276,0.9021864,11.644446
2847,78.10699588477367,-0.40559822,5.396353,-2.9571695,-6.9059973,3.0801175,6.7559357
2848,78.13443072702331,-2.2075346,1.5672128,-2.8880732,-4.343341,2.341591,2.4876466
2849,78.16186556927298,-2.1247513,6.30078,-5.7964325,-11.352154,3.5380406,15.959901
2850,78.18930041152264,-0.10004219,6.4744787,-5.5795164,-11.836699,2.1639588,16.979244
2851,78.21673525377228,0.5911334,6.3790393,-6.2264543,-12.788577,2.0582469,17.093086
2852,78.24417009602195,0.1748318,4.837954,-6.94677,-12.926348,1.4327645,14.489638
2853,78.27160493827161,-0.51817113,6.1871443,-4.4748883,-9.268988,0.43850183,13.916689
2854,78.29903978052126,1.6247933,8.034031,-2.8520007,-10.356967,1.7772069,14.565296
2855,78.32647462277092,1.94421,8.56686,-3.0869722,-11.438885,3.207784,17.301434
2856,78.35390946502058,1.3869361,7.2763934,-2.8248615,-11.436526,4.33782,17.715034
2857,78.38134430727024,-0.38986188,5.9390454,-4.9331884,-12.499264,4.0095716,16.738243
2858,78.40877914951989,-1.9917122,5.5952444,-3.7760544,-9.820636,2.4811902,13.654081
2859,78.43621399176955,-2.093192,4.612552,-3.887948,-8.809281,1.4794335,11.854579
2860,78.46364883401921,0.4261325,4.5194697,-2.4504004,-9.91032,2.543709,13.2200575
2861,78.49108367626886,-0.81762505,5.0525093,-2.5977654,-7.756527,1.4847318,12.11185
2862,78.51851851851852,1.2860622,5.6612377,-1.527859,-6.9492,2.6718423,11.281801
2863,78.54595336076818,0.29102063,5.500258,-1.8580945,-7.326736,3.5379703,10.341498
2864,78.57338820301783,-2.1070507,6.2619934,-2.3210092,-7.3721304,1.0100229,13.528112
2865,78.60082304526749,-0.4549927,5.7282085,-2.8143804,-7.1151395,3.7832167,7.5687547
2866,78.62825788751715,-2.8396595,5.3848,-2.739372,-5.07578,1.0912441,8.45049
2867,78.6556927297668,-0.62072927,7.220384,-2.395624,-10.515695,5.2410083,15.23666
2868,78.68312757201646,1.7484573,8.0364485,-2.024198,-10.94678,4.1204653,16.48016
2869,78.71056241426612,1.5811725,13.401961,-0.49223292,-7.8947625,2.9380074,19.719973
2870,78.73799725651577,-0.2648785,13.956988,-1.5204386,-8.091108,3.0259948,19.121284
2871,78.76543209876543,0.2562081,13.828848,0.12987596,-7.2162743,1.1968117,22.159924
2872,78.79286694101509,2.2820609,12.562319,-0.36989793,-6.379263,0.1340758,20.044537
2873,78.82030178326475,-0.7675402,10.976804,-1.7214774,-7.9419684,1.5452151,22.758368
2874,78.8477366255144,2.2404082,6.807982,-4.0993223,-11.967101,4.1004143,16.181223
2875,78.87517146776406,0.58115506,4.4293346,-5.886982,-11.687237,3.3128386,12.732844
2876,78.90260631001372,-0.2720202,6.2432833,-4.2590184,-9.635046,1.9660407,12.721832
2877,78.93004115226337,1.7179502,8.311866,-3.0620253,-10.126989,1.4927522,11.91375
2878,78.95747599451303,-1.1885246,7.904216,-3.9199927,-8.436115,-0.49853817,13.761818
2879,78.9849108367627,0.85380495,9.013185,-1.7467321,-8.759891,1.2330613,11.317254
2880,79.01234567901234,1.8680562,9.577844,-2.4499786,-10.938417,2.207814,14.611486
2881,79.039780521262,2.1988316,10.1577215,-1.9033974,-10.337476,2.7911246,14.438388
2882,79.06721536351166,0.0035048155,7.6920695,-4.320063,-10.692171,1.5960065,14.575471
2883,79.09465020576131,-1.3896791,6.23101,-3.5991569,-9.979305,2.2488194,13.231144
2884,79.12208504801097,-1.9437511,5.4510055,-3.8799703,-8.721979,0.9896637,11.488874
2885,79.14951989026063,0.50814694,6.7183566,-2.070144,-8.880773,0.28554904,12.233795
2886,79.17695473251028,-0.5809958,6.1373873,-2.483925,-7.063465,-0.0046540904,11.3365345
2887,79.20438957475994,-2.4954557,5.6353674,-2.4209142,-7.254655,1.7051454,10.118001
2888,79.2318244170096,0.6671584,6.2860103,-1.463439,-8.585798,2.2919068,10.869013
2889,79.25925925925925,-2.890139,7.681872,-2.7275658,-7.363111,-1.061411,13.346785
2890,79.28669410150891,-3.4453332,6.4544935,-1.9904767,-7.082795,2.683031,8.739239
2891,79.31412894375858,-3.1511104,4.748393,-4.0720973,-5.0309157,-0.44006696,8.140446
2892,79.34156378600824,0.35383576,10.0074415,-1.236349,-10.102003,2.5249476,16.057592
2893,79.36899862825788,2.1137192,10.594537,-1.0117412,-10.461779,1.7433732,15.847261
2894,79.39643347050755,2.2359197,11.092723,-1.5361828,-8.233863,2.058391,14.203732
2895,79.42386831275721,1.7693216,12.857441,-2.0006967,-8.338645,1.9435897,14.634395
2896,79.45130315500685,-0.7803039,11.02829,-3.8193235,-7.18525,-0.006296422,15.400898
2897,79.47873799725652,3.6254284,14.034493,-0.79951936,-4.702694,-0.0050936677,17.240925
2898,79.50617283950618,-0.10499177,11.854632,-2.8952742,-3.7172432,-1.1775867,15.824725
2899,79.53360768175583,0.25040442,12.02217,-2.9334655,-4.2799897,0.74132645,16.03426
2900,79.56104252400549,2.5997074,14.016319,-1.3987432,-6.8287964,2.894321,13.981077
2901,79.58847736625515,0.1969392,13.352202,-3.200642,-9.296751,4.049816,14.422522
2902,79.6159122085048,-1.4146316,10.584065,-3.2040396,-8.84147,4.2935047,15.4250965
2903,79.64334705075446,-1.565989,10.248672,-2.7317026,-9.60446,4.119235,15.856751
2904,79.67078189300412,-0.5037498,10.186101,-3.5570595,-7.995324,3.7374463,9.701411
2905,79.69821673525377,0.093398914,8.673946,-4.7239017,-8.346965,4.989603,11.127628
2906,79.72565157750343,1.8922586,6.9812303,-4.708895,-10.912077,3.178596,11.651436
2907,79.75308641975309,0.4247576,3.2506075,-6.1086555,-10.370057,4.0077686,9.851631
2908,79.78052126200275,-0.13512126,6.2715344,-4.3652754,-9.610933,3.0033042,11.620243
2909,79.8079561042524,0.19977947,7.2386837,-3.1503448,-8.82347,4.932498,13.858181
2910,79.83539094650206,0.41925573,9.016765,-1.6475649,-9.421386,4.1292777,14.77091
2911,79.86282578875172,-0.1289629,6.0403547,-4.8583817,-12.698785,4.0502963,15.891237
2912,79.89026063100137,-2.0862703,4.8636246,-4.0453343,-11.498953,3.786893,14.217759
2913,79.91769547325103,-3.0837867,5.9467597,-2.8630636,-9.26253,2.0403168,12.731098
2914,79.94513031550069,-0.9499791,5.1115475,-3.1066136,-9.452313,2.0028553,12.194147
2915,79.97256515775034,-1.6299804,8.120058,-1.3071021,-6.954625,5.867043,9.60168
2916,80.0,-2.2791398,6.183828,-1.902034,-6.4623303,4.5823374,7.3042774
2917,80.02743484224966,-0.99727416,4.9359665,-2.23998,-9.117208,3.8867292,11.44851
2918,80.05486968449931,-2.9261627,4.0476847,-3.0860116,-6.902537,0.93838054,7.8453946
2919,80.08230452674897,-3.9836032,5.3641367,-3.333038,-6.193621,2.6844025,8.966145
2920,80.10973936899863,-3.8249304,6.5044026,-2.6045263,-6.6404166,2.897188,9.039664
2921,80.13717421124828,-2.7173955,5.977974,-3.1759827,-9.916213,5.552214,13.299394
2922,80.16460905349794,-0.20329739,6.8765993,-3.4843228,-11.646686,4.746544,15.366977
2923,80.1920438957476,1.0165403,5.855793,-4.3697605,-11.894379,5.6330585,13.2968025
2924,80.21947873799725,-0.0051820637,1.866216,-5.217981,-9.373757,4.8697343,8.130946
2925,80.24691358024691,0.69866335,6.296211,-4.3986197,-9.944415,3.910109,11.528994
2926,80.27434842249657,1.8143176,6.637731,-2.6528828,-9.551306,4.0371137,10.8145895
2927,80.30178326474623,2.5547395,7.7150884,-3.0555995,-10.265045,4.419061,13.143991
2928,80.32921810699588,3.802574,10.728517,-3.0582948,-9.266592,6.209908,13.289
2929,80.35665294924554,1.0040388,11.457583,-2.5531163,-9.470382,5.607159,14.17582
2930,80.3840877914952,1.0916274,10.434246,-1.6325707,-9.451879,4.940503,11.871413
2931,80.41152263374485,0.85756505,4.1154227,-5.647647,-10.727645,6.396378,9.104446
2932,80.43895747599451,-0.24752901,0.6331827,-5.674096,-7.9472723,4.9323034,5.779797
2933,80.46639231824417,0.3133215,5.6287403,-4.722851,-9.262006,4.106813,10.611373
2934,80.49382716049382,1.4442451,7.6887455,-1.9635987,-6.755261,2.4598167,10.158179
2935,80.52126200274348,-0.2736725,7.522615,-2.874938,-7.152028,2.3203375,10.620219
2936,80.54869684499315,-0.4092438,7.184314,-4.1691203,-9.598369,1.0769545,12.884981
2937,80.57613168724279,0.74640244,7.924909,-3.7838206,-7.47648,1.0180802,10.8747
2938,80.60356652949245,2.585983,9.009303,-3.7697394,-8.076977,1.9992795,12.0363455
2939,80.63100137174212,2.258563,7.7003965,-4.2689495,-8.599828,2.611885,12.035673
2940,80.65843621399176,-0.33176783,7.4178996,-4.4655304,-7.5695286,1.5724311,10.438903
2941,80.68587105624142,3.7088783,9.403048,-2.41438,-8.4676285,2.9941323,13.056332
2942,80.71330589849109,-0.25563565,9.296418,-1.2860293,-8.280412,3.0927083,12.994659
2943,80.74074074074075,-2.7267873,9.413328,-2.505025,-9.475991,2.7867422,16.712946
2944,80.7681755829904,1.5870157,8.895963,-0.118981846,-6.724753,3.0917518,9.002425
2945,80.79561042524006,-0.09254018,8.009974,-3.3024998,-8.33401,2.7823617,15.188389
2946,80.82304526748972,1.1844248,7.3890314,-4.4678564,-7.262631,2.6976461,13.654557
2947,80.85048010973937,1.5438384,8.458448,-2.986797,-8.075138,3.4400525,12.479509
2948,80.87791495198903,2.1136444,7.621637,-2.0719905,-7.1115155,4.136039,9.684082
2949,80.90534979423869,3.0891209,10.228712,-0.27827135,-7.3889937,3.9809818,13.267573
2950,80.93278463648834,4.3374257,11.062743,-0.7619646,-8.635258,1.1748933,14.282223
2951,80.960219478738,3.7687902,13.284444,-1.0874405,-8.766551,2.1252534,16.385761
2952,80.98765432098766,4.925883,12.961292,-0.40183777,-5.2209573,0.90809464,15.052946
2953,81.0150891632373,3.5213811,12.341397,0.43430004,-4.217679,1.1815591,14.362552
2954,81.04252400548697,4.2854853,12.891436,0.12529168,-5.2108655,1.2042464,16.647413
2955,81.06995884773663,2.1587281,15.267655,-1.3920419,-4.5488863,2.0229843,20.231537
2956,81.09739368998628,-1.8749979,13.719473,-3.1159291,-6.8671126,2.4631763,19.317087
2957,81.12482853223594,2.5424242,11.497827,-0.5569585,-5.488558,0.7198346,15.227524
2958,81.1522633744856,5.1688843,10.236382,-1.0215397,-4.9120345,1.5529691,13.519584
2959,81.17969821673525,3.2824817,11.045475,-2.7432313,-6.629248,1.0249999,13.972549
2960,81.20713305898491,1.3877745,9.591223,-1.8666283,-4.357638,1.3217967,15.447622
2961,81.23456790123457,3.1016877,10.041284,-2.133092,-5.9464116,0.7444706,12.452387
2962,81.26200274348423,3.7023787,9.242927,-2.9663007,-6.6606703,1.3548895,12.580482
2963,81.28943758573388,3.05175,9.100219,-1.9217553,-6.8797793,2.4769585,14.858744
2964,81.31687242798354,1.3014529,8.981744,-1.4363177,-5.4654684,1.6638159,15.07583
2965,81.3443072702332,0.29895627,8.256042,-1.9644709,-7.2744794,1.7213861,14.639658
2966,81.37174211248285,-0.069723666,5.5443954,-3.855114,-8.412792,2.7817066,13.581542
2967,81.39917695473251,-2.2299347,9.328659,-1.6088711,-5.6239734,2.125305,13.509138
2968,81.42661179698217,1.0849359,8.000007,-0.5019409,-5.67926,2.7149453,10.052007
2969,81.45404663923182,-1.3007479,7.307848,-1.1947658,-7.0011864,-0.037769713,14.234071
2970,81.48148148148148,-1.8995882,7.0239215,-0.91706675,-5.945848,1.224219,12.196888
2971,81.50891632373114,1.1023899,8.426862,-3.2704363,-7.644097,1.6883655,14.130167
2972,81.53635116598079,2.494934,8.831768,-3.7824814,-8.238159,1.1891001,13.3501
2973,81.56378600823045,1.8823858,11.005194,-2.8151383,-8.09432,1.864347,15.9524765
2974,81.59122085048011,0.9643312,10.380813,-1.9932026,-9.130101,2.478963,15.1252
2975,81.61865569272976,0.8375644,10.227519,-1.1250491,-6.3539467,0.57635814,13.225841
2976,81.64609053497942,0.92994785,9.839334,-2.9186463,-7.621313,2.8168526,16.692614
2977,81.67352537722908,0.94491696,10.210585,-3.4663098,-9.132285,3.623953,14.15838
2978,81.70096021947874,2.0831673,9.130686,-2.5338662,-7.9822764,2.594566,11.868811
2979,81.72839506172839,2.2121246,10.440927,0.12327867,-6.8471475,3.481706,14.149689
2980,81.75582990397805,3.6523354,9.881098,-1.4423317,-7.395369,1.0436221,14.656749
2981,81.78326474622772,3.9188807,11.868678,-1.8228277,-7.650136,1.1709447,17.116976
2982,81.81069958847736,4.475772,12.305819,-0.71785384,-4.9043007,0.54997313,15.6252985
2983,81.83813443072702,3.4676678,12.144797,-0.45246202,-5.36465,0.092042364,17.255404
2984,81.86556927297669,2.578049,13.526065,-2.4106336,-5.4822974,0.8191686,19.23838
2985,81.89300411522633,-2.5464938,11.9198885,-3.518907,-6.833916,1.7179776,16.963734
2986,81.920438957476,0.66947246,11.978179,-2.886519,-6.0031323,1.6080053,16.658327
2987,81.94787379972566,2.402118,10.32309,-1.5027397,-6.33827,0.5225465,15.657785
2988,81.9753086419753,5.211911,10.297082,-1.5085443,-6.5406375,2.4304237,14.900849
2989,82.00274348422496,0.65875137,8.739992,-3.9866977,-10.143112,1.8532006,16.88485
2990,82.03017832647463,0.2744013,11.996674,-2.897985,-9.558123,2.1287816,17.210485
2991,82.05761316872427,2.0175197,12.594539,-1.8034635,-8.0708885,2.421209,17.284592
2992,82.08504801097394,-1.149343,8.684551,-3.125091,-8.746493,0.09938535,14.60834
2993,82.1124828532236,1.164579,10.098839,-3.4846225,-7.0546384,0.87379164,14.559624
2994,82.13991769547324,2.8097315,11.137331,-1.9597033,-6.7929497,4.550516,17.409306
2995,82.1673525377229,2.1528897,8.7005825,-3.361702,-8.984797,5.913556,12.76127
2996,82.19478737997257,0.59993094,5.1869745,-5.420825,-10.177262,4.829648,10.058807
2997,82.22222222222223,-0.52357906,6.6707435,-4.088688,-9.366141,3.190663,11.311174
2998,82.24965706447188,1.1344215,7.280286,-2.9130244,-9.930791,4.4364853,10.8445425
2999,82.27709190672154,2.4555774,8.282297,-3.2147882,-10.751086,4.9971585,13.445283
3000,82.3045267489712,2.8225217,11.579197,-2.9808297,-10.460874,4.854742,13.60693
3001,82.33196159122085,-0.13552083,10.003265,-3.7679667,-8.2735615,2.4118729,13.54507
3002,82.35939643347051,-0.2713377,9.717689,-3.3441563,-11.577155,5.0864735,14.319304
3003,82.38683127572017,1.6680579,10.610077,-1.0538627,-9.311587,4.6751065,11.858457
3004,82.41426611796982,2.2893705,9.539328,-2.123348,-9.04238,4.664617,12.266496
3005,82.44170096021948,1.4404242,8.999402,-3.6239088,-9.193147,3.9632473,12.852737
3006,82.46913580246914,3.336887,8.77656,-4.278706,-8.360658,4.2725034,12.258841
3007,82.49657064471879,1.68483,9.13619,-4.2161803,-8.3919325,3.6735508,12.297974
3008,82.52400548696845,0.26234442,6.564592,-5.245874,-9.014486,4.0191135,12.019243
3009,82.55144032921811,2.0221293,5.2752676,-6.147809,-10.983266,5.2330794,9.350328
3010,82.57887517146776,0.40119568,2.3931322,-6.5968313,-9.855341,5.2087026,8.297021
3011,82.60631001371742,-0.18268266,5.6494813,-4.9277725,-9.44648,3.3629794,11.61986
3012,82.63374485596708,1.6791364,6.8923216,-4.595709,-6.0989757,3.1440575,9.8355
3013,82.66117969821674,2.5375376,12.214302,0.008602811,-7.9865007,4.30672,11.029636
3014,82.68861454046639,1.1868091,9.6494055,-2.9607215,-9.945386,3.8993688,10.422064
3015,82.71604938271605,0.83327466,11.248659,0.025202923,-6.967352,4.4754925,10.665754
3016,82.74348422496571,0.3373154,11.533166,-1.1582713,-9.160611,5.266446,13.684577
3017,82.77091906721536,-1.3008542,12.428085,-2.023194,-9.221329,6.0696154,11.362978
3018,82.79835390946502,-1.3340465,8.496248,-2.3415556,-7.992652,2.8637397,9.794544
3019,82.82578875171468,-1.4980801,12.377423,-2.4763713,-8.317697,5.2811785,12.189949
3020,82.85322359396433,-0.21462616,8.8593855,-3.08771,-8.227752,4.9862423,10.829937
3021,82.88065843621399,0.8491631,6.326217,-5.002134,-9.92401,4.91106,10.335054
3022,82.90809327846365,0.5216168,3.3095558,-6.418908,-9.717477,5.1015677,8.842117
3023,82.9355281207133,-0.39317563,6.0167994,-4.359246,-8.839304,3.238139,10.753952
3024,82.96296296296296,1.9429647,11.776755,-2.3668964,-5.9012494,6.908398,9.707167
3025,82.99039780521262,1.4448462,6.358076,-2.7138612,-6.640529,11.698013,9.458687
3026,83.01783264746227,0.49893814,3.1240852,-5.139149,-9.166055,9.014357,8.651532
3027,83.04526748971193,-0.6711839,-0.36608273,-5.2894216,-7.048302,5.513766,4.6841555
3028,83.0727023319616,0.086769216,4.3440123,-5.3580203,-9.41398,5.9450045,10.695979
3029,83.10013717421126,0.86334944,4.2587914,-3.1377513,-6.446489,7.293803,7.5248094
3030,83.1275720164609,3.8926666,8.505354,-2.0533962,-5.1564517,6.26348,7.067742
3031,83.15500685871056,2.588198,5.3011355,-1.7299325,-3.8597968,6.180651,4.9600544
3032,83.18244170096023,1.0775594,2.3895583,-4.5386195,-6.6583505,7.6879296,6.065057
3033,83.20987654320987,2.5185897,1.5007921,-0.9396581,-2.7360063,7.303986,1.9209682
3034,83.23731138545953,-0.5548203,-0.40518788,-4.640191,-5.46951,4.4379992,3.4714637
3035,83.2647462277092,0.3428977,4.23503,-4.660531,-8.205936,6.091991,9.780846
3036,83.29218106995884,1.420033,2.5070767,-1.7681772,-3.826356,2.5690663,3.60804
3037,83.3196159122085,-2.4337559,8.086195,-2.3894353,-7.2242737,2.9731746,10.372589
3038,83.34705075445817,3.4177165,2.6055017,-0.011388774,-2.1343718,0.4783924,2.4483488
3039,83.37448559670781,0.6807177,8.131662,-3.530998,-9.131177,0.8553114,12.766963
3040,83.40192043895748,0.763359,8.3070545,-1.8609464,-2.669635,2.177126,10.264111
3041,83.42935528120714,-2.573816,6.1457486,-2.6677313,-6.292959,1.042905,9.356583
3042,83.45679012345678,-0.043947354,4.244939,-2.861652,-7.0979347,1.3210814,10.358738
3043,83.48422496570645,1.0273281,3.5696454,-1.9146947,-3.4085808,2.2871702,7.0812426
3044,83.51165980795611,0.15878204,1.9544597,-3.795842,-5.009072,2.2488391,7.6138673
3045,83.53909465020575,0.7647699,5.70868,-4.994523,-9.952271,0.25486553,13.335395
3046,83.56652949245542,0.22921151,2.8775299,-5.5469503,-7.783643,-0.1884349,8.852016
3047,83.59396433470508,-1.6083487,6.6131973,-4.1336837,-9.255349,0.15729682,13.285076
3048,83.62139917695474,0.52801365,5.3731413,-4.9387794,-9.460435,-0.10815743,13.313152
3049,83.64883401920439,1.5940124,9.927196,-2.1471038,-7.33725,0.2504502,16.49534
3050,83.67626886145405,-0.87032264,10.282683,-4.597284,-8.604895,0.12654422,15.707775
3051,83.70370370370371,-1.83958,12.301137,-3.6285925,-8.166976,-0.4333167,18.380793
3052,83.73113854595336,-1.1239257,12.607744,-3.352751,-7.825454,-0.11416359,19.53441
3053,83.75857338820302,-1.7380029,11.055931,-2.5399582,-6.68562,-0.3970498,20.931545
3054,83.78600823045268,-1.1604427,12.251961,-3.300465,-6.0281835,0.9052457,17.21659
3055,83.81344307270233,-1.2784971,12.284956,-3.2017868,-6.7386975,2.1011147,16.102612
3056,83.84087791495199,-0.7586073,12.888928,-2.508168,-4.9524474,0.98210084,14.084267
3057,83.86831275720165,0.93764055,11.338998,-1.0168242,-2.9344938,1.1577998,12.127325
3058,83.8957475994513,0.8195258,12.335253,-1.8609943,-3.510344,0.7191736,13.831995
3059,83.92318244170096,1.8200784,12.077183,0.12275986,-4.2477417,1.0720075,15.558196
3060,83.95061728395062,0.74758464,9.779686,-3.1056333,-8.651947,0.13138302,14.840064
3061,83.97805212620027,0.56269246,10.39883,-3.3956933,-8.697273,0.75625837,12.39432
3062,84.00548696844993,-0.71420366,9.339945,-3.4660375,-6.047197,0.5730605,10.41885
3063,84.03292181069959,-2.2054176,11.293202,-4.02133,-5.9395866,0.4974121,11.92922
3064,84.06035665294925,-1.6825761,11.452988,-3.45792,-5.94616,0.58844334,11.218263
3065,84.0877914951989,-2.7092295,12.481325,-2.504823,-4.931311,0.72819275,10.03647
3066,84.11522633744856,-4.0297546,11.17807,-4.190633,-5.532705,-0.033788573,9.992666
3067,84.14266117969822,-2.6280975,10.300608,-3.8291838,-5.3487377,1.0034235,10.585853
3068,84.17009602194787,-1.0188725,7.895063,-2.0548706,-3.4080064,0.24676472,7.645786
3069,84.19753086419753,-1.9692029,9.653537,-2.3898392,-4.7172074,1.0068039,9.611668
3070,84.2249657064472,-2.9772427,8.82038,-3.5670285,-4.6204705,0.5713902,10.389468
3071,84.25240054869684,-2.4361904,10.584205,-3.9618826,-7.2128267,1.5832429,11.723656
3072,84.2798353909465,-0.7879889,11.360995,-4.6437674,-8.865029,1.0959716,13.05371
3073,84.30727023319616,-0.8297058,7.1959352,-6.0197973,-10.8193035,0.2692667,13.53204
3074,84.33470507544581,-1.447608,8.274667,-2.8097136,-6.758105,-0.06920678,12.65587
3075,84.36213991769547,-1.0519085,6.884974,-5.2597923,-9.339487,0.21196042,14.381084
3076,84.38957475994513,0.81452906,10.779363,-2.8846538,-7.6943107,-0.21417685,17.778511
3077,84.41700960219478,0.4785313,10.14873,-2.7555592,-8.913232,-0.14203416,17.351084
3078,84.44444444444444,0.56404936,11.759017,-2.5580533,-7.176284,-0.18495522,18.776213
3079,84.4718792866941,0.63405776,10.086399,-1.7229362,-6.406485,0.11500141,19.046362
3080,84.49931412894375,0.3291367,7.581499,-4.010149,-8.97011,-0.90287864,13.738753
3081,84.52674897119341,-0.32882333,8.3612175,-3.6409206,-9.106285,1.1590099,12.21496
3082,84.55418381344307,-1.0102892,8.1271105,-3.3791606,-7.3748007,-0.2854865,11.2511835
3083,84.58161865569274,0.7191885,8.1430025,-0.58858955,-2.9247804,0.512507,7.4014935
3084,84.60905349794238,-1.5189294,9.740602,-2.3544102,-5.346788,1.7016592,8.284307
3085,84.63648834019205,-1.5624828,10.014386,-2.7904928,-5.5416393,-0.108643375,10.120277
3086,84.6639231824417,-1.2218401,9.722646,-3.2438397,-7.5653286,-2.5645213,14.915235
3087,84.69135802469135,-1.3161272,6.1853228,-5.0548153,-9.261898,0.83696514,11.795746
3088,84.71879286694102,-0.35289675,7.050309,-5.0222116,-10.7613735,1.5907446,13.773303
3089,84.74622770919068,-1.4708049,6.9843397,-3.9442925,-8.136239,-0.22949037,13.488259
3090,84.77366255144032,-0.8014108,7.206347,-4.9598618,-9.095278,0.81949186,13.894187
3091,84.80109739368999,1.0678719,7.5451655,-2.8310997,-9.624849,2.0467348,12.464549
3092,84.82853223593965,2.4916844,8.437144,-2.9120169,-10.791408,3.3180177,14.682221
3093,84.8559670781893,2.4276516,10.926817,-1.4278749,-8.846872,2.323913,14.038557
3094,84.88340192043896,1.9594854,10.898018,-2.3956974,-9.667749,2.370335,14.517054
3095,84.91083676268862,1.1373653,8.990133,-4.063104,-10.892606,2.7429829,14.446589
3096,84.93827160493827,0.090316504,10.896018,-2.995741,-10.205228,2.4695446,15.189963
3097,84.96570644718793,-1.124645,6.493374,-3.2291577,-10.84499,4.201518,12.913911
3098,84.99314128943759,-1.6985378,5.9169354,-2.9715374,-9.746167,1.9131323,12.433189
3099,85.02057613168725,-1.278808,7.736374,-2.1033752,-8.346071,4.7212644,11.915944
3100,85.0480109739369,-1.2328718,8.542778,-1.4483662,-7.0503674,3.0280814,13.199245
3101,85.07544581618656,-1.4397359,5.6478515,-1.9740988,-8.036193,3.514299,10.608823
3102,85.10288065843622,-3.8881395,6.594282,-3.778368,-9.418671,1.9104477,12.24208
3103,85.13031550068587,-0.45300823,5.4501433,-3.5626996,-7.4352736,3.4692261,8.963265
3104,85.15775034293553,-2.8151865,7.225149,-2.6091835,-5.1951337,0.5048545,7.988938
3105,85.18518518518519,-2.7363293,7.6477013,-2.6795197,-8.4899,5.244072,12.60475
3106,85.21262002743484,-0.6838096,7.470389,-3.5068042,-11.18765,4.2970433,14.081995
3107,85.2400548696845,1.4659556,9.733652,-1.4802468,-10.879585,4.3269563,13.34963
3108,85.26748971193416,0.94012505,4.967275,-5.535119,-12.282613,4.88114,11.0611105
3109,85.29492455418381,0.35703132,5.754176,-5.103233,-10.132835,3.7180283,11.00343
3110,85.32235939643347,0.84692174,6.461571,-5.5638533,-10.867631,3.336048,12.894158
3111,85.34979423868313,1.4420282,6.8333635,-5.4756417,-10.404688,1.7884806,12.828791
3112,85.37722908093278,-0.3489924,5.5051994,-6.603009,-11.513548,0.9342227,13.990086
3113,85.40466392318244,-0.50760716,7.698558,-6.0235314,-11.256167,-0.16124791,13.553263
3114,85.4320987654321,-1.6318524,4.620983,-5.4876747,-9.39807,0.28264496,12.403557
3115,85.45953360768175,-2.871093,4.695579,-3.5068285,-7.596628,0.06978613,10.35459
3116,85.48696844993141,-2.6989372,3.688058,-4.5933976,-7.6408715,-0.6687744,10.000025
3117,85.51440329218107,-2.072735,4.26785,-4.456328,-8.936961,-0.57144815,11.234139
3118,85.54183813443073,-3.887921,6.2782297,-4.900358,-9.124223,1.6955858,11.073449
3119,85.56927297668038,-3.6038225,6.1960263,-3.7568486,-6.4942484,-0.17633677,8.89027
3120,85.59670781893004,-2.667121,5.7947035,-4.401757,-8.198495,0.6289619,10.791732
3121,85.6241426611797,-1.468002,5.630336,-4.7251024,-9.099587,-0.049361188,10.944038
3122,85.65157750342935,-1.5862379,7.333375,-4.3163877,-7.901007,1.1347321,10.425062
3123,85.67901234567901,-0.37777436,6.8578053,-6.3225403,-7.2595224,-0.5726276,10.417877
3124,85.70644718792867,-1.0858845,5.978124,-5.5895267,-8.107232,-0.8324676,12.170395
3125,85.73388203017832,-1.1290689,5.094473,-6.4504795,-8.777262,0.14215617,12.424336
3126,85.76131687242798,-0.2719903,4.97895,-3.7166111,-6.414319,-0.24521467,11.156096
3127,85.78875171467764,-0.9320412,4.879194,-2.670028,-5.065036,0.35167694,8.965417
3128,85.81618655692729,-0.98511904,4.869776,-3.5445907,-7.1835938,1.2142155,10.848636
3129,85.84362139917695,0.10033991,4.704265,-3.4005146,-5.9665303,0.9202251,9.676273
3130,85.87105624142661,-0.4998972,6.248014,-4.451351,-7.0269246,0.64013624,10.649252
3131,85.89849108367626,-0.96695244,5.8191824,-5.003396,-7.069263,1.0273091,9.833591
3132,85.92592592592592,-1.1793793,6.36011,-4.264108,-5.6246343,1.7982323,9.607824
3133,85.95336076817559,-1.2580185,6.092975,-4.756703,-7.082698,1.0519385,10.604581
3134,85.98079561042525,-0.98799026,7.8394203,-5.266999,-8.403041,1.473083,13.779244
3135,86.0082304526749,-0.66102374,7.2743096,-5.1050305,-8.431807,0.51492906,13.437425
3136,86.03566529492456,-1.5370078,5.580279,-6.422641,-9.128925,1.4465284,13.510492
3137,86.06310013717422,-2.090636,4.6944876,-5.018247,-7.045403,0.73876643,10.481468
3138,86.09053497942386,-3.3697872,5.7326097,-4.715142,-8.339156,-0.004409534,10.967055
3139,86.11796982167353,-2.3173754,4.473003,-4.4421597,-6.657564,0.35006627,10.455793
3140,86.14540466392319,-1.3032739,4.2483582,-5.042557,-8.427919,0.43511382,12.026638
3141,86.17283950617283,-3.1256003,5.6420846,-3.4660745,-6.131512,1.5345194,8.376731
3142,86.2002743484225,-0.018330548,4.1552815,-3.8294559,-6.4192696,1.191066,10.485843
3143,86.22770919067216,-1.6385096,6.603007,-4.4302588,-7.177509,1.9738684,12.129091
3144,86.2551440329218,-1.6036811,5.517605,-6.217221,-10.208103,0.9542405,12.591622
3145,86.28257887517147,-1.5295608,6.4010015,-6.262059,-11.216146,0.22451586,13.729792
3146,86.31001371742113,-2.9923358,7.635793,-6.1482534,-9.8602915,0.5952062,13.528395
3147,86.33744855967078,-4.632365,7.8813615,-7.5651836,-10.771547,0.7949226,14.064107
3148,86.36488340192044,-3.658221,6.2733083,-5.957941,-6.4965835,1.5070711,9.645651
3149,86.3923182441701,-4.5556335,9.139141,-6.324034,-9.759534,1.289816,14.054718
3150,86.41975308641975,-4.2076254,8.139113,-6.492405,-11.42599,0.6786458,15.587878
3151,86.44718792866941,-2.405908,4.2944245,-5.9897475,-9.724242,0.39973295,12.582697
3152,86.47462277091907,-3.3119798,4.8303165,-4.763474,-7.331761,0.1476712,10.443493
3153,86.50205761316873,-1.7467254,5.9078836,-4.248032,-8.524099,0.28636083,12.377134
3154,86.52949245541838,-2.827403,7.556913,-4.770381,-9.59067,0.7990083,14.055587
3155,86.55692729766804,-3.0475638,9.696493,-5.1058044,-8.873416,0.7063742,14.169974
3156,86.5843621399177,-1.6386931,11.286215,-3.9688773,-5.949555,-0.9167781,13.284315
3157,86.61179698216735,-3.6432567,10.584525,-5.5841446,-6.7437654,-1.1898943,14.036123
3158,86.63923182441701,-3.7822018,7.5808744,-6.1558,-6.3281627,-0.05844758,11.127862
3159,86.66666666666667,-2.925494,6.803562,-6.6871715,-8.314757,-0.6604534,12.01859
3160,86.69410150891632,-3.3020337,8.39391,-5.2538533,-4.546926,-0.4043867,11.268478
3161,86.72153635116598,-3.04259,8.683829,-5.9550643,-7.019261,-0.14197835,12.478477
3162,86.74897119341564,-2.7445676,10.524735,-5.3328733,-6.75904,-0.48249406,13.708963
3163,86.77640603566529,-2.1721425,12.684872,-4.6164975,-7.360233,0.6743631,13.810546
3164,86.80384087791495,-1.3029711,9.469136,-3.8615036,-6.340574,1.1155318,12.830151
3165,86.83127572016461,-1.7234793,6.6228547,-3.746766,-5.90064,0.90203947,10.538562
3166,86.85871056241426,-1.3300709,7.8174014,-3.7186968,-6.053595,-0.30057237,11.530336
3167,86.88614540466392,-2.236957,8.816012,-3.9607751,-6.7410173,-0.66753364,12.372343
3168,86.91358024691358,-1.7803158,7.9127913,-4.6489277,-5.6864276,0.87677604,13.737589
3169,86.94101508916324,-2.4899673,6.00434,-4.358615,-7.331983,0.85999024,10.475495
3170,86.96844993141289,-2.6536074,9.844804,-3.7219746,-6.598048,1.1617334,14.497339
3171,86.99588477366255,-2.0654466,11.911319,-3.9086742,-6.2398186,0.70247036,13.990939
3172,87.02331961591221,-2.3551362,12.423476,-4.167183,-7.1478925,1.9342272,13.770438
3173,87.05075445816186,-2.4083574,11.577668,-1.8318378,-6.424365,1.3670758,11.40323
3174,87.07818930041152,-2.4481122,9.094016,-3.972549,-6.5794334,2.1223044,11.079152
3175,87.10562414266118,-2.1645129,5.493858,-8.616028,-14.138877,1.8939149,15.775235
3176,87.13305898491083,-1.5821589,4.61769,-7.3888526,-11.704867,1.7202247,13.282715
3177,87.1604938271605,-1.317685,7.180625,-3.0648057,-8.394473,1.1620613,12.4509325
3178,87.18792866941016,-2.2885087,3.954413,-5.6635175,-8.382049,0.34953856,10.503272
3179,87.2153635116598,-1.0824413,3.7558188,-5.9218144,-9.356521,0.81396717,11.90574
3180,87.24279835390946,-1.7622991,5.8219,-4.2613306,-9.277134,3.3417122,9.627223
3181,87.27023319615913,-0.49244398,3.3617563,-4.815472,-6.952441,0.8726804,9.163048
3182,87.29766803840877,-3.0120769,4.6500454,-6.831137,-8.8506155,1.185604,11.118719
3183,87.32510288065843,-3.9769745,5.862131,-5.484811,-9.850425,1.7684662,11.433638
3184,87.3525377229081,-5.146574,2.44816,-8.256788,-12.60059,1.9313642,11.8143835
3185,87.37997256515774,-4.059257,9.356324,-3.0701954,-8.328731,3.3547933,11.745433
3186,87.4074074074074,-3.049095,5.3902626,-2.0579646,-5.1751304,1.3166546,6.6200743
3187,87.43484224965707,-2.7869542,4.3906884,-5.7323,-9.363725,1.364751,12.367371
3188,87.46227709190673,-3.1589055,5.875439,-7.2199492,-11.164335,0.99535793,13.772245
3189,87.48971193415638,-1.8051181,4.7887044,-6.454843,-10.440633,1.0342598,12.576892
3190,87.51714677640604,-1.1762393,7.2033114,-2.9725018,-8.202509,1.9385887,12.179538
3191,87.5445816186557,-2.6339445,4.6178446,-4.4910626,-8.08417,0.75292957,10.395701
3192,87.57201646090535,-1.7805623,5.343779,-3.6758723,-8.345957,2.0465415,10.921302
3193,87.599451303155,-1.6663492,4.6473184,-3.7055187,-6.0661707,1.07803,9.023168
3194,87.62688614540467,-1.8006071,2.2895467,-2.7932587,-4.7489257,1.9383963,4.361471
3195,87.65432098765432,-1.3017279,5.467176,-3.2502646,-7.5607524,1.5757854,10.985958
3196,87.68175582990398,-1.1122041,5.719233,-3.6043777,-7.484508,1.1200659,11.581339
3197,87.70919067215364,-1.364021,8.303906,-1.3891195,-6.1302276,1.3924342,10.116639
3198,87.73662551440329,-0.7057864,8.489378,-0.88784826,-6.2416387,6.119219,8.153191
3199,87.76406035665295,-1.9417671,8.1431675,-4.438528,-9.712359,3.5382993,15.587807
3200,87.79149519890261,-1.1677449,8.589944,-4.6547184,-10.709908,3.6160054,16.029215
3201,87.81893004115226,-0.7111525,7.7345057,-5.5436196,-11.223736,3.3090107,15.136522
3202,87.84636488340192,1.3076409,10.545406,-2.9578385,-8.959067,3.2820444,15.479199
3203,87.87379972565158,0.060099635,8.070399,-3.5747318,-9.44747,3.655118,12.733272
3204,87.90123456790124,0.7294924,9.552873,-0.25389725,-4.801453,2.2024922,9.921358
3205,87.92866941015089,0.5444098,12.305942,-0.55806464,-6.555358,3.9529767,16.424135
3206,87.95610425240055,-1.0010073,9.473761,-2.8222716,-10.164751,4.3699718,16.215858
3207,87.98353909465021,-0.8740472,5.9731455,-5.5570307,-11.257117,4.8594255,14.856861
3208,88.01097393689986,-3.1972167,7.3756123,-2.5583575,-8.952766,4.5012264,13.861722
3209,88.03840877914952,-2.2271075,6.7146554,-3.4010267,-10.258628,2.1845665,14.754621
3210,88.06584362139918,-2.5015433,4.5789976,-4.2607193,-9.598503,3.200523,11.760397
3211,88.09327846364883,-1.7417048,5.973284,-2.330317,-6.4170337,3.8547556,8.321156
3212,88.12071330589849,-2.8646476,4.823779,-3.034372,-6.579261,2.3897445,9.902081
3213,88.14814814814815,-1.0096859,5.225952,-2.1929903,-8.349462,2.7909796,11.763071
3214,88.1755829903978,-3.474613,7.232751,-3.0909412,-5.2973123,0.3482849,7.4870806
3215,88.20301783264746,-1.7063446,6.0923967,-1.5749547,-5.455411,1.8151039,9.426842
3216,88.23045267489712,-1.2366569,7.8116045,-1.154993,-6.017459,4.74161,8.551201
3217,88.25788751714677,-2.5649378,7.244561,-3.3901098,-10.311761,5.7812757,14.187357
3218,88.28532235939643,-1.4253917,8.181104,-4.161916,-11.440626,4.5547915,15.503408
3219,88.3127572016461,-0.75193936,5.7868757,-5.568035,-11.752239,3.9279106,13.00185
3220,88.34019204389575,-0.2697699,3.2420654,-6.8075104,-13.021109,4.588972,11.067064
3221,88.3676268861454,-0.040500157,7.1597624,-4.5284963,-10.213145,4.1536818,12.1835165
3222,88.39506172839506,-0.36732545,7.1254106,-5.3084955,-10.886121,3.9445496,13.63872
3223,88.42249657064473,2.0978098,7.9046044,-2.9567082,-9.433289,3.489033,12.287663
3224,88.44993141289437,2.7928598,8.465821,-3.2497983,-9.9344225,4.237851,14.161821
3225,88.47736625514403,1.7488179,12.074435,-1.8272088,-8.458634,2.5106397,13.83091
3226,88.5048010973937,-0.53544664,11.466268,-2.9059796,-8.559718,0.5686741,15.889048
3227,88.53223593964334,-0.2029397,11.988455,-1.2821381,-6.9471555,1.1767887,19.03204
3228,88.559670781893,-1.2884501,11.070507,-3.0756378,-6.6038427,0.6444812,19.630577
3229,88.58710562414267,-1.8136911,11.4350395,-2.0627458,-5.8750873,0.39185217,21.769579
3230,88.61454046639231,-0.82499015,10.546383,-2.4076169,-4.0885253,0.44684646,22.690125
3231,88.64197530864197,-0.3703744,10.82461,-3.0641387,-6.1456037,0.56561667,18.20488
3232,88.66941015089164,-0.84569645,9.195759,-3.4223511,-6.708531,0.3248703,18.215343
3233,88.69684499314128,-0.5561792,6.567349,-2.688911,-5.9313517,0.022785062,13.346299
3234,88.72427983539094,-0.88907206,6.0877423,-2.712005,-6.3430347,0.19730593,11.9650345
3235,88.7517146776406,0.089207,6.5905094,-3.4007921,-7.035233,0.81621754,13.054464
3236,88.77914951989025,-1.0397923,7.171254,-5.044638,-7.42334,0.22397454,13.238111
3237,88.80658436213992,-2.2190554,6.992317,-5.361371,-7.792805,1.4542072,10.604706
3238,88.83401920438958,-2.233877,8.074971,-4.127284,-7.3396735,0.006262021,15.067314
3239,88.86145404663924,-2.2009535,7.2900205,-5.275318,-8.737874,0.6156128,15.570373
3240,88.88888888888889,-3.9728408,5.519358,-6.9580555,-10.332082,1.2309754,16.338781
3241,88.91632373113855,-2.419259,5.8779593,-5.028009,-7.8668213,0.38458568,14.297048
3242,88.94375857338821,-2.5091002,5.0913105,-4.2204022,-6.8353124,0.8711473,12.9915
3243,88.97119341563786,-2.76978,5.885456,-4.8012366,-7.543125,0.8668098,12.036325
3244,88.99862825788752,-2.980397,6.340244,-5.859389,-8.335355,1.0515773,12.019486
3245,89.02606310013718,-3.5636659,6.6096263,-6.123138,-8.795425,1.8341341,12.667468
3246,89.05349794238683,-0.37651047,6.7262373,-5.438719,-8.837776,1.8242,14.251394
3247,89.08093278463649,-2.188538,4.814622,-4.9610186,-7.5649276,1.3772784,10.3258505
3248,89.10836762688615,-1.3412521,6.858272,-2.8015792,-7.3944736,0.24267483,11.755333
3249,89.1358024691358,-0.14625809,7.198631,-2.4811273,-6.614304,1.076713,11.314368
3250,89.16323731138546,-1.162599,9.968968,-3.680967,-9.2265415,0.057767354,15.611868
3251,89.19067215363512,1.3888605,12.893464,-2.949493,-8.036758,0.3655953,18.13342
3252,89.21810699588477,-1.4655918,12.981099,-3.7168503,-8.275186,0.5030557,17.740799
3253,89.24554183813443,-0.01552131,12.512511,-3.367525,-7.910913,-0.23434599,16.63294
3254,89.27297668038409,-0.4102058,12.530594,-2.424404,-7.7222886,-0.30920988,16.766691
3255,89.30041152263375,-1.1409674,11.831625,-1.6934583,-6.5734305,-0.71168095,18.084408
3256,89.3278463648834,-1.5491861,8.533288,-2.7381797,-8.110611,0.6751607,16.865763
3257,89.35528120713306,-1.3557544,7.1539626,-2.149337,-7.4413686,2.1539786,14.217764
3258,89.38271604938272,-1.3526864,8.731312,-0.60031503,-4.7555184,1.2864997,12.864599
3259,89.41015089163237,-3.0766754,6.3883977,-2.3226955,-6.874293,1.9614735,13.496562
3260,89.43758573388203,-2.6250246,8.949961,-0.8948589,-6.656661,1.2794187,15.742136
3261,89.46502057613169,0.3354229,11.200239,-1.4791609,-7.7704506,3.9673173,15.503914
3262,89.49245541838134,2.7038069,10.030066,-2.478667,-8.426716,3.6238184,14.3293295
3263,89.519890260631,1.0250027,5.5523553,-5.4203053,-11.0046625,4.9392567,10.729389
3264,89.54732510288066,-0.19998664,6.711355,-4.7807307,-10.138341,5.517137,11.401705
3265,89.57475994513031,0.338728,7.695228,-4.756157,-9.945805,5.253815,12.748036
3266,89.60219478737997,1.4352323,4.8814826,-1.8946754,-5.751403,12.217242,6.3666744
3267,89.62962962962963,1.0246371,2.0771086,-4.2710547,-7.7539973,9.540922,6.486168
3268,89.65706447187928,2.1862278,1.1108795,-2.215408,-4.278536,7.8782587,3.5325434
3269,89.68449931412894,-0.33837116,-0.41843864,-4.6586647,-6.4391932,5.3983364,3.584824
3270,89.7119341563786,0.49028185,4.5573187,-4.6451583,-8.95114,6.3734136,9.424917
3271,89.73936899862825,1.7309811,4.5951324,-3.0212173,-6.420205,7.4515896,8.039135
3272,89.76680384087791,4.3698072,6.5725245,-2.4640565,-5.643683,7.2168937,7.2565727
3273,89.79423868312757,2.2696552,8.281633,-2.744605,-5.853034,4.0435843,9.260584
3274,89.82167352537724,2.827225,7.0903764,-3.1762576,-5.522546,2.8607934,13.285247
3275,89.84910836762688,1.7093897,4.4576163,-3.555848,-5.8339324,6.7262053,8.857692
3276,89.87654320987654,1.3399401,2.6931553,-5.040317,-6.775368,7.6379113,6.7373805
3277,89.9039780521262,1.1527246,0.1250272,-3.920128,-4.30843,4.8804927,3.7261293
3278,89.93141289437585,0.47575843,5.2724757,-4.5445933,-8.205123,5.5002995,9.791585
3279,89.95884773662551,3.6760867,6.900149,-3.5970967,-9.168472,3.188199,9.782601
3280,89.98628257887518,1.8483335,5.840174,-5.092963,-10.433467,4.0404296,10.664154
3281,90.01371742112482,1.3560603,1.7548747,-5.877983,-8.299954,2.537796,6.7438087
3282,90.04115226337449,-1.4043432,6.591337,-4.5209217,-10.59843,4.3751,12.257058
3283,90.06858710562415,0.8475916,6.9738774,-4.9429994,-10.3677845,3.207698,12.0201025
3284,90.0960219478738,0.23812251,8.466569,-3.504178,-9.625788,3.098723,11.785648
3285,90.12345679012346,-1.3045238,8.9652405,-4.1000915,-10.319638,4.671468,13.791917
3286,90.15089163237312,1.7351543,8.520374,-2.9746976,-8.662488,4.318274,11.545832
3287,90.17832647462276,2.0118687,7.1525416,-5.2325993,-10.55914,2.819012,11.96708
3288,90.20576131687243,-0.7893055,8.3530445,-4.133066,-8.551156,3.0072186,13.315788
3289,90.23319615912209,1.5985627,7.934075,-4.9605646,-8.415207,2.502745,11.995003
3290,90.26063100137175,0.44085327,7.3823543,-4.848918,-8.096632,2.7281916,11.703461
3291,90.2880658436214,-0.49990243,7.9050045,-5.0183372,-7.6511054,2.0100276,12.705327
3292,90.31550068587106,1.4428109,7.8793907,-4.9906797,-9.680153,4.7158775,11.862369
3293,90.34293552812072,-0.6777681,10.72799,-2.4819064,-7.0124598,3.5070946,13.591069
3294,90.37037037037037,0.5834357,11.077986,-3.1666749,-7.5112267,4.5267124,13.54444
3295,90.39780521262003,1.2744573,13.978379,-1.1846573,-7.230607,4.897173,13.2192335
3296,90.42524005486969,1.4039797,13.397096,-1.326909,-8.333761,5.955869,13.641316
3297,90.45267489711934,0.7418109,10.825861,-2.490325,-5.9219747,3.1900547,13.936156
3298,90.480109739369,-0.7004559,8.723121,-3.2809055,-7.1847224,2.3649893,13.59998
3299,90.50754458161866,0.21724382,8.776463,-4.1147175,-5.738834,2.6163847,13.68558
3300,90.53497942386831,0.21321645,8.630219,-3.9987295,-8.483012,4.4464626,14.127218
3301,90.56241426611797,1.6989266,5.8557186,-5.102229,-9.300942,5.686713,9.063735
3302,90.58984910836763,0.7927481,8.530782,-3.5171993,-7.837102,5.0650077,10.577058
3303,90.61728395061728,0.6489348,10.357287,-2.459686,-7.0988708,6.097457,11.185754
3304,90.64471879286694,2.0299664,12.024591,-0.5003314,-6.521211,5.406639,9.536525
3305,90.6721536351166,0.7260492,10.2566,-2.2906983,-8.174755,5.9559155,11.268092
3306,90.69958847736625,1.9451109,4.3697643,-5.893569,-8.419994,6.9041204,8.241365
3307,90.72702331961591,1.7673097,1.9337723,-4.3745046,-6.1817727,6.4633017,5.626534
3308,90.75445816186557,0.89023316,5.4523168,-5.08898,-9.092632,6.4687304,9.979871
3309,90.78189300411523,2.8565538,12.904329,-1.9908116,-5.6163087,8.369794,10.563694
3310,90.80932784636488,1.5756063,11.092272,-2.8765876,-4.891994,5.9922357,10.60443
3311,90.83676268861454,2.148496,7.847825,-3.6239963,-5.943017,6.340467,9.571967
3312,90.8641975308642,0.8877063,4.673122,-4.643969,-7.1887245,8.824087,7.7664747
3313,90.89163237311385,2.023499,10.935177,-0.28000233,-4.98281,2.8326597,12.180864
3314,90.91906721536351,3.1149695,11.7433815,-0.08747275,-3.2963195,1.4144869,13.955824
3315,90.94650205761317,2.13442,12.878023,0.18834165,-3.894368,0.26121837,14.69448
3316,90.97393689986282,2.3828704,13.102723,0.083867095,-3.0262363,-0.06986234,15.86286
3317,91.00137174211248,1.2291507,15.567978,1.0802732,-3.9204214,-0.4786725,17.212015
3318,91.02880658436214,0.4368139,14.6277,-1.0196899,-4.2511897,1.8777696,18.706198
3319,91.05624142661179,-1.5934769,12.259459,-3.0251298,-6.896984,2.0534055,16.938005
3320,91.08367626886145,-1.0975825,10.735468,-0.58000517,-2.65012,0.083792455,10.113168
3321,91.11111111111111,-1.6055409,9.685205,-1.254887,-4.3090034,-0.27430412,11.456543
3322,91.13854595336076,-2.2109983,12.4374275,-1.4181076,-7.1595583,2.2319856,17.107899
3323,91.16598079561042,-1.0614494,8.063473,-4.3039308,-8.843713,3.6939318,12.944946
3324,91.19341563786008,-0.33677676,10.233354,-3.0202594,-6.933332,0.7038342,14.264054
3325,91.22085048010975,-0.5226768,11.9023,-1.92682,-8.337016,2.5091317,16.161915
3326,91.2482853223594,-1.0742575,11.375987,-2.363796,-8.714861,1.7821157,15.577566
3327,91.27572016460906,-0.7592367,10.804162,-1.2886829,-8.219172,5.9693427,14.766235
3328,91.30315500685872,-1.8456188,12.057163,-0.8750653,-7.7685423,2.3343449,18.20864
3329,91.33058984910836,-1.8798903,6.423717,-3.969342,-8.320334,1.173379,12.920058
3330,91.35802469135803,-2.7579432,5.4956264,-3.84871,-8.253825,0.7775975,11.283047
3331,91.38545953360769,-2.309248,5.8911576,-3.5638263,-9.12142,2.5920072,12.374101
3332,91.41289437585733,-2.2751663,8.308388,-3.9950638,-9.194629,2.9715354,14.910094
3333,91.440329218107,-1.0004965,6.8336096,-5.5433073,-10.643948,5.298348,12.491066
3334,91.46776406035666,0.4476989,1.6727821,-4.716569,-6.3544006,6.541142,5.8313155
3335,91.4951989026063,-0.08956627,5.6128693,-4.9126134,-8.978728,6.430557,10.766886
3336,91.52263374485597,2.4340498,4.0333734,-2.5472474,-7.0578604,11.715638,7.911947
3337,91.55006858710563,1.4502559,0.4012626,-4.167503,-5.8513684,8.103664,4.795692
3338,91.57750342935527,1.6049047,0.73395103,-3.6137805,-4.244445,6.2164025,4.0410304
3339,91.60493827160494,0.7740607,4.2789693,-4.5083013,-7.9136424,6.5380673,8.776241
3340,91.6323731138546,1.7045317,2.3895335,-0.36492237,-2.843887,5.609349,3.3460178
3341,91.65980795610425,1.9027971,3.8702366,-1.1051528,-3.7411454,6.4969773,5.7617383
3342,91.6872427983539,1.2478579,1.5214202,-1.392931,-4.2685065,7.286845,3.561409
3343,91.71467764060357,1.2611446,-0.393656,-3.272643,-5.695618,5.6296344,4.1404123
3344,91.74211248285323,1.7106719,2.4268312,-3.596938,-6.952454,6.1269293,7.7936974
3345,91.76954732510288,3.513808,4.144967,-2.2843847,-4.4126415,5.1337233,5.750711
3346,91.79698216735254,3.9592142,4.0157623,-0.28367943,-1.788404,2.0124652,2.9404044
3347,91.8244170096022,-2.9737444,7.708848,-4.166107,-8.999962,4.627098,10.574116
3348,91.85185185185185,4.1928506,3.8965826,-0.20148866,-2.094048,-0.10349399,3.0740716
3349,91.87928669410151,1.7521638,8.429987,-3.1492746,-8.46909,0.5615033,11.591001
3350,91.90672153635117,2.0184486,8.790895,-1.5008307,-1.6542689,1.3165362,8.9323845
3351,91.93415637860082,3.2437327,7.208236,-3.7778616,-4.9798098,2.7377105,8.225019
3352,91.96159122085048,2.7011662,6.140731,-1.3039649,-2.8165455,2.615916,7.540427
3353,91.98902606310014,4.4769683,7.5045605,-0.04387038,-3.379771,4.3922873,7.5851536
3354,92.01646090534979,2.751959,7.823967,-3.9967167,-4.9516287,3.896798,9.822516
3355,92.04389574759945,1.8568478,6.027039,-4.6763806,-8.53681,1.1603281,12.339306
3356,92.07133058984911,1.4991636,3.1632802,-5.0149627,-6.4991436,0.8483952,7.479066
3357,92.09876543209876,-1.029117,6.389588,-4.079258,-9.0076685,0.8010323,12.374232
3358,92.12620027434842,2.080981,6.502113,-3.5468614,-7.60825,1.5531781,10.863786
3359,92.15363511659808,-1.3707662,7.598264,-3.6725414,-8.333394,1.0227771,13.659444
3360,92.18106995884774,0.47662306,6.521224,-4.2718706,-7.4021554,1.8559817,11.33948
3361,92.20850480109739,1.4848863,6.501104,-4.0049324,-6.842037,1.6132805,11.727179
3362,92.23593964334705,1.8709213,6.275499,-1.8700223,-4.7023263,1.3402932,10.656792
3363,92.26337448559671,2.3842046,7.123462,-3.525695,-5.942035,0.9628453,12.008806
3364,92.29080932784636,0.49066308,10.531707,-2.0943189,-5.950646,0.76797867,15.02351
3365,92.31824417009602,1.0375031,11.470057,-1.2568195,-4.1962705,0.86414105,15.412657
3366,92.34567901234568,1.1186963,9.126165,-1.2680998,-3.872561,1.6811711,13.984901
3367,92.37311385459533,2.2564192,12.473875,-1.9663513,-4.461727,0.59922534,17.327358
3368,92.400548696845,1.1124386,13.184508,-2.5569198,-5.4097724,0.8108215,18.944386
3369,92.42798353909465,-2.0687642,9.423375,-5.5692296,-8.06937,0.27679765,13.777878
3370,92.4554183813443,-3.096479,9.098545,-5.687066,-7.287863,0.29338053,11.76048
3371,92.48285322359396,0.56465465,10.721768,-3.070361,-7.4873123,0.54187876,16.9527
3372,92.51028806584362,0.39665288,11.490745,-2.7236454,-6.348705,0.6322227,18.013243
3373,92.53772290809327,1.1990997,10.618274,-1.3222675,-4.8852963,0.41467488,19.683937
3374,92.56515775034293,2.296149,7.0061765,-3.7106893,-6.825103,0.26352417,13.285676
3375,92.5925925925926,1.8808646,9.115127,-2.0683012,-5.0247355,-0.031401046,14.945525
3376,92.62002743484226,1.9781189,8.836333,-2.06416,-4.074122,-0.16352285,15.984682
3377,92.6474622770919,2.1061628,10.292178,-3.465576,-6.0741186,0.22574794,17.993294
3378,92.67489711934157,0.049468588,7.8962097,-5.0042977,-7.975071,1.1215861,17.299004
3379,92.70233196159123,-1.5678936,5.1140265,-2.8095026,-6.008605,0.98733205,10.306371
3380,92.72976680384087,-1.5643826,4.9978037,-2.478397,-5.236473,0.69512427,10.244769
3381,92.75720164609054,0.54796904,6.1956077,-2.2133746,-5.691568,0.07884431,13.694358
3382,92.7846364883402,-0.15999079,6.4838786,-2.2587712,-5.6428924,0.55401474,13.646268
3383,92.81207133058984,0.5728508,7.331379,-3.4399137,-6.351982,-0.39084467,15.719549
3384,92.8395061728395,1.8726358,8.369084,-2.7934413,-7.0215316,-1.41952,15.419637
3385,92.86694101508917,0.33138978,8.439495,-3.7477193,-7.6620417,-0.44229853,12.05884
3386,92.89437585733882,0.85404706,7.2581644,-3.6650755,-8.085712,-0.07963563,9.082097
3387,92.92181069958848,0.2438066,7.6379704,-3.2262993,-6.420916,-1.218587,9.873559
3388,92.94924554183814,1.967339,11.145309,-0.98259544,-4.218412,-0.87374,14.5428915
3389,92.97668038408779,0.33021727,9.95624,-1.8256373,-5.293729,-1.4177997,14.747265
3390,93.00411522633745,-1.1016932,9.530768,-2.2301784,-6.0280204,-1.4959912,18.375492
3391,93.03155006858711,0.8882052,8.119795,-4.622562,-9.5936,-0.23116091,13.919505
3392,93.05898491083676,0.30910972,6.581201,-3.888698,-7.0791326,0.00799933,12.997255
3393,93.08641975308642,-1.0214179,5.3694696,-3.048381,-6.182347,-0.2083906,10.920076
3394,93.11385459533608,-2.978327,5.0155425,-4.1207266,-7.5765753,0.026389338,12.498568
3395,93.14128943758574,-1.820178,5.7239423,-4.171167,-8.280228,0.50036544,13.248701
3396,93.16872427983539,-0.35218504,8.995962,-4.3897686,-7.942343,0.5442554,14.837936
3397,93.19615912208505,-0.61081594,10.07364,-3.9192066,-8.211376,2.26416,14.567856
3398,93.22359396433471,-1.8106767,7.785881,-4.278127,-6.145827,2.9436772,11.794996
3399,93.25102880658436,-0.060969107,6.321241,-5.637833,-9.857065,0.8619291,13.780246
3400,93.27846364883402,0.65896094,4.3725843,-6.511336,-10.399863,1.8063432,11.422956
3401,93.30589849108368,-1.2391413,6.007993,-5.4930997,-9.932135,0.2167811,13.362886
3402,93.33333333333333,-2.5984364,7.288591,-6.483759,-10.735704,0.56865126,14.655418
3403,93.36076817558299,-2.2807386,9.35451,-5.317769,-9.5280905,-0.20908968,15.339765
3404,93.38820301783265,-1.6588216,6.86115,-6.3880086,-9.838882,0.32034102,13.318741
3405,93.4156378600823,0.5371416,10.013395,-3.797586,-6.381261,0.5347932,15.193282
3406,93.44307270233196,3.0302634,10.830824,-3.4046412,-4.9681516,1.1430914,13.3158455
3407,93.47050754458162,-0.008500612,9.715829,-6.1229897,-8.4610405,1.628513,17.219963
3408,93.49794238683127,-1.4073998,10.510698,-4.991775,-7.5161104,1.0283775,14.103723
3409,93.52537722908093,-0.17717995,11.883345,-2.1213481,-3.8630702,1.5058109,15.529428
3410,93.55281207133059,-2.9981859,9.45388,-4.1930876,-5.706637,1.3246503,12.826834
3411,93.58024691358025,-3.1857862,6.9602427,-3.5213156,-4.7915974,0.40565172,8.946261
3412,93.6076817558299,-1.1567713,8.020232,-1.1951274,-3.7933025,1.2629409,11.070147
3413,93.63511659807956,-0.8378053,8.962759,0.21819529,-4.7191625,0.8905189,14.945179
3414,93.66255144032922,-3.3936508,8.475542,-2.752898,-4.938503,0.043546304,12.208947
3415,93.68998628257887,-1.0783393,11.522746,-0.58510214,-3.9789722,1.5884734,14.629416
3416,93.71742112482853,-1.409208,11.019898,-1.6472884,-4.937517,1.2021897,15.240678
3417,93.7448559670782,1.3030313,12.525744,0.087803535,-4.93111,0.10915868,18.255657
3418,93.77229080932784,0.08626942,11.91276,-2.4613047,-6.442949,-1.4389827,14.397011
3419,93.7997256515775,-1.1334361,12.645421,-1.836566,-4.6178856,-0.65043724,19.16379
3420,93.82716049382717,-0.7149551,12.557374,-1.6707717,-4.5586495,-0.46287972,16.545135
3421,93.85459533607681,-0.035644483,12.567385,-1.0058924,-4.405996,-0.8065878,17.639093
3422,93.88203017832647,-0.3878479,12.328105,-2.5064306,-2.878579,-0.16225147,13.832966
3423,93.90946502057614,-0.10529172,12.0722,-1.8318968,-2.5923896,-0.674427,15.566399
3424,93.93689986282578,-1.6978865,11.626897,-2.4752517,-2.579484,-0.68364507,15.239213
3425,93.96433470507544,-0.38764548,9.302739,-4.206136,-3.3760538,-0.17179377,10.995276
3426,93.9917695473251,-0.70012116,10.570542,-4.161132,-2.870272,0.38168815,12.649977
3427,94.01920438957475,-1.9551651,14.033737,-2.7222888,-4.319837,0.102614745,15.01903
3428,94.04663923182441,-0.4625561,11.812813,-3.4397955,-8.336391,-1.1481744,15.649429
3429,94.07407407407408,-0.71717626,9.974025,-3.0050547,-8.438546,0.859047,18.231329
3430,94.10150891632374,-1.0337029,9.883067,-2.7403243,-7.5336905,1.2559315,18.915579
3431,94.12894375857339,-1.8006442,6.8493676,-3.7841928,-8.197772,0.8971814,14.496795
3432,94.15637860082305,-0.3280564,7.1842732,-2.2290118,-5.9394298,0.6212843,12.784315
3433,94.18381344307271,-0.14974262,7.4180503,-1.8928094,-6.711788,0.51244515,12.056253
3434,94.21124828532236,-0.72476184,8.311501,-3.7064862,-8.776233,0.61109275,14.931806
3435,94.23868312757202,-1.6461859,8.21413,-5.6393456,-8.812184,1.2118117,16.124752
3436,94.26611796982168,0.28087726,6.212671,-6.213237,-10.996875,1.9453331,15.661363
3437,94.29355281207133,-1.4030031,4.870831,-5.839178,-9.563024,1.380403,12.361188
3438,94.32098765432099,-1.7671806,4.478637,-4.116623,-7.0739713,0.42706805,9.910223
3439,94.34842249657065,-2.9656847,3.6656384,-4.799487,-7.2210984,0.2331185,9.174893
3440,94.3758573388203,-1.2493527,3.5184243,-5.531036,-7.9279184,0.9760896,10.133315
3441,94.40329218106996,-1.7460985,4.592193,-6.8925595,-7.8530917,0.79410547,10.27186
3442,94.43072702331962,-4.0062017,2.6689808,-8.1943245,-11.474569,1.7121316,12.266144
3443,94.45816186556927,-2.66448,8.047103,-2.452543,-7.4518266,0.48201787,15.815487
3444,94.48559670781893,-1.866076,6.266325,-3.2975426,-6.919971,0.93850416,14.417464
3445,94.51303155006859,-2.0387146,5.2225785,-5.183738,-7.36327,1.3848648,11.303226
3446,94.54046639231825,-2.662887,6.0079193,-7.0125847,-10.069468,1.5108967,14.123531
3447,94.5679012345679,-1.3564733,4.436091,-6.193612,-9.476106,1.6252578,12.539349
3448,94.59533607681756,-2.0606298,7.2128024,-2.9656188,-7.2862916,0.8189429,12.608154
3449,94.62277091906722,-1.5326691,6.007003,-2.8252072,-7.4547997,0.51422006,12.160095
3450,94.65020576131687,0.038893744,6.680354,-2.7782667,-6.7270923,0.9811887,11.499892
3451,94.67764060356653,-0.488344,5.0929203,-3.3359387,-5.632719,0.90101904,8.663406
3452,94.70507544581619,0.37415975,6.1320834,-3.9585693,-7.0603046,1.5438824,12.244061
3453,94.73251028806584,-1.5359614,9.022141,-4.6973596,-10.506415,0.2307699,16.735395
3454,94.7599451303155,0.36126646,10.272232,-3.9363024,-9.550107,-0.26235873,16.552485
3455,94.78737997256516,-0.16878957,11.882735,-3.4957712,-9.104908,0.040631842,16.664127
3456,94.81481481481481,-1.0212481,7.605223,-4.2864656,-8.638253,1.1638944,14.97835
3457,94.84224965706447,-0.30939677,8.945123,-4.010587,-9.154248,1.7566756,15.067868
3458,94.86968449931413,0.40441996,6.772444,-5.643181,-10.991955,2.9325118,12.841221
3459,94.89711934156378,-0.77786213,7.803377,-3.7983592,-8.462028,1.1953242,13.334214
3460,94.92455418381344,0.23733032,11.1305275,-0.89802283,-6.7236166,1.7930903,18.08136
3461,94.9519890260631,-0.53389937,11.399353,-2.5844743,-8.369662,2.3417773,19.42093
3462,94.97942386831275,-2.0923932,6.764472,-2.4597986,-7.046923,1.3631251,14.198051
3463,95.00685871056241,-1.4989506,8.0305195,-1.4939455,-5.2238193,-0.16464229,14.014321
3464,95.03429355281207,-2.001695,7.010671,-1.4346215,-6.280837,1.4623475,13.699737
3465,95.06172839506173,-1.4285909,7.8290195,-1.8444539,-6.9220514,1.3301617,14.031938
3466,95.08916323731138,-1.169369,10.270724,-2.3427143,-7.7290664,0.06536642,18.518501
3467,95.11659807956104,0.09261981,10.871765,-1.094343,-6.6231394,-0.8480871,18.986036
3468,95.1440329218107,-0.3016483,10.028992,-2.3523884,-7.141115,-1.586062,17.173414
3469,95.17146776406035,-1.243421,9.102136,-2.065969,-7.0884595,-1.6376072,17.38948
3470,95.19890260631001,-1.1227846,9.290924,-3.0147247,-6.3748507,0.001379009,17.914179
3471,95.22633744855968,-0.63365024,4.9853044,-2.997212,-5.617256,0.31054118,11.4766
3472,95.25377229080932,-1.3954519,6.2045383,-1.9273475,-5.288809,0.18911059,11.2164545
3473,95.28120713305898,-1.3630952,5.171404,-1.7914609,-4.1949506,0.3324819,9.929521
3474,95.30864197530865,-2.0081053,6.5748134,-0.87358767,-4.1810184,0.4941058,11.726262
3475,95.3360768175583,-1.4308754,7.107307,-1.1380173,-4.3968887,0.39537677,11.77073
3476,95.36351165980795,-1.8473905,9.573158,-1.2496202,-5.2164965,0.51413697,14.155445
3477,95.39094650205762,-2.910669,10.06748,-2.949149,-7.6373324,1.1925209,16.426348
3478,95.41838134430726,-2.8282347,6.7358036,-4.503006,-5.9812856,1.3182211,11.210994
3479,95.44581618655693,-1.820205,9.196845,-3.3360822,-7.009385,1.2218524,16.535334
3480,95.47325102880659,-1.1290338,10.394344,-1.1596977,-6.5283947,-0.18826549,18.420765
3481,95.50068587105625,0.51147676,8.78865,-1.9074181,-6.8448844,-0.33011597,15.597577
3482,95.5281207133059,0.28857288,5.354554,-1.806963,-5.26165,0.29843134,11.186934
3483,95.55555555555556,0.44849026,6.1662908,-0.31310815,-3.1633563,0.7643353,8.508437
3484,95.58299039780522,0.29975262,6.341926,-0.107475996,-2.9383807,0.59162533,8.501
3485,95.61042524005487,-0.3717516,6.098359,-0.835335,-3.961702,0.39918777,9.223405
3486,95.63786008230453,-0.5774734,7.4624853,-1.4557,-5.158773,0.85799307,13.082941
3487,95.66529492455419,-1.4422832,7.150183,-3.0687609,-7.378047,1.8059083,11.627584
3488,95.69272976680384,-1.0526094,8.672201,-0.9637096,-5.0341444,0.82208705,13.208728
3489,95.7201646090535,0.32387644,9.537222,-0.9989276,-5.7750564,0.29885375,14.8446455
3490,95.74759945130316,0.95406663,11.101243,-0.9697462,-6.427295,-1.0539029,16.160334
3491,95.7750342935528,-0.34403384,12.476279,-0.8092677,-6.3005548,0.6107353,17.651949
3492,95.80246913580247,-1.2864697,12.199867,-2.2030957,-6.7606754,1.1809099,15.770975
3493,95.82990397805213,-1.6775022,10.42062,-2.9632254,-7.038881,1.0274689,12.6159
3494,95.85733882030178,0.4686127,9.115369,-3.5796885,-9.390588,2.2130344,14.5703535
3495,95.88477366255144,0.86127573,6.568217,-5.513954,-10.9206705,4.1874466,12.454877
3496,95.9122085048011,-0.8019924,8.044077,-4.1770935,-10.261459,3.0035028,13.965968
3497,95.93964334705075,0.8594172,11.282339,-2.818231,-10.131434,4.173207,16.961102
3498,95.96707818930041,-0.6672784,7.591561,-3.4969301,-9.974824,2.2674053,15.102077
3499,95.99451303155007,-2.470791,5.7785263,-3.6793144,-9.329847,0.78548014,12.982322
3500,96.02194787379973,-1.3308156,6.5593367,-3.1610332,-10.292043,1.9739492,13.810897
3501,96.04938271604938,-1.5967977,5.6765814,-3.4235961,-9.40825,4.0265703,11.86945
3502,96.07681755829904,-1.9829391,1.7590429,-2.98887,-4.683303,2.6082368,3.411606
3503,96.1042524005487,-1.6585737,5.560025,-2.7884433,-8.479015,3.621735,10.540738
3504,96.13168724279835,-2.2499478,8.296016,-2.3815105,-7.579962,1.6461054,11.776564
3505,96.15912208504801,-0.67504895,7.5157166,-1.2891415,-7.0158668,4.781673,9.623266
3506,96.18655692729767,-3.3266585,6.9345846,-1.9311023,-6.424521,3.9526496,8.279022
3507,96.21399176954732,-1.9838802,9.001929,-2.7178442,-10.247176,4.7023907,15.063145
3508,96.24142661179698,-0.4452978,10.173024,-3.3023725,-11.354666,4.37137,16.883852
3509,96.26886145404664,-0.9455533,12.461748,-2.943812,-10.155833,4.192287,17.1076
3510,96.29629629629629,-1.0916048,10.961564,-2.8568966,-8.499815,3.3086903,14.658812
3511,96.32373113854595,-1.5399523,10.015156,-3.402196,-9.106709,2.5788674,14.917493
3512,96.35116598079561,-0.41120023,6.890695,-5.930644,-11.517863,6.0599885,13.26387
3513,96.37860082304526,1.4357593,8.006656,-3.7451189,-10.212097,4.469417,13.390201
3514,96.40603566529492,1.6349591,8.795996,-3.6455607,-10.861345,5.0399666,15.701649
3515,96.43347050754458,1.968874,9.032395,-2.4668775,-8.6287565,6.7408414,15.115673
3516,96.46090534979425,0.55643153,7.7622056,-4.5922046,-9.593367,3.8654351,16.035507
3517,96.48834019204389,-0.914711,7.9645205,-4.1997714,-10.401534,7.0780597,15.34098
3518,96.51577503429355,0.2644343,4.3588233,-6.115022,-9.712549,7.306732,10.438549
3519,96.54320987654322,0.5785541,2.4351976,-6.0247655,-8.438667,6.140164,7.7803
3520,96.57064471879286,0.23919879,6.1178827,-5.5234694,-10.084494,5.191605,11.653223
3521,96.59807956104252,0.54254913,6.887146,-3.8058746,-7.6962066,5.9694643,12.345033
3522,96.62551440329219,-0.030924797,7.8648953,-2.8558753,-8.278421,6.0019245,11.933207
3523,96.65294924554183,-0.6349766,4.8496504,-5.343324,-11.742811,5.0943394,13.7778225
3524,96.6803840877915,-3.0184178,5.350856,-4.12256,-11.218218,4.5621986,13.627095
3525,96.70781893004116,-3.2031431,6.0246,-2.9614472,-8.67292,2.5166576,12.120478
3526,96.7352537722908,-2.1192112,4.7710934,-3.663402,-10.435105,2.8794885,12.729675
3527,96.76268861454047,0.09967471,6.3577814,-2.2399766,-5.6995287,1.5720112,10.067823
3528,96.79012345679013,-1.7290311,4.074369,-2.9994216,-6.3096867,1.1631557,8.811241
3529,96.81755829903977,-2.053552,4.656505,-3.0369933,-8.692199,4.0630107,10.626431
3530,96.84499314128944,-2.796585,4.5003695,-3.6953979,-7.0803905,1.2648895,8.928559
3531,96.8724279835391,-4.683972,6.551827,-3.7145946,-6.4124823,3.1075826,9.677885
3532,96.89986282578874,-4.562427,4.291937,-4.1388907,-5.5403624,-0.44780678,7.1247396
3533,96.9272976680384,-2.920925,5.9952617,-3.6423264,-9.701515,5.800574,13.176372
3534,96.95473251028807,-0.7860458,6.395563,-4.5601826,-11.224917,6.021638,14.011899
3535,96.98216735253773,0.27616733,4.887962,-5.378479,-10.682213,6.739023,11.449101
3536,97.00960219478738,0.72992617,2.6410332,-4.977762,-7.939287,6.5996814,7.366599
3537,97.03703703703704,0.82449543,6.0961337,-4.800406,-9.281958,5.081188,10.802837
3538,97.0644718792867,2.627625,5.8894153,-3.0872037,-6.6295843,7.672999,9.068383
3539,97.09190672153635,4.5173984,6.909426,-3.0367994,-6.185241,7.157691,8.465405
3540,97.11934156378601,2.2026896,3.0348485,-4.812767,-6.570775,8.598913,6.971916
3541,97.14677640603567,1.3250209,1.6564904,-4.261281,-5.7121315,7.070692,5.1260524
3542,97.17421124828532,1.1174113,5.49962,-4.1485744,-7.556224,7.075425,9.175917
3543,97.20164609053498,2.4383125,3.206763,-1.5756509,-4.6310296,7.1442223,5.3713565
3544,97.22908093278464,1.7947223,3.6804245,1.0948013,-2.3641665,10.009359,3.613228
3545,97.25651577503429,0.9959951,0.10530147,-2.6087682,-4.160828,6.564447,2.9976559
3546,97.28395061728395,1.3960718,0.7592257,-3.2311637,-4.4991198,6.1212077,3.8909636
3547,97.31138545953361,1.2653185,4.6855216,-4.0939627,-7.528269,6.2763915,8.431765
3548,97.33882030178326,3.164172,3.6473637,-1.4585907,-3.0632496,5.2832785,5.08519
3549,97.36625514403292,3.5736933,3.8967595,-1.3423257,-3.0667877,2.3683527,4.3125176
3550,97.39368998628258,-0.36931452,7.3848696,-1.6620097,-6.239831,2.9509869,7.8758655
3551,97.42112482853224,3.5722399,3.835115,-0.8015341,-2.560708,0.36114842,3.7177625
3552,97.44855967078189,1.1314932,8.953576,-3.053128,-8.022992,1.1195447,11.513884
3553,97.47599451303155,1.6747057,8.145548,-1.5850033,-1.7267053,1.9262714,8.37103
3554,97.50342935528121,1.858129,10.039806,0.2509745,-3.7207413,3.7008343,8.133373
3555,97.53086419753086,2.3855798,6.75376,-1.1228462,-3.2719762,3.1068773,7.7319946
3556,97.55829903978052,1.9430358,4.5231605,-2.8585882,-4.4724436,2.2925806,8.414021
3557,97.58573388203018,2.063078,7.84066,-3.0843809,-8.681388,1.0835632,12.300087
3558,97.61316872427983,1.6807679,8.084284,-2.2273414,-8.232863,0.87862587,11.039313
3559,97.64060356652949,1.705864,8.932037,-2.2681231,-9.565527,2.7845647,13.477749
3560,97.66803840877915,2.2911494,13.471624,-0.8399197,-7.783418,3.3297007,12.50604
3561,97.6954732510288,1.3662324,12.370535,-1.4657328,-7.126431,2.859241,13.878329
3562,97.72290809327846,0.34834945,12.281245,-1.7820977,-7.5001407,2.5562325,12.577871
3563,97.75034293552812,2.1328144,12.203323,-1.4337956,-8.411272,2.815579,13.189165
3564,97.77777777777777,1.2456766,12.345287,-2.1489043,-8.867205,3.9382467,12.877004
3565,97.80521262002743,0.8178578,10.625013,-2.3041933,-9.471927,3.2322202,12.99973
3566,97.8326474622771,0.027382348,11.15295,-1.381799,-9.731144,3.7052803,14.306285
3567,97.86008230452676,1.1836079,9.776562,-3.0586216,-7.581274,3.2225027,10.415186
3568,97.8875171467764,1.5634246,9.653215,-3.70626,-7.505545,4.1458607,11.852836
3569,97.91495198902606,2.070345,11.173649,-2.1496365,-7.808907,3.4135966,13.359355
3570,97.94238683127573,4.4219155,10.734693,-2.9590685,-7.3041406,4.427337,12.500595
3571,97.96982167352537,2.9799774,10.00574,-3.2215812,-7.4690356,3.9586256,11.684485
3572,97.99725651577504,2.1652195,8.3220415,-3.2710779,-7.6825495,3.8629086,11.633413
3573,98.0246913580247,2.6710029,7.919495,-5.4478474,-10.793947,3.3397322,11.580569
3574,98.05212620027434,2.8757222,8.299826,-3.299705,-8.033212,1.4640627,12.11308
3575,98.079561042524,2.969146,9.534304,-3.4506838,-9.702138,3.9048393,15.001147
3576,98.10699588477367,3.979142,12.522531,-1.1946623,-7.3712244,3.6932478,12.429997
3577,98.13443072702331,1.1190934,11.568523,-1.9349529,-7.2078767,3.8766148,12.052349
3578,98.16186556927298,2.252139,9.883381,-2.027969,-7.6787105,4.161783,11.769216
3579,98.18930041152264,1.6066663,4.9491243,-6.890193,-10.90138,5.820397,10.593152
3580,98.21673525377228,1.6131072,3.0065634,-6.4592667,-8.859003,5.3840766,8.250401
3581,98.24417009602195,0.5602694,5.6602783,-5.497472,-9.451585,3.8180907,11.597049
3582,98.27160493827161,1.3924341,7.670816,-3.6447992,-9.816154,4.373142,12.602476
3583,98.29903978052126,-0.60331523,6.0957456,-3.0571835,-10.437713,4.4694924,12.6502495
3584,98.32647462277092,-2.3071742,5.241982,-3.6627064,-10.937323,3.017603,13.235734
3585,98.35390946502058,-2.7384155,5.3495502,-2.513661,-7.1126966,3.2124302,8.828563
3586,98.38134430727024,-2.5125637,7.486565,-2.7173061,-8.798529,5.280251,12.882959
3587,98.40877914951989,-2.1972647,4.730886,-2.974447,-8.169945,3.661712,10.2357435
3588,98.43621399176955,-3.5438,7.027274,-2.9148943,-9.445108,3.2363472,13.18939
3589,98.46364883401921,-0.36620092,6.319055,-2.5947392,-6.9180613,3.857004,8.955832
3590,98.49108367626886,-4.1113725,5.9620457,-3.2833216,-6.7991533,2.2262423,7.8417478
3591,98.51851851851852,-2.839088,6.4474573,-3.229909,-8.956632,5.555954,12.518086
3592,98.54595336076818,-0.54496837,7.1004124,-3.374679,-10.633885,5.557853,13.588616
3593,98.57338820301783,1.6821483,9.938281,-1.8108569,-10.480124,4.143531,13.884203
3594,98.60082304526749,2.2224712,5.7328534,-4.9343104,-11.00251,4.8741865,11.030763
3595,98.62825788751715,1.5316194,6.268254,-4.404775,-9.682067,3.2654572,11.39447
3596,98.6556927297668,2.0672133,6.8502064,-5.1184406,-9.650349,2.5883486,12.86776
3597,98.68312757201646,3.6650648,8.264301,-3.091203,-6.3509398,4.2431355,10.573231
3598,98.71056241426612,1.9861807,5.8111815,-6.0140996,-10.472224,6.229808,10.875495
3599,98.73799725651577,1.5484629,5.041812,-5.995247,-9.910012,7.56469,9.211764
3600,98.76543209876543,0.6442078,7.233824,-4.3594823,-8.950527,5.5033293,11.00323
3601,98.79286694101509,2.7997177,13.498656,-2.4118965,-5.9083524,8.348691,10.4240675
3602,98.82030178326475,1.9930747,5.6345134,-3.2888494,-5.926647,11.079752,7.4974284
3603,98.8477366255144,1.1896422,3.3061044,-5.268267,-7.815874,8.923265,7.3501706
3604,98.87517146776406,1.0024151,1.9966508,-4.431299,-6.04229,6.8410215,5.3446574
3605,98.90260631001372,1.297018,5.4691405,-4.4344325,-8.040121,7.8813124,9.363805
3606,98.93004115226337,3.508531,4.3494706,-2.680821,-4.618069,5.815621,6.8978057
3607,98.95747599451303,2.9610562,5.1177173,-1.9964656,-4.753336,7.572333,7.3105936
3608,98.9849108367627,2.6958673,2.3304298,-2.4864066,-5.439763,8.037479,4.9913273
3609,99.01234567901234,2.468231,2.324129,-3.611456,-6.243071,6.650736,6.6563106
3610,99.039780521262,2.1693692,4.428845,-2.191697,-4.6126122,5.987176,5.420521
3611,99.06721536351166,3.7734616,6.2901783,-3.085533,-4.986385,6.489573,6.893417
3612,99.09465020576131,1.4040698,6.383397,-3.0278919,-5.4662795,4.5249877,7.9724603
3613,99.12208504801097,2.161033,8.887808,-1.7918601,-3.8018475,4.34423,10.780096
3614,99.14951989026063,0.5245798,3.0568385,-3.2463431,-4.8647,6.721838,6.427579
3615,99.17695473251028,1.5593588,1.6068825,-4.8721046,-6.1991587,6.8551364,6.8743997
3616,99.20438957475994,1.0508586,-0.7150944,-4.573231,-5.114307,4.8927264,3.7881646
3617,99.2318244170096,1.3906556,4.1770506,-4.932682,-8.041746,4.740274,9.509054
3618,99.25925925925925,1.1600968,6.4559894,-3.9251351,-9.825309,4.3131185,11.726861
3619,99.28669410150891,0.5768313,6.261136,-2.5510614,-10.093956,4.8154807,12.125276
3620,99.31412894375858,-2.2352781,5.2490864,-3.4801447,-11.182325,3.080246,13.041009
3621,99.34156378600824,-3.600653,7.284927,-3.9662678,-9.920507,5.9911766,11.2277975
3622,99.36899862825788,0.20294881,5.8818307,-2.2133129,-6.6646404,3.0214648,9.113359
3623,99.39643347050755,-1.8823783,5.0135813,-2.868079,-8.698608,3.0846462,10.708242
3624,99.42386831275721,-1.461022,5.5430136,-3.4059498,-8.316437,2.324038,10.487204
3625,99.45130315500685,-5.652595,6.87162,-4.529814,-6.2258806,0.90629226,9.022299
3626,99.47873799725652,-4.1580334,4.070211,-4.3086,-4.285836,0.57789695,7.137089
3627,99.50617283950618,-2.4324245,6.603756,-2.9206698,-9.3247795,5.6331034,12.751755
3628,99.53360768175583,-0.20785712,6.5534925,-3.74621,-11.261929,5.9864244,13.625896
3629,99.56104252400549,2.383217,3.9774795,-3.8511817,-9.823072,5.4795375,10.353567
3630,99.58847736625515,0.87186307,6.8411636,-4.425631,-10.614379,4.524774,13.026159
3631,99.6159122085048,2.687932,7.4400077,-2.782714,-7.4954343,4.630461,10.156253
3632,99.64334705075446,1.8088262,9.574947,-2.3983605,-6.8028326,4.347934,12.025415
3633,99.67078189300412,-1.3279749,9.785866,-3.6184049,-8.426774,3.015379,13.725845
3634,99.69821673525377,-0.0004704268,7.644532,-4.3216085,-8.323119,3.6886706,13.416111
3635,99.72565157750343,2.9970932,4.979398,-4.130276,-10.287128,5.5665593,10.291583
3636,99.75308641975309,1.4910421,5.335499,-4.443048,-8.349259,7.043064,9.934976
3637,99.78052126200275,1.5813391,5.418392,-5.5435753,-11.5413885,6.797066,10.947752
3638,99.8079561042524,3.1544647,2.4342387,-2.6486926,-5.0484104,8.092771,4.873474
3639,99.83539094650206,1.0082215,1.4244933,-4.999464,-6.990962,6.426798,5.38176
3640,99.86282578875172,1.2348437,5.590854,-4.62146,-8.257382,6.765431,9.778273
3641,99.89026063100137,2.9785702,3.980055,-1.3059151,-3.9379144,7.26392,5.7865734
3642,99.91769547325103,4.2800007,5.0369534,-1.3039565,-5.5501995,9.958754,6.9519215
3643,99.94513031550069,2.7733636,5.4049625,-1.358742,-3.828816,8.652302,5.708921
3644,99.97256515775034,2.2482622,0.7484121,-3.60317,-5.1431108,7.3894525,4.750232
3645,100.0,0.8768777,-0.031423938,-4.300505,-4.912348,5.6015763,3.4617882
