token_index,depth_percent,suite__L39,validator__L39,scorefile__L39,acquire__L39,report__L39,motivated__L39
0,0.0,0.23509957,2.2038293,-1.7313656,-4.8582773,1.7214686,4.098009
1,0.03343363423604146,0.5296366,0.89503103,-1.8264487,-3.7200494,1.9141074,3.3633072
2,0.06686726847208292,-1.003144,5.860822,-2.4676275,-7.2592025,1.9254268,9.916121
3,0.10030090270812438,0.0027250934,0.7547548,-2.5642083,-3.0595622,3.3302639,5.051159
4,0.13373453694416584,-0.299873,0.17029198,-3.2610831,-4.3787,2.2427106,7.5905385
5,0.1671681711802073,-2.6304443,3.2940264,-3.9257545,-7.8807545,1.9299747,9.784029
6,0.20060180541624875,-0.12666534,0.6720468,-2.0583067,-3.3662913,1.2180241,2.699601
7,0.2340354396522902,1.6793892,-2.2726448,-0.14510344,-2.33844,1.2546855,0.4559753
8,0.2674690738883317,0.261074,5.7105837,-0.9618565,-3.0634649,2.1141624,6.0843625
9,0.30090270812437314,-3.195828,4.6436214,-2.4848928,-7.9779983,2.1002004,6.947166
10,0.3343363423604146,-3.362379,4.3194184,-2.9017444,-7.797114,0.5318214,9.698727
11,0.36776997659645605,-3.6919813,5.174519,-3.4237719,-5.0937696,-0.7422705,6.3469925
12,0.4012036108324975,0.42047155,4.6520457,-1.6494701,-4.78171,1.9499618,4.9842944
13,0.43463724506853896,0.5982184,6.9672337,-1.3846534,-6.706551,3.594795,7.880559
14,0.4680708793045804,0.94892555,5.6431823,-3.8529704,-6.2428365,2.740203,8.013125
15,0.5015045135406219,0.10938441,6.901698,-3.086949,-5.287825,2.2021458,9.718419
16,0.5349381477766634,0.013265491,5.8427525,-5.049009,-7.087612,3.6826792,9.924914
17,0.5683717820127048,0.3224439,-1.9390881,-3.461432,-4.2605724,1.1599323,2.2065914
18,0.6018054162487463,-0.23594156,-0.7790367,-2.4853292,-4.3044457,2.1457164,0.9479224
19,0.6352390504847877,-1.8752265,-1.0838951,-2.6567075,-4.1757293,1.4030979,1.4071127
20,0.6686726847208292,0.4118393,3.2952156,-5.5714235,-9.018311,1.5072551,10.81456
21,0.7021063189568706,1.1041625,5.4758115,-4.5860696,-8.149385,1.3346517,10.444567
22,0.7355399531929121,2.931444,6.201363,-3.7596686,-8.01185,1.9628658,11.678462
23,0.7689735874289535,-0.32750878,8.334232,-3.0369656,-8.072273,3.4370296,14.161369
24,0.802407221664995,-2.3895905,7.7925773,-2.49617,-9.573146,3.1217513,14.719927
25,0.8358408559010364,-0.55182475,8.581789,-1.9204417,-10.156496,3.7402692,15.49611
26,0.8692744901370779,-2.8485117,7.3794184,-1.5799665,-10.685233,3.0097294,15.773791
27,0.9027081243731193,-1.7166817,6.9917674,-3.7485025,-8.808777,1.658907,13.294736
28,0.9361417586091608,-2.7572026,6.5308332,-3.2525973,-8.2173195,1.0854031,11.304078
29,0.9695753928452022,-4.8402863,7.5095024,-5.307246,-9.455516,2.7077332,12.945101
30,1.0030090270812437,-4.346494,5.100847,-4.2454333,-5.5698113,-1.6328737,7.6771417
31,1.0364426613172852,-6.050631,6.750329,-4.589369,-8.8820915,2.4125824,11.86457
32,1.0698762955533268,-3.872297,5.975165,-3.5577896,-7.922808,3.3166006,11.566493
33,1.103309929789368,-2.7345953,6.9018116,-4.6481094,-8.068548,3.9278214,10.384481
34,1.1367435640254095,-3.4873073,3.3619792,-4.457962,-6.349334,2.9253705,9.019626
35,1.170177198261451,-6.6444216,1.7967204,-5.864497,-9.116046,1.2067454,7.8417673
36,1.2036108324974926,-5.1254163,2.5115054,-3.6195824,-3.5762098,-0.7644248,5.0547767
37,1.2370444667335339,-4.3891654,5.067715,-4.443884,-7.519937,3.1657262,10.640039
38,1.2704781009695754,-2.7033648,5.653872,-2.9943388,-6.3468804,3.6614733,10.766862
39,1.3039117352056169,-3.1698446,6.0564585,-3.7708185,-8.564679,2.0806816,11.074566
40,1.3373453694416584,0.10760929,6.3537607,-4.643015,-9.721745,1.3496193,12.402037
41,1.3707790036776997,-3.236363,4.343736,-3.8835917,-5.406673,-0.05092581,7.9958086
42,1.4042126379137412,-1.4126741,4.9133635,-4.0961146,-7.546432,0.26602423,11.22932
43,1.4376462721497827,2.3889093,8.274785,-3.4047587,-7.2245317,1.592155,13.271082
44,1.4710799063858242,1.0328461,8.371426,-1.508202,-5.643342,-0.06102271,14.244787
45,1.5045135406218655,1.3486075,9.058451,-0.37476206,-6.8447404,2.073938,15.656599
46,1.537947174857907,0.60365045,8.006992,-0.11209494,-6.145108,2.6665483,13.181999
47,1.5713808090939485,1.2700586,10.628337,-1.2267,-6.480094,1.6238298,16.00406
48,1.60481444332999,-0.37853056,5.149732,-3.5892446,-8.736935,1.9307731,14.795241
49,1.6382480775660315,-3.9138312,6.1251006,-2.751883,-7.2594447,0.66881037,10.569624
50,1.6716817118020728,-2.5750349,3.7436569,-1.1792449,-4.3579206,0.8203515,6.750182
51,1.7051153460381143,-2.4257703,5.555844,-1.2283988,-6.8662615,0.6529676,13.066203
52,1.7385489802741558,-1.277142,6.445668,-0.26510903,-5.6736035,2.145425,9.889112
53,1.7719826145101973,-3.1687117,5.418796,-2.0199208,-7.092137,1.3214611,7.6083145
54,1.8054162487462386,-2.0553222,5.5074673,-1.2206714,-6.042941,2.5314224,9.913584
55,1.8388498829822801,-2.5360317,5.7757,-3.9121804,-7.334537,2.0912082,11.588192
56,1.8722835172183216,-0.34078747,6.7495766,-2.8076713,-6.944741,1.5857053,12.286771
57,1.9057171514543632,-2.4363463,5.7254953,-2.934258,-6.586768,2.5552015,10.438968
58,1.9391507856904044,-3.689766,5.246703,-2.9068296,-6.0005713,0.4246254,8.8536005
59,1.972584419926446,-2.812367,5.878919,-2.7546015,-6.7536387,1.9836406,11.183659
60,2.0060180541624875,-2.2807856,6.7336144,-2.31154,-6.1350737,2.391215,11.477473
61,2.039451688398529,1.72917,8.516503,-1.114557,-9.2181015,3.1020768,13.832817
62,2.0728853226345705,1.8701661,12.652482,-0.640105,-8.382842,3.6258402,17.968775
63,2.106318956870612,-0.41658142,9.29075,-1.9916246,-8.908111,3.8622582,15.297866
64,2.1397525911066535,-2.6372094,10.195178,-3.2282405,-9.525172,3.2299554,18.221655
65,2.1731862253426946,-1.5132562,10.31877,-2.2184186,-7.9998994,2.3681023,16.396587
66,2.206619859578736,-0.96585226,7.76911,-2.6736202,-7.919522,2.7911623,15.914609
67,2.2400534938147776,-0.8853403,6.949708,-1.8774518,-5.877989,2.2119687,13.124999
68,2.273487128050819,0.96539587,10.993062,-1.2361814,-10.4995775,4.927408,14.595157
69,2.3069207622868606,2.7296834,9.892179,-1.4669162,-8.657359,4.3715744,13.306682
70,2.340354396522902,2.062931,10.084073,0.81126416,-8.27918,5.2457495,13.995325
71,2.3737880307589436,1.0701953,7.2265916,-2.0336199,-7.2989492,4.0082116,10.542889
72,2.407221664994985,2.7159653,11.026945,2.4031777,-4.657386,4.7347484,11.589161
73,2.440655299231026,2.5131514,10.0570965,1.0434302,-6.608322,4.711198,14.344096
74,2.4740889334670677,0.99070424,7.418784,-3.8808565,-10.128956,2.0147016,12.457413
75,2.507522567703109,-2.3716915,5.8740296,-2.683565,-6.317641,-0.092134416,8.588214
76,2.5409562019391507,-0.28251436,6.2891817,-4.7452354,-8.668918,0.7952317,11.201255
77,2.5743898361751922,2.7057996,8.547847,-4.1849914,-7.5202384,0.9723015,12.038826
78,2.6078234704112337,0.89199543,9.825085,-3.6774976,-9.015095,3.1519387,13.497567
79,2.6412571046472753,0.5067809,8.708799,-2.652287,-7.8472056,2.9345927,11.173168
80,2.6746907388833168,-0.011697742,9.085984,-3.4361129,-8.255986,2.6250613,10.544965
81,2.7081243731193583,-0.57675207,8.386375,-1.838267,-7.788989,2.7542634,8.9217615
82,2.7415580073553993,-3.043754,8.037151,-3.892772,-9.182783,2.4515383,12.1903715
83,2.774991641591441,-1.6711,9.287239,-3.0095553,-9.599206,2.975481,14.93893
84,2.8084252758274824,0.24970429,9.24932,-2.7971532,-7.426137,2.272038,10.996806
85,2.841858910063524,1.6355382,10.103361,-1.9635062,-6.737779,0.24711715,13.402593
86,2.8752925442995654,0.094863705,8.354933,-1.4925998,-4.549625,-0.05433763,11.719055
87,2.908726178535607,1.7174631,9.059713,-2.933256,-7.8693643,2.5477927,14.931831
88,2.9421598127716484,-0.51137984,6.7433653,-3.3978708,-9.592214,3.2358024,12.198943
89,2.97559344700769,1.7501782,6.9934673,-4.506596,-9.282642,2.0100968,10.875769
90,3.009027081243731,-3.8883724,5.055769,-4.1623006,-8.144023,0.3012351,10.260146
91,3.0424607154797725,-1.4202904,5.657663,-4.997801,-8.631442,0.80883485,11.367931
92,3.075894349715814,-0.10988398,6.7383037,-0.92455786,-8.215965,1.6381475,7.3063564
93,3.1093279839518555,3.1294065,7.9672914,-1.8210943,-7.853843,3.348856,10.347097
94,3.142761618187897,2.3039205,9.268094,-2.4124568,-7.5764627,3.7913468,11.154024
95,3.1761952524239385,-0.6089871,6.4399457,-4.190448,-8.485846,3.1054544,12.025811
96,3.20962888665998,2.5468512,7.733624,-2.6265519,-6.239739,2.720923,10.87341
97,3.2430625208960215,-1.0607903,5.810833,-2.1847725,-6.561676,0.8819806,10.18015
98,3.276496155132063,2.9878283,8.044231,-1.6506048,-5.7923794,3.5614495,11.960167
99,3.309929789368104,1.1713704,5.180275,-3.7618244,-8.328956,3.7681239,7.6133084
100,3.3433634236041456,0.97349817,6.54531,-4.6895933,-8.338006,2.8419137,9.75486
101,3.376797057840187,-2.6447232,3.3455632,-3.4854474,-7.236587,0.7593737,9.105406
102,3.4102306920762286,0.14454016,6.538045,-4.2366595,-7.3375773,1.6172464,10.586293
103,3.44366432631227,-1.1603309,7.865751,-4.0329905,-8.634728,2.0409217,11.215547
104,3.4770979605483117,-2.7667053,5.9074073,-3.810226,-8.996877,1.308808,11.22555
105,3.510531594784353,-3.6251318,6.2806263,-5.591228,-9.164038,2.11667,11.252507
106,3.5439652290203947,-2.38354,6.352722,-6.0988145,-5.7226253,0.6964754,10.505662
107,3.577398863256436,-3.804118,6.730379,-5.4951653,-7.8404875,1.2223306,11.319652
108,3.6108324974924773,-3.2114584,4.413857,-6.606865,-9.051457,0.22014816,10.965746
109,3.6442661317285188,-2.1044872,5.203036,-5.0132957,-7.365367,-0.42697945,10.004105
110,3.6776997659645603,-0.4448403,7.067527,-2.737183,-1.7063305,0.3347076,8.77305
111,3.711133400200602,-1.1932267,6.7409644,-3.6910262,-2.976161,-0.14813882,10.436409
112,3.7445670344366433,-3.4369423,6.810303,-4.6666856,-7.150347,-0.6320469,12.525104
113,3.778000668672685,-3.2122772,7.695822,-5.6736445,-6.9725494,-0.10999886,12.805598
114,3.8114343029087263,-4.4830976,6.8980403,-5.4681907,-7.38072,0.6565821,11.420169
115,3.844867937144768,-4.465057,5.586109,-5.5152197,-7.3898244,2.1229482,11.160443
116,3.878301571380809,-5.0328116,5.402734,-5.523488,-8.669558,1.0444988,10.409919
117,3.9117352056168504,-3.5653105,7.3449287,-5.069377,-8.055807,1.1378369,12.291948
118,3.945168839852892,-2.7357516,6.463444,-4.3838763,-7.281288,0.96134615,12.311648
119,3.9786024740889334,-2.2008927,6.3031435,-4.00993,-6.2448397,1.8522501,10.365648
120,4.012036108324975,-3.543813,3.8752182,-3.5886548,-7.338724,1.8609875,8.283613
121,4.045469742561016,-2.7270086,3.4227061,-3.4466722,-5.9356313,1.2966751,8.516698
122,4.078903376797058,-2.5173802,5.598371,-3.4747276,-7.5894375,1.6360286,11.015679
123,4.112337011033099,-1.8828336,3.6825519,-4.66045,-8.838228,1.0449339,10.6194105
124,4.145770645269141,-1.3226153,-0.053986717,-3.0421405,-5.0749574,1.3386718,2.621232
125,4.179204279505182,-1.5090607,2.0187385,-4.652109,-9.604854,0.31794488,8.85917
126,4.212637913741224,-4.365628,5.3513927,-4.6237016,-10.500121,1.2201753,11.696064
127,4.246071547977265,-2.4961402,4.391168,-3.7025404,-5.698438,-0.2053159,8.681791
128,4.279505182213307,-2.8407152,4.0428967,-3.4486027,-8.56381,0.656274,9.890914
129,4.312938816449348,1.5228416,7.680846,-2.0765498,-5.0227776,-0.24752365,9.964292
130,4.346372450685389,-2.0892692,4.1342726,-2.0720518,-3.7408679,0.24060474,6.8928185
131,4.379806084921431,-1.6196467,6.8800983,-4.241713,-5.7649198,0.07457137,11.950952
132,4.413239719157472,-1.3331252,7.001974,-3.8276591,-5.7179427,-0.052817274,12.574257
133,4.446673353393514,-0.31926897,7.3389225,-4.313391,-4.427749,0.41345742,13.471312
134,4.480106987629555,-1.758966,2.9622777,-3.774502,-7.6387854,1.0176247,9.713627
135,4.513540621865597,-2.1982791,2.161756,-6.5833173,-9.278193,-0.3226958,10.899974
136,4.546974256101638,-0.5669664,2.2911384,-1.0055902,-3.8470192,-0.2528073,5.612901
137,4.58040789033768,-1.5090333,2.7568326,-5.4607477,-9.638006,0.013921536,12.103455
138,4.613841524573721,-0.48339856,5.248209,-4.217599,-7.7268333,1.2160102,11.209382
139,4.647275158809762,-2.2322621,3.50979,-4.9470162,-6.6784234,1.7118604,8.952908
140,4.680708793045804,-4.4028444,1.7457256,-3.9107242,-7.1831546,0.9166295,6.128046
141,4.714142427281845,-3.4034274,3.701307,-4.667866,-6.9039946,1.4657512,10.157694
142,4.747576061517887,-1.2704798,5.136655,-4.2665753,-8.286725,1.4504412,12.592073
143,4.781009695753928,-1.5561059,4.2679987,-3.0221922,-5.366559,2.2124166,9.639625
144,4.81444332998997,-0.65771407,3.1557362,-4.6757035,-9.366466,-1.2278663,11.648124
145,4.847876964226011,-2.7854872,5.9744186,-3.9625223,-7.525642,-0.7499686,10.306033
146,4.881310598462052,-2.7861078,5.948155,-5.784217,-10.362993,-0.61105615,13.461057
147,4.914744232698094,-2.017558,6.507027,-5.5685134,-8.676178,0.15177862,13.587362
148,4.948177866934135,-4.996282,5.6961417,-6.0739083,-8.685941,1.0164692,13.296873
149,4.981611501170177,-4.539361,2.6679282,-5.6686163,-5.1039987,-1.1335107,5.6590405
150,5.015045135406218,-5.277242,6.817951,-5.6797967,-8.897168,2.082421,12.362937
151,5.04847876964226,-3.537455,5.3163633,-5.8950653,-8.551047,2.0209594,11.764941
152,5.0819124038783015,-3.8763125,5.8801904,-4.457381,-7.7653966,1.0387012,10.528515
153,5.115346038114343,-2.7632864,6.530873,-3.9421706,-7.204197,1.0085006,11.58611
154,5.1487796723503845,-1.6871976,4.0210886,-5.155729,-10.892457,1.1727852,13.124217
155,5.1822133065864255,-2.8427854,7.063285,-3.3099024,-6.9570947,0.5292005,11.108621
156,5.2156469408224675,-2.4486637,6.470859,-3.8135037,-8.1081295,0.508282,12.530028
157,5.249080575058509,-0.60332644,9.672102,-1.353762,-5.6101336,-0.028301029,12.479714
158,5.2825142092945505,-2.0036087,10.898583,-2.0413237,-5.771375,0.10224628,13.878061
159,5.315947843530592,-2.0678887,9.132422,-3.0903416,-5.393358,-1.0096203,11.863102
160,5.3493814777666335,-1.677379,7.4627485,-4.457498,-6.0435567,-1.5304078,11.210216
161,5.382815112002675,-0.9423914,7.49621,-3.4926944,-3.3281841,-0.7744306,11.542798
162,5.4162487462387165,-2.3807127,7.8130045,-4.4094963,-6.3290777,-0.56758666,13.989396
163,5.449682380474758,-3.6560488,7.9529295,-4.7945457,-5.2520356,-0.3264853,15.03546
164,5.483116014710799,-0.98538107,9.763034,-3.2581255,-5.16092,0.293704,14.779845
165,5.516549648946841,-1.2264569,9.608653,-3.5458457,-4.894145,0.1798382,16.65787
166,5.549983283182882,-0.85823184,4.2925196,-4.5949473,-8.218639,1.3775328,12.35817
167,5.583416917418924,-1.662221,5.1666136,-2.9031785,-5.345842,-0.7692276,9.005241
168,5.616850551654965,-1.1416932,6.5189056,-4.2477207,-8.550883,1.3775641,13.816145
169,5.650284185891007,-2.434013,6.4841833,-6.112975,-13.961271,3.6509175,14.700954
170,5.683717820127048,-2.852924,3.2857926,-7.8871274,-13.364401,2.9401982,12.779791
171,5.71715145436309,-1.6245321,7.36319,-5.981697,-8.355285,2.2041569,11.0343075
172,5.750585088599131,-4.700419,7.3321676,-6.338269,-10.666994,4.183364,13.057584
173,5.784018722835172,-3.8174891,3.7119405,-7.2791853,-11.798231,2.1633086,11.802399
174,5.817452357071214,-2.005963,5.6574235,-6.0333076,-9.865214,0.87240463,11.431875
175,5.850885991307255,-3.9113214,3.9500265,-6.9423113,-12.107759,0.8673696,12.085475
176,5.884319625543297,-2.529741,6.1544127,-7.462892,-9.470735,0.87786794,13.013724
177,5.917753259779338,-4.0601883,4.0529175,-7.108077,-9.168357,1.7253063,12.193111
178,5.95118689401538,-4.2574186,5.142465,-8.00438,-8.766485,2.5434666,10.494496
179,5.984620528251421,-3.5479467,5.38859,-4.1741633,-7.5492525,2.1144059,11.054856
180,6.018054162487462,-3.2219703,4.2211432,-5.2170415,-10.60432,2.3890789,13.355636
181,6.051487796723504,-2.3444448,2.0569067,-5.417553,-10.462183,1.4610223,9.054246
182,6.084921430959545,-1.0034726,2.5444763,-4.9764647,-9.6252775,0.5643594,10.998186
183,6.118355065195587,-3.8812084,5.908285,-2.9650319,-9.830395,2.789407,12.660623
184,6.151788699431628,-1.7848233,3.6782846,-2.0975337,-4.959059,0.48344734,6.6790266
185,6.18522233366767,-1.4935082,4.1407104,-3.0371206,-7.547342,0.9764139,9.959298
186,6.218655967903711,3.424149,5.1750283,-1.9702363,-4.478705,1.577531,8.031823
187,6.252089602139753,0.9677758,7.017719,-2.7098138,-3.1718457,2.3385007,9.687244
188,6.285523236375794,-0.2925787,7.3596525,-3.3674958,-6.404559,1.1835839,13.684809
189,6.318956870611835,-0.48596954,5.861659,-4.2738757,-6.474882,0.97051406,12.044975
190,6.352390504847877,-0.42866513,6.221777,-5.4576955,-7.245249,1.5996282,12.963965
191,6.385824139083918,1.229075,6.8467326,-2.399042,-4.221712,2.9771466,9.03651
192,6.41925777331996,1.030365,6.5309415,-2.5587132,-3.8442733,3.3823147,6.678867
193,6.452691407556001,-0.8141458,7.695402,-4.3116355,-2.2240603,2.097772,9.182039
194,6.486125041792043,-1.3391938,7.0307946,-2.8770823,-4.3045006,1.6707829,9.84705
195,6.519558676028084,-0.60280085,8.206628,-3.3673015,-3.9077108,2.509221,9.928771
196,6.552992310264126,-1.189785,9.476672,-2.3915792,-3.9231915,2.2048407,13.679128
197,6.586425944500167,-1.3668195,7.088449,-3.8109257,-5.938335,2.5637794,12.781889
198,6.619859578736208,-3.0301158,4.6365457,-3.9324737,-6.748,0.54029053,8.918665
199,6.65329321297225,-2.4870834,0.3560463,-7.2319756,-9.553334,0.22872785,8.779861
200,6.686726847208291,-1.3052998,2.9148726,-1.7902186,-5.306077,-0.10660068,6.9200644
201,6.720160481444333,-1.8158607,1.4262086,-6.570224,-10.82277,0.5433958,10.986762
202,6.753594115680374,-0.24484374,3.9002016,-5.3406043,-7.9284825,0.52205247,10.719065
203,6.787027749916416,-3.2182307,3.4988196,-6.2631707,-8.786115,0.39470166,8.614642
204,6.820461384152457,-4.516103,3.8776176,-4.993726,-8.223628,0.6604771,7.841805
205,6.853895018388499,-5.568848,2.704031,-4.678053,-6.640737,1.1895847,7.2276535
206,6.88732865262454,-1.3196056,5.3062296,-3.7945182,-8.162157,0.95555365,11.613968
207,6.920762286860581,-1.2368248,3.4245377,-4.305737,-9.80171,0.45283476,11.651633
208,6.954195921096623,0.39881977,4.7403426,-2.7849872,-5.018386,0.43335706,9.408655
209,6.987629555332664,-0.98047996,6.7994976,-3.9968965,-5.6794844,0.19180426,13.675891
210,7.021063189568706,-0.8302618,4.902789,-3.3433127,-4.5974517,1.1663885,9.042596
211,7.054496823804747,-1.7571963,4.001513,-0.117791384,-3.5844548,-0.06975413,6.726602
212,7.087930458040789,-0.36535835,5.4101114,-1.1977252,-2.9612427,0.8368726,7.5670714
213,7.12136409227683,-1.1618568,5.3360143,0.74687,-2.50935,-0.26759443,5.9563074
214,7.154797726512872,1.5884659,6.6630435,-1.3233583,-2.9379919,1.3109086,7.5864663
215,7.1882313607489134,-1.0909395,5.692499,-3.5969808,-6.1777287,2.1683278,9.214752
216,7.2216649949849545,-1.678607,5.962537,-4.719166,-7.6245914,-0.34203416,12.970202
217,7.2550986292209965,-0.25062922,5.429145,-4.9658833,-8.174184,0.3095886,13.981101
218,7.2885322634570375,-1.9395324,2.5904047,-3.5099757,-7.5679865,1.5977409,10.599005
219,7.3219658976930795,-1.376271,4.9449873,-1.6514653,-5.3628826,0.7200545,8.540949
220,7.3553995319291205,-2.1066663,4.9008,-1.6683731,-3.5128195,0.24856287,8.18924
221,7.3888331661651625,-1.7980912,3.6791637,-1.5239048,-4.4452868,0.33323386,8.258178
222,7.422266800401204,-0.002848883,4.605839,-0.63130283,-3.6882064,0.12368619,8.847848
223,7.455700434637245,-1.1221182,3.43862,-2.0552711,-4.434491,0.8491779,7.388201
224,7.489134068873287,-3.5152936,5.62659,-0.57152563,-2.241896,1.5967572,7.392313
225,7.522567703109328,-2.0137603,4.556615,-1.7296395,-4.4725866,1.8432374,9.076513
226,7.55600133734537,-1.3254558,4.158368,-1.2869234,-4.124657,1.0158749,8.216865
227,7.589434971581411,0.19642267,5.9381194,-2.9751377,-5.5260262,1.1770674,13.185078
228,7.622868605817453,-0.4642331,6.284673,-1.6892523,-3.7152848,-0.076171346,9.292485
229,7.656302240053494,-3.4463942,6.0707507,-3.673016,-4.59839,-0.7208991,7.941441
230,7.689735874289536,-0.53165656,5.693795,-2.1214514,-5.305873,1.3149289,11.671146
231,7.723169508525577,0.6085005,6.501152,-1.8962566,-4.326225,0.44256786,11.507591
232,7.756603142761618,-1.319971,4.4572253,-0.81963664,-3.4678626,-0.991847,7.581239
233,7.79003677699766,-4.8133473,3.850422,-3.5383897,-5.226264,0.25945225,6.5643616
234,7.823470411233701,-1.8339018,5.7441807,-2.6030223,-5.4629006,1.6575248,11.112235
235,7.856904045469743,-2.5564935,3.667193,-3.9311259,-7.7203846,0.7689345,10.087449
236,7.890337679705784,0.36584428,5.354585,-3.0427887,-3.7537541,-0.108736806,9.640614
237,7.923771313941826,-3.4207957,4.379979,-3.4501634,-6.038416,0.51838946,9.187743
238,7.957204948177867,-1.361972,6.096367,-0.7145642,-3.1504247,-1.7006061,9.543324
239,7.990638582413909,-0.9723302,5.764656,-3.5411785,-5.850324,1.4725988,12.159598
240,8.02407221664995,-0.3265979,4.9923844,-4.4773393,-8.743455,0.4533165,13.42282
241,8.057505850885992,-0.7803062,6.4602447,-4.5015197,-10.148406,2.330446,15.063721
242,8.090939485122032,0.5441385,7.1463337,-5.270775,-10.09307,2.4459639,15.88125
243,8.124373119358074,-0.21419434,6.656976,-5.347042,-10.712504,1.9934348,16.756105
244,8.157806753594116,-0.78566706,8.374698,-3.8792217,-8.2426405,1.0734466,16.217274
245,8.191240387830158,-0.85241175,8.869933,-3.9726148,-5.4761305,2.024441,13.924929
246,8.224674022066198,-1.867299,7.4089537,-4.9813123,-6.6169,1.0413655,15.6503105
247,8.25810765630224,-2.7818837,7.643669,-4.320793,-9.403504,1.5678245,16.820982
248,8.291541290538282,-1.7999785,3.8195853,-6.7821918,-10.805641,1.3701538,14.781451
249,8.324974924774322,-2.0202472,3.740771,-3.8498309,-8.02602,1.1443177,11.600035
250,8.358408559010364,-1.3108494,4.5792923,-1.8241649,-5.069472,-0.3031631,9.182126
251,8.391842193246406,-1.1436043,4.727297,-2.1652853,-6.06643,-0.70709527,11.536034
252,8.425275827482448,0.46638027,5.6252065,-1.5557765,-6.1365566,-0.006539376,12.802172
253,8.458709461718488,-1.2986686,4.308036,-1.4248112,-4.4802666,1.3320097,6.847971
254,8.49214309595453,-2.6111794,1.2039756,-3.1662085,-5.085789,1.7534906,3.2858377
255,8.525576730190572,-1.7972294,5.627296,-3.782306,-7.085475,1.7280096,12.063184
256,8.559010364426614,-1.0467807,4.5664253,-3.1749175,-5.8175893,1.7606932,9.348244
257,8.592443998662654,0.12380837,6.9364963,-2.0284703,-6.1920643,0.13854717,12.377699
258,8.625877632898696,1.8124579,7.7135553,-0.4841654,-5.263855,0.16031775,8.227504
259,8.659311267134738,0.34484673,6.335876,-0.7837529,-3.3533452,-0.07575778,6.236449
260,8.692744901370778,-0.16277887,7.1519356,-0.3926222,-2.7816443,-0.030718852,7.8751917
261,8.72617853560682,-0.35117003,5.3252416,-1.7571588,-2.2502718,1.2442806,6.5669613
262,8.759612169842862,-0.036785264,5.302589,-0.089043394,-1.0343928,0.6434398,4.2083483
263,8.793045804078904,0.4790362,4.4662833,-0.29513094,-0.05174427,0.49752057,4.4739428
264,8.826479438314944,-0.633554,9.970313,-3.0196958,-4.3992114,-0.47254348,13.971512
265,8.859913072550986,0.076035574,6.4486923,-2.6580622,-3.004855,0.63235694,10.270388
266,8.893346706787028,-0.19464709,5.345632,-2.0305316,-2.6504626,0.20339508,8.900829
267,8.926780341023068,-1.7009519,5.489367,-0.4114267,-2.4761395,-0.99413943,7.0313
268,8.96021397525911,-1.0495067,5.127525,-1.6029797,-2.813554,0.3225338,7.459006
269,8.993647609495152,-0.3605512,6.1066566,-1.5870821,-2.6000638,-0.13396206,8.473076
270,9.027081243731194,1.9125481,8.362236,-0.9897785,-2.3518589,-0.5098189,10.708889
271,9.060514877967234,0.4307394,6.4136677,-2.8281798,-2.636932,0.9596754,8.567523
272,9.093948512203276,-2.4401813,4.0140157,-1.9749569,-4.5591288,1.6863022,6.2096286
273,9.127382146439318,-1.0162206,4.8007026,-2.151035,-2.9131541,0.06027984,7.227296
274,9.16081578067536,-1.1125631,4.932219,-1.8909804,-3.2840483,-0.9697841,8.7439165
275,9.1942494149114,-0.5582848,7.466935,-3.5657272,-4.8424478,0.7336649,10.35603
276,9.227683049147442,-0.5405252,8.841162,-3.910263,-5.8614798,-0.6723093,13.36879
277,9.261116683383484,0.32499078,9.086657,-2.588433,-4.400125,-1.0121472,12.075372
278,9.294550317619525,0.8596825,10.497235,-1.9119802,-3.7439566,-0.74641484,12.642114
279,9.327983951855567,0.9190293,9.53489,-2.3656726,-4.125312,0.20735605,12.634355
280,9.361417586091608,-0.753437,11.135112,-1.2503227,-5.073006,-4.039131,15.718537
281,9.39485122032765,-1.3471574,5.835753,-5.520624,-11.106806,-0.47766048,15.298598
282,9.42828485456369,1.1432981,7.4030237,-2.9271293,-9.152007,0.31861112,13.388509
283,9.461718488799733,0.36925247,8.580728,-3.1530597,-10.371855,1.5957006,17.592236
284,9.495152123035774,0.10423891,8.052381,-2.9197152,-10.636004,2.710786,18.61778
285,9.528585757271815,-1.4677919,5.5939636,-5.3184776,-11.805557,1.7961326,17.2019
286,9.562019391507857,-1.8271098,4.482783,-4.3282228,-9.621805,1.2807595,14.062756
287,9.595453025743899,-1.3074362,5.0773473,-2.2494292,-5.4465823,1.6548164,9.416486
288,9.62888665997994,-2.5528345,3.8887105,-2.7892375,-7.366105,0.20723194,12.340421
289,9.66232029421598,-0.7685806,4.3140593,-2.987795,-8.306176,0.69250095,13.874339
290,9.695753928452023,-4.8819976,5.0340652,-4.6071515,-6.9749274,0.4745322,7.7527704
291,9.729187562688065,-2.92456,6.2579994,-1.8354679,-6.0815306,1.529587,8.720285
292,9.762621196924105,-2.2547386,5.9774623,-3.7957578,-7.813972,2.5326135,12.849821
293,9.796054831160147,-0.7036764,7.1603365,-2.9217947,-9.11442,1.938301,14.933624
294,9.829488465396189,0.36411503,10.398199,-2.0246916,-7.691544,0.84298575,16.542658
295,9.86292209963223,-1.3142313,10.823689,-3.0735438,-7.481452,0.8827479,17.29271
296,9.89635573386827,-0.04432858,10.589181,-1.8227881,-6.7926993,-0.7344798,19.604807
297,9.929789368104313,-1.0655069,12.513519,-2.685197,-6.1576037,0.86891615,15.103041
298,9.963223002340355,-0.83904016,11.998873,-1.9972519,-4.6295204,1.5463439,14.380841
299,9.996656636576397,-0.79944134,10.341885,-4.386437,-5.8564057,2.643117,16.981789
300,10.030090270812437,-1.3539768,10.08523,-3.264359,-7.3600893,1.6275569,16.194956
301,10.063523905048479,-1.0980725,4.3816757,-5.2702284,-10.761103,1.6079032,14.708264
302,10.09695753928452,1.3629229,8.875876,-3.0159447,-5.6647415,0.055497553,14.426278
303,10.130391173520561,0.39714643,9.371448,-4.94048,-6.462749,0.07370639,16.503021
304,10.163824807756603,0.061338704,8.318005,-5.784522,-8.6063385,0.644851,16.449276
305,10.197258441992645,-1.1091193,4.891935,-3.3631809,-6.470195,0.73841566,10.604331
306,10.230692076228687,-1.5736517,4.770721,-1.8866273,-4.422192,0.33674106,8.336896
307,10.264125710464727,0.1826649,6.795445,-2.3344948,-5.7205505,1.38406,12.96437
308,10.297559344700769,0.44567415,7.195976,-2.2975109,-6.1519737,1.1529723,12.559486
309,10.330992978936811,-1.7936859,6.2289886,-2.2849755,-5.9552026,0.60162944,11.474157
310,10.364426613172851,-3.924177,4.020765,-3.4430666,-4.5849257,0.13135885,6.153039
311,10.397860247408893,-1.3638653,7.0873027,-2.629657,-5.6400986,1.6915692,12.610043
312,10.431293881644935,0.707676,9.431599,-2.9453678,-6.5309925,1.3115562,16.032286
313,10.464727515880977,1.0938438,8.334108,-4.8452406,-9.633547,-0.15625918,16.867868
314,10.498161150117017,0.54813707,8.900482,-2.8769217,-9.462472,0.76456374,14.981953
315,10.531594784353059,1.385522,9.288141,-3.0040815,-9.671043,1.1404741,17.9261
316,10.565028418589101,0.087979764,6.8565135,-5.220591,-11.231453,1.832964,17.261335
317,10.598462052825143,-1.3713706,5.035686,-4.138863,-8.972709,1.3475758,13.161154
318,10.631895687061183,-1.9338102,4.416434,-2.0110848,-4.804831,1.240625,7.6629195
319,10.665329321297225,-1.375406,5.239944,-2.8534398,-7.995332,-1.1496598,13.507444
320,10.698762955533267,0.083276935,5.243278,-3.1251104,-8.486204,-0.12388688,13.570457
321,10.732196589769307,-3.5726476,4.7452116,-4.1259227,-6.375058,0.37903377,9.114317
322,10.76563022400535,-3.3294268,5.938614,-2.8333085,-9.033527,2.1085398,13.073709
323,10.799063858241391,-0.8022792,7.5351167,-3.514513,-8.803829,1.2263012,14.979443
324,10.832497492477433,0.8223188,9.196457,-2.2809784,-9.237995,0.7518476,17.071983
325,10.865931126713473,0.9780018,13.2229395,-0.06743795,-6.3651285,0.88321364,19.884464
326,10.899364760949515,-0.046472948,14.640576,-1.1563106,-6.772465,1.5170002,18.327631
327,10.932798395185557,1.5607626,13.357753,-0.22209632,-6.343297,1.6391788,19.193216
328,10.966232029421597,0.92978793,9.187893,-2.8043787,-8.044876,1.301214,15.593569
329,10.99966566365764,1.0771937,10.062255,-3.4096239,-8.100131,0.85842484,13.75965
330,11.033099297893681,2.636473,13.936214,-1.4882177,-6.8696866,1.5952799,13.249693
331,11.066532932129723,-0.023664398,11.020632,-3.695448,-7.4540544,-0.17081103,15.645477
332,11.099966566365763,0.67484856,13.0322075,-1.5236956,-3.3565788,0.34150022,13.4247
333,11.133400200601805,-0.61914855,12.302019,-0.7274209,-3.7000446,-0.92084324,13.555833
334,11.166833834837847,0.504328,10.650142,-2.0525198,-4.1706085,-1.1825167,13.7509165
335,11.200267469073887,0.07389565,6.6922917,-5.6563377,-10.092774,0.5997897,13.300888
336,11.23370110330993,1.3726876,7.4394474,-4.201353,-9.926322,0.88576746,12.446686
337,11.267134737545971,-0.50230616,5.853389,-3.3797348,-7.126436,-0.12695222,10.914095
338,11.300568371782013,0.83295166,6.838384,-3.1077945,-5.3990107,0.26874217,11.435623
339,11.334002006018054,0.9697764,4.746748,-2.1953669,-2.291645,0.3828366,7.8445325
340,11.367435640254095,-0.8927439,4.8250885,-0.019657778,-2.6448023,-0.4641544,5.751743
341,11.400869274490137,-0.22978434,5.622239,-1.3117797,-2.624617,0.30581054,7.473875
342,11.43430290872618,-0.65079457,5.919166,-1.841161,-4.198194,0.22091225,8.152035
343,11.46773654296222,1.3098912,6.6524982,-1.7199947,-3.7237902,1.9137015,8.966072
344,11.501170177198262,0.0013556688,5.0204115,-2.3644438,-1.7846358,2.3771508,6.6661577
345,11.534603811434303,-1.6975262,5.2899175,-1.1779871,-2.6680017,-0.98695457,6.6051455
346,11.568037445670344,-1.3595153,5.129003,-0.6078448,-2.3984926,-1.1119671,6.3125
347,11.601471079906386,-0.8826488,4.3705935,-1.762691,-2.5793355,-0.17242882,6.3647704
348,11.634904714142428,0.78559303,8.370655,-2.1610656,-4.6394,1.544689,11.018622
349,11.66833834837847,-0.089082114,9.644348,-4.245028,-6.421828,-0.334921,16.559698
350,11.70177198261451,-0.88235617,10.919918,-3.4922206,-5.6863413,-0.4936078,18.82247
351,11.735205616850552,-1.4400635,5.1087537,-4.5514216,-8.5196495,0.48440766,13.411749
352,11.768639251086594,-1.7775184,5.376868,-2.4402711,-5.906284,0.42996585,9.312664
353,11.802072885322634,-2.2782536,3.8812408,-3.4847164,-6.6430526,0.8292629,8.9752245
354,11.835506519558676,-1.9189976,4.784178,-2.7218876,-5.8558517,-0.4338778,10.832076
355,11.868940153794718,-0.5439687,5.688302,-3.0273037,-6.610459,-0.08385509,12.014554
356,11.90237378803076,-2.5166671,4.3616104,-3.6008575,-4.75729,0.5486382,7.410228
357,11.9358074222668,-4.383534,4.5625277,-3.2859263,-4.0518913,-0.4452676,6.429038
358,11.969241056502842,-1.982295,5.626168,-2.3392627,-4.8053966,0.69147927,10.348403
359,12.002674690738884,-0.8373648,7.424303,-3.8312144,-7.739258,0.34099016,13.870926
360,12.036108324974924,0.008336915,6.4945173,-5.766113,-9.566593,1.6569343,14.079839
361,12.069541959210966,0.6334989,7.8735747,-3.7680159,-9.8267145,1.4292926,14.431614
362,12.102975593447008,0.87145615,8.721215,-3.8528323,-10.584655,2.3290005,18.060522
363,12.13640922768305,0.8891177,9.618414,-3.007786,-9.4678335,3.8071396,17.772295
364,12.16984286191909,-1.3138212,6.0463986,-5.738002,-10.797602,2.1536205,17.217756
365,12.203276496155132,-2.1882205,3.9723947,-4.1919403,-8.649885,1.529553,12.0345955
366,12.236710130391174,-4.747727,5.0145826,-3.9402716,-8.957063,1.7129707,10.133843
367,12.270143764627216,-3.1814601,3.2575989,-4.2358165,-8.076373,1.0692531,10.344062
368,12.303577398863256,-1.6193371,3.7522378,-3.849034,-9.004068,1.2322326,13.166802
369,12.337011033099298,-4.877065,5.204606,-4.48723,-5.522743,-0.014163404,8.597576
370,12.37044466733534,-4.729348,6.8177986,-3.5632155,-10.059919,5.629739,10.671016
371,12.40387830157138,-1.920828,6.8213053,-3.785551,-8.472527,2.8234427,14.40439
372,12.437311935807422,-0.13782533,8.279384,-3.2036424,-9.05986,2.8234499,16.22303
373,12.470745570043464,-0.39450738,3.9924686,-6.060014,-9.95911,2.4486086,12.829518
374,12.504179204279506,-1.4273845,-0.4881094,-3.3348475,-5.203548,0.9268132,2.5032592
375,12.537612838515546,-2.940274,1.9498895,-6.2028017,-12.3891945,0.20457439,11.786363
376,12.571046472751588,-3.0496566,2.6628861,-6.911435,-12.577643,-0.08269518,12.807531
377,12.60448010698763,-2.769198,4.6627564,-4.571606,-8.693631,-0.1148889,11.219137
378,12.63791374122367,-4.1401463,6.813677,-5.3492293,-9.572062,1.1912974,11.550816
379,12.671347375459712,-5.4548225,4.5610843,-5.8761454,-6.07916,-0.5653151,7.5333676
380,12.704781009695754,-4.336676,5.113137,-5.655685,-8.860091,2.2220395,11.523149
381,12.738214643931796,-3.3279617,5.75943,-3.5012286,-5.925385,-0.38163614,8.450454
382,12.771648278167836,-3.3213258,6.1059995,-4.3220415,-7.8116903,0.5706838,10.946342
383,12.805081912403878,-3.4985223,5.110275,-5.3044825,-11.206393,-0.492988,12.462527
384,12.83851554663992,-2.0875943,8.7487135,-3.8518057,-6.824246,-0.7450981,11.856344
385,12.871949180875962,-2.7382596,8.443842,-4.099196,-6.582041,-2.3137045,14.052264
386,12.905382815112002,-3.0312958,5.903909,-4.6837225,-5.597527,-0.2556767,10.079012
387,12.938816449348044,-1.3757063,5.776321,-3.4547646,-3.345213,-0.41843992,10.01432
388,12.972250083584086,-2.1191032,6.2172527,-5.622854,-6.504651,-1.2408428,13.283004
389,13.005683717820126,-1.8781966,5.619414,-5.8645353,-8.335156,-1.671513,12.458791
390,13.039117352056168,-0.23555513,8.297107,-4.4072413,-5.528806,-1.2355983,12.968343
391,13.07255098629221,-2.4373755,5.8861656,-5.669594,-5.23574,-1.7708821,10.767918
392,13.105984620528252,-1.430614,8.606844,-4.0043607,-5.0290065,-1.3102841,12.821581
393,13.139418254764292,-3.8395271,3.5552068,-3.1588514,-0.78874207,-1.6771622,5.2932425
394,13.172851889000334,-1.9656692,7.7009645,-5.2834563,-3.3140855,-3.7334473,10.423484
395,13.206285523236376,-2.8305326,9.588862,-3.9005463,-3.8036866,-1.6487124,11.146629
396,13.239719157472416,-3.0232491,9.04535,-4.2690163,-6.591824,-0.005340947,12.923567
397,13.273152791708458,-1.7178237,8.537588,-5.4926834,-6.5228887,-0.9787085,12.767083
398,13.3065864259445,-2.3848124,8.455351,-5.9920273,-5.670562,-1.6313952,12.963051
399,13.340020060180542,-3.3537714,3.640219,-4.0964613,-3.3624794,-1.2303147,6.4706016
400,13.373453694416582,-1.6308057,11.137631,-4.9707036,-5.995414,-0.13944499,15.132605
401,13.406887328652624,-2.6045356,10.304713,-5.76157,-6.7164645,-0.21735848,14.922832
402,13.440320962888666,-2.0745766,8.447211,-5.6889277,-5.1659985,-0.1887359,15.973253
403,13.473754597124707,-2.3881562,8.10777,-5.2877164,-6.245716,0.6154986,13.202988
404,13.507188231360749,-3.2289608,6.517681,-6.4148407,-9.269982,-2.2177322,13.854654
405,13.54062186559679,-0.41539606,5.6728287,-3.712649,-8.688211,-1.3090609,11.014403
406,13.574055499832832,-1.2633777,7.374623,-4.7486978,-8.200392,-1.3724152,14.433094
407,13.607489134068873,-3.0832274,7.5828485,-4.636212,-9.017988,0.5625966,14.725776
408,13.640922768304915,-2.8305213,7.8304677,-5.8939495,-8.816481,1.9828337,15.316178
409,13.674356402540957,-2.1751947,5.780956,-6.16803,-9.401749,-0.65893096,13.830093
410,13.707790036776998,-1.8898016,5.39381,-3.8935895,-6.5920606,0.5009504,10.330822
411,13.741223671013039,0.17325927,5.6012588,-4.5668583,-8.5240755,1.19566,13.165114
412,13.77465730524908,2.8337026,6.6628504,-3.5578842,-5.213347,0.2228965,11.526797
413,13.808090939485123,-0.00487267,7.2327123,-3.92634,-4.1418395,0.880692,11.866191
414,13.841524573721163,-1.1232576,7.1215224,-5.6020346,-8.078307,0.4708414,16.349792
415,13.874958207957205,-2.4489758,4.7541566,-7.158846,-9.546229,0.111932404,12.839662
416,13.908391842193247,-2.5017068,2.7736287,-7.039111,-10.106726,0.44812962,10.478249
417,13.941825476429289,-2.195656,3.5688798,-4.25499,-5.201855,-0.0071735946,8.395442
418,13.975259110665329,-2.1713288,4.8838053,-5.949075,-8.248307,-0.36873236,12.346656
419,14.00869274490137,-0.21079518,5.328172,-3.539056,-4.5515385,-0.039637852,8.117738
420,14.042126379137413,-3.225971,3.1720445,-4.2749734,-5.7418785,-0.22565868,7.2241716
421,14.075560013373453,-2.4996386,1.989099,-5.08686,-7.1964917,-0.43464616,9.294998
422,14.108993647609495,-4.813375,3.0081165,-6.2461314,-7.8544984,0.48491147,9.536305
423,14.142427281845537,-2.7681139,4.916569,-2.9933975,-3.464657,-1.3413277,8.682526
424,14.175860916081579,-2.404773,5.9769754,-5.6968174,-7.542232,-0.6338993,13.523433
425,14.209294550317619,-2.3088958,4.638956,-7.1494794,-8.59237,-0.5820217,12.887687
426,14.24272818455366,-1.9029727,3.6967497,-3.6546426,-4.9708138,0.026027046,8.098846
427,14.276161818789703,-2.600273,4.480654,-1.3303753,-1.9496174,0.21934521,5.2481666
428,14.309595453025745,-1.9049721,6.10906,-2.8811996,-5.338692,0.43599904,9.669193
429,14.343029087261785,-1.1933894,6.578353,-3.9550374,-5.0662737,0.22390476,11.848232
430,14.376462721497827,-3.3206851,3.7961488,-3.6154768,-3.7791636,0.26532432,6.8922777
431,14.409896355733869,-2.26273,6.8732266,-3.9452655,-6.614256,0.4682126,12.318786
432,14.443329989969909,-2.5158346,8.715686,-4.989409,-6.1879797,0.23743556,14.249523
433,14.476763624205951,-2.7341647,8.099934,-3.9565938,-5.55394,1.5448807,12.347648
434,14.510197258441993,-0.73661035,7.6085386,-4.9668555,-8.076016,-0.20278041,14.269043
435,14.543630892678035,-0.47298282,8.780192,-5.447732,-9.059832,-0.12573285,12.481819
436,14.577064526914075,-2.1508684,7.5105505,-4.390774,-6.7464876,-0.046115424,11.099012
437,14.610498161150117,-1.3893651,5.1564765,-5.8140264,-8.012111,-0.64578503,11.026729
438,14.643931795386159,-4.150047,3.1893268,-3.2998583,-2.8725007,-1.8325653,3.8404047
439,14.6773654296222,-2.714681,3.1241415,-5.4922094,-6.505006,-0.4240028,8.452022
440,14.710799063858241,-2.5866878,7.326978,-7.38549,-7.801395,-0.80348074,13.623442
441,14.744232698094283,-0.9819744,10.128433,-3.7617142,-6.449433,-1.9510792,15.920853
442,14.777666332330325,-1.8063623,10.676306,-5.530221,-6.366159,-0.71349764,14.815738
443,14.811099966566365,-2.1895728,9.009726,-4.8573213,-6.2642393,-0.13744357,15.72314
444,14.844533600802407,-1.5622439,9.667388,-4.6451273,-7.2166386,0.17628044,15.88059
445,14.877967235038449,-1.0937333,8.085666,-6.0342755,-8.608476,-1.5340226,14.935683
446,14.91140086927449,0.34624365,8.125358,-5.5373945,-7.6012306,0.13232443,10.892425
447,14.944834503510531,-1.022886,8.785837,-4.7360477,-7.3681965,-0.006274773,12.273499
448,14.978268137746573,-0.00449815,6.561017,-4.4040766,-6.450609,0.43321717,10.334572
449,15.011701771982615,-0.011841417,7.701648,-5.6641927,-8.051582,0.8692113,11.681919
450,15.045135406218655,-1.3316907,7.737514,-5.6941214,-8.239799,1.0829916,12.252747
451,15.078569040454697,-2.1742527,8.3507595,-3.2954004,-6.9842563,0.9091661,12.150127
452,15.11200267469074,-1.3017902,7.6460705,-5.904148,-8.890792,-0.34749696,12.687531
453,15.145436308926781,-3.6433263,7.510721,-6.2352266,-9.913295,-0.48775607,10.6096
454,15.178869943162821,-4.3131413,4.408603,-5.3663654,-5.292407,-1.4051566,6.600344
455,15.212303577398863,-2.9009233,9.504552,-4.3954253,-6.8791537,1.6071628,11.168786
456,15.245737211634905,-4.169643,5.97473,-5.8039923,-5.29923,-1.3073962,8.3467655
457,15.279170845870945,-3.5474918,11.413482,-4.0057034,-8.233622,0.812342,13.542901
458,15.312604480106987,-4.321172,5.017998,-3.241862,-4.1664186,-1.3538729,7.2389865
459,15.34603811434303,-2.2810228,8.608265,-0.16031618,-2.6849127,-1.4665132,7.67534
460,15.379471748579071,-3.575923,10.291179,-0.7251033,-4.283574,-0.66135967,9.236877
461,15.412905382815111,-4.15141,6.6498675,-1.4860556,-2.894479,-0.5117718,8.892591
462,15.446339017051153,-4.7787848,8.947482,-3.8520403,-4.4820366,-0.5404502,11.939649
463,15.479772651287195,-3.2326164,9.210888,-5.9213843,-9.615409,-0.96580964,12.91432
464,15.513206285523236,-1.0553939,9.025461,-4.25387,-5.512184,-0.8087916,10.613838
465,15.546639919759278,-3.2763982,11.055219,-3.6878762,-7.245682,0.07619445,14.774788
466,15.58007355399532,-1.792359,10.302757,-3.8124058,-5.3637114,-2.6203554,14.526056
467,15.613507188231361,-0.77804434,10.675387,-2.275975,-4.8531156,-3.2436943,15.731617
468,15.646940822467402,-2.1176252,7.897117,-5.9293747,-9.252056,-1.543645,12.865564
469,15.680374456703444,0.15821266,9.535452,-4.0673323,-5.377267,-0.9953276,13.210813
470,15.713808090939485,-0.7359796,8.655453,-3.9342077,-6.7543235,0.37035885,13.733018
471,15.747241725175527,-1.6114287,7.8101687,-6.253687,-9.542482,0.7671481,15.189795
472,15.780675359411568,-2.2561243,5.148684,-2.0529974,-2.9494667,-0.09246118,5.6196566
473,15.81410899364761,-2.0071156,4.5824056,-0.38647026,-0.7166366,-0.33915153,3.8754802
474,15.847542627883652,-1.1305304,6.921054,-1.1241333,-4.1051984,1.0026253,8.698189
475,15.880976262119692,-3.9307432,3.3234513,-2.9001217,-2.085227,-1.3476075,4.858338
476,15.914409896355734,-0.53763396,9.104953,-1.1583444,-4.14384,1.1011562,9.76653
477,15.947843530591776,-2.8101099,7.1947923,-1.2415278,-2.5678766,1.2085123,6.587842
478,15.981277164827818,-0.85923254,10.180186,-2.7787845,-5.5561705,1.0076194,13.993324
479,16.01471079906386,-2.2162418,9.946082,-3.1915388,-5.881372,1.9253505,13.300036
480,16.0481444332999,0.066977,8.941964,-3.3000708,-7.1690016,0.38466358,13.613612
481,16.08157806753594,1.4681336,11.653327,-1.1323988,-4.552396,-0.374801,15.856768
482,16.115011701771984,-0.0677174,14.058823,-1.902055,-5.624985,-0.25253198,18.26412
483,16.148445336008024,0.3005092,11.723864,-2.1322668,-5.1379766,-0.6097308,18.01429
484,16.181878970244064,-0.9078563,7.8990636,-5.7144046,-9.034291,-1.2225658,13.0334
485,16.215312604480108,-1.1021365,5.6849904,-4.298143,-8.652926,0.9010777,11.1879015
486,16.248746238716148,0.4974431,6.596833,-5.2775006,-8.160586,0.30052122,11.497859
487,16.28217987295219,0.9303046,6.9040265,-5.0368557,-4.707305,1.9873439,10.62553
488,16.315613507188232,-1.0152136,8.951786,-6.1222806,-4.8744793,0.8469414,13.259389
489,16.349047141424272,-1.5714009,9.279448,-4.2518234,-5.613094,2.0875418,15.613395
490,16.382480775660316,-1.4937505,6.2339845,-6.710946,-8.586092,0.8491916,13.045935
491,16.415914409896356,1.4212439,6.4128346,-1.5924592,-4.8579936,-0.44694763,8.43041
492,16.449348044132396,0.29558328,8.591686,-2.796628,-4.5090513,1.0413455,11.081529
493,16.48278167836844,-0.03153956,9.3389015,-4.17856,-5.6985707,1.3002695,15.648421
494,16.51621531260448,-2.643672,9.739145,-3.415669,-6.541234,0.5917097,17.631914
495,16.54964894684052,-1.9983087,6.0614953,-5.2815375,-8.708698,0.72505945,14.596068
496,16.583082581076564,-2.7310433,5.8755646,-2.1517916,-4.215723,0.5409587,7.1984363
497,16.616516215312604,-2.716028,6.2618456,-2.7402837,-5.8095093,0.75874907,9.738686
498,16.649949849548644,-1.5315067,6.187264,-1.7558532,-5.6828423,1.282446,11.111329
499,16.683383483784688,-3.5973704,6.7958775,-2.5023055,-3.3586729,0.45038384,6.059187
500,16.716817118020728,-0.79594433,9.258836,-1.252986,-5.0852776,1.8903842,12.079154
501,16.750250752256772,-3.3791947,7.51555,-3.0816088,-5.9608808,0.92866814,10.845113
502,16.783684386492812,-1.3130342,7.7245817,-3.2236292,-4.614602,1.5381004,12.479327
503,16.817118020728852,-3.3408544,4.6113605,-3.4243343,-4.952837,0.15053032,8.033018
504,16.850551654964896,-1.3515418,7.1390343,-1.939879,-5.142466,1.6351975,11.139055
505,16.883985289200936,-3.4951704,5.889546,-2.3917556,-2.5038724,-0.3137952,5.548471
506,16.917418923436976,-1.7202239,9.357058,-2.3597555,-6.0277705,1.5969303,12.975123
507,16.95085255767302,-2.9105055,6.446459,-3.4200191,-7.502214,1.2929316,11.386482
508,16.98428619190906,-3.187388,8.843944,-3.542408,-6.6269383,2.6328387,13.462777
509,17.0177198261451,-4.185623,6.405191,-5.271138,-7.0422626,3.2736487,10.81499
510,17.051153460381144,-5.1961193,7.4810476,-4.954998,-9.248975,2.9275181,12.062293
511,17.084587094617184,-1.6861104,9.00583,-2.3910224,-7.3947926,2.8158364,15.309569
512,17.118020728853228,-0.63460314,10.376483,-0.582184,-2.9705677,1.65366,12.427875
513,17.151454363089268,0.3619773,11.602849,-1.1408982,-1.8468573,1.3982986,14.159646
514,17.18488799732531,-2.7176385,9.154939,-2.5149884,-4.150604,2.0881205,9.988069
515,17.218321631561352,-0.21385482,9.952171,-2.436125,-4.2949557,2.597572,12.919433
516,17.251755265797392,-0.66022336,7.609302,-5.179791,-9.460463,1.2097065,15.183822
517,17.285188900033432,0.2313534,9.667775,-4.4624324,-7.4668355,-0.91070473,12.198569
518,17.318622534269476,-0.28424492,7.085548,-3.5860488,-7.978265,1.6897486,11.468142
519,17.352056168505516,0.9748453,7.944656,-4.7825494,-7.4981422,1.1418513,10.337154
520,17.385489802741557,2.3747275,8.756548,-4.8656907,-5.946039,2.1728492,11.393345
521,17.4189234369776,-1.205561,8.447918,-4.4981627,-8.601319,0.49931714,13.294602
522,17.45235707121364,-1.8531017,6.5392704,-5.1389017,-8.47136,-0.042696822,12.03933
523,17.48579070544968,-1.8348418,4.525273,-6.6485534,-10.136773,0.14189404,10.164635
524,17.519224339685724,-2.1631253,5.550741,-4.399042,-6.864404,0.15659699,9.913891
525,17.552657973921765,-1.818747,5.828093,-5.2783947,-8.648037,-0.65596724,11.408022
526,17.58609160815781,-1.0970092,7.087726,-4.0451517,-6.106733,0.052078757,10.4537115
527,17.61952524239385,-3.9057958,4.3563833,-3.9848654,-7.3186474,-0.18556255,8.539272
528,17.65295887662989,-2.8954313,7.5717206,-5.044919,-7.1915555,-0.038558073,10.916089
529,17.686392510865932,-2.7571383,7.5178485,-4.697461,-4.9168067,-0.010288612,10.108651
530,17.719826145101973,-1.8887095,10.079913,-2.6680768,-4.330875,0.8508795,10.831076
531,17.753259779338013,-0.98040044,9.493312,-2.0754097,-5.81563,1.0734104,11.87083
532,17.786693413574056,-2.3875997,7.1840506,-3.928565,-6.6876106,0.62470794,11.574681
533,17.820127047810097,-0.2528828,5.5497184,-2.752064,-5.2792525,1.4665029,10.366091
534,17.853560682046137,-0.47705564,6.8974757,-1.7849799,-3.7244313,1.349014,8.961037
535,17.88699431628218,-2.6599545,6.2655587,-3.5217226,-5.0369267,-0.6935018,9.347308
536,17.92042795051822,-0.8549606,5.606256,-2.1486003,-3.7123806,1.0578194,7.756757
537,17.953861584754264,-1.0440425,6.2935915,-2.9776897,-4.764401,1.1193045,10.512147
538,17.987295218990305,-4.1501718,6.092314,-4.8252716,-6.4806175,-1.296214,9.747519
539,18.020728853226345,-0.080936655,6.315301,-1.9767288,-4.2985187,1.2243263,10.144818
540,18.05416248746239,0.66390634,7.4201007,-2.2185392,-4.0229416,2.3576825,10.078078
541,18.08759612169843,0.31370234,7.9477315,-0.565168,-4.8501987,1.1647625,10.809011
542,18.12102975593447,0.584636,7.2994576,-3.1609995,-7.283302,-0.6557449,11.941388
543,18.154463390170513,-1.1371193,9.229348,-4.6164055,-6.5567575,-1.1037564,12.480376
544,18.187897024406553,-3.5165365,8.280823,-5.3323965,-6.785893,-0.07710866,12.775691
545,18.221330658642593,-1.0505154,8.695429,-3.682643,-4.207078,-1.8102401,13.433188
546,18.254764292878637,-1.6910343,7.0911684,-3.8048933,-3.6552613,-0.86556846,11.276796
547,18.288197927114677,-0.010539274,9.870693,-4.016566,-3.832965,-2.1734796,13.029537
548,18.32163156135072,-0.5730232,10.784066,-3.947315,-4.5848513,-1.2390381,11.668163
549,18.35506519558676,-1.4947761,9.42231,-3.8541124,-4.430481,-0.43649387,13.456635
550,18.3884988298228,-2.6681583,9.305901,-4.3179207,-4.7462826,-0.4166767,13.443305
551,18.421932464058845,-2.4386725,8.773503,-5.539959,-3.1916003,-2.623869,11.973571
552,18.455366098294885,-2.2791567,9.646455,-3.9040794,-5.1069875,-0.5310198,13.448671
553,18.488799732530925,-1.5151508,8.652301,-4.992148,-8.3332615,-1.392189,12.367275
554,18.52223336676697,0.7144853,9.365859,-3.8079565,-7.0234737,-0.5536964,13.844463
555,18.55566700100301,-0.7809136,9.128799,-3.2953959,-8.036763,0.84103054,12.464843
556,18.58910063523905,-1.1110003,12.18276,-3.2243624,-6.366039,0.947818,12.88774
557,18.622534269475093,-3.699619,9.61974,-4.960804,-5.9892116,0.14742751,12.634771
558,18.655967903711133,-2.5450354,9.497485,-5.2641997,-6.213977,0.29546773,12.319035
559,18.689401537947173,-1.8054885,10.364008,-5.5076776,-8.736402,0.043932173,15.549028
560,18.722835172183217,-2.196335,9.527483,-3.832826,-5.9832525,0.07579507,13.620402
561,18.756268806419257,-1.1251076,11.153875,-4.1763268,-6.7625756,-0.1449535,14.76339
562,18.7897024406553,-1.2989458,10.614464,-4.0703835,-7.835416,0.43706292,16.78619
563,18.82313607489134,-1.6985345,8.056086,-2.6751623,-5.897355,0.30360234,14.481428
564,18.85656970912738,-2.5581498,6.9098306,-2.73698,-4.908411,0.27803665,10.979469
565,18.890003343363425,-2.5507066,8.98534,-3.077037,-5.6974845,-0.48495904,11.521316
566,18.923436977599465,-1.8833655,7.713157,-3.9720197,-5.760558,1.1786991,13.299634
567,18.956870611835505,-2.0988588,7.282557,-2.4548216,-3.8043756,-0.2946238,12.455605
568,18.99030424607155,-3.133329,9.137708,-3.2810738,-7.13131,0.9258215,15.207821
569,19.02373788030759,-2.9615784,7.8987947,-5.7777963,-10.273176,0.1684892,14.334854
570,19.05717151454363,-2.285872,5.471389,-6.743185,-11.334961,-0.14466164,12.057692
571,19.090605148779673,-2.8239007,5.686488,-3.984725,-8.466806,0.7757185,11.090859
572,19.124038783015713,-2.307434,6.643974,-5.7261815,-8.903032,0.27157226,12.767382
573,19.157472417251757,1.476926,6.1289043,-2.7660918,-5.8997955,0.6602424,10.583087
574,19.190906051487797,0.2515107,6.2218175,-4.1615033,-5.56751,1.4217962,11.286225
575,19.224339685723837,3.2879202,7.227256,-3.0449066,-2.7822027,2.7568169,9.101486
576,19.25777331995988,1.0072807,6.224677,-2.5653732,-1.6670684,2.1836033,7.7584767
577,19.29120695419592,-1.1200974,6.7774286,-4.1125503,-5.9634995,1.2817383,9.555547
578,19.32464058843196,-2.2938073,7.7781878,-5.3789196,-7.7113123,0.22960383,12.983765
579,19.358074222668005,-2.004689,6.957557,-5.2940283,-8.604574,1.2509822,13.462662
580,19.391507856904045,0.88559663,7.267373,-2.3441129,-5.9181027,0.67100185,9.931806
581,19.424941491140086,-1.0268184,8.312398,-3.3967214,-6.4367914,1.924564,13.051792
582,19.45837512537613,-1.1188401,8.446329,-2.931304,-5.5710654,2.5894935,11.538827
583,19.49180875961217,0.8254753,9.533269,-1.9864917,-3.9368365,0.9056718,10.669777
584,19.52524239384821,-0.12118091,10.966054,-3.0195158,-6.923337,2.5200615,14.064383
585,19.558676028084253,-1.6205844,10.530934,-3.6879318,-7.7947664,1.8472304,16.23258
586,19.592109662320293,-2.0851464,8.742105,-4.454611,-8.027524,1.7037072,13.4600935
587,19.625543296556337,-4.195248,7.6468925,-6.083264,-9.289354,0.18192196,11.270167
588,19.658976930792377,-3.9574225,3.4845939,-0.74611515,-0.7261771,-0.7278465,2.496708
589,19.692410565028418,-2.9291346,5.1280584,-2.3728952,-3.4066432,0.016913587,4.1842275
590,19.72584419926446,-3.8790553,7.187677,-5.604312,-7.592886,0.8899489,11.711984
591,19.7592778335005,-1.459347,10.096631,-4.3140073,-6.334824,0.33622545,12.08704
592,19.79271146773654,-1.542289,7.41189,-2.464233,-4.362831,0.24499537,8.956621
593,19.826145101972585,-2.1335187,10.840938,-1.7789336,-4.573767,1.085828,11.517997
594,19.859578736208626,-3.2500374,5.307633,-2.057671,-1.9912729,0.3127169,5.014999
595,19.893012370444666,-4.9583035,8.044249,-4.229015,-6.8769484,1.8574886,10.976816
596,19.92644600468071,-1.6187636,11.827823,-2.792598,-7.1611996,1.6119193,16.971165
597,19.95987963891675,0.7631204,12.399115,-2.8003774,-6.380174,0.16862749,12.812267
598,19.993313273152793,0.9844109,9.598243,-3.8152854,-6.9405246,1.3175585,11.411219
599,20.026746907388834,0.7731667,9.727795,-4.4485474,-7.534722,1.7263582,11.342964
600,20.060180541624874,-0.66777545,12.449971,-2.4372623,-7.645385,1.8572791,12.159152
601,20.093614175860917,-1.7626427,10.774754,-3.553144,-7.9465723,1.9422421,13.408215
602,20.127047810096958,-2.2437994,7.5347447,-6.427359,-9.3375435,0.0083709555,13.044519
603,20.160481444332998,0.1326981,8.42017,-4.186635,-5.436221,0.20385355,12.137117
604,20.19391507856904,-0.6134617,8.830188,-4.9596562,-7.449405,0.5782239,15.335265
605,20.22734871280508,-2.1787033,8.111023,-6.7524586,-9.838005,1.4069506,16.720333
606,20.260782347041122,-2.9466329,5.4407644,-4.2575145,-7.133761,1.1976753,11.280607
607,20.294215981277166,-2.6257744,5.2986536,-2.0560436,-3.7583477,0.3881035,7.0497937
608,20.327649615513206,-3.1470644,5.2261863,-3.1980665,-7.485289,2.0122023,12.235419
609,20.361083249749246,-3.5647607,3.3556163,-2.7014306,-3.051329,-0.53148866,5.5173893
610,20.39451688398529,-2.758029,7.4124107,-3.3231554,-7.342805,2.1219876,12.892023
611,20.42795051822133,-2.9016545,7.927268,-3.5753012,-5.8920665,1.5829833,11.273222
612,20.461384152457374,-2.8717268,8.669768,-4.3540363,-7.5786624,3.1448088,14.377556
613,20.494817786693414,-1.3836488,6.7455993,-5.221857,-9.898048,1.686952,15.017924
614,20.528251420929454,0.79695207,10.873532,-4.4721265,-5.9559155,-0.8114748,15.64641
615,20.561685055165498,-0.95145476,10.190647,-5.871891,-8.77869,0.5698139,16.415714
616,20.595118689401538,-2.1021378,7.3216662,-4.19888,-5.6429214,0.4380437,10.712151
617,20.628552323637578,-0.96713483,6.6653385,-2.5575027,-5.61713,1.134387,11.228502
618,20.661985957873622,-3.268655,5.2420745,-3.8286536,-9.161033,1.9629152,12.172688
619,20.695419592109662,-2.658557,4.5470557,-2.3949025,-2.611462,0.0039848336,5.7296147
620,20.728853226345702,-1.5433602,8.730297,-3.17948,-5.8354735,2.165538,13.434494
621,20.762286860581746,-4.1222525,5.410207,-4.6950836,-9.275755,1.810653,11.671655
622,20.795720494817786,-1.245998,7.5564165,-3.3476312,-4.324969,1.922213,12.307933
623,20.82915412905383,-3.7152689,5.340264,-4.462671,-8.76063,2.0571635,10.888089
624,20.86258776328987,-1.8821081,1.3343453,-2.735972,-4.2498856,1.58766,2.98113
625,20.89602139752591,-3.0265665,4.7195206,-3.3908606,-6.825349,1.2500741,7.782048
626,20.929455031761954,-1.6314378,9.675302,-2.0773106,-5.348443,2.2488391,14.699784
627,20.962888665997994,-2.0999713,8.000673,-2.9842243,-6.007936,0.35262784,13.615625
628,20.996322300234034,-0.73334825,8.101185,-4.924035,-8.661278,-0.030476639,15.292464
629,21.029755934470078,-0.53118294,6.28463,-4.51595,-9.848632,1.969234,13.856632
630,21.063189568706118,0.7749912,7.5640697,-4.296165,-8.670326,1.8577152,14.220513
631,21.09662320294216,2.046717,8.98561,-1.6292515,-2.7005265,1.4495308,9.932006
632,21.130056837178202,-1.3151551,8.099343,-4.506668,-5.7601004,0.5406275,10.908214
633,21.163490471414242,-1.343857,8.9305935,-1.0792204,-4.003058,1.2760386,10.478418
634,21.196924105650286,-2.0854392,10.4003,-3.0965288,-4.340404,0.4457625,11.888198
635,21.230357739886326,-1.3540974,6.692552,-4.9867635,-7.36791,0.5187212,11.572043
636,21.263791374122366,-2.6902304,7.505586,-5.059749,-7.998876,-0.61287206,9.934296
637,21.29722500835841,-4.107611,6.324685,-4.2497272,-5.5271063,-0.7351107,8.329942
638,21.33065864259445,-4.718616,7.558362,-5.327668,-7.384145,-0.34937784,9.896544
639,21.36409227683049,-3.9499848,9.607998,-4.789592,-5.2268324,-0.69489497,12.131655
640,21.397525911066534,-2.8846378,8.265054,-3.4382303,-4.428597,-1.2491472,9.715659
641,21.430959545302574,-1.5219659,9.159734,-2.0288043,-2.2252269,-0.3278916,8.299456
642,21.464393179538614,-1.1482427,7.1184607,-0.9860972,-0.3208104,0.61556304,4.170329
643,21.497826813774658,-0.82961386,12.294089,-0.9293546,-3.2589662,1.0875679,11.751106
644,21.5312604480107,-1.7782149,9.566546,-5.57389,-8.15946,0.061468698,12.975046
645,21.56469408224674,-1.1755612,9.205124,-4.5279284,-5.581117,-0.6093743,11.968153
646,21.598127716482782,-3.4325411,11.431613,-3.899698,-6.8081117,0.1830543,14.793635
647,21.631561350718822,-3.210217,9.242193,-3.977142,-3.8460197,0.058457393,11.881994
648,21.664994984954866,-3.2955244,11.281798,-4.0546117,-5.958169,0.36961892,14.227069
649,21.698428619190906,-2.092116,13.049087,-1.5757712,-5.450531,-0.06064705,13.99684
650,21.731862253426947,-1.3937708,9.575417,-2.0924308,-4.254619,0.86518216,9.765548
651,21.76529588766299,-0.91352034,10.978513,-2.5682743,-4.757142,1.6355162,13.400127
652,21.79872952189903,-0.39195243,12.319756,-1.9728314,-4.987481,1.3096095,13.018868
653,21.83216315613507,0.18923302,9.991391,-0.08944978,-2.5238643,0.5829297,10.199933
654,21.865596790371114,0.70895106,11.230695,-0.8485988,-4.1823483,1.2580278,11.991484
655,21.899030424607155,-0.853537,8.898535,-2.925854,-5.890266,-0.3188301,12.380906
656,21.932464058843195,-1.675472,9.791582,-4.7809625,-6.432281,0.7238235,12.554265
657,21.96589769307924,-0.35758692,8.774469,-3.2919436,-7.2538066,1.1081779,12.075717
658,21.99933132731528,-1.6531733,8.34978,-4.258327,-8.285661,0.7387255,13.975227
659,22.032764961551322,-1.4143461,8.107707,-4.5255733,-8.428869,1.066883,15.345933
660,22.066198595787363,-0.37077835,9.471369,-3.549123,-3.8975809,0.82996875,11.258509
661,22.099632230023403,2.3581636,10.322284,-3.1547287,-3.4093597,0.50804204,9.986368
662,22.133065864259446,-0.26753163,9.976768,-3.9091861,-3.0157163,0.70303506,10.9012
663,22.166499498495487,-1.5595208,11.059619,-4.634053,-4.4558277,0.41410193,12.0062685
664,22.199933132731527,-2.5801637,9.63463,-3.7416084,-5.0679493,0.43946734,13.453975
665,22.23336676696757,-1.2498602,7.148334,-6.5258293,-9.010812,-0.018651308,12.666473
666,22.26680040120361,-2.167709,4.591889,-6.7784233,-10.692406,-0.028543057,10.730431
667,22.30023403543965,-3.4476938,5.9408617,-4.814029,-9.098572,0.6575118,11.285048
668,22.333667669675695,-1.5448054,6.1277275,-6.3304567,-9.94483,-0.87326777,13.521951
669,22.367101303911735,-1.0782049,6.1015205,-4.2555037,-9.783285,1.8738233,13.509588
670,22.400534938147775,0.55322385,6.4409003,-4.7401466,-8.918976,0.85349953,13.1919
671,22.43396857238382,-0.16210021,6.57983,-4.079553,-9.774211,0.5107593,12.417054
672,22.46740220661986,-0.49784604,6.365343,-3.3554306,-5.569343,0.7401108,10.299464
673,22.500835840855903,-1.6640078,6.829491,-4.5775437,-8.8650055,-0.6703547,15.081543
674,22.534269475091943,-0.66542417,7.424491,-3.4140193,-8.637451,0.29358047,14.151334
675,22.567703109327983,-1.0466211,5.397518,-5.8235097,-9.51049,0.06818243,13.563218
676,22.601136743564027,0.28049302,8.088414,-4.0915575,-7.2629056,-0.24645843,13.258178
677,22.634570377800067,0.398234,9.216651,-3.4719281,-6.1085906,-0.53860474,11.058257
678,22.668004012036107,-0.2804018,8.584255,-4.2795386,-6.184191,1.2469903,10.604305
679,22.70143764627215,-1.8350571,6.016942,-5.4447956,-6.9651694,-0.18185087,10.214684
680,22.73487128050819,-1.9635925,6.409933,-5.251625,-6.7973056,0.34988457,10.3626375
681,22.76830491474423,-2.208868,6.0663056,-6.4438186,-7.6598067,0.70665306,11.672227
682,22.801738548980275,-3.440887,4.0372863,-5.731238,-7.5234013,0.40215886,8.158838
683,22.835172183216315,-2.692938,7.150405,-7.137619,-8.680082,0.9034419,11.934123
684,22.86860581745236,1.9451568,9.382716,-4.792877,-5.8093777,0.57281405,12.036324
685,22.9020394516884,0.25875014,8.5283165,-5.956484,-7.413241,-0.059654985,13.999675
686,22.93547308592444,-1.3314636,8.677166,-5.8972745,-6.145407,-0.95191056,12.0018635
687,22.968906720160483,-2.9527962,8.772625,-7.2211757,-7.6454887,-0.6154691,14.134678
688,23.002340354396523,-1.9630796,9.862826,-5.74299,-6.481018,-1.3293064,13.701999
689,23.035773988632563,-1.778659,8.54778,-5.6658554,-5.1470914,-4.8817883,12.07463
690,23.069207622868607,-0.08175519,12.013891,-5.652104,-5.7133374,-1.2551696,12.896045
691,23.102641257104647,-1.5755069,10.542551,-5.245523,-6.5237584,-0.49765947,13.594467
692,23.136074891340687,-0.024917582,11.642444,-3.40937,-4.0354815,-0.58573866,11.9373665
693,23.16950852557673,-3.2275486,6.6845183,-4.323321,-5.152118,0.475843,9.876503
694,23.20294215981277,-4.1993723,4.301003,-3.5345862,-4.1996717,-1.3896282,5.963322
695,23.23637579404881,-3.3962047,7.705958,-5.4110546,-5.9519696,0.7283856,10.8907385
696,23.269809428284855,-1.0202478,8.839171,-5.9105725,-8.846182,-0.7424105,14.120853
697,23.303243062520895,1.129152,9.213705,-3.8505116,-6.1236734,-0.5997717,13.177957
698,23.33667669675694,0.09865751,9.057926,-4.0981665,-7.8222632,0.45369598,13.531848
699,23.37011033099298,1.3747565,8.08947,-2.0549047,-4.9763875,-0.4732163,11.348509
700,23.40354396522902,-1.1375301,8.186793,-4.5037084,-6.157336,0.11865315,11.804307
701,23.436977599465063,-1.0356696,8.496919,-4.4998503,-5.1507945,-0.38205025,10.825454
702,23.470411233701103,1.7580942,10.046841,-1.5652776,-3.7159123,-0.66297764,12.06405
703,23.503844867937143,-0.71060866,10.033318,-4.2956524,-5.70853,0.42168662,13.045926
704,23.537278502173187,-1.6197336,10.289162,-3.3671954,-3.3555768,0.13492309,14.780728
705,23.570712136409227,0.52167785,9.162101,-3.77807,-5.6651225,0.49025857,13.231639
706,23.604145770645268,0.031262275,9.135561,-5.5348234,-8.498737,0.70003206,15.168512
707,23.63757940488131,0.50360745,7.7303624,-5.1409874,-8.452099,0.9006264,15.39163
708,23.67101303911735,-1.5981379,6.289125,-3.7910297,-6.4695783,0.30504325,12.066339
709,23.704446673353395,-2.4074256,6.1102986,-3.03925,-6.6186495,0.9885549,10.945419
710,23.737880307589435,-3.109337,6.004363,-3.5563772,-8.624164,2.1117978,12.865803
711,23.771313941825476,-1.8383939,6.0087705,-3.689306,-7.6905212,2.2292733,12.517428
712,23.80474757606152,-1.947987,8.3180065,-3.7801294,-7.1555443,2.1619325,13.2425995
713,23.83818121029756,-2.6165817,7.739074,-3.8917205,-6.147558,1.3200784,12.546718
714,23.8716148445336,-1.1942121,7.0717397,-3.8447347,-6.1545863,1.7359,14.323432
715,23.905048478769643,-4.367253,5.9114385,-3.9126477,-7.372872,1.5547571,10.384569
716,23.938482113005684,-3.4941876,4.2506638,-3.1860542,-6.2299795,0.39392525,8.523894
717,23.971915747241724,-1.4141636,6.0991397,-2.934767,-6.1123376,2.027477,13.113817
718,24.005349381477767,-2.256793,8.841793,-4.1756825,-7.157472,2.0198777,14.530033
719,24.038783015713808,-3.3460863,6.835542,-4.3254204,-8.791748,2.299049,13.278399
720,24.072216649949848,-4.4837728,9.484834,-5.765671,-7.024822,1.1672021,13.966095
721,24.10565028418589,-3.837654,9.121161,-5.6433635,-7.058787,1.9005675,13.486383
722,24.13908391842193,-2.05998,7.3822756,-5.8533664,-10.896677,1.3981951,16.278421
723,24.172517552657975,0.28161266,7.903821,-3.1650374,-9.828832,0.34918138,14.922376
724,24.205951186894016,-0.181514,7.797063,-3.195712,-11.373377,2.134712,18.722548
725,24.239384821130056,-1.377322,6.1156974,-5.1933126,-12.20754,2.7694483,18.125694
726,24.2728184553661,-3.3355558,5.221513,-4.6262956,-10.130668,1.9001404,13.559272
727,24.30625208960214,-0.634049,5.672696,-2.142809,-7.17078,0.917093,11.660461
728,24.33968572383818,-2.806767,4.09264,-4.145967,-9.50146,2.2626688,11.110625
729,24.373119358074224,-3.9801688,4.3501124,-5.303104,-9.640285,2.0331664,10.892642
730,24.406552992310264,-2.4949923,6.6804714,-3.422468,-10.397892,3.3685944,15.276133
731,24.439986626546304,-3.2144642,5.9852176,-4.130398,-10.062176,2.6274786,12.938397
732,24.473420260782348,-0.95077455,9.570589,-2.703753,-10.411414,2.4256165,19.174686
733,24.506853895018388,-3.5919724,9.495206,-4.122513,-9.364006,1.8959576,16.799137
734,24.54028752925443,-2.7569034,9.703557,-3.419283,-9.144898,2.7634678,18.568907
735,24.57372116349047,-4.5893188,7.2542286,-5.5714316,-10.260363,2.9758546,16.496126
736,24.607154797726512,-2.8552039,8.634882,-4.611548,-7.1351695,1.8583964,11.897915
737,24.640588431962556,-3.0367901,6.609241,-6.6569624,-8.088514,-0.54466426,12.828754
738,24.674022066198596,-2.7237039,7.41194,-5.4796166,-8.375657,0.98872817,13.947069
739,24.707455700434636,-1.7987317,5.1737556,-5.3552246,-12.514637,3.1094313,15.849684
740,24.74088933467068,-2.1332772,3.2061281,-6.6383224,-13.189228,2.3062093,13.885485
741,24.77432296890672,-1.6668502,5.572042,-4.458869,-8.696594,0.80153596,11.92262
742,24.80775660314276,-1.8226148,5.803054,-5.9802375,-10.293497,1.2182862,14.424499
743,24.841190237378804,0.08649411,6.8536487,-4.3854585,-8.695797,0.45037273,11.210245
744,24.874623871614844,-2.0892825,8.449802,-4.4322996,-8.662936,0.40821335,13.512045
745,24.908057505850888,-1.5740395,6.176608,-3.1142864,-8.658067,1.951456,11.639148
746,24.941491140086928,0.44949198,7.261916,-4.838665,-8.221435,1.1385242,11.914911
747,24.974924774322968,3.3380516,7.6482525,-3.0034482,-4.358528,0.7536836,10.313622
748,25.008358408559012,0.798693,7.5122256,-5.4527187,-6.401136,1.5118331,12.785959
749,25.041792042795052,-0.24248365,8.182958,-3.743807,-5.37168,2.2407403,10.874821
750,25.075225677031092,-0.22077951,9.542222,-3.9670806,-2.489368,2.0794625,12.006126
751,25.108659311267136,-0.71303874,8.685562,-2.7382047,-4.4026527,1.4650776,11.54907
752,25.142092945503176,-0.9633154,6.537518,-5.4776673,-7.6204767,1.3690755,12.949253
753,25.175526579739216,-0.3279482,7.747139,-3.7781,-4.9656143,0.98571813,11.141624
754,25.20896021397526,2.4310842,6.0013065,-2.1195755,-4.3841496,2.7428656,10.141724
755,25.2423938482113,1.4411976,5.7558904,-3.8140109,-3.806397,2.531636,9.940341
756,25.27582748244734,0.1807557,8.397061,-3.9258466,-4.501788,1.8724672,11.043602
757,25.309261116683384,-0.039149653,8.513134,-3.3967032,-2.9442117,1.267258,10.653397
758,25.342694750919424,0.9070294,9.794334,-2.1283653,-1.9883677,2.0332122,11.399163
759,25.376128385155468,0.83584327,11.059616,-3.3255231,-4.7694945,2.3083365,12.67725
760,25.409562019391508,1.6086984,11.033555,-3.7376246,-3.7173748,2.246643,13.491484
761,25.44299565362755,0.8997991,11.249723,-3.3708787,-6.9734845,1.9383879,18.330675
762,25.476429287863592,-1.15451,12.571335,-1.6604226,-5.4922404,0.8005605,18.570784
763,25.509862922099632,-2.027567,7.5214663,-3.329452,-7.5458183,1.8857032,15.60133
764,25.543296556335672,-3.3485973,7.2414045,-3.0672638,-6.2520585,1.209581,10.250573
765,25.576730190571716,-2.0359895,6.3595347,-1.7328297,-5.798543,1.6214279,9.635687
766,25.610163824807756,-2.369294,6.2324476,-3.1483636,-6.4884596,1.007871,11.794835
767,25.643597459043797,-2.166909,7.205555,-1.3052133,-4.2154007,2.0251744,7.607162
768,25.67703109327984,-1.6399537,7.65138,-3.4203618,-7.40161,0.635421,13.076409
769,25.71046472751588,-2.5949247,8.020123,-3.4412985,-6.327792,1.1683238,11.753319
770,25.743898361751924,-1.5260382,7.3855658,-4.080445,-5.7251244,1.168473,13.70431
771,25.777331995987964,-1.2287807,6.1733475,-3.0467744,-5.5289693,1.3103575,12.250949
772,25.810765630224004,-3.392263,5.64391,-3.2346718,-8.595388,2.5385606,10.8378105
773,25.84419926446005,-2.1658661,4.9873676,-3.2417393,-7.144808,3.1453197,6.8369613
774,25.87763289869609,-2.6653872,8.11148,-3.7002711,-6.8787494,1.3147752,14.340661
775,25.91106653293213,-1.9070078,7.870574,-3.4989066,-6.9006543,1.7547406,14.054795
776,25.944500167168172,-1.0615487,8.3831005,-5.637977,-9.555623,0.9436197,17.117775
777,25.977933801404212,0.39178646,8.013697,-2.608399,-9.03826,1.1307108,14.356328
778,26.011367435640253,0.34631336,8.467407,-3.0572982,-10.956988,2.3111591,19.263111
779,26.044801069876296,-0.42633554,7.571092,-2.8884804,-11.469537,3.8053796,19.669575
780,26.078234704112337,-2.652802,5.6276207,-5.795403,-12.64313,2.873243,18.004288
781,26.111668338348377,-3.1163723,4.733349,-4.2675986,-9.483083,1.6217586,12.74405
782,26.14510197258442,-1.7904984,4.8785124,-3.4944592,-9.031528,1.8498558,13.343005
783,26.17853560682046,-3.3524866,4.405763,-4.723814,-10.420262,2.50423,11.695041
784,26.211969241056504,-2.2615876,1.5936954,-3.0027974,-4.7447314,1.7570407,3.3013973
785,26.245402875292545,-3.4116666,6.9300823,-4.1346116,-10.479672,3.0849013,14.874826
786,26.278836509528585,-1.1698071,7.84301,-3.0468311,-10.674244,3.2903697,16.990091
787,26.31227014376463,-0.4573831,10.754376,-2.6912124,-9.504402,2.4843495,18.75945
788,26.34570377800067,-2.4839938,10.62807,-3.8017545,-8.655329,1.8657397,17.933664
789,26.37913741223671,-1.2377385,11.570519,-1.7182058,-8.081014,2.8507984,17.44324
790,26.412571046472753,-1.894394,9.864155,-3.6435673,-6.5058355,2.2760782,18.161406
791,26.446004680708793,-2.4379196,8.023968,-2.8345504,-8.955855,4.0112176,17.895132
792,26.479438314944833,-1.1130608,5.468367,-5.809711,-11.949805,3.377855,15.184341
793,26.512871949180877,-1.5494713,2.3371508,-6.0402794,-10.723029,2.1855748,10.865033
794,26.546305583416917,-1.1076273,5.9875774,-5.863019,-10.54876,2.0738132,13.840301
795,26.57973921765296,-2.0978625,5.7740927,-4.9851856,-9.415882,0.7317394,13.305476
796,26.613172851889,0.60480887,9.142081,-3.306214,-6.2448397,-0.08286808,13.674775
797,26.64660648612504,-0.6142074,8.330554,-5.0508485,-6.8009253,-2.6072016,15.490168
798,26.680040120361085,-1.3454748,8.713667,-5.7407084,-7.089132,-2.553715,15.446875
799,26.713473754597125,-1.6358901,7.0752616,-5.108354,-6.878079,-0.55391395,12.531525
800,26.746907388833165,-0.8112498,5.8338156,-4.1157265,-6.229181,-0.013386171,10.839807
801,26.78034102306921,0.58709896,6.2269926,-3.2039053,-3.695516,0.75195473,7.4870696
802,26.81377465730525,-1.0992177,3.3783152,-4.037897,-4.714685,-2.8066204,8.886362
803,26.84720829154129,-0.741046,7.728715,-5.526888,-7.624804,-2.9598167,14.431481
804,26.880641925777333,-2.8304117,1.4966481,-3.5423276,-0.90339315,-2.7979696,5.450785
805,26.914075560013373,-1.6057817,9.658423,-4.699157,-6.34647,-1.0315406,16.459995
806,26.947509194249413,-0.92636347,10.283195,-4.3583503,-3.5364008,-4.758091,12.636521
807,26.980942828485457,-1.963347,4.678013,-3.0096354,-0.41353545,-2.49447,6.962875
808,27.014376462721497,-1.7231933,10.731879,-5.4190736,-5.266869,-1.6202224,16.026766
809,27.04781009695754,-2.4464242,9.35366,-6.4034944,-6.5775843,-0.66721624,16.637226
810,27.08124373119358,-1.732324,8.503109,-5.8130636,-7.64543,0.09770962,17.523155
811,27.11467736542962,-0.85184973,6.8956156,-5.7552094,-7.49091,-0.52670497,13.492575
812,27.148110999665665,-2.8494077,8.434465,-6.286964,-8.13088,-1.2963388,14.656139
813,27.181544633901705,-2.7831342,7.0395026,-5.5348363,-7.5442066,0.083588146,12.038591
814,27.214978268137745,-1.4980803,5.3541384,-3.9194407,-5.8659906,1.0467862,9.3263445
815,27.24841190237379,0.36770657,4.878412,-1.2373308,-3.0631635,1.2071087,6.7492056
816,27.28184553660983,0.42163476,4.919512,-3.0917141,-5.1075907,1.0391486,8.128794
817,27.31527917084587,-1.0908024,7.8632593,-5.671837,-7.1329746,-1.0752224,13.324514
818,27.348712805081913,-2.5211656,2.3947144,-3.6709805,-3.3259432,-0.5725366,5.9454145
819,27.382146439317953,-2.9989526,8.952089,-5.386679,-7.5666504,-1.2012609,16.76538
820,27.415580073553997,-3.169227,8.35946,-5.847214,-5.290926,0.4497285,14.804941
821,27.449013707790037,-3.384104,7.3583403,-6.010139,-7.327197,0.21360253,16.716196
822,27.482447342026077,-2.9820504,7.737634,-4.4444947,-7.8611965,-0.66876966,15.867904
823,27.51588097626212,-1.97556,7.302546,-5.5603766,-9.854106,-1.3671156,15.477989
824,27.54931461049816,-1.1625113,7.015207,-3.9612615,-8.519097,1.0610629,14.427391
825,27.5827482447342,-1.3615344,6.3570185,-3.769724,-10.170474,2.1219864,14.536419
826,27.616181878970245,-3.2873673,5.9070873,-3.2661881,-6.7539454,1.1815978,10.584689
827,27.649615513206285,-3.49021,4.568222,-2.8937614,-3.1753755,-0.31678545,7.0888324
828,27.683049147442325,-3.1480045,8.3794155,-3.5651662,-7.9660215,1.7802879,13.706316
829,27.71648278167837,-1.4785678,10.533746,-3.7950406,-9.736634,2.419012,17.089043
830,27.74991641591441,-0.9556585,13.190365,-2.7524893,-9.245088,3.4143348,19.223984
831,27.783350050150453,-1.1195049,11.54771,-2.0140226,-7.9768004,3.4538221,16.721449
832,27.816783684386493,-1.9850026,10.699135,-3.426018,-8.8781805,3.2721725,17.459854
833,27.850217318622533,-1.7993178,5.004229,-6.0575805,-11.0337715,3.3384311,15.015638
834,27.883650952858577,-0.9968071,-0.3465609,-2.9338326,-4.8464446,0.9395524,2.2843628
835,27.917084587094617,-1.4863831,2.4178421,-6.415929,-13.498094,2.004922,14.737323
836,27.950518221330658,-1.343465,3.370711,-6.5093827,-12.307543,1.1771532,14.052455
837,27.9839518555667,-1.3254449,5.558897,-3.6103685,-8.571275,0.7668566,12.03067
838,28.01738548980274,-2.3568873,5.013233,-6.1886573,-15.48063,3.3986654,15.140816
839,28.05081912403878,-4.373447,4.3233624,-6.4484086,-14.681396,2.653171,14.603508
840,28.084252758274825,-3.0626767,1.8372809,-7.7448616,-14.850708,1.8632693,14.423159
841,28.117686392510866,-3.133712,2.3700285,-6.2640243,-11.598006,1.4509284,11.926624
842,28.151120026746906,-3.123649,3.4494708,-3.6463065,-10.785753,0.7442262,13.032098
843,28.18455366098295,-2.9330394,2.4952264,-4.5372553,-10.796579,-0.16145405,12.749239
844,28.21798729521899,-1.7570435,2.3044178,-4.6299562,-10.138349,0.17277981,11.395113
845,28.251420929455033,-2.779094,5.9859877,-2.430163,-9.213186,1.964976,12.750894
846,28.284854563691074,-3.3249578,4.698279,-2.3727741,-5.7867384,1.2050298,7.8229084
847,28.318288197927114,-3.3228004,3.5362773,-5.2593718,-9.021969,1.3975786,10.514295
848,28.351721832163157,-3.3684235,5.06902,-5.414152,-9.398219,1.9147443,11.570074
849,28.385155466399198,-3.1250315,5.8118067,-5.172658,-9.139651,2.2218988,10.900181
850,28.418589100635238,-2.6112401,5.4781017,-2.890417,-6.077301,1.4771504,9.049541
851,28.45202273487128,-3.493086,4.807473,-6.987945,-10.609658,1.834803,12.256945
852,28.48545636910732,-5.4376717,1.1489942,-8.23009,-14.194441,1.6323448,12.583307
853,28.518890003343362,-4.5961323,6.8902335,-3.8582358,-8.809059,1.4665035,10.928231
854,28.552323637579406,-3.6423485,3.407421,-3.8246481,-10.527079,1.8232943,12.877388
855,28.585757271815446,-2.8032615,5.4234324,-1.8990239,-6.072952,0.87175256,10.6204
856,28.61919090605149,-0.89513624,8.049829,0.5178531,-7.692973,5.67034,9.0831785
857,28.65262454028753,-4.116893,3.758181,-6.147081,-10.933925,1.8576549,11.127181
858,28.68605817452357,-4.4748025,4.489845,-6.412401,-9.922347,1.6149282,10.820973
859,28.719491808759614,-5.5110717,5.7154093,-7.1008444,-10.624292,3.220587,12.855857
860,28.752925442995654,-3.0961692,1.5502745,-7.173208,-13.140899,2.6115415,14.211949
861,28.786359077231694,-3.4787054,7.9410405,-2.8130789,-8.012482,4.1805077,11.114736
862,28.819792711467738,-1.6638091,5.049989,-2.2816968,-7.5993214,1.5105908,10.133403
863,28.853226345703778,-1.6017451,4.2999234,-2.5591908,-7.1084337,1.0831962,9.48487
864,28.886659979939818,-1.3474815,3.983971,-2.581299,-9.225595,1.4176102,12.883295
865,28.92009361417586,-1.2616051,7.2666903,-1.223122,-8.437981,2.2490451,13.586386
866,28.953527248411902,-2.102707,6.452142,-2.2123325,-8.804817,2.680098,12.806061
867,28.986960882647942,-2.0018244,4.8264346,-3.2308578,-6.5415916,1.7999346,9.602019
868,29.020394516883986,-1.9580673,6.083417,-2.6921325,-6.3806643,0.8898286,9.248218
869,29.053828151120026,-2.2716422,5.120915,-1.6617639,-5.8358045,1.2095584,9.335527
870,29.08726178535607,-3.3384411,6.30329,-1.5150181,-4.4619527,0.28161225,7.3752203
871,29.12069541959211,-3.4372041,4.3191104,-2.7770498,-8.245988,4.3680134,11.122188
872,29.15412905382815,-1.6077845,5.6506805,-1.8666768,-9.651045,2.3372974,14.501635
873,29.187562688064194,-3.2554793,6.884736,-4.2111483,-9.566818,5.8387933,13.924956
874,29.220996322300234,-1.5027953,5.798032,-3.77075,-9.373975,3.3182094,12.996083
875,29.254429956536274,-1.7341201,5.5922313,-2.6135793,-7.691821,3.5266995,10.648211
876,29.287863590772318,-1.8489381,5.3887615,-2.4070895,-7.4272504,2.8305826,11.123124
877,29.321297225008358,-2.3153734,5.5006485,-2.9746344,-8.782418,3.461059,12.56781
878,29.3547308592444,-2.1047287,6.5872245,-1.8886818,-8.795645,3.3938353,15.065893
879,29.388164493480442,-0.76527303,6.91733,-2.0725815,-11.62516,3.4229016,17.079939
880,29.421598127716482,-0.701291,3.648546,-5.213216,-13.205804,2.5199995,14.900889
881,29.455031761952526,-0.77457976,6.7802844,-2.0690365,-9.712415,2.306046,13.480393
882,29.488465396188566,-0.4710223,5.2213674,-4.65445,-11.208052,1.3027688,15.152163
883,29.521899030424606,-0.32937744,9.765949,-3.1710162,-10.755238,1.7537024,18.70152
884,29.55533266466065,-0.7625453,9.134146,-2.62699,-9.753483,0.31273115,16.472746
885,29.58876629889669,-0.4979976,10.324392,-0.5524659,-8.607957,1.8433337,18.260756
886,29.62219993313273,-1.0682791,6.736497,-2.2817912,-10.513556,2.4122403,17.363728
887,29.655633567368774,-0.1869258,6.526888,-1.3716528,-8.9403515,3.2652097,15.253079
888,29.689067201604814,-3.6335545,8.467994,-1.3662139,-7.713019,2.2950747,12.546808
889,29.722500835840854,-1.544013,6.0274873,-1.3391843,-7.8551683,1.1149962,14.545051
890,29.755934470076898,-1.6167775,5.874839,-2.1044805,-8.420942,2.459121,13.583108
891,29.78936810431294,-1.0128498,8.516989,-1.1025213,-7.7710567,1.9849181,16.869307
892,29.82280173854898,1.1522197,9.166051,-0.51131344,-10.334884,4.3734274,16.840328
893,29.856235372785022,-0.10906996,5.4714518,-2.798771,-11.099419,2.4202073,14.526492
894,29.889669007021062,-0.48326308,3.0632918,-4.286895,-10.200565,2.3927147,12.310831
895,29.923102641257106,-3.501235,7.464824,-2.7562962,-11.854073,6.078181,13.960231
896,29.956536275493146,-2.1044967,7.2482085,-1.5558547,-7.0887675,-0.021672219,13.068312
897,29.989969909729187,-0.68709713,7.228086,-2.2527905,-8.000571,1.3948518,13.085105
898,30.02340354396523,1.29921,6.862057,-2.8357875,-8.114225,0.3275203,12.621566
899,30.05683717820127,0.2398817,7.4410377,-3.359371,-9.009194,0.6040185,14.944226
900,30.09027081243731,-1.8083166,7.016371,-2.8999834,-7.3450785,2.0030553,12.445474
901,30.123704446673354,-0.25022596,9.518846,-2.565905,-8.13449,1.7822179,17.206573
902,30.157138080909395,-0.048627935,8.992394,-3.1960347,-6.7290926,1.908173,12.219479
903,30.190571715145435,0.42021737,11.26766,-2.3443418,-5.620257,1.2900248,13.762324
904,30.22400534938148,0.076332934,9.529428,-2.2337065,-5.747542,1.5674844,9.983832
905,30.25743898361752,-0.63563776,8.733692,-2.473999,-8.0524,1.5253245,13.24256
906,30.290872617853562,-3.0677204,6.3581667,-3.863356,-8.289509,0.18944538,13.087431
907,30.324306252089603,-0.41925633,4.5624266,-5.0777283,-10.611094,-0.6560038,12.240441
908,30.357739886325643,-1.6641732,4.3052044,-3.7517319,-8.631233,0.30257446,11.413726
909,30.391173520561686,-0.82389253,4.4921927,-5.4941554,-10.10637,-0.93697846,13.210149
910,30.424607154797727,0.11211319,6.5257053,-3.3581483,-7.779997,0.22170071,13.149593
911,30.458040789033767,1.1853043,6.7774286,-4.2922263,-8.639906,0.7006828,13.3747425
912,30.49147442326981,2.5644844,7.742048,-3.969284,-7.266049,0.692338,13.519801
913,30.52490805750585,0.7215454,6.5764365,-4.4545894,-9.656096,0.11418507,14.300865
914,30.55834169174189,0.2976194,4.411185,-5.5617895,-9.491622,0.49126112,12.57366
915,30.591775325977935,1.4625322,5.6223726,-2.0852666,-6.0908027,-0.22726443,8.547272
916,30.625208960213975,1.5669533,5.4627166,-1.428234,-4.388156,-0.50883484,7.1685934
917,30.65864259445002,0.25898844,6.213368,-0.8352616,-3.2193246,0.3323391,6.7326245
918,30.69207622868606,2.9744925,7.7837777,-0.25740966,-2.2247443,0.17335723,7.7996597
919,30.7255098629221,1.7293859,7.9986057,-2.2227428,-4.991038,0.35286003,10.364208
920,30.758943497158143,0.98455715,5.2539854,-1.579993,-3.3039448,0.9126592,7.7859735
921,30.792377131394183,-3.247106,4.62513,-2.0616202,-4.5309186,0.6888573,7.367879
922,30.825810765630223,0.10745247,5.4772563,-0.4967563,-2.222332,1.309759,6.7828727
923,30.859244399866267,-1.1388935,5.3429885,-1.7818933,-4.1517067,-0.21099721,8.170477
924,30.892678034102307,1.5171486,6.2469068,-1.1118064,-2.9932044,0.7352748,8.651893
925,30.926111668338347,0.33683187,7.626003,-3.3556988,-6.4762607,-0.31271735,13.348221
926,30.95954530257439,-0.0001931401,6.5874414,-3.2998626,-5.947931,0.6621817,12.301953
927,30.99297893681043,-1.144057,4.302672,-2.6154847,-5.7159977,0.28328115,9.387317
928,31.02641257104647,-1.6630343,4.356978,-1.1776649,-3.5579686,0.23036185,7.1247787
929,31.059846205282515,-2.2211912,4.0342445,-3.3301523,-7.0233955,-0.22695178,11.56017
930,31.093279839518555,-0.9529637,4.1107845,-2.9141965,-6.981067,0.24918504,12.401801
931,31.1267134737546,-1.2158263,3.9227662,-1.5877602,-4.253213,0.80873257,6.5804944
932,31.16014710799064,-2.26153,4.842796,-1.8851252,-3.9669416,-0.684654,7.759217
933,31.19358074222668,-1.9353948,5.1950264,-1.5799721,-4.2451634,1.6142864,9.513001
934,31.227014376462723,-1.8605988,5.479405,-4.200787,-7.0522923,1.2199312,12.389827
935,31.260448010698763,-0.08934941,5.5607495,-4.0893316,-5.3385525,0.6986813,11.018137
936,31.293881644934803,-1.2343293,6.7890744,-1.8559079,-3.4228098,1.5775799,10.535068
937,31.327315279170847,-0.502682,6.0456386,-4.7207284,-8.973097,1.8336754,14.015182
938,31.360748913406887,2.2565608,8.869512,-2.4523017,-4.850772,-0.3239546,13.134329
939,31.394182547642927,1.5972731,9.413218,-0.8939498,-4.094344,0.5772613,10.125246
940,31.42761618187897,2.7256558,11.1671915,-2.2932527,-4.8987303,-0.4301688,14.395356
941,31.46104981611501,1.2100939,9.528121,-4.423949,-7.7305684,0.25522482,16.110115
942,31.494483450351055,-0.87861055,5.373537,-3.039308,-6.2489114,0.5015911,11.021952
943,31.527917084587095,-1.2884625,4.9296865,-1.7822303,-4.176486,0.25918558,8.501995
944,31.561350718823135,0.2026342,6.570028,-2.5237582,-6.0703974,1.4029181,12.889376
945,31.59478435305918,0.4956403,7.182529,-2.2738187,-5.9608693,0.86325246,12.66059
946,31.62821798729522,-1.7282591,6.3646846,-2.612359,-6.992508,1.3611618,13.067296
947,31.66165162153126,-2.1689546,4.489116,-1.7141695,-4.2583003,1.9740463,6.816424
948,31.695085255767303,-0.6374591,8.0352545,-2.5743122,-5.3713045,1.8829154,13.22615
949,31.728518890003343,1.2380582,8.88022,-3.059716,-6.3021183,1.1481911,14.514861
950,31.761952524239383,0.78565675,8.057237,-5.1458015,-9.981233,-0.24943185,16.755869
951,31.795386158475427,0.78464276,8.710128,-3.3252928,-10.225245,0.3045915,15.660382
952,31.828819792711467,0.94943386,8.904405,-3.396438,-10.986823,1.3531862,18.099625
953,31.862253426947508,-0.15152335,6.5561647,-5.4089575,-11.71167,1.505847,17.04117
954,31.89568706118355,-1.7340626,4.899057,-4.3886147,-9.17419,0.8904284,13.217257
955,31.92912069541959,-2.140334,3.7007284,-3.0969977,-6.683777,0.5602801,9.720196
956,31.962554329655635,-2.2497513,4.97171,-3.82047,-9.457377,-0.77169305,14.612081
957,31.995987963891675,-0.8437684,4.7065606,-4.0170903,-9.839867,0.030438878,14.112562
958,32.02942159812772,-2.9912627,4.723701,-2.6880934,-4.6262197,0.5590557,5.590658
959,32.06285523236376,-2.3260934,1.5162112,-3.1147156,-4.7592325,1.5706725,3.1843743
960,32.0962888665998,-1.2394525,7.4465065,-4.2800126,-9.817624,1.4065095,15.924633
961,32.12972250083584,-0.800712,7.866522,-3.646092,-10.175086,0.8212029,17.070116
962,32.16315613507188,0.0649295,4.6230645,-5.9174523,-10.415881,1.3828638,13.59565
963,32.19658976930793,-1.0936837,3.546707,-7.318733,-12.936207,-0.10793136,13.146424
964,32.23002340354397,-3.4792063,6.5682173,-4.20233,-8.651688,0.12376819,12.204046
965,32.26345703778001,-1.9182231,5.03263,-6.0740724,-10.8434725,-0.5827505,13.339495
966,32.29689067201605,-1.2001618,5.121599,-4.1193557,-6.826717,0.30044365,10.558317
967,32.33032430625209,0.024962382,6.3608127,-4.879061,-9.517886,0.2483932,13.180071
968,32.36375794048813,-0.4975757,6.8326406,-4.9671783,-9.03077,0.14484197,13.660601
969,32.397191574724175,-3.9119122,8.397781,-6.187755,-9.951261,1.2520933,14.473829
970,32.430625208960215,-3.117363,8.746737,-4.455185,-9.160224,1.0790882,15.726435
971,32.464058843196256,-1.7408159,6.3705826,-5.5364976,-10.069991,-0.013702528,13.186286
972,32.497492477432296,1.1708394,6.5702734,-2.7729976,-6.908547,-0.02072657,9.6896515
973,32.530926111668336,0.90068233,8.769676,-1.9424143,-7.665171,0.5820451,12.191972
974,32.56435974590438,0.25573203,8.481964,-3.8491006,-6.6862745,0.723065,11.1182785
975,32.59779338014042,-1.5374361,9.889777,-3.7588692,-7.180844,-0.22046545,12.7870655
976,32.631227014376464,-1.5025119,10.049783,-3.0161936,-6.1600084,0.06055276,12.823653
977,32.664660648612504,-2.810948,10.89011,-5.1042256,-6.607916,-0.3337237,14.262717
978,32.698094282848544,-2.3545744,11.388441,-4.0203233,-6.5566025,0.8542782,14.121552
979,32.731527917084584,-3.6269894,10.128776,-4.079981,-7.559781,0.76811683,13.998129
980,32.76496155132063,-1.7266706,9.037156,-4.97936,-8.844206,-0.3313866,13.032772
981,32.79839518555667,0.6372742,10.898443,-3.7887514,-6.5647435,0.16134907,14.039317
982,32.83182881979271,-2.211173,10.857484,-4.08699,-8.937908,2.7429411,14.534651
983,32.86526245402875,-1.4596597,11.699898,-3.530399,-5.743745,0.42849985,13.745744
984,32.89869608826479,-2.2773874,12.723354,-3.210446,-4.801382,0.55205834,13.448936
985,32.93212972250084,-3.478055,9.337346,-5.1977057,-6.1091037,-0.3669456,13.298169
986,32.96556335673688,-5.522602,8.306277,-5.5703793,-5.8727646,-0.86859447,12.978275
987,32.99899699097292,-3.0794203,10.39953,-4.9904933,-6.6665263,1.0418081,14.680832
988,33.03243062520896,-2.2788358,8.742801,-5.894083,-9.370569,0.36015517,13.136847
989,33.065864259445,-0.40286273,9.470947,-4.927337,-9.880077,3.7834475,13.290638
990,33.09929789368104,-2.2685685,8.659452,-6.943211,-10.680074,0.44064826,14.206296
991,33.13273152791709,-0.512986,8.908328,-2.9204223,-5.1434255,-0.07886054,10.626989
992,33.16616516215313,0.40440813,6.3078647,-5.3448544,-8.150379,-0.85959303,12.03952
993,33.19959879638917,-2.899194,5.3751907,-5.2265544,-6.343568,-1.1187204,8.805539
994,33.23303243062521,-2.2702918,4.186468,-6.08071,-7.886936,-0.110592864,10.757447
995,33.26646606486125,-3.1137989,6.468327,-5.472677,-7.090523,0.7977772,11.517364
996,33.29989969909729,-4.2233043,3.9841866,-3.6373348,-2.6771991,-0.654138,5.5968676
997,33.333333333333336,-1.2020701,9.067239,-6.713919,-8.531968,-1.3870453,15.055971
998,33.366766967569376,-1.3235868,9.142321,-6.1268535,-7.542165,-0.754825,14.420925
999,33.400200601805416,-3.3373501,6.3537703,-5.5942264,-5.409202,-0.58880764,10.036937
1000,33.433634236041456,-2.5168931,10.106217,-6.4094934,-7.323921,-0.7144272,15.031149
1001,33.467067870277496,-2.2303069,11.534884,-4.931748,-6.454504,0.23054455,13.459561
1002,33.500501504513544,-2.8261437,9.100029,-4.6058187,-5.410161,-0.53907067,12.260148
1003,33.533935138749584,-2.2836533,8.287174,-2.885547,-3.3613682,-1.1607863,8.370392
1004,33.567368772985624,-1.2807821,5.9970856,-1.5765778,-0.7220896,-1.9880302,5.610237
1005,33.600802407221664,-0.79586214,10.49246,-3.0871856,-4.7064457,-0.69767386,12.455931
1006,33.634236041457704,-1.0189854,7.8170466,-6.4438233,-8.4670315,0.160346,13.020263
1007,33.667669675693745,0.7120005,9.826462,-4.490977,-6.422681,0.944097,12.442481
1008,33.70110330992979,0.3660604,9.94249,-4.56217,-5.8315754,1.1785483,12.72471
1009,33.73453694416583,0.33951223,7.9088745,-2.3756738,-3.5528936,0.58467376,10.280217
1010,33.76797057840187,-0.56643593,7.9977546,-3.9915507,-4.885303,0.6996626,10.940966
1011,33.80140421263791,0.7946289,7.415791,-3.0333188,-0.894477,1.1015551,6.8944855
1012,33.83483784687395,1.9218552,9.009351,-3.5628316,-4.456895,1.1827025,12.653421
1013,33.86827148111,-0.22709402,8.077162,-5.8874397,-7.391324,0.9764746,14.99293
1014,33.90170511534604,1.0811857,7.6081734,-3.6216571,-6.767061,0.17625707,12.071645
1015,33.93513874958208,0.44646156,9.398423,-3.304408,-6.2034473,0.11380841,13.420868
1016,33.96857238381812,-0.9493765,8.024296,-5.4031324,-8.388677,0.8768004,17.308636
1017,34.00200601805416,-2.1988015,5.274309,-5.320929,-7.9269943,0.55876493,13.467791
1018,34.0354396522902,-0.028181639,6.2925673,-1.8861128,-3.7803802,-0.84048885,9.098919
1019,34.06887328652625,0.4739667,6.9901404,-1.2665226,-3.018868,-0.093241446,9.3622875
1020,34.10230692076229,-1.0478795,8.304314,-3.1533105,-6.961305,-0.18749867,12.77958
1021,34.13574055499833,-0.82660764,7.3591156,-4.138051,-6.0545835,0.22118999,13.609108
1022,34.16917418923437,-3.043013,6.0986176,-4.142167,-4.902876,0.7378459,10.94978
1023,34.20260782347041,-1.8949581,6.227855,-2.9194982,-5.906902,0.46568513,10.979439
1024,34.236041457706456,0.30709633,7.4280953,-2.0011735,-4.903192,0.10741731,12.413802
1025,34.269475091942496,-0.07577458,9.686975,-3.3276827,-6.06196,0.5187757,14.7826395
1026,34.302908726178536,-1.6239016,8.706965,-3.883554,-7.122432,0.6198907,14.36916
1027,34.33634236041458,-0.18269171,9.061323,-3.546121,-5.518074,-0.39066845,15.005977
1028,34.36977599465062,-0.06668645,6.093501,-5.851634,-8.051575,-0.095094375,12.896069
1029,34.40320962888666,-1.3524933,5.578506,-4.920675,-6.0633035,-0.22915395,9.5702095
1030,34.436643263122704,-0.5653208,7.9068046,-5.429381,-8.034969,0.0039858175,15.037548
1031,34.470076897358744,-0.18243864,7.1196213,-5.3251886,-9.883096,-0.36686906,14.78385
1032,34.503510531594785,-0.18157594,6.6640706,-6.307285,-8.712818,-1.865879,12.981135
1033,34.536944165830825,-1.6526769,2.7175512,-5.8425083,-6.4724207,-3.039151,10.075189
1034,34.570377800066865,-3.0020838,1.5187155,-3.6737485,-0.92544144,-2.1409152,5.2862763
1035,34.60381143430291,-3.3584843,1.944299,-2.6002836,0.17797501,-2.6604996,4.227471
1036,34.63724506853895,-1.3183585,8.978385,-7.124988,-8.199035,-1.9457958,15.685867
1037,34.67067870277499,-1.819844,7.119902,-6.28343,-5.5990825,-2.3489115,12.630398
1038,34.70411233701103,-1.4703149,10.1080885,-5.2753215,-6.3892746,-1.5378251,16.802574
1039,34.73754597124707,-0.6345164,9.2591305,-5.768981,-4.69418,-4.5232763,13.201305
1040,34.77097960548311,-0.93167716,10.651531,-4.9773607,-4.6529627,-2.1547377,15.121501
1041,34.80441323971916,-2.205005,9.107495,-6.66219,-6.2320642,-1.1296153,15.585612
1042,34.8378468739552,-2.3369806,8.5468,-6.314456,-8.078021,-0.6281201,16.750563
1043,34.87128050819124,-1.8073795,8.224924,-5.7559156,-6.607838,-1.2272414,16.627369
1044,34.90471414242728,-1.4886922,6.901586,-6.699806,-8.644506,0.43264943,17.372017
1045,34.93814777666332,-2.516651,6.7744303,-5.283422,-7.5734053,0.086351186,13.89879
1046,34.97158141089936,-2.773173,5.079745,-3.9663737,-6.8257546,0.420263,10.556266
1047,35.00501504513541,-2.0725923,5.2903147,-3.682721,-5.4693785,0.815212,10.007378
1048,35.03844867937145,-0.8849682,5.5833716,-4.115667,-5.443668,0.80595064,11.89139
1049,35.07188231360749,-1.8135738,7.5659204,-4.691267,-6.2158065,1.5399476,13.214597
1050,35.10531594784353,-3.220918,6.0790067,-4.1431828,-6.9499297,0.29018304,10.951051
1051,35.13874958207957,-1.2402434,6.777611,-4.2368445,-5.031493,1.2661663,13.830917
1052,35.17218321631562,-2.6114917,5.482631,-3.9786656,-7.652959,1.0308522,12.490484
1053,35.20561685055166,-2.4187105,4.4275165,-3.387689,-5.765608,0.686266,8.562902
1054,35.2390504847877,-1.1616572,5.9376225,-3.676496,-5.36102,1.5767192,12.898442
1055,35.27248411902374,-2.0342424,8.456963,-4.461076,-6.7753134,1.4374036,15.751666
1056,35.30591775325978,-1.208053,6.690675,-4.726067,-7.7144103,0.2759143,14.027593
1057,35.33935138749582,-1.1878806,6.3030996,-5.460521,-8.734681,-0.21122448,13.383949
1058,35.372785021731865,-2.0613806,8.883841,-5.873274,-9.017381,1.4907311,15.133765
1059,35.406218655967905,-1.8057659,8.252993,-4.5436444,-6.8013096,1.8649849,11.839921
1060,35.439652290203945,-2.4776032,8.122331,-4.8057165,-5.5949426,2.654801,10.642896
1061,35.473085924439985,-1.5726511,5.8055277,-2.0552092,-3.2266552,0.7638907,7.947578
1062,35.506519558676025,-1.1261295,5.894234,-1.1585381,-2.173449,1.4737626,7.780838
1063,35.53995319291207,-1.9719383,5.989508,-2.6159554,-3.1097298,2.8771257,8.549083
1064,35.57338682714811,-0.54621595,5.8712993,-2.9660842,-4.2708173,0.2806834,8.684232
1065,35.60682046138415,-0.6695396,4.9751797,-3.3378632,-4.7289786,0.2995844,8.139634
1066,35.64025409562019,0.78190434,5.3902225,-1.5664692,-0.7972168,-0.060985144,8.015698
1067,35.67368772985623,-0.71239597,4.4745026,-2.7923262,-3.8599448,0.8576954,7.231456
1068,35.70712136409227,0.05612078,4.103617,-2.9020767,-3.8041797,-0.14921705,7.515206
1069,35.74055499832832,-2.4250042,4.1360283,-1.8979747,-3.2478657,0.84062386,6.1776094
1070,35.77398863256436,-0.9711767,5.7075205,-4.7564626,-5.283649,-0.5113439,9.221179
1071,35.8074222668004,-2.2493443,3.9607248,-4.4929094,-4.9907403,0.66188794,7.370657
1072,35.84085590103644,-1.2859389,4.7395697,-2.9403553,-4.0438395,0.30719835,8.295129
1073,35.87428953527248,-1.544694,5.009987,-2.6400428,-3.5230365,1.1154947,7.5937896
1074,35.90772316950853,-1.2668636,5.58182,-3.6295407,-4.522784,0.080011584,9.33858
1075,35.94115680374457,-1.978184,6.4725566,-2.9620967,-5.7120605,-0.23900323,11.000894
1076,35.97459043798061,-1.4489982,8.374314,-4.376024,-7.0775194,-0.07323526,13.668171
1077,36.00802407221665,-1.5715725,9.791881,-4.712378,-8.246788,0.07688886,18.239489
1078,36.04145770645269,-1.8227812,11.069604,-3.6656544,-7.0744867,0.01256595,17.701284
1079,36.07489134068873,-2.919023,5.6198807,-5.456476,-10.076836,1.2123699,15.40497
1080,36.10832497492478,-3.4017148,5.657769,-4.855739,-8.454084,0.24905123,12.507292
1081,36.14175860916082,-1.7702706,5.485082,-2.9918282,-6.8318725,0.087618805,11.495779
1082,36.17519224339686,-2.2720487,4.7715254,-3.160835,-7.266346,0.57175064,10.980534
1083,36.2086258776329,-0.3478574,5.7241354,-3.2262542,-6.9858623,0.577608,12.350115
1084,36.24205951186894,-1.5387845,7.3199515,-3.8648424,-7.3895097,1.2647408,12.687338
1085,36.275493146104985,-2.6947298,5.3391347,-4.278903,-9.053387,1.0518218,12.588336
1086,36.308926780341025,-0.8271329,6.6252074,-3.944488,-6.1702766,1.0242552,13.913293
1087,36.342360414577065,-2.4737682,4.9641833,-4.3727846,-8.066301,0.6938049,12.098547
1088,36.375794048813106,-4.128368,5.926887,-2.4814394,-7.692702,2.4928336,10.750372
1089,36.409227683049146,-2.381285,5.16419,-2.9797158,-5.36698,0.0074760276,9.9273815
1090,36.442661317285186,-2.950792,6.867961,-4.63085,-8.674622,2.3647087,14.298277
1091,36.47609495152123,-2.5492697,6.4222684,-5.2421613,-10.140778,1.9882472,16.004253
1092,36.50952858575727,-1.919769,6.5606813,-6.600233,-11.798499,1.0202849,17.622217
1093,36.54296221999331,-1.7578521,4.12838,-7.4431214,-13.03658,-0.06503152,14.542827
1094,36.576395854229354,-2.0741541,4.8303127,-5.583227,-11.214195,0.68744147,14.143263
1095,36.609829488465394,-1.6956528,5.0821676,-6.330298,-11.232437,0.034140255,15.748155
1096,36.64326312270144,-0.3022608,7.216366,-3.9991393,-9.528642,1.227101,15.268673
1097,36.67669675693748,0.69330513,7.126025,-4.7293725,-9.348639,0.7775771,15.914502
1098,36.71013039117352,0.44954237,7.2606707,-4.5451317,-11.359931,2.2787857,17.357475
1099,36.74356402540956,-2.1885972,5.1821556,-4.8017936,-10.671216,1.3543384,14.333401
1100,36.7769976596456,-0.90258867,5.723435,-2.6629765,-8.119982,0.60873914,12.80142
1101,36.81043129388164,-2.0786576,5.1912446,-2.9466133,-7.551166,0.88676494,11.360641
1102,36.84386492811769,-0.730632,5.154808,-3.11947,-7.819556,2.09066,12.6681795
1103,36.87729856235373,-0.33575898,7.658953,-2.4640718,-8.46918,1.9976991,14.100249
1104,36.91073219658977,-0.43509573,7.233159,-3.1756861,-9.588799,2.091128,14.530348
1105,36.94416583082581,0.5471485,10.203139,-1.6733092,-9.529252,1.9668331,17.837404
1106,36.97759946506185,-2.3115134,10.134029,-3.5602112,-8.355103,1.3269721,16.593891
1107,37.01103309929789,-0.13714267,10.271433,-1.6377268,-7.492565,-0.34405088,20.500721
1108,37.04446673353394,-0.5522521,13.6779585,-3.0939393,-7.2825356,1.6522056,15.747057
1109,37.07790036776998,-2.5587852,10.385428,-3.6517067,-7.171676,1.6367552,16.416084
1110,37.11133400200602,-3.4149258,6.605554,-5.9666934,-9.742615,2.8887346,16.707788
1111,37.14476763624206,1.0483923,4.047506,-6.84354,-13.379327,1.636707,16.129734
1112,37.1782012704781,-0.07177307,2.833492,-8.188645,-14.58297,1.2912544,15.228599
1113,37.211634904714145,-1.9034297,3.915384,-5.4073935,-10.648366,0.7820292,12.75584
1114,37.245068538950186,-1.150851,3.5778153,-8.001128,-13.465911,1.831431,15.1156225
1115,37.278502173186226,-1.9741771,2.4333901,-6.883473,-12.317258,1.9363042,13.429277
1116,37.311935807422266,-1.7339665,2.9220042,-4.204258,-8.284416,0.3019455,10.213279
1117,37.345369441658306,-3.3225112,2.2393453,-4.8066034,-10.221477,-0.33177733,12.361214
1118,37.378803075894346,-1.7274594,1.8898675,-5.0743504,-9.577613,0.040433835,10.561803
1119,37.412236710130394,-4.216883,8.242879,-2.2822585,-9.431397,3.0626562,13.511769
1120,37.445670344366434,-1.2004788,8.092394,-0.30864748,-9.206246,5.8186088,10.157394
1121,37.479103978602474,-3.0710428,3.7645764,-6.364744,-9.3293295,1.1219624,10.903372
1122,37.512537612838514,-2.178895,4.2277727,-5.6491346,-8.639737,1.0595876,10.6657915
1123,37.545971247074554,-4.948225,0.58380944,-8.583092,-14.018525,2.135284,12.670305
1124,37.5794048813106,-3.9334276,7.338657,-3.7517955,-7.3595557,2.7049248,10.063981
1125,37.61283851554664,-3.9912503,4.6725793,-4.241984,-9.5771475,0.8890622,14.235027
1126,37.64627214978268,-4.448917,6.171003,-2.8363144,-5.3547235,1.0498273,6.830937
1127,37.67970578401872,-2.311102,2.8218517,-6.040764,-10.159799,1.760968,12.144356
1128,37.71313941825476,-3.1139326,3.452339,-6.2172523,-9.09655,1.7174131,10.781466
1129,37.7465730524908,-3.4117076,3.3610036,-7.3896804,-11.415931,1.4376861,12.859188
1130,37.78000668672685,-2.0738482,1.3334615,-7.288834,-11.809136,2.130547,12.858466
1131,37.81344032096289,-2.4368172,6.327017,-2.1083994,-6.8359823,2.487644,9.343852
1132,37.84687395519893,-2.6368406,4.924845,-3.2719095,-9.23155,0.89413404,11.657083
1133,37.88030758943497,-0.6091709,4.92976,-2.7105174,-6.948194,0.94379413,10.277333
1134,37.91374122367101,-0.4514413,4.8878264,-2.8554971,-7.430361,1.9984981,11.41703
1135,37.94717485790706,-1.4916142,5.131868,-2.3309858,-7.2892,1.7722435,11.370298
1136,37.9806084921431,-1.1649544,3.9418986,-3.2668154,-7.2053227,2.6584954,10.871085
1137,38.01404212637914,-1.7704846,3.7639987,-3.6627269,-6.265189,2.0468066,9.163856
1138,38.04747576061518,-2.3099866,5.597206,-1.7503588,-5.7885494,1.3477851,9.175136
1139,38.08090939485122,-2.7944784,6.794772,-2.685174,-8.709862,4.2782164,9.630226
1140,38.11434302908726,-1.5023419,8.323452,0.32992408,-7.4412107,5.3089814,10.173184
1141,38.147776663323306,-3.0744908,4.848,-5.040679,-10.126108,3.8385043,13.892541
1142,38.181210297559346,-1.9939766,5.7576756,-4.1059794,-10.941503,2.324881,15.689537
1143,38.214643931795386,1.2563752,6.0233893,-5.4325175,-12.229104,1.309783,16.722956
1144,38.24807756603143,-0.9246475,6.233692,-2.1396263,-7.1220455,0.47198442,12.704012
1145,38.28151120026747,-0.6689875,6.1109085,-5.3610473,-11.459527,1.4501044,16.611647
1146,38.314944834503514,-0.2527967,10.9916725,-3.733755,-11.640646,1.5608995,19.621044
1147,38.348378468739554,-1.010854,7.2782345,-4.0967307,-10.659384,2.2655778,17.283863
1148,38.381812102975594,-0.5780944,8.357665,-0.6450881,-7.6728034,2.970289,13.618915
1149,38.415245737211634,-1.5864023,5.7003527,-2.9679298,-7.7383394,2.9567242,9.132541
1150,38.448679371447675,-1.9513099,6.322856,-1.8505341,-7.245336,0.6519527,14.151247
1151,38.482113005683715,-0.8704851,6.327647,-2.9022977,-9.399183,2.5707376,15.648316
1152,38.51554663991976,-1.5887822,7.8398004,-3.5725129,-7.800967,2.400617,16.044012
1153,38.5489802741558,0.41687244,8.137891,-3.1440938,-10.174592,2.289595,16.826305
1154,38.58241390839184,-0.64502555,4.5209894,-5.6677346,-11.3361435,0.9784872,14.015856
1155,38.61584754262788,-0.8180606,6.824177,-1.8626853,-7.1292896,-0.9789168,15.091672
1156,38.64928117686392,-0.659509,6.021989,-4.5215273,-9.737306,0.5974591,15.31843
1157,38.68271481109996,0.9355787,7.960019,-2.326391,-6.6952558,0.6311121,15.460177
1158,38.71614844533601,1.2838535,9.745822,-3.4491785,-8.759405,0.095241696,19.577759
1159,38.74958207957205,1.9280115,10.556562,-2.4963756,-8.771389,-0.8150716,17.797663
1160,38.78301571380809,1.1897854,10.092805,-2.7079213,-7.8492813,-1.5418323,18.655954
1161,38.81644934804413,1.5593688,9.809973,-0.9758623,-5.6388416,-2.3774495,19.84298
1162,38.84988298228017,1.4314425,6.9011416,-3.9691353,-8.982513,-1.9718925,15.886362
1163,38.88331661651622,0.14691557,8.428747,-3.1980433,-8.589505,-0.14075898,16.239618
1164,38.91675025075226,0.013193589,7.067946,-3.590117,-8.077673,-0.62085754,17.737452
1165,38.9501838849883,-0.50983167,4.7425356,-3.8534513,-7.7396164,-0.9471618,12.95275
1166,38.98361751922434,0.90976745,6.6398163,-0.83873856,-4.3193173,-0.44084805,12.151044
1167,39.01705115346038,1.8538734,6.612282,-0.85864705,-4.898958,-0.4251728,11.496081
1168,39.05048478769642,0.3912466,5.185575,-2.943502,-7.41492,0.18033557,12.189382
1169,39.08391842193247,-1.5232782,5.8953257,-1.6383559,-5.1829476,-0.5277465,10.248387
1170,39.11735205616851,-0.009969024,7.864815,-2.1222942,-6.030348,-0.09524962,14.0509205
1171,39.15078569040455,1.2391349,6.863564,-4.46015,-8.781944,0.032449853,13.38402
1172,39.18421932464059,1.3159478,10.644758,-1.1483496,-5.2822776,-0.9713543,17.224815
1173,39.21765295887663,2.047922,10.653011,-1.3351389,-4.8805103,-1.5068961,15.804006
1174,39.251086593112674,2.8224187,9.159072,-4.0658984,-8.60713,-0.627621,15.754066
1175,39.284520227348715,-0.5197998,5.3745904,-5.4914713,-8.907645,0.9003132,11.874189
1176,39.317953861584755,1.0151261,5.205747,-3.6205022,-6.3208013,0.5575712,10.628459
1177,39.351387495820795,-0.4070342,5.0047383,-3.8668227,-6.5056853,0.1653043,9.896749
1178,39.384821130056835,-1.183973,5.991803,-0.73384744,-4.5283775,-0.5461642,9.166051
1179,39.418254764292875,-3.3435936,5.4103713,-2.152573,-6.806947,0.9705545,8.188552
1180,39.45168839852892,-2.7349517,5.4815764,-6.053082,-8.109019,0.8078472,10.84845
1181,39.48512203276496,-2.916871,5.552033,-5.868132,-9.510749,0.37236565,12.538348
1182,39.518555667001,-4.703282,3.4390252,-7.3751025,-11.972928,1.2858,13.250055
1183,39.55198930123704,-4.111199,5.735142,-4.5897746,-8.310109,0.25190493,11.363037
1184,39.58542293547308,-2.2990193,4.3890104,-3.9743395,-6.778553,0.25527158,10.691912
1185,39.61885656970913,-3.8608177,6.108707,-3.3657055,-6.865861,0.71916354,9.860747
1186,39.65229020394517,-1.3200645,3.484005,-5.665584,-8.127569,1.6747519,10.265526
1187,39.68572383818121,-2.6141872,4.7990904,-6.5475545,-8.555208,1.3697143,10.464305
1188,39.71915747241725,-1.853294,6.038017,-6.9818077,-10.34951,0.7791081,13.288729
1189,39.75259110665329,-1.0698996,4.1578827,-6.337346,-9.433005,1.4057968,11.989515
1190,39.78602474088933,-3.1506884,6.5581765,-3.2540174,-7.777256,1.8157008,10.601039
1191,39.81945837512538,-1.0167166,5.916607,-2.5374062,-5.8689694,1.3452368,10.468608
1192,39.85289200936142,0.4068136,7.112468,-1.4466889,-5.664275,1.1086725,11.299027
1193,39.88632564359746,0.75030154,7.6916513,-2.0941074,-7.5919957,1.4216756,12.711894
1194,39.9197592778335,0.5509945,9.704496,-3.7899442,-9.342326,1.2780282,17.21831
1195,39.95319291206954,1.938108,9.170029,-2.9162028,-8.110161,0.23004855,15.475547
1196,39.98662654630559,-0.10759325,12.1944685,-3.3325438,-9.6425085,1.4485832,18.434746
1197,40.02006018054163,-0.6598004,8.24753,-3.422098,-8.52197,2.701116,16.462523
1198,40.05349381477767,0.7946665,7.584769,-3.2309382,-8.509996,1.3365536,15.527159
1199,40.08692744901371,-0.03077796,6.6688237,-4.5223947,-11.271367,1.6002858,14.743669
1200,40.12036108324975,-1.7999113,6.6137433,-2.2692447,-7.465264,-0.49077234,12.751316
1201,40.15379471748579,-1.0975583,6.254863,-4.5476685,-9.621562,-0.08260631,14.8884115
1202,40.187228351721835,0.4660298,8.05197,-3.1378193,-8.736199,0.06394256,16.505465
1203,40.220661985957875,-0.03312226,9.658875,-3.831838,-9.150323,-0.6817602,18.394478
1204,40.254095620193915,-2.1223826,10.662136,-4.896743,-9.356932,-0.03513538,16.563011
1205,40.287529254429955,-1.1272724,11.87738,-3.4810221,-7.090536,-1.2388642,17.883768
1206,40.320962888665996,-2.5821173,9.480902,-3.728706,-7.9158754,-2.2314262,19.062487
1207,40.35439652290204,-0.75317603,7.0719423,-4.461004,-9.859999,-1.8636414,16.835869
1208,40.38783015713808,-0.40522346,7.9920278,-5.304972,-10.211665,0.32101634,18.41518
1209,40.42126379137412,-1.5973065,5.85505,-4.3776836,-8.413287,-0.36083975,14.352924
1210,40.45469742561016,-1.390906,5.116488,-3.3580754,-6.7611375,-0.4355436,12.284673
1211,40.488131059846204,-1.1555073,5.1743035,-3.0666933,-5.9654613,0.483448,10.9839325
1212,40.521564694082244,-3.852874,6.068287,-3.4195964,-5.7331433,0.3818322,10.409422
1213,40.55499832831829,-1.2891407,6.994624,-3.2223454,-8.34848,0.39793572,14.354912
1214,40.58843196255433,-0.5960089,6.2030396,-4.8123584,-9.940797,0.6522173,13.8278885
1215,40.62186559679037,-4.1562424,6.465782,-6.099989,-8.484332,2.5478334,12.380429
1216,40.65529923102641,-2.946553,7.0186586,-5.8393116,-9.642087,1.7044952,14.372666
1217,40.68873286526245,-0.5618899,6.5947986,-5.580711,-10.620493,1.3270217,15.658684
1218,40.72216649949849,0.099810466,4.9667625,-7.3098593,-11.960723,1.8135544,14.927569
1219,40.75560013373454,-1.4619405,4.251436,-6.3349876,-10.431924,1.1211687,11.648899
1220,40.78903376797058,-0.69449466,4.987769,-1.9424593,-5.452618,0.46024236,10.512027
1221,40.82246740220662,-3.1774194,2.7754774,-5.3927336,-8.815425,1.0305755,10.138302
1222,40.85590103644266,-1.8783008,2.8397684,-5.850693,-9.276815,0.8657017,9.8510065
1223,40.8893346706787,-2.022614,8.015355,-0.8991908,-5.9195666,-0.051474087,15.428908
1224,40.92276830491475,-1.9488791,4.08183,-2.017517,-5.3027973,0.6919225,8.5257
1225,40.95620193915079,-2.9884543,4.397869,-6.9734,-8.861601,1.5231057,10.42373
1226,40.98963557338683,-2.2218652,4.472711,-5.7968407,-9.107667,0.729605,11.105903
1227,41.02306920762287,-4.272584,1.9260123,-8.430853,-12.349095,1.333288,11.88981
1228,41.05650284185891,-3.2789593,5.7827463,-4.1151724,-5.820572,-0.75140893,9.207061
1229,41.08993647609495,-3.3631163,6.3284826,-3.1821842,-6.613432,1.5736004,9.592455
1230,41.123370110330995,-2.494374,4.1626525,-2.9450083,-6.5950437,2.1010904,7.698568
1231,41.156803744567036,-2.4890234,5.671143,-2.5374167,-7.161771,-0.22262594,14.755648
1232,41.190237378803076,-2.9318576,5.2654324,-5.7909636,-9.247968,1.5937635,11.037298
1233,41.223671013039116,-3.4352095,6.6377616,-4.4401817,-8.413231,1.2685539,11.697091
1234,41.257104647275156,-1.7665429,4.417475,-6.269578,-11.09802,2.382999,13.23829
1235,41.2905382815112,-4.0165305,6.2593336,-3.263231,-10.274222,4.1181836,11.813152
1236,41.323971915747244,-1.0948296,6.27582,-2.125172,-6.4036446,0.5274257,11.343571
1237,41.357405549983284,-0.39540127,7.465656,-1.0698632,-6.1993995,0.6672626,12.792737
1238,41.390839184219324,-0.7417023,5.4775496,-3.0489218,-8.103312,0.5495653,12.283786
1239,41.424272818455364,0.46579182,9.436311,-2.4848661,-9.503092,0.54179776,17.714445
1240,41.457706452691404,1.6821362,11.180499,-2.0863783,-7.116435,0.58515644,16.21324
1241,41.49114008692745,1.2219808,9.966365,-2.0764847,-7.6291065,1.1021625,16.68779
1242,41.52457372116349,-0.5348931,6.9709973,-3.704132,-7.7027287,1.944085,13.100045
1243,41.55800735539953,-0.62128454,8.32348,-0.3547191,-6.119535,0.09467281,13.842246
1244,41.59144098963557,-0.5664015,7.5363374,-1.9976594,-6.707239,2.0153763,12.59165
1245,41.62487462387161,0.8407944,9.962054,-1.2917892,-6.9167457,2.1683261,14.98242
1246,41.65830825810766,1.4623373,10.88503,0.25010392,-6.5756392,2.1397116,16.51494
1247,41.6917418923437,1.4359642,8.830687,-1.8487988,-8.942389,-1.0593934,18.1365
1248,41.72517552657974,-0.43462488,9.331284,-4.1898723,-9.692723,-0.7862202,14.891908
1249,41.75860916081578,-0.1657256,8.175321,-2.6050403,-7.006713,-0.8997182,14.499507
1250,41.79204279505182,-0.9114746,8.1717,-2.6833525,-6.1150074,-1.3100734,13.099455
1251,41.82547642928786,0.3937529,8.278772,-1.1552035,-6.490893,-1.1122444,16.959797
1252,41.85891006352391,-3.7700446,7.895243,-4.439023,-6.348373,-0.30652627,10.824716
1253,41.89234369775995,-1.3414236,9.255434,-3.0721593,-7.284067,-0.3973199,14.672188
1254,41.92577733199599,-0.794013,11.216514,-2.9290137,-7.543242,-1.7467518,18.074865
1255,41.95921096623203,-1.0433289,12.577024,-2.1154156,-8.002737,-2.2038457,20.927723
1256,41.99264460046807,-0.33209208,11.893177,-2.1960642,-5.9650774,-2.4768772,19.186066
1257,42.026078234704116,-2.002943,10.419419,-3.2624695,-7.9528193,-1.5757269,18.783688
1258,42.059511868940156,-1.4919771,10.287433,-4.5290775,-6.7043853,0.91907525,11.187021
1259,42.092945503176196,-2.348418,9.207245,-5.7858086,-7.418471,0.34059218,12.333625
1260,42.126379137412236,-0.32694045,11.440077,-4.814718,-6.354445,1.7028189,11.962721
1261,42.15981277164828,-0.8210367,9.71805,-4.622284,-6.79435,1.2563959,11.66593
1262,42.19324640588432,-0.6939277,8.904306,-5.4131107,-4.575253,0.2225939,10.698395
1263,42.226680040120364,-0.4014404,8.946394,-4.0518255,-3.3695064,1.3591071,8.858018
1264,42.260113674356404,-4.551262,6.6838493,-5.9647384,-7.8292327,1.1268084,10.079792
1265,42.293547308592444,-4.017648,6.916481,-4.3951435,-5.4624434,0.50222766,8.157116
1266,42.326980942828484,-2.2633026,8.85696,-6.204375,-6.857977,0.48964608,12.240269
1267,42.360414577064525,-1.5039421,7.7588496,-6.1068125,-10.352223,-0.28698605,15.176474
1268,42.39384821130057,0.31963205,10.892122,-4.111438,-5.7798996,-0.034776416,13.2783785
1269,42.42728184553661,-0.41099143,12.389435,-3.0347776,-6.712596,0.98682415,16.41455
1270,42.46071547977265,0.07008016,11.878194,-2.9573865,-3.2221463,1.4876618,11.115911
1271,42.49414911400869,1.8584182,12.128505,-3.7836123,-4.2758803,1.5302293,11.738561
1272,42.52758274824473,-1.473617,12.269613,-5.5573845,-6.5097585,0.88252825,18.28017
1273,42.56101638248077,-2.3105507,10.346718,-6.934468,-9.756356,0.3548678,18.869581
1274,42.59445001671682,-3.6742923,6.8315454,-5.5658593,-8.124998,0.7357388,13.053696
1275,42.62788365095286,-1.7743515,5.7493477,-3.887316,-6.682417,0.22302553,10.717756
1276,42.6613172851889,-1.8407279,5.8712044,-3.9308853,-6.004524,0.43494266,10.2627735
1277,42.69475091942494,-1.5482686,5.4026647,-4.9080787,-7.897847,0.7772881,12.232252
1278,42.72818455366098,-2.097979,7.440928,-4.8226137,-6.76288,0.8602854,12.069218
1279,42.76161818789702,-4.4337764,7.049103,-4.754507,-7.137278,1.4981415,12.158001
1280,42.79505182213307,-2.4458692,7.1131725,-5.0340176,-6.8347,2.0619712,14.452747
1281,42.82848545636911,-3.7035651,4.8019156,-4.4478817,-7.0302944,1.6311042,10.791288
1282,42.86191909060515,-3.6357172,7.6845555,-1.2749366,-6.5268946,3.7804794,10.24718
1283,42.89535272484119,-2.1707153,5.8765016,-4.2258706,-6.432095,1.7448171,13.422351
1284,42.92878635907723,-3.3726547,8.670713,-5.1539936,-7.2555027,1.7434071,14.452603
1285,42.962219993313276,-2.5057461,6.369008,-5.0787816,-8.924623,1.2100719,14.685366
1286,42.995653627549316,-1.5384082,6.704581,-6.05433,-10.4075985,1.2237432,15.497393
1287,43.02908726178536,-0.49290526,6.0648923,-5.3093376,-11.891462,-0.036231026,14.501187
1288,43.0625208960214,-1.4921076,7.0644565,-2.5126503,-9.561671,1.8670458,13.282665
1289,43.09595453025744,-1.303697,5.7415953,-5.5233755,-10.426036,0.5302285,14.576789
1290,43.12938816449348,-1.2851745,6.608424,-3.2443655,-9.925863,3.263521,13.269868
1291,43.162821798729524,0.7127014,6.647496,-4.3384223,-9.043027,1.5666775,13.648452
1292,43.196255432965565,1.439869,7.890268,-3.6593082,-5.104879,1.4966929,12.095454
1293,43.229689067201605,0.8604104,10.862655,-2.1159582,-5.8623257,0.41034418,14.437026
1294,43.263122701437645,2.0487814,11.387979,-1.0801638,-3.3656073,0.46052614,13.718049
1295,43.296556335673685,1.3967164,10.624576,-1.0578182,-3.2866378,0.690549,13.29279
1296,43.32998996990973,1.8757666,12.296538,-1.4903526,-4.320014,1.2648518,16.153025
1297,43.36342360414577,-0.028952988,10.659339,-2.3024473,-3.4187675,0.89503115,13.832116
1298,43.39685723838181,-0.20746128,10.923627,-3.316005,-3.9937222,2.1692843,13.372156
1299,43.43029087261785,-2.1645174,7.7963195,-5.2958393,-7.1571803,0.8567509,10.49027
1300,43.46372450685389,-2.6698449,7.930424,-3.649454,-4.4930654,1.0491359,10.637528
1301,43.49715814108993,-1.7485163,9.268537,-3.1969297,-5.0814624,3.0496104,13.614978
1302,43.53059177532598,1.1258013,8.028138,-3.119078,-5.396595,1.7833595,11.8038645
1303,43.56402540956202,2.0606573,7.0585623,-1.9411762,-4.9204144,1.0777549,8.890489
1304,43.59745904379806,0.45422056,9.01667,-3.0671403,-5.864594,1.8534483,12.754895
1305,43.6308926780341,0.04684052,8.92168,-2.4577546,-4.572044,2.123324,11.811765
1306,43.66432631227014,0.742807,6.5171795,-1.0213988,-2.649862,2.1503246,9.595091
1307,43.69775994650619,-1.4087145,8.072258,-0.9115291,-3.584051,0.58414644,8.0943985
1308,43.73119358074223,-2.299773,6.424676,-1.1985548,-3.2271004,1.3118021,7.791232
1309,43.76462721497827,0.5344258,6.891246,-0.88857096,-2.797099,1.4276632,9.02685
1310,43.79806084921431,0.9442874,8.024636,-0.9137204,-2.523225,1.3510517,9.402857
1311,43.83149448345035,0.54592115,9.003438,-1.178318,-4.3403006,0.9089213,12.009592
1312,43.86492811768639,1.1263895,9.339271,-2.3987548,-3.450752,2.2998965,12.065434
1313,43.89836175192244,0.72826153,9.766307,-2.5305414,-5.4948034,1.3919653,13.731947
1314,43.93179538615848,0.19512297,9.906427,-1.8145938,-3.2432446,0.24041086,9.916532
1315,43.96522902039452,-2.8146749,8.869858,-4.1042657,-5.5336137,-0.72562796,9.461087
1316,43.99866265463056,-3.8324268,5.6838865,-1.3521677,-1.221657,0.2743477,4.737979
1317,44.0320962888666,-2.7516036,9.972576,-3.419654,-3.9071348,0.47000894,10.944662
1318,44.065529923102645,0.64235866,11.912629,-1.9121823,-2.437375,1.0530857,9.02026
1319,44.098963557338685,1.5011417,9.750068,-1.4043263,-1.0084229,1.069572,8.746219
1320,44.132397191574725,2.6016438,10.923751,-0.48279583,-3.3042407,1.0748687,10.52456
1321,44.165830825810765,1.4738595,8.617493,-4.166642,-6.217796,0.71289164,13.403588
1322,44.199264460046805,1.5545872,10.87373,-2.657595,-3.5040903,0.37692127,13.104408
1323,44.232698094282846,2.6737192,12.912633,-0.62781566,-2.298455,1.2361014,14.392293
1324,44.26613172851889,1.4828868,12.39969,-1.2074136,-3.715319,0.22027811,14.485834
1325,44.29956536275493,-1.2206893,10.179104,-3.394668,-4.877059,0.40685114,11.971062
1326,44.33299899699097,-1.370769,14.002583,-2.0623496,-3.0379848,1.5077411,15.211203
1327,44.36643263122701,-3.8318129,11.684125,-3.7958932,-5.5950193,1.942825,15.476244
1328,44.399866265463054,-0.8917218,13.73127,-1.9748662,-2.9503548,2.5263808,14.436608
1329,44.433299899699094,-0.97357494,12.335529,-1.7883894,-4.462922,1.1097935,13.839556
1330,44.46673353393514,0.9858597,11.384685,-1.8760347,-4.054101,0.6714455,12.564488
1331,44.50016716817118,-0.33938128,10.670479,-4.062834,-5.3082395,1.0955845,13.304766
1332,44.53360080240722,0.25547433,11.849744,-3.0119731,-3.774944,0.3739337,11.517145
1333,44.56703443664326,-2.102698,12.08082,-2.8715734,-5.1832247,0.22255479,14.646169
1334,44.6004680708793,-1.1815428,12.067613,-2.972513,-5.7403784,0.4832787,12.727956
1335,44.63390170511535,-1.5156153,10.204486,-3.04264,-3.0602975,1.1348702,10.226933
1336,44.66733533935139,-1.3688836,7.861868,-6.0154405,-8.476643,0.36019528,12.891615
1337,44.70076897358743,1.9987174,7.7454233,-2.2868707,-7.2031183,0.9564713,10.592302
1338,44.73420260782347,1.3802261,8.990616,-2.036781,-9.460243,2.3029659,14.6484585
1339,44.76763624205951,0.8116444,9.621923,-2.186514,-10.524858,3.3695128,16.730785
1340,44.80106987629555,-2.0513768,7.022274,-5.7237816,-11.800628,2.1786954,17.5107
1341,44.8345035105316,-2.4607456,6.005816,-4.2524858,-9.312947,1.6047378,14.2834835
1342,44.86793714476764,-1.4183795,5.5303006,-2.9801311,-8.597105,1.0025394,12.477267
1343,44.90137077900368,-1.4516307,5.1573076,-3.856919,-8.796548,1.6491528,12.112273
1344,44.93480441323972,-4.8174367,6.530893,-4.0902023,-5.65855,0.24963465,8.921695
1345,44.96823804747576,-3.439457,7.1151576,-4.2498517,-9.625433,2.5848625,14.362991
1346,45.001671681711805,-2.1980925,7.3274856,-4.06715,-9.337557,2.3646524,14.629789
1347,45.035105315947845,-0.6707886,10.824587,-3.389604,-9.69281,2.2883937,17.731144
1348,45.068538950183886,-2.499056,11.165779,-4.359427,-8.355201,1.9357469,16.890665
1349,45.101972584419926,-2.1911526,10.495665,-3.2437868,-7.841294,2.5445292,17.377104
1350,45.135406218655966,-3.431418,7.9783144,-5.892835,-8.953011,2.7801685,16.240902
1351,45.168839852892006,-1.0482918,5.5572586,-6.5704236,-12.307408,2.570656,15.524142
1352,45.20227348712805,-0.87562484,4.3010383,-6.3553157,-10.759583,1.8311169,11.779456
1353,45.23570712136409,-1.658109,5.9248276,-4.4843445,-10.240391,1.435914,13.919581
1354,45.269140755600134,-1.0632387,5.9484735,-5.9032617,-10.634056,1.4993029,15.235314
1355,45.302574389836174,0.50116944,7.7027926,-3.927277,-9.38711,1.9705507,12.442827
1356,45.336008024072214,-2.311079,7.8606515,-4.8923492,-8.340007,0.76616085,12.754436
1357,45.36944165830826,-0.3715862,7.7370133,-3.4141128,-8.793823,2.8675327,12.18725
1358,45.4028752925443,0.7646805,7.529313,-4.708315,-8.901492,1.7789525,13.396086
1359,45.43630892678034,0.123001024,6.910324,-4.3602867,-10.0759535,0.52400565,12.904463
1360,45.46974256101638,-0.89573765,7.0931654,-4.3105288,-7.606427,0.47812316,12.391123
1361,45.50317619525242,-0.52605087,9.77507,-2.8320818,-8.138342,0.4975004,15.015035
1362,45.53660982948846,-1.9203591,8.414723,-3.3485043,-7.5766635,-0.46342587,14.994119
1363,45.57004346372451,-0.7754338,8.027825,-3.9257824,-8.67526,0.2616711,15.388963
1364,45.60347709796055,-0.8818141,5.567505,-5.9567823,-9.908223,0.12786683,13.538178
1365,45.63691073219659,-0.69354624,3.9472485,-6.097239,-9.651442,0.18723941,10.960122
1366,45.67034436643263,-1.8105031,5.873214,-4.349576,-6.904588,0.25989056,11.327224
1367,45.70377800066867,-1.2695843,5.6238337,-5.053722,-8.12517,-0.08932582,12.042179
1368,45.73721163490472,-1.2807523,8.430237,-2.6983325,-5.9602895,0.20517178,11.806361
1369,45.77064526914076,-0.6162121,9.140546,-2.3747807,-7.4059005,0.4689049,13.088717
1370,45.8040789033768,-2.7291903,6.297623,-3.9208028,-6.5419025,1.1501395,11.109879
1371,45.83751253761284,-3.534815,6.075652,-4.7852497,-7.3298287,1.2048987,11.009272
1372,45.87094617184888,-5.059665,3.744615,-5.0982227,-7.5300016,0.74179643,9.271483
1373,45.90437980608492,-3.1772594,6.639503,-5.5849056,-6.5284033,0.7611332,11.957578
1374,45.937813440320966,-1.5254828,5.460193,-5.000731,-7.5478435,0.57471263,12.0252905
1375,45.971247074557006,-1.028273,4.8501477,-2.9786303,-5.4165883,0.918085,10.153739
1376,46.004680708793046,-0.9397459,5.3009505,-1.6662749,-3.339861,0.27208567,7.9377136
1377,46.038114343029086,-1.4163393,4.982887,-3.872428,-6.647317,1.0216621,10.691092
1378,46.071547977265126,-1.1569052,6.4365335,-3.9894285,-5.7951307,0.78651154,12.481414
1379,46.104981611501174,-2.1807837,7.479234,-3.2877367,-5.0993476,-0.9417656,11.670534
1380,46.138415245737214,-0.7067098,5.9895377,-3.7416806,-5.7103987,1.2397454,11.607703
1381,46.171848879973254,0.029726963,6.2265196,-3.0220237,-4.825661,1.5191015,11.270494
1382,46.205282514209294,-0.50290287,6.83711,-2.1729221,-6.198792,0.73175836,12.133329
1383,46.238716148445334,-0.24862263,6.359771,-4.233816,-9.243431,-0.39048472,12.996843
1384,46.272149782681375,-1.0473654,7.8011103,-3.7316372,-6.192573,-0.8005104,12.459926
1385,46.30558341691742,-0.72207797,7.625582,-4.301559,-7.4162383,-0.67235905,12.385405
1386,46.33901705115346,-0.5128117,8.004456,-3.7647107,-5.056846,-0.17279692,12.024066
1387,46.3724506853895,-3.0530348,7.9716096,-5.5715017,-7.5808682,0.54231143,14.48184
1388,46.40588431962554,-0.58050656,9.92284,-1.3519452,-5.47242,0.14796126,14.2625675
1389,46.43931795386158,-0.99158746,6.380416,-3.8971615,-7.6446905,-0.29066435,13.072713
1390,46.47275158809762,-1.8311826,10.062725,-4.22781,-5.6356316,-3.1164124,15.074586
1391,46.50618522233367,-0.76078683,11.311148,-2.310176,-5.1474237,-4.0115957,16.460356
1392,46.53961885656971,-1.9754499,9.360559,-3.9689875,-6.1042547,-1.5258044,14.594424
1393,46.57305249080575,-0.07517688,8.981349,-3.6859858,-4.316652,-1.5474179,13.878817
1394,46.60648612504179,-1.2401754,7.7106485,-2.5915508,-4.1638584,0.017078703,11.327923
1395,46.63991975927783,0.38052753,6.8363447,-1.1314503,-2.1749742,-0.49478328,7.8622932
1396,46.67335339351388,-0.1337186,7.059262,-2.1031759,-3.8352797,0.8579751,8.806319
1397,46.70678702774992,-0.15420245,8.735471,-0.96220034,-5.1973906,-0.73760045,12.042683
1398,46.74022066198596,-1.00184,8.275735,-2.6934843,-4.675087,-0.40716356,13.912103
1399,46.773654296222,-2.2663057,6.691154,-2.9385555,-4.1796937,-0.02905153,10.995881
1400,46.80708793045804,-0.7031024,6.157718,-1.0801818,-2.8695316,0.35881767,8.710372
1401,46.84052156469408,-1.7544677,7.358322,-1.493738,-3.4323838,-0.20096678,11.064967
1402,46.873955198930126,-0.47533703,8.8522005,-0.65240306,-2.1636343,0.045806695,10.967261
1403,46.907388833166166,-0.58851045,7.008496,-1.5996889,-3.645483,0.37694335,9.710535
1404,46.94082246740221,-1.6383067,9.632662,-1.3966292,-4.74675,-1.3746072,14.701175
1405,46.97425610163825,-0.5198363,9.09913,-3.2351367,-7.0956645,-1.6146351,14.175849
1406,47.00768973587429,0.8528233,8.026052,-2.3079374,-6.5586104,0.7281529,12.680379
1407,47.041123370110334,0.7307178,8.176281,-3.996959,-8.015626,0.805423,14.174779
1408,47.074557004346374,0.6051611,9.259668,-3.7558866,-7.3242507,1.5267587,16.065855
1409,47.107990638582415,-1.7177349,9.361545,-4.1381416,-6.2590055,1.2075001,15.4439535
1410,47.141424272818455,-2.4521632,8.774,-4.479148,-7.016795,0.8517948,14.179224
1411,47.174857907054495,-1.470751,7.8833714,-3.4928083,-7.1190495,0.7363921,15.152079
1412,47.208291541290535,-1.0066621,5.3765354,-2.2737188,-5.779159,0.30129164,11.811152
1413,47.24172517552658,-0.59593505,5.273126,-1.4652795,-4.279652,-0.12876908,9.062986
1414,47.27515880976262,-1.5912282,5.5806427,-1.4406872,-5.7283306,0.52459,10.928193
1415,47.30859244399866,-0.48920557,6.036489,-1.7820152,-5.5544796,0.8144792,10.075918
1416,47.3420260782347,-0.5372321,6.841614,-1.6330914,-7.352333,0.9371715,13.349322
1417,47.37545971247074,-0.1093937,8.943339,-1.7816076,-5.8896823,0.9732975,13.628635
1418,47.40889334670679,0.020490255,10.861003,-1.318588,-2.8618798,-0.63530844,11.275271
1419,47.44232698094283,0.87654173,11.151113,-2.5350676,-3.0705972,-1.4522021,13.301526
1420,47.47576061517887,0.25826618,10.38915,-4.943515,-4.034355,-1.6852201,14.641389
1421,47.50919424941491,0.51500785,10.649226,-3.4964755,-3.0212452,-0.32970956,12.934442
1422,47.54262788365095,-1.3411847,9.924478,-4.6934853,-5.0130143,0.030522304,14.046735
1423,47.57606151788699,-2.521569,10.494591,-5.361785,-5.804472,-0.13275681,15.680373
1424,47.60949515212304,-3.122244,9.034527,-5.2988276,-5.7067723,-0.1253833,15.132046
1425,47.64292878635908,-1.6745732,9.687365,-2.803002,-5.527189,0.60046655,13.363723
1426,47.67636242059512,0.32484707,4.9648294,-4.003887,-9.399861,1.1254365,13.658018
1427,47.70979605483116,-0.60089725,5.0134773,-4.4866433,-11.062221,1.1301155,12.174349
1428,47.7432296890672,-1.0890588,7.703832,-3.899864,-8.381152,1.2774897,12.825763
1429,47.77666332330325,-0.45207903,5.8954597,-5.4649744,-9.246127,1.11146,12.407381
1430,47.81009695753929,-0.2566437,4.8422713,-3.6805115,-7.5440483,1.1841388,10.48398
1431,47.84353059177533,-0.1503235,5.323552,-1.8644388,-4.6429057,0.19976993,7.745414
1432,47.87696422601137,-0.8321856,4.578486,-4.022198,-7.9928703,0.9308095,10.372709
1433,47.91039786024741,-0.8261229,5.6528683,-4.3080873,-7.6667657,1.4578589,10.16266
1434,47.94383149448345,-1.7085567,6.681509,-3.5749786,-8.150182,0.7768987,11.018762
1435,47.977265128719495,0.007283349,3.6294587,-4.546098,-7.8108997,0.084641814,10.437065
1436,48.010698762955535,-0.64724624,4.519933,-2.886451,-5.1095586,-0.4105824,8.598043
1437,48.044132397191575,-1.0895041,4.3140545,-2.7690482,-4.9270554,0.24790516,8.2676115
1438,48.077566031427615,-0.6829209,4.8158307,-4.189913,-6.244819,1.0436687,9.382858
1439,48.110999665663655,-0.22184825,4.2384906,-2.8143167,-4.5960507,-0.07784686,8.143527
1440,48.144433299899696,-1.8016549,6.2067547,-2.4843266,-5.8308835,1.1102738,9.7266245
1441,48.17786693413574,-3.3983164,5.557899,-4.2953897,-5.544274,0.14441095,9.390539
1442,48.21130056837178,-0.1815054,4.959403,-2.7153695,-4.2998714,-0.05155062,8.312427
1443,48.24473420260782,-0.17618318,6.58593,-2.2222605,-4.512611,-0.95707345,9.23034
1444,48.27816783684386,-1.1409558,4.985365,-3.579937,-7.0036473,0.894489,10.861759
1445,48.3116014710799,-0.29884982,6.465701,-3.6181836,-7.8000345,0.26804885,12.374362
1446,48.34503510531595,0.5234928,4.4122005,-5.3638663,-10.145572,-0.13636757,12.079029
1447,48.37846873955199,-0.86225355,6.873107,-3.8557813,-7.994697,-0.19053997,12.001396
1448,48.41190237378803,-0.73727334,5.462004,-5.6595798,-10.342061,1.0289421,13.230093
1449,48.44533600802407,-1.2254045,4.845501,-4.3829026,-7.7473235,0.4754532,11.079435
1450,48.47876964226011,-2.8762255,4.970888,-4.03886,-7.1316347,1.1272868,9.623264
1451,48.51220327649615,0.06683233,5.668516,-2.7379344,-5.7295856,0.25850967,9.610382
1452,48.5456369107322,-0.7922756,4.8646197,-2.897611,-7.331208,0.6081713,10.5179205
1453,48.57907054496824,-4.1061153,7.019923,-4.048226,-7.9204693,1.9159514,11.256185
1454,48.61250417920428,-1.9644401,1.2826755,-2.7598646,-4.403205,1.8662829,2.3744113
1455,48.64593781344032,-0.8750637,5.8268137,-3.572279,-6.7836046,0.3508989,10.095981
1456,48.67937144767636,-1.784039,7.3019385,-2.557018,-6.7134404,-0.5296368,10.601083
1457,48.71280508191241,-2.6215012,3.664847,-5.048256,-8.751703,0.16051023,11.574072
1458,48.74623871614845,-2.2569196,6.0210066,-3.1577728,-6.847609,0.6641233,10.007483
1459,48.77967235038449,-2.7582135,6.146633,-2.0939627,-7.339045,0.24895443,13.09663
1460,48.81310598462053,-2.6215973,4.4888477,-3.9914267,-8.016255,0.5946973,11.632207
1461,48.84653961885657,-1.1644526,4.480114,-5.3668833,-9.301789,0.7733556,13.143333
1462,48.87997325309261,-3.471154,6.8195906,-4.510547,-7.986291,1.023982,11.742866
1463,48.913406887328655,-1.3130167,6.2973766,-1.9314178,-5.8406677,0.84609133,11.206998
1464,48.946840521564695,-1.698961,7.1984396,-1.7813884,-7.0623937,2.0471804,14.37771
1465,48.980274155800736,-1.6920801,7.158753,-1.4750819,-4.9872923,-0.5478869,11.170204
1466,49.013707790036776,-1.0852957,7.6510224,-2.473421,-7.1247315,2.001552,14.003919
1467,49.047141424272816,-1.3335173,8.232837,-3.5519881,-7.456389,1.7128252,14.374146
1468,49.08057505850886,-1.6630347,9.020997,-3.7719092,-8.305947,3.5674539,15.99828
1469,49.1140086927449,-0.353932,7.681686,-3.5931993,-10.810888,1.8209009,16.420761
1470,49.14744232698094,-0.9443507,6.1347876,-4.5511346,-11.216186,1.5651405,13.668481
1471,49.180875961216984,-0.7273155,7.432058,-4.1405463,-9.056775,0.24425974,15.55813
1472,49.214309595453024,0.72287154,9.938338,-3.1792865,-7.0090003,-2.4463842,13.342842
1473,49.247743229689064,-1.1295087,10.704175,-4.1901507,-5.7251616,-2.7182577,13.234673
1474,49.28117686392511,0.53508854,10.933764,-2.247078,-5.2955623,-1.8495202,12.837291
1475,49.31461049816115,-1.5955025,8.625149,-3.476946,-4.7451534,-1.7741206,10.594956
1476,49.34804413239719,0.10511699,12.845409,-2.7649858,-5.415886,-0.93434316,13.2905035
1477,49.38147776663323,1.6238917,10.37777,-0.23858273,-3.7790332,0.010928909,11.015118
1478,49.41491140086927,-3.2453368,6.2649455,-2.8760774,-4.012487,-1.3176376,8.190532
1479,49.44834503510532,-1.5473156,8.844854,-1.9336219,-4.858428,-1.7961597,9.731996
1480,49.48177866934136,0.8088581,13.882258,0.99473464,-4.0221214,1.3373487,12.69113
1481,49.5152123035774,0.3767286,12.324101,-0.70659477,-4.7720556,-0.7404734,12.408364
1482,49.54864593781344,-1.2218691,10.090628,-3.8088925,-5.122456,0.33072564,11.967296
1483,49.58207957204948,-0.5390175,10.944694,-3.350421,-5.7592173,-0.29124972,12.7496
1484,49.61551320628552,0.42724687,9.64898,-3.532286,-5.7561116,-2.3551786,12.230631
1485,49.64894684052157,-1.180806,8.889872,-4.315765,-5.4611936,-1.607541,11.373238
1486,49.68238047475761,-1.0487204,10.096013,-3.5816255,-5.4573474,-1.423743,11.843661
1487,49.71581410899365,-1.5094854,9.146215,-2.9774265,-4.4649367,-1.4935058,10.786379
1488,49.74924774322969,-1.187715,10.996833,-3.5229578,-4.3029118,-1.4763739,12.487711
1489,49.78268137746573,0.3639625,9.101528,-3.3550355,-7.3390794,-2.413134,13.878758
1490,49.816115011701775,2.9133432,9.710551,-3.0880303,-7.141693,-0.90783757,15.030403
1491,49.849548645937816,0.069864236,8.503194,-2.565054,-5.665474,-0.3566245,11.430847
1492,49.882982280173856,0.18152937,8.525417,-1.4046382,-4.3476653,0.61579114,9.680987
1493,49.916415914409896,1.3354169,10.03298,-1.0327951,-4.506035,0.7091763,10.607843
1494,49.949849548645936,0.07975801,7.865395,-2.3348374,-4.2481456,0.76051605,10.843786
1495,49.983283182881976,-3.1962085,7.7499914,-3.7814956,-5.0792413,-0.83870155,11.068696
1496,50.016716817118024,0.5019253,10.1080265,-0.9481614,-4.736886,1.1304893,11.44354
1497,50.050150451354064,1.0588495,12.398752,-1.0694195,-4.608918,0.30229452,13.537611
1498,50.083584085590104,-0.04946391,10.95095,-1.9501975,-6.4435425,0.8497971,14.371279
1499,50.117017719826144,2.3472219,7.6939425,-3.7188368,-7.8562145,-0.9496966,13.98049
1500,50.150451354062184,1.5661495,9.665408,-3.722534,-8.364688,0.20260653,16.010553
1501,50.183884988298225,1.357081,7.0797744,-3.027862,-6.062908,-0.3480874,11.901393
1502,50.21731862253427,-0.7787027,6.434994,-3.2416494,-6.707136,1.0819614,11.607464
1503,50.25075225677031,-2.09253,5.622876,-3.6864567,-7.73419,1.7403258,11.551903
1504,50.28418589100635,-2.7493749,6.147192,-2.7565413,-8.170319,1.5338919,10.525696
1505,50.31761952524239,-1.2302368,7.2213035,-3.6714885,-8.277465,2.08024,12.886098
1506,50.35105315947843,-1.0080402,8.984838,-3.6938863,-7.8062983,2.284018,13.514496
1507,50.38448679371448,-0.12772544,6.823721,-3.212845,-5.064784,0.9644177,12.421021
1508,50.41792042795052,-1.4571584,5.681508,-3.2133381,-5.4185243,1.0958055,10.157604
1509,50.45135406218656,-1.9511698,6.707519,-2.7591982,-4.7935905,-0.276782,9.996597
1510,50.4847876964226,0.07295282,6.8015795,-1.9411112,-4.1638927,1.8236339,10.29335
1511,50.51822133065864,-0.016179908,9.230621,-2.3600304,-4.7977724,1.5433004,12.666511
1512,50.55165496489468,-1.5179003,8.519226,-3.8501568,-8.202237,2.3875895,14.857309
1513,50.58508859913073,-2.3901281,8.943669,-4.3197584,-8.424544,3.1809518,14.7012205
1514,50.61852223336677,-1.282489,7.1279545,-5.4291334,-11.008868,2.8988113,15.3563175
1515,50.65195586760281,-0.14766297,9.824057,-4.3907814,-8.911973,3.059892,16.554424
1516,50.68538950183885,-1.2902268,9.618767,-4.5803175,-9.845764,2.6832807,17.017817
1517,50.71882313607489,-2.9959393,7.0987267,-4.9018636,-8.921509,1.4372057,13.743599
1518,50.752256770310936,-1.2100804,9.043796,-5.145818,-8.194669,1.0133696,15.297532
1519,50.785690404546976,-1.4578897,8.267985,-4.533601,-9.383363,1.0370958,18.093466
1520,50.819124038783016,-2.1136534,8.533686,-5.6146574,-8.504812,1.2857841,18.482275
1521,50.85255767301906,-2.4378037,7.2403765,-5.383186,-9.378004,3.6226218,18.207342
1522,50.8859913072551,-2.514816,5.1522574,-6.280695,-11.79946,3.1045237,13.79942
1523,50.91942494149114,-1.9231191,4.103411,-6.7844086,-12.899474,2.6003504,12.896946
1524,50.952858575727184,-1.2002264,5.367497,-6.0599566,-12.319025,2.828557,16.058983
1525,50.986292209963224,-1.665161,4.9870677,-5.55603,-10.570632,1.1952161,14.593174
1526,51.019725844199264,-1.4297081,8.117391,-5.176088,-12.179127,2.958022,18.189611
1527,51.053159478435305,-1.1024523,6.0902643,-4.5529103,-10.352123,1.6618044,14.193275
1528,51.086593112671345,-1.8597137,5.3009324,-3.998961,-9.0851555,1.2349523,12.810946
1529,51.12002674690739,-2.048362,4.206691,-4.0727444,-8.831193,1.6086851,11.848263
1530,51.15346038114343,-3.8387775,7.0936823,-2.1270487,-9.931154,6.1993523,11.555839
1531,51.18689401537947,-2.1562726,6.479203,-4.221761,-10.623952,2.1416395,14.671707
1532,51.22032764961551,-2.0873835,7.474304,-4.6556516,-9.724629,1.6382201,14.521698
1533,51.25376128385155,-0.7327594,10.733742,-3.638804,-10.11415,3.1451526,19.168007
1534,51.28719491808759,-1.4903445,10.248014,-3.2802973,-9.538307,3.507617,16.956974
1535,51.32062855232364,-2.0028243,8.358115,-4.092337,-9.328854,2.8685186,16.212402
1536,51.35406218655968,-1.1645553,4.840087,-7.005086,-12.795721,2.3714678,15.542315
1537,51.38749582079572,-0.7090663,4.36035,-6.6026244,-11.730014,2.4084246,13.212445
1538,51.42092945503176,-2.4446867,4.5963817,-4.685982,-10.712543,0.9246506,13.149419
1539,51.4543630892678,-1.0117106,5.2908134,-6.1450405,-11.474434,1.7790084,14.934531
1540,51.48779672350385,-1.357198,7.088836,-5.2827554,-11.943814,0.014240925,14.659988
1541,51.52123035773989,-1.1374584,5.3227353,-5.540332,-11.350062,-0.20338291,13.69197
1542,51.55466399197593,-2.2164493,3.982075,-4.7629294,-9.30605,0.67261875,11.15752
1543,51.58809762621197,-2.626742,4.1511254,-2.5296152,-6.7483206,1.103514,9.174259
1544,51.62153126044801,-2.8311758,3.6470914,-4.420999,-9.944328,-0.042296667,12.325519
1545,51.65496489468405,-1.7918395,3.709038,-4.18738,-9.096113,0.13076773,11.955417
1546,51.6883985289201,-3.329214,4.5099545,-4.8932333,-9.906384,2.214631,11.340459
1547,51.72183216315614,-1.8839748,4.9167733,-1.236153,-4.1443653,0.8174351,7.526568
1548,51.75526579739218,-2.6097896,5.125513,-4.524036,-8.230858,1.8822083,11.76089
1549,51.78869943162822,-1.4424753,5.1641064,-5.5271845,-9.620337,0.8282065,12.357843
1550,51.82213306586426,-0.8312322,3.7591825,-7.0634923,-13.068599,1.7373402,14.179727
1551,51.855566700100304,-1.8699751,5.4828715,-6.9398346,-12.882956,2.3887773,15.109657
1552,51.889000334336345,-2.2051756,5.246175,-6.4144735,-10.760052,1.4035408,13.156448
1553,51.922433968572385,-3.2194228,8.425607,-6.269026,-10.689582,4.1113224,13.90704
1554,51.955867602808425,-2.8119195,3.8671699,-6.711941,-13.735921,3.0485892,14.704797
1555,51.989301237044465,-3.6292655,4.1221023,-5.1170444,-10.204114,1.4159563,11.588632
1556,52.022734871280505,-1.9723465,4.5358086,-3.112273,-8.25484,1.6158898,10.378982
1557,52.05616850551655,-2.2270992,4.620618,-3.1295257,-9.680234,1.8550352,13.313986
1558,52.08960213975259,-2.1503286,3.850513,-3.9191432,-11.128636,2.5600803,14.239615
1559,52.12303577398863,-2.172863,8.355369,-0.7924006,-8.310119,3.8239052,13.374155
1560,52.15646940822467,-2.238567,6.3494744,-1.7932252,-6.7239585,5.1880655,6.5668554
1561,52.18990304246071,-2.2261555,4.5570946,-2.9683726,-6.7594385,2.9793806,9.481585
1562,52.22333667669675,-1.9412327,7.582635,-1.14082,-10.355865,4.870054,13.123276
1563,52.2567703109328,-3.9230275,7.1977816,-2.9008048,-9.101132,5.403944,12.860188
1564,52.29020394516884,-3.4028897,5.151625,-2.3571384,-5.3110676,1.6976068,6.022203
1565,52.32363757940488,-3.6041734,5.290876,-3.5961576,-9.760911,5.2351937,13.172402
1566,52.35707121364092,-2.365697,5.760214,-3.720732,-11.08666,4.0300794,15.362942
1567,52.39050484787696,-0.96609885,4.854204,-4.239469,-12.213651,2.9969912,14.499369
1568,52.42393848211301,-0.79147255,2.5735228,-4.249364,-9.45901,3.2721639,10.350281
1569,52.45737211634905,-2.1268141,7.630739,-1.9848701,-10.261514,5.394257,11.249592
1570,52.49080575058509,-0.36132044,8.084652,-0.6060721,-8.957257,5.2131743,11.654353
1571,52.52423938482113,-0.68239725,8.170953,-2.4460623,-8.323996,2.4491897,13.470062
1572,52.55767301905717,0.76274884,9.612018,-1.6571566,-5.983316,1.5044242,13.187886
1573,52.59110665329321,1.156862,8.507967,-3.408341,-5.5972033,0.11599752,11.764327
1574,52.62454028752926,1.612318,8.8335905,-3.1666062,-3.1889153,-1.4150984,11.980253
1575,52.6579739217653,-1.7100616,8.524524,-3.0604756,-2.9676719,0.31017262,10.476521
1576,52.69140755600134,-1.3218238,8.497421,-4.1999984,-5.5607104,0.18210466,11.787236
1577,52.72484119023738,-1.5456767,9.844982,-4.0764904,-6.0334272,-0.81451935,15.13259
1578,52.75827482447342,-1.3226427,5.8706665,-3.0143468,-6.4351726,-0.3262277,11.044886
1579,52.791708458709465,-0.9270866,6.2730007,-4.066123,-9.601436,0.93086874,12.2158
1580,52.825142092945505,-1.3565766,4.7445292,-2.429359,-4.420307,0.00809279,8.676621
1581,52.858575727181545,-1.488494,5.2575393,-5.5259542,-8.696338,-0.56587255,12.675302
1582,52.892009361417585,-0.30252227,4.757713,-2.7260056,-4.774699,0.218823,8.891139
1583,52.925442995653626,-1.5628985,4.9106226,-2.9731793,-5.8556724,1.1717663,9.6309185
1584,52.958876629889666,-1.1488676,6.231397,-4.3939342,-4.4561734,0.9439534,11.014011
1585,52.99231026412571,-1.2982163,5.3877006,-3.0025926,-5.308699,0.7243895,9.929659
1586,53.02574389836175,-0.29475024,3.6083953,-5.08091,-6.953123,-0.13301222,9.844612
1587,53.05917753259779,0.01903514,4.4498,-2.8541236,-2.9757383,-0.26919693,9.904265
1588,53.092611166833834,-0.7483829,4.313892,-4.0672164,-6.0376167,0.09901463,9.962412
1589,53.126044801069874,-0.7691552,3.8861082,-4.184837,-6.4465494,-0.48859182,10.066159
1590,53.15947843530592,-2.4123957,4.957184,-2.6689558,-3.7639532,-1.0615755,8.651729
1591,53.19291206954196,-2.8906627,6.8923826,-5.2536707,-7.5388436,-1.7748178,13.389156
1592,53.226345703778,-3.1350677,4.259802,-6.6650205,-7.905713,-0.38282824,10.023198
1593,53.25977933801404,-2.085146,4.2276196,-5.358634,-7.097602,-0.46897325,10.947178
1594,53.29321297225008,-1.220974,5.1647387,-2.11126,-4.1363373,1.0614234,10.393883
1595,53.32664660648612,-2.0683439,5.635621,-5.2967486,-6.608735,-0.28094682,11.730237
1596,53.36008024072217,-0.79843074,4.9564505,-3.187463,-4.4461336,-0.57575923,10.567532
1597,53.39351387495821,-0.5867742,6.0668945,-4.509142,-7.5210686,-0.8419834,11.678352
1598,53.42694750919425,-2.3689497,7.5252724,-4.71411,-7.1838875,-1.9181741,13.22302
1599,53.46038114343029,-0.42415527,5.9466224,-4.986848,-7.116939,-1.3986511,12.16717
1600,53.49381477766633,1.0127889,7.717335,-2.7702365,-6.2650723,-0.22410256,12.96708
1601,53.52724841190238,1.6702421,9.407148,-1.9152538,-4.327499,-0.20468569,14.403167
1602,53.56068204613842,0.4628946,6.563678,-2.7674737,-5.606044,0.6749001,12.795176
1603,53.59411568037446,0.5607402,4.7414827,-4.4035,-6.5405345,-0.25726202,11.92634
1604,53.6275493146105,-0.03750439,5.0951996,-1.8382753,-4.3932667,-0.50432724,10.310378
1605,53.66098294884654,-0.064796835,5.9171824,-0.84327954,-3.0465443,-0.5261133,9.090453
1606,53.69441658308258,0.6874085,6.452336,-0.16545951,-3.1807957,-0.21434423,8.851005
1607,53.727850217318625,1.1555963,8.851213,-0.81306565,-5.1732745,-0.5072058,11.920664
1608,53.761283851554666,1.4987264,5.178641,-3.0772612,-5.3927436,-0.46208754,10.520858
1609,53.794717485790706,1.4672823,5.9496536,-2.854608,-5.844208,-0.1950529,11.834994
1610,53.828151120026746,-0.32710028,5.2801337,-2.455506,-4.6695404,-0.46418944,10.41658
1611,53.861584754262786,-1.0692447,5.36094,-1.7083781,-4.283487,-0.14328894,9.840277
1612,53.895018388498826,1.2498475,6.071777,-2.4420905,-3.8761191,0.6763108,10.324805
1613,53.928452022734874,-0.8948751,5.7037616,-3.668013,-5.7665296,-0.36283028,10.307259
1614,53.961885656970914,-0.59392506,5.6479545,-4.550812,-5.9309235,-0.66527903,10.882989
1615,53.995319291206954,0.050934523,6.921465,-4.2539186,-6.131571,-1.1089122,12.455738
1616,54.028752925442994,-0.42562613,5.982335,-4.221225,-6.1683846,-0.4477824,12.16497
1617,54.062186559679034,-0.6185733,5.3713512,-2.6379242,-5.0264945,-0.1908851,10.638779
1618,54.09562019391508,-1.039928,5.1541333,-1.890041,-3.7210073,0.1653636,8.411287
1619,54.12905382815112,-0.17030944,6.1297584,-2.52839,-3.5018492,0.31898752,9.552497
1620,54.16248746238716,-1.1859814,5.6995835,-3.8439157,-5.937658,-0.5033027,10.445723
1621,54.1959210966232,-0.013533145,5.8339252,-1.7902175,-3.1228285,-0.31099933,10.12094
1622,54.22935473085924,-0.8471355,5.480498,-3.597145,-5.841313,0.27361068,11.409315
1623,54.26278836509528,-0.64463973,5.314125,-3.1364176,-5.120225,0.7362045,10.087743
1624,54.29622199933133,-0.5483103,6.544535,-2.29929,-5.147493,0.5517746,11.079683
1625,54.32965563356737,-0.94679284,5.981904,-1.7110156,-4.1893125,0.14821188,11.047447
1626,54.36308926780341,-1.9506707,4.5520763,-3.5684419,-5.931265,0.28907973,9.815408
1627,54.39652290203945,-1.479454,6.338498,-4.0841727,-6.5362325,-0.3729201,12.121073
1628,54.42995653627549,-2.2400446,6.807882,-3.9550865,-6.81105,-0.2699512,12.775171
1629,54.46339017051154,1.2805012,6.980762,-2.588697,-5.2168717,1.1741343,12.992531
1630,54.49682380474758,1.4996986,8.42317,-1.8410895,-4.1775446,0.8421487,12.669714
1631,54.53025743898362,1.0230519,8.563704,-1.7567853,-3.8037255,-0.18717976,13.2885065
1632,54.56369107321966,1.2146224,9.159169,-2.0193627,-3.7478037,0.46441025,14.015717
1633,54.5971247074557,2.0017126,6.5703115,-3.0463438,-6.1241612,0.43539232,13.18969
1634,54.63055834169174,0.03515812,6.2702723,-4.620311,-8.853782,-0.47441143,13.509391
1635,54.663991975927786,-1.9112337,7.3367352,-4.681887,-7.389274,-1.5100893,13.633357
1636,54.697425610163826,-1.0131329,6.5437336,-5.2997537,-7.6973333,-1.1052102,13.106511
1637,54.730859244399866,-3.532928,8.593837,-6.090937,-9.10995,-0.34012145,15.106592
1638,54.76429287863591,-2.513149,10.209809,-3.830433,-6.1503882,-1.2903275,15.0578165
1639,54.79772651287195,-1.0229071,7.4604344,-3.9900079,-3.7880375,0.78528494,10.211879
1640,54.831160147107994,-1.7330745,7.6401534,-4.377597,-6.1199,-0.43426442,13.032241
1641,54.864593781344034,-1.7872647,5.909195,-5.943105,-8.244568,-1.1369408,13.254603
1642,54.898027415580074,-1.0558252,4.7377486,-5.2185736,-8.328798,0.48679772,11.567201
1643,54.931461049816114,-2.7443962,5.0879364,-5.3095512,-6.482136,-0.8804044,10.548623
1644,54.964894684052155,-1.6862984,4.7795734,-6.5829935,-9.080333,-0.29307446,12.255439
1645,54.998328318288195,0.033412173,3.9310424,-4.9384336,-7.5429134,-0.9733923,11.266367
1646,55.03176195252424,-1.1070468,6.256584,-6.27305,-9.174606,-1.1821451,14.6827755
1647,55.06519558676028,-1.0170239,8.472021,-4.6565256,-6.623496,-2.3635998,15.418016
1648,55.09862922099632,-2.2427797,7.760443,-4.963237,-4.9618726,-0.92103916,12.978826
1649,55.13206285523236,-3.1580815,8.658973,-5.656266,-7.5599837,-1.1625144,17.863342
1650,55.1654964894684,-2.6018782,8.541184,-5.883837,-8.438291,-0.048396252,17.378317
1651,55.19893012370445,-2.1792095,6.223794,-4.6120696,-8.29618,-0.121424034,15.271282
1652,55.23236375794049,-2.5646257,6.2380576,-3.6958082,-6.5166492,0.05957449,11.798912
1653,55.26579739217653,-2.2743866,5.524069,-3.0255003,-6.869988,0.029112633,12.824416
1654,55.29923102641257,-1.0564442,6.100771,-1.9411179,-5.2586527,-0.49122813,11.642649
1655,55.33266466064861,-1.8379391,7.679162,-4.0941286,-6.7070436,0.7662204,12.759874
1656,55.36609829488465,-2.6973107,7.6555047,-4.9831285,-7.207702,1.8202583,13.516424
1657,55.3995319291207,-1.512827,7.0988607,-4.3497524,-5.0135074,0.60386765,13.647256
1658,55.43296556335674,-1.765891,5.5343633,-3.939935,-5.4625573,-0.10294544,11.140799
1659,55.46639919759278,-0.33198425,5.918906,-2.473641,-4.6193905,0.50089645,11.04926
1660,55.49983283182882,-0.9908155,5.7069354,-4.0710335,-5.9315763,0.3772439,11.697616
1661,55.53326646606486,-2.1794488,6.9685907,-5.02713,-6.901188,1.0183221,13.156417
1662,55.566700100300906,-1.9091156,5.8287797,-4.452002,-7.9461784,0.8313206,13.193052
1663,55.600133734536946,-1.3336328,5.509484,-4.3245993,-7.99836,-0.3906168,14.526143
1664,55.63356736877299,-0.7708248,4.652636,-5.6472974,-9.520145,-1.4087981,12.515917
1665,55.66700100300903,-3.4447012,2.8976667,-3.4388506,-2.854492,-2.3554251,6.1342554
1666,55.70043463724507,-0.81112045,4.80047,-5.4679303,-7.65016,-0.5718401,10.559004
1667,55.73386827148111,-1.7514294,5.6738877,-6.343952,-9.045964,-1.7397723,12.575792
1668,55.767301905717154,-1.9854125,2.508825,-4.5569735,-4.8001637,-2.7959852,7.948057
1669,55.800735539953195,-2.410821,7.7503686,-7.488553,-8.517566,-1.9652257,14.958519
1670,55.834169174189235,-1.7717413,8.625384,-5.9552035,-6.6719637,-1.7352266,14.148938
1671,55.867602808425275,-2.6626663,8.950667,-7.3400636,-7.880994,-1.0026393,14.915366
1672,55.901036442661315,-2.367387,8.456658,-6.1253285,-4.840825,-1.2018348,13.441419
1673,55.934470076897355,-2.473065,8.837504,-6.0730343,-4.868655,-3.5844128,12.767045
1674,55.9679037111334,-2.7997675,6.707566,-7.0807614,-7.152114,-0.9500031,13.991906
1675,56.00133734536944,-2.0897865,5.435386,-5.47043,-8.471598,0.53259116,15.604903
1676,56.03477097960548,-2.5316696,5.688602,-3.8250608,-6.190552,0.27955735,11.055112
1677,56.06820461384152,-1.4594388,5.1822286,-3.8039393,-5.6340923,0.1330455,10.412353
1678,56.10163824807756,-1.5129042,5.5181246,-4.45089,-6.543429,1.0468531,12.041435
1679,56.13507188231361,-2.1803129,6.661787,-4.5435066,-6.7483325,1.4026909,11.823603
1680,56.16850551654965,-3.2350605,7.1665053,-3.686605,-7.4126225,1.2251393,12.997419
1681,56.20193915078569,-1.5225127,6.8298435,-4.250497,-4.856879,1.6686081,14.00145
1682,56.23537278502173,-2.821229,5.534298,-4.377243,-6.5722194,1.1884245,11.819265
1683,56.26880641925777,-0.78945434,5.527704,-1.7510785,-4.7110343,0.8463196,9.723349
1684,56.30224005349381,-2.0305636,6.0319624,-3.499391,-5.0161643,2.0383136,11.966957
1685,56.33567368772986,-2.9933705,6.6484337,-5.0324526,-6.536905,1.4181097,12.533434
1686,56.3691073219659,-1.2264438,5.6403756,-4.7625446,-6.768503,0.8597486,13.349859
1687,56.40254095620194,-1.23482,5.1834106,-4.935599,-7.4509315,-0.56396097,11.374544
1688,56.43597459043798,-2.1176195,5.247732,-6.096665,-9.450131,-0.85090774,12.243662
1689,56.46940822467402,-2.4174266,4.594872,-4.0503125,-5.5481052,-0.557268,8.6713295
1690,56.50284185891007,-2.245948,4.8295684,-6.1315465,-8.51431,-0.028191984,10.729595
1691,56.53627549314611,-1.9320073,5.3712173,-6.056263,-9.250233,-1.0285884,11.611703
1692,56.56970912738215,-4.174885,4.4184356,-5.0643725,-6.1865177,-0.17749381,7.364664
1693,56.60314276161819,-4.0959287,3.0803149,-5.837098,-7.6382604,-1.0194451,9.48199
1694,56.63657639585423,-2.4993773,8.691597,-7.355121,-9.695023,-0.4877921,14.164332
1695,56.67001003009027,-1.4610779,9.540314,-5.250897,-5.9231443,-0.75216275,11.929373
1696,56.703443664326315,-1.3723727,8.879492,-6.0876327,-6.504729,-1.0842302,13.915962
1697,56.736877298562355,-2.6788707,10.015734,-6.514176,-7.0328135,0.00058965647,14.121616
1698,56.770310932798395,-2.6874192,10.00015,-5.7039266,-4.841219,0.5265803,11.0417795
1699,56.803744567034435,-3.3687475,8.966498,-6.5369086,-7.2937503,-0.35713145,13.683946
1700,56.837178201270476,-2.135008,5.424353,-5.5844603,-9.320729,0.40589637,13.988966
1701,56.87061183550652,-2.1899173,5.2920294,-4.26417,-6.5835967,0.04799759,10.861742
1702,56.90404546974256,-1.4670354,5.0763993,-3.4486644,-5.7231207,0.40410003,9.916441
1703,56.9374791039786,-0.7152738,6.41786,-1.6346154,-5.003456,-0.45346305,10.87571
1704,56.97091273821464,-1.1109422,7.4665794,-3.3455951,-6.6782675,0.28234833,11.540163
1705,57.004346372450684,-2.9941974,6.6320915,-4.4914885,-6.535978,-0.1601698,12.156317
1706,57.037780006686724,-1.6345227,6.8011765,-4.355028,-5.7501426,1.0537888,12.671496
1707,57.07121364092277,-4.1977973,6.977886,-2.878042,-5.779116,1.6979134,10.115475
1708,57.10464727515881,-1.839313,5.129689,-2.056208,-5.647376,1.0793391,10.2089405
1709,57.13808090939485,-1.411162,5.820047,-3.1844826,-4.969806,0.8702881,11.166277
1710,57.17151454363089,-1.8781621,7.5670204,-3.5629447,-6.0646114,0.48631966,12.768361
1711,57.20494817786693,-1.9087988,6.0390215,-3.4867592,-6.843225,-0.57174444,12.909928
1712,57.23838181210298,-1.0697423,5.6196136,-5.0150466,-8.15736,-0.60380316,11.698388
1713,57.27181544633902,-1.6068398,5.424668,-4.4921436,-8.4022,-1.1770401,12.900425
1714,57.30524908057506,-1.9092506,5.352743,-4.228349,-6.95112,-0.3777738,10.868203
1715,57.3386827148111,-1.9350716,4.7733135,-3.5371966,-4.5562434,0.35197395,8.217568
1716,57.37211634904714,-1.3718216,5.2118554,-3.1738827,-3.6833472,-0.3319751,9.497434
1717,57.40554998328318,-1.4448646,9.056858,-4.918764,-6.045704,-0.61249995,12.397293
1718,57.43898361751923,-0.98529583,9.926838,-4.1525097,-4.1743712,-2.4945133,12.199895
1719,57.47241725175527,-0.50376546,7.406146,-3.8380275,-6.33614,0.3573636,13.094422
1720,57.50585088599131,-1.674858,6.5483203,-3.564241,-5.522894,0.09304227,10.516891
1721,57.53928452022735,-1.8679076,5.620459,-3.241287,-5.6124735,0.5544051,9.899979
1722,57.57271815446339,-0.7746428,6.5332375,-3.5095606,-4.9966254,0.70589226,10.969186
1723,57.60615178869943,-1.373271,7.240775,-4.29456,-5.745363,1.0534595,10.993844
1724,57.639585422935475,-2.746692,6.3802857,-3.921306,-7.2068624,0.07818109,12.006131
1725,57.673019057171516,-1.4254142,7.249055,-3.7010124,-4.3938503,1.3237962,12.283834
1726,57.706452691407556,-0.9337675,4.96997,-1.6958334,-2.5271678,0.33379194,7.686466
1727,57.739886325643596,-0.3221395,5.2057743,-1.9327749,-4.1317787,0.6585576,9.532581
1728,57.773319959879636,-1.8379444,5.9226875,-3.5533032,-4.4356976,1.818409,11.258544
1729,57.80675359411568,-3.2009006,5.962156,-2.0354164,-6.596798,1.6930155,8.210073
1730,57.84018722835172,-1.7436142,6.6644583,-3.3135328,-4.7472463,1.5964713,11.142651
1731,57.873620862587764,-1.2381209,6.8851643,-4.4319143,-7.034175,-0.25419828,13.5845175
1732,57.907054496823804,-1.3513768,6.37386,-5.073766,-9.866743,-0.67034537,14.308025
1733,57.940488131059844,-0.62704444,6.081576,-4.7297626,-10.285283,-0.5321996,14.718128
1734,57.973921765295884,-1.2623411,6.5155716,-4.941504,-8.594236,-0.39943987,13.952699
1735,58.00735539953193,0.4475486,8.436696,-1.9213468,-4.2540035,-0.75159705,12.270502
1736,58.04078903376797,-0.68595564,8.200775,-3.5781317,-5.938961,0.16025527,14.62537
1737,58.07422266800401,-2.458626,7.521366,-5.5359416,-9.496631,1.5533178,16.24069
1738,58.10765630224005,0.437077,5.2234807,-5.119057,-8.311798,-0.5486843,13.780578
1739,58.14108993647609,-0.9758694,4.375378,-4.1459575,-8.004217,0.7697556,12.292951
1740,58.17452357071214,-1.5685264,5.0609283,-3.2646792,-7.238362,0.026830012,11.615367
1741,58.20795720494818,-1.4073951,4.3481264,-2.988272,-5.411409,0.116313756,9.642587
1742,58.24139083918422,-0.056196585,5.8038945,-2.320036,-5.779475,0.3241004,11.64801
1743,58.27482447342026,0.77768964,7.329159,-2.26049,-6.113648,0.58550507,12.267714
1744,58.3082581076563,-0.77926195,7.1416287,-2.755922,-7.438371,0.62212265,13.060124
1745,58.34169174189234,1.8069342,5.6009846,-2.2166529,-5.0903597,-0.5272801,10.266777
1746,58.37512537612839,0.18489374,5.872607,-2.6761317,-5.66319,-0.27858862,10.866764
1747,58.40855901036443,-0.14603345,5.783537,-2.269107,-5.525929,0.15916735,10.970609
1748,58.44199264460047,-0.2235022,4.7090025,-2.3605938,-5.143721,-0.5533814,9.010117
1749,58.47542627883651,0.77917343,5.2088933,-2.1952748,-6.1125464,0.49866867,11.606586
1750,58.50885991307255,0.2139425,3.347185,-4.434713,-8.010812,-0.8425544,11.452002
1751,58.542293547308596,-0.62361723,4.009238,-3.9217374,-6.9411583,-0.5403772,12.783794
1752,58.575727181544636,-0.8601619,4.4743867,-3.3729858,-6.471677,-0.0049939747,11.738279
1753,58.609160815780676,-2.6227865,5.385535,-2.7366848,-6.470609,0.4788503,10.991454
1754,58.642594450016716,-1.3012264,5.140913,-3.020917,-5.8059864,0.76974285,10.959999
1755,58.676028084252756,-0.7298763,5.5994906,-3.1075857,-6.346825,0.55495167,10.837711
1756,58.7094617184888,-1.236677,3.572775,-4.626469,-7.050186,-0.43922895,11.02456
1757,58.742895352724844,-1.0555495,3.941436,-4.602756,-6.6716037,-0.112201944,10.481567
1758,58.776328986960884,-3.008762,6.2775483,-3.130797,-7.5963497,1.5753424,10.678097
1759,58.809762621196924,-1.4640931,4.5402493,-3.7469711,-6.2230225,-0.17976531,10.762899
1760,58.843196255432964,-2.9464245,5.837731,-3.5037808,-8.206429,1.4215242,12.382579
1761,58.876629889669005,-1.297621,3.2021816,-4.164506,-6.0096416,0.75422025,9.53641
1762,58.91006352390505,1.0637188,4.101297,-4.4675436,-5.765322,1.1536261,10.476152
1763,58.94349715814109,-1.2806687,3.6684222,-5.503298,-8.32903,-0.99359596,11.485596
1764,58.97693079237713,-2.0594604,4.2787757,-4.571874,-7.239798,-0.07918838,12.644594
1765,59.01036442661317,-2.3849852,3.9621959,-3.9079103,-6.3994317,-0.30087805,9.999028
1766,59.04379806084921,-2.2491055,3.9334185,-3.423639,-7.3271246,0.7401942,10.213784
1767,59.07723169508525,-1.3450829,4.3039775,-2.2668855,-4.512723,-0.027318368,9.834973
1768,59.1106653293213,-1.3180373,5.594459,-3.1730928,-3.9214096,0.044131715,10.569925
1769,59.14409896355734,-0.67562103,5.5672336,-3.3217359,-5.3261786,-0.4077044,10.725485
1770,59.17753259779338,-1.4931872,3.2787552,-4.842174,-6.7663918,-0.19998887,10.165791
1771,59.21096623202942,-2.3148053,5.0818667,-3.6720424,-7.2882795,0.57018006,11.267817
1772,59.24439986626546,-1.3521172,4.1899943,-3.3041463,-5.26609,0.22127111,9.515561
1773,59.27783350050151,-0.8650601,4.467082,-1.9056473,-4.2117047,-0.31311283,8.614461
1774,59.31126713473755,-2.039625,3.8843484,-3.4662232,-5.093124,0.37992004,9.138979
1775,59.34470076897359,0.5455199,4.336357,-3.156498,-4.4355435,0.45000124,9.769062
1776,59.37813440320963,-1.500906,4.5475483,-3.1783402,-5.5901537,0.62008137,10.821119
1777,59.41156803744567,-2.2956226,4.672713,-3.308043,-5.351058,0.29949737,10.311154
1778,59.44500167168171,-1.4895636,4.542973,-2.1421998,-3.723367,0.39650896,7.5408173
1779,59.478435305917756,-1.5616473,5.1670146,-2.982526,-4.273171,1.2750753,9.654537
1780,59.511868940153796,-1.1414264,5.597361,-2.567363,-3.4313118,1.1996791,9.700164
1781,59.54530257438984,-1.3202581,4.6370373,-3.9867444,-5.022734,0.56294084,9.648197
1782,59.57873620862588,-1.8883219,3.928785,-3.6946435,-5.212482,0.7384845,8.898089
1783,59.61216984286192,-2.3671322,5.302272,-1.3633586,-3.990578,1.372435,7.116259
1784,59.64560347709796,-1.9078637,4.314947,-3.5125186,-4.990405,0.764285,9.182413
1785,59.679037111334004,-0.6694968,5.37839,-3.081854,-5.1455293,-0.11972627,10.696538
1786,59.712470745570045,0.3123744,4.535006,-3.2694778,-4.4164896,0.71180046,10.206701
1787,59.745904379806085,0.24484059,4.912271,-4.036568,-4.6769705,1.1400135,10.027201
1788,59.779338014042125,0.7064551,4.0662174,-4.656739,-7.1045485,-0.21717775,11.972089
1789,59.812771648278165,0.728737,4.7469263,-3.3080714,-5.3301477,-0.9795706,9.62071
1790,59.84620528251421,0.57173765,4.778809,-1.902724,-4.2954497,-0.4634402,9.095832
1791,59.87963891675025,0.44533494,4.841751,-3.117006,-5.620974,-0.03209384,9.760013
1792,59.91307255098629,0.919115,6.4439187,-2.3171415,-5.140662,-0.46907666,10.589407
1793,59.94650618522233,-0.538576,3.7453682,-5.2038183,-6.9578404,0.6819583,11.77541
1794,59.97993981945837,-0.7226023,4.419962,-4.276827,-5.8873124,0.6316556,10.491291
1795,60.01337345369441,-1.0067354,4.780801,-3.166158,-5.1240115,0.702343,8.763875
1796,60.04680708793046,-1.0075271,5.001859,-3.088622,-5.1201553,0.4041197,8.694944
1797,60.0802407221665,-0.23292212,5.0632205,-2.9653518,-5.225372,-0.033253107,9.092479
1798,60.11367435640254,-0.87628967,4.0012116,-3.7931595,-5.2631626,-0.57009786,10.297327
1799,60.14710799063858,-1.9032487,5.521225,-2.23893,-6.3667555,1.503528,9.210177
1800,60.18054162487462,-1.1825776,4.4751697,-2.3978703,-4.1981735,-0.040165544,8.322881
1801,60.21397525911067,-0.88586307,4.116646,-2.4495564,-3.7048974,-0.38300672,7.836734
1802,60.24740889334671,-0.15159762,4.3259435,-3.1647716,-4.163823,-0.17058569,8.201519
1803,60.28084252758275,-0.8101086,3.720093,-4.5159326,-5.7304654,0.8448102,10.729451
1804,60.31427616181879,-0.9751866,5.7457485,-2.2519305,-5.1425953,0.93768907,10.849482
1805,60.34770979605483,-0.88084644,4.593187,-2.7048538,-4.2299824,0.9050259,8.694519
1806,60.38114343029087,-0.45705774,4.5847826,-3.3725224,-4.5165787,0.97156453,8.864064
1807,60.41457706452692,-0.2888943,5.1045485,-3.5067542,-4.666634,0.67231053,9.913083
1808,60.44801069876296,-0.009676265,4.102825,-3.5597787,-3.7401912,0.39824235,7.5890093
1809,60.481444332999,0.33741057,5.326693,-3.845477,-5.0721335,1.5585822,10.739866
1810,60.51487796723504,-0.20789899,3.9115725,-3.8043206,-6.8361564,1.0134712,11.104432
1811,60.54831160147108,-0.9770496,4.8721004,-3.9392822,-6.788109,0.80588937,10.523501
1812,60.581745235707125,-1.8007039,4.7693944,-3.334941,-6.3967443,0.56759685,10.601854
1813,60.615178869943165,-1.4734163,4.5457363,-3.4288666,-5.160273,1.0817335,9.166698
1814,60.648612504179205,-1.1312914,5.2358255,-3.3135064,-6.4711437,1.3402654,12.576214
1815,60.682046138415245,-0.066719055,5.984401,-1.7780881,-5.0419774,1.5572376,12.610658
1816,60.715479772651285,-0.77880454,6.4205174,-2.7569873,-6.4106092,1.8232293,13.517188
1817,60.748913406887326,0.6483166,7.0613384,-2.819751,-6.6820784,0.9415571,14.246787
1818,60.78234704112337,-0.055454224,6.14863,-2.9826286,-6.634098,2.3468225,13.921913
1819,60.81578067535941,0.44836885,7.698302,-3.5973194,-8.535272,1.4667823,16.946392
1820,60.84921430959545,-0.983261,4.5210395,-4.0329986,-8.388656,2.5129158,13.34876
1821,60.88264794383149,-1.9386611,4.911428,-3.5790613,-8.125418,0.8428129,12.499535
1822,60.91608157806753,-1.8089826,3.9101126,-3.6421669,-7.1353703,1.3176268,10.401272
1823,60.94951521230358,-1.6174254,5.192557,-3.111055,-6.7170806,1.6813878,12.595651
1824,60.98294884653962,-0.548889,6.413634,-1.6789063,-5.4466076,2.8496337,12.35873
1825,61.01638248077566,-1.2074659,7.2237062,-3.50147,-8.808488,2.6339414,14.851197
1826,61.0498161150117,0.0042638616,6.004328,-4.261851,-11.262237,1.5078496,16.82479
1827,61.08324974924774,-0.26036063,5.589392,-4.800947,-10.7641735,0.84989256,15.406211
1828,61.11668338348378,-1.2233886,4.909942,-6.6412477,-12.186615,1.0929016,15.679787
1829,61.15011701771983,-1.2302333,3.455629,-5.8002653,-11.441937,2.3555532,13.362542
1830,61.18355065195587,-0.67737037,4.700838,-3.2945805,-7.8450885,1.0338485,11.578519
1831,61.21698428619191,-2.9097545,2.9012916,-4.6801744,-9.522234,0.6913427,11.9395275
1832,61.25041792042795,-1.6203917,2.3661249,-4.647844,-9.115773,0.59552497,10.656905
1833,61.28385155466399,-3.0874076,6.3530865,-2.9319663,-8.794852,2.6226158,12.061026
1834,61.31728518890004,-2.6359146,6.411538,-2.8759384,-6.6474347,0.45867974,10.688403
1835,61.35071882313608,-2.5069718,4.171551,-5.7096996,-8.793625,1.3895173,10.942051
1836,61.38415245737212,-2.1997595,4.439687,-6.585678,-9.991345,1.2922075,11.916312
1837,61.41758609160816,-4.6499996,1.229956,-8.088568,-13.561464,2.1960828,13.058029
1838,61.4510197258442,-3.6218665,6.403943,-3.1537302,-6.012504,1.0393246,9.460314
1839,61.48445336008024,-3.6742194,5.0021977,-4.20811,-8.768346,0.43405664,13.277211
1840,61.517886994316285,-2.0995789,4.553439,-2.0503774,-5.4451566,0.37884873,6.206117
1841,61.551320628552325,-2.4914339,4.1332173,-4.3601656,-8.620409,1.8398131,12.618398
1842,61.584754262788366,-2.6840801,4.2102375,-4.727074,-8.980399,2.1429172,11.568925
1843,61.618187897024406,-3.8070695,3.8776166,-7.1114907,-11.236864,2.1217456,12.621365
1844,61.651621531260446,-2.1266482,2.19771,-6.5961456,-11.698186,2.5421848,13.606663
1845,61.685055165496486,-3.940147,7.8972883,-3.244311,-8.837762,4.5798225,13.174853
1846,61.71848879973253,-1.5608345,5.3757005,-2.548191,-7.030321,1.7710992,11.500599
1847,61.75192243396857,-1.1146287,5.478364,-2.8864632,-7.3479786,1.8790041,11.335866
1848,61.785356068204614,-0.8277658,4.60353,-3.0721314,-7.1759567,1.9318013,11.5404
1849,61.818789702440654,-2.0186892,5.731764,-2.9767828,-7.480498,1.3297207,11.607026
1850,61.852223336676694,-0.86394185,3.942838,-2.8444214,-6.9538355,2.8291156,10.989727
1851,61.88565697091274,-1.2312344,4.1921573,-3.0900192,-5.837295,2.3603537,9.0431385
1852,61.91909060514878,-1.6173992,5.5771956,-2.2826092,-6.4683366,0.91410774,12.356853
1853,61.95252423938482,-2.857327,5.9816704,-2.291087,-7.8557897,2.3359296,9.750781
1854,61.98595787362086,-2.186823,1.6748215,-2.4895546,-4.3408957,2.4120018,2.7641668
1855,62.0193915078569,-2.7738957,5.285099,-4.62202,-10.117664,4.135503,14.202246
1856,62.05282514209294,-1.264385,6.9656873,-4.565443,-10.939597,2.4270773,16.367327
1857,62.08625877632899,0.35447767,6.6704025,-4.533465,-11.601815,1.6248192,16.730442
1858,62.11969241056503,-0.6695083,6.991253,-2.9815888,-8.21837,-0.1246248,15.310267
1859,62.15312604480107,-0.37067762,8.038145,-5.2862267,-11.179101,1.29126,17.339983
1860,62.18655967903711,-0.7220702,10.440477,-3.8671932,-11.466997,1.3490366,18.682491
1861,62.21999331327315,-0.8862164,10.682552,-2.1992972,-8.593351,1.5700423,19.010622
1862,62.2534269475092,-1.6844211,6.730223,-4.4201984,-10.694333,2.0999656,16.826612
1863,62.28686058174524,-2.434,6.2251954,-2.3156385,-6.4185357,0.56561226,10.21758
1864,62.32029421598128,-1.0027308,6.146238,-1.8749485,-6.6270638,1.5005387,8.843612
1865,62.35372785021732,-1.4315287,6.9037404,-1.8821317,-8.735736,2.3273726,16.012241
1866,62.38716148445336,-0.8872133,6.2817793,-2.8977327,-8.333031,2.2021568,14.522043
1867,62.4205951186894,-2.1831694,8.05627,-3.351171,-8.273415,2.2870104,16.845211
1868,62.454028752925446,-0.1316656,8.214227,-3.3048382,-9.429975,1.9010508,16.282408
1869,62.487462387161486,-1.5740433,3.46824,-5.0380015,-10.018474,1.2727113,11.857949
1870,62.520896021397526,-1.1897388,3.8753662,-4.692582,-9.6157675,2.9172487,11.883467
1871,62.554329655633566,-2.474745,7.6910143,-2.1197546,-9.849376,3.4489083,12.908035
1872,62.587763289869606,-1.967702,7.067189,-2.4720817,-7.069565,0.9686195,12.474005
1873,62.621196924105654,-0.48667604,8.273972,-2.550287,-7.4433126,1.3694816,13.557338
1874,62.654630558341694,-0.5572226,8.622628,-2.2805471,-8.50897,4.051092,14.884843
1875,62.688064192577734,-1.4219435,10.50634,-1.0792842,-9.632612,4.609734,17.033588
1876,62.721497826813774,0.29153633,10.297732,-0.572204,-8.2325325,4.329803,14.790553
1877,62.754931461049814,-1.7359666,6.937229,-2.5392318,-10.478972,2.5598333,15.132585
1878,62.788365095285855,-0.99450713,6.8732495,-4.0122166,-11.607354,2.3616657,13.647466
1879,62.8217987295219,-2.2875977,7.123209,-2.5722985,-8.935822,1.2446644,13.985582
1880,62.85523236375794,-0.82916516,6.923145,-4.221113,-10.397587,0.65072066,15.550027
1881,62.88866599799398,-0.066498175,7.819434,-1.2857572,-10.079023,2.2514055,12.245236
1882,62.92209963223002,0.7402685,8.193718,-1.726899,-11.558232,3.523752,17.544134
1883,62.95553326646606,0.42068622,7.8190193,-1.4857028,-11.142183,4.31676,17.741476
1884,62.98896690070211,-1.421375,6.2541084,-3.7494195,-11.716718,3.6440318,16.482708
1885,63.02240053493815,-2.4334815,6.2079186,-2.2155373,-8.7065325,3.1978061,12.820419
1886,63.05583416917419,-0.96682835,5.480925,-1.245424,-5.991638,1.2696098,10.267378
1887,63.08926780341023,-0.0054375017,6.1088576,-0.9361288,-7.680293,2.548439,13.343842
1888,63.12270143764627,0.88241476,6.3339853,-0.77844864,-7.505804,2.5281084,13.976202
1889,63.15613507188231,-1.3547149,6.366494,-1.1308329,-7.1846123,3.9763894,11.065281
1890,63.18956870611836,-0.8839854,7.0227675,-1.2703935,-6.9184513,3.8718486,9.940421
1891,63.2230023403544,-0.45223865,5.695673,-1.3856658,-5.402765,3.195934,9.624313
1892,63.25643597459044,-1.5814297,6.197838,-1.745542,-6.421289,0.9509147,12.064286
1893,63.28986960882648,-0.13494375,6.6170807,-1.0197332,-7.381811,3.0962467,10.638755
1894,63.32330324306252,-2.6993706,7.918087,-0.8703658,-4.2956824,1.0660003,8.982588
1895,63.35673687729856,-2.255215,6.0911922,-1.8531158,-8.090013,5.998551,12.78849
1896,63.390170511534606,0.4074967,7.965633,-0.5520034,-9.47983,4.811478,15.793866
1897,63.423604145770646,1.619914,11.266739,-0.11587125,-8.812023,3.5447526,17.081987
1898,63.45703778000669,-1.160518,9.905108,-1.3541496,-8.974872,5.0861626,16.130901
1899,63.49047141424273,-2.9295228,9.214601,-3.118978,-8.599203,3.2647998,13.509797
1900,63.52390504847877,-1.0933619,9.742748,-1.9662833,-9.136571,4.5325327,17.10055
1901,63.557338682714814,0.8205973,8.977198,-1.1987514,-8.500283,3.6793444,16.02129
1902,63.590772316950854,2.3770463,10.329473,-1.467085,-8.815946,1.501183,13.842281
1903,63.624205951186894,1.8791068,9.512109,-1.0529879,-7.7897916,0.76852953,11.561231
1904,63.657639585422935,0.2970005,9.612203,-2.5775855,-8.364098,1.4296542,13.118706
1905,63.691073219658975,-0.63856655,8.316866,-2.0178878,-7.2543483,0.9935663,13.274305
1906,63.724506853895015,-0.8190036,11.248782,-3.449529,-9.41877,4.0568833,13.6382475
1907,63.75794048813106,0.35075498,9.417441,-1.0469577,-6.4412417,3.240898,10.419187
1908,63.7913741223671,-1.0222361,8.761468,-2.4694102,-9.298308,4.0834737,13.913325
1909,63.82480775660314,-1.7414116,8.852244,-1.7559342,-9.044225,3.7387762,16.43573
1910,63.85824139083918,1.2078034,8.653205,-3.0905058,-9.914237,1.9171919,15.319086
1911,63.89167502507522,1.1819687,8.099796,-1.6246675,-8.09009,0.8274173,14.248786
1912,63.92510865931127,0.77368414,9.410547,-2.406874,-11.080392,3.4804635,17.792923
1913,63.95854229354731,1.7403738,9.781116,-1.5679529,-8.564499,2.6446297,16.926804
1914,63.99197592778335,0.43630955,7.864118,-2.3091319,-8.460957,3.6096916,13.19324
1915,64.02540956201939,-1.3077635,6.090107,-2.8195992,-8.747704,3.450037,13.090974
1916,64.05884319625544,-1.6776872,5.304836,-1.5595379,-5.947131,2.3647401,10.240065
1917,64.09227683049147,-0.44059902,5.512083,-2.0867155,-7.014021,2.8831122,11.962602
1918,64.12571046472752,-0.42339376,5.3725157,-2.073326,-7.9227157,3.5760481,12.025756
1919,64.15914409896355,-1.1744666,4.9341707,-2.5532618,-6.0996532,3.231581,8.989289
1920,64.1925777331996,1.0699344,6.8119693,-0.8051342,-6.621225,1.6444879,11.214098
1921,64.22601136743565,0.23526572,6.6824045,-1.0984346,-5.8507133,2.0606623,10.975747
1922,64.25944500167168,0.9228719,8.014215,-0.8386887,-6.353964,1.1649436,12.357966
1923,64.29287863590773,-2.2783906,6.549233,-2.0009162,-6.504899,1.4834998,10.559332
1924,64.32631227014376,-1.1263855,7.8536167,-0.09740442,-7.6390886,6.4477153,7.891363
1925,64.3597459043798,-0.67669815,7.3766026,-1.9636937,-7.825469,4.0232005,12.777712
1926,64.39317953861585,2.4737844,9.874875,-0.6837364,-8.264469,2.7309997,13.576296
1927,64.42661317285189,1.7083277,8.873022,-2.833162,-9.17277,1.7097844,15.5110235
1928,64.46004680708793,0.49492607,8.282606,-2.5983171,-11.26847,3.0721457,15.527895
1929,64.49348044132397,1.4675146,12.252193,-2.1039624,-10.526219,4.851337,15.49529
1930,64.52691407556001,-1.528888,6.1931653,-3.7750168,-9.789586,3.5229716,13.660407
1931,64.56034770979605,-3.2006276,7.03192,-1.8085905,-7.912059,3.935469,11.548174
1932,64.5937813440321,-0.7417803,5.524721,-2.4588716,-7.2910757,2.312395,12.042271
1933,64.62721497826814,-1.2323997,5.597456,-2.8984258,-7.595278,3.0036335,11.761712
1934,64.66064861250418,-1.2171805,5.535336,-2.9469972,-7.322682,3.4519753,8.8698015
1935,64.69408224674022,-0.4871563,5.933899,-1.9402077,-6.361009,2.6681411,11.403778
1936,64.72751588097626,-1.4145428,5.2715964,-2.522881,-6.0623336,3.3295949,9.479379
1937,64.7609495152123,-2.1823153,5.930024,-2.459028,-6.7447457,0.6565174,11.442577
1938,64.79438314944835,-1.7592419,7.2003264,-1.7280611,-8.0344,5.123857,8.370521
1939,64.82781678368438,-2.0205405,6.4909644,-1.7670643,-7.6356883,2.8581522,9.601478
1940,64.86125041792043,-0.36701754,8.393378,-1.7730491,-8.513002,4.058286,14.702573
1941,64.89468405215646,0.9556118,8.727788,-1.9147975,-9.047193,3.1876225,13.591502
1942,64.92811768639251,1.3085003,7.9118304,-3.2888608,-11.0098505,3.3437278,13.787968
1943,64.96155132062856,1.3554791,9.787463,-2.620279,-7.263062,0.55974126,11.791784
1944,64.99498495486459,2.3546274,10.193317,-4.2445064,-8.68692,2.193059,12.106251
1945,65.02841858910064,0.8355835,10.681318,-4.2110624,-8.6408825,3.419306,13.731727
1946,65.06185222333667,0.086955525,8.490851,-3.9462159,-9.469647,3.216024,13.070664
1947,65.09528585757272,-1.1394256,9.15819,-2.9672194,-9.668318,3.596143,15.571822
1948,65.12871949180877,1.1448107,8.764214,-4.583912,-10.2735195,2.4089932,14.588014
1949,65.1621531260448,0.89151,8.712942,-2.5779643,-10.140386,3.1244698,13.388592
1950,65.19558676028085,0.6043123,9.104178,-3.305289,-11.849517,4.1976595,17.4366
1951,65.22902039451688,-0.7150623,9.403812,-3.664431,-11.223357,4.928534,16.007593
1952,65.26245402875293,-1.6288992,5.5763607,-3.7803245,-10.585839,4.4094734,14.359656
1953,65.29588766298896,-1.8375813,5.5324297,-1.664645,-6.440764,2.0236917,10.464726
1954,65.32932129722501,-1.4591615,5.2138805,-2.6309679,-8.298105,2.7206833,12.575971
1955,65.36275493146105,-1.5553205,5.112019,-2.8567505,-8.42552,2.8982697,12.151748
1956,65.39618856569709,-1.3745074,5.127935,-2.627281,-6.528343,2.1515565,10.108409
1957,65.42962219993314,0.8939206,6.9458075,-0.9062851,-7.016569,1.6739758,11.3222885
1958,65.46305583416917,-0.16795172,6.879646,-0.93720186,-6.1071935,1.532105,11.7154045
1959,65.49648946840522,1.4352677,7.5419893,-1.5044528,-7.1330857,2.3463778,11.308506
1960,65.52992310264126,-0.43484515,7.5828114,-1.2634599,-6.545008,3.1145916,9.041242
1961,65.5633567368773,-2.0146003,1.8012979,-2.5481281,-4.4069223,1.9605737,2.649224
1962,65.59679037111334,-1.1077471,7.4216356,-2.1112654,-8.674626,5.121722,13.816335
1963,65.63022400534938,2.6320386,10.363274,-0.9296537,-8.694677,3.670218,14.222229
1964,65.66365763958542,2.038642,7.6251206,-2.6285982,-10.199539,5.3232474,14.229414
1965,65.69709127382147,-1.3111017,3.9061785,-3.973135,-11.032591,4.2444143,10.522255
1966,65.7305249080575,-1.0913635,7.559504,-3.0575626,-11.1216545,3.110387,14.6080265
1967,65.76395854229355,-0.3901092,6.526893,-4.228168,-11.287929,3.0613806,14.641545
1968,65.79739217652958,1.7838296,7.4652596,-2.8380387,-8.720635,0.76357245,11.639763
1969,65.83082581076563,-0.83513784,7.6846747,-2.865503,-8.323091,0.18420847,13.579831
1970,65.86425944500168,-0.7818558,6.609308,-3.6723266,-8.263185,1.458091,13.239893
1971,65.89769307923771,0.9072232,7.6023035,-3.9577641,-8.47104,1.4214216,13.286317
1972,65.93112671347376,1.9329525,7.219699,-2.946056,-6.407656,1.5680629,12.179441
1973,65.96456034770979,-0.31669572,7.283821,-3.8776212,-6.953556,0.6205711,13.701585
1974,65.99799398194584,1.4557102,10.302368,-1.6768954,-5.8488736,2.6572206,13.044506
1975,66.03142761618187,0.47097558,6.731044,-4.330919,-8.328853,0.055998303,12.752354
1976,66.06486125041792,2.4015634,12.30511,-0.34247988,-5.320703,-0.43962395,17.61327
1977,66.09829488465397,0.16289009,10.479206,-2.5432725,-5.904638,-0.42144042,14.698114
1978,66.13172851889,1.5468891,10.753939,-1.917781,-7.8034606,-1.1596693,17.052668
1979,66.16516215312605,1.7367952,12.824389,-1.5545636,-6.488238,-1.4010932,19.316748
1980,66.19859578736208,1.444062,12.62324,-0.7880027,-4.5318136,-1.0772189,20.314135
1981,66.23202942159813,1.7910663,10.141647,-0.3392559,-5.1350346,-2.0731387,18.66073
1982,66.26546305583418,1.4521642,7.3193774,-3.275251,-8.185861,-1.4634916,14.767297
1983,66.29889669007021,2.3313272,9.292087,-1.5407964,-4.5238476,-1.3749948,13.730759
1984,66.33233032430626,2.3140593,6.4437137,-0.637713,-1.7591255,-0.863772,9.022775
1985,66.36576395854229,-0.8039546,6.4832773,-1.0814145,-3.1597977,-1.0127908,8.403955
1986,66.39919759277834,0.069352,6.434087,-1.5163035,-3.2183347,-0.08074119,8.764286
1987,66.43263122701438,0.39330637,7.6388316,-1.644741,-5.0817075,0.36418337,10.11369
1988,66.46606486125042,2.0051532,8.226151,-1.8898307,-4.1357303,0.7890993,10.600304
1989,66.49949849548646,1.737292,11.472626,-1.7607485,-5.010963,-0.9855536,14.942643
1990,66.5329321297225,0.8667759,8.210565,-4.362,-8.147061,-0.92783105,15.655747
1991,66.56636576395854,-0.61620075,8.433235,-2.827854,-6.19321,-1.1776233,11.250252
1992,66.59979939819458,-2.9765608,5.3781476,-1.8159701,-4.79193,-0.27079797,8.488562
1993,66.63323303243062,-0.64968914,10.326402,-1.732344,-4.286811,-1.6627551,14.210433
1994,66.66666666666667,-0.15693243,9.634484,-2.0424824,-4.6756053,-1.7669201,14.147439
1995,66.7001003009027,-0.54045135,9.829694,-1.6471335,-5.785184,-3.8074877,16.250772
1996,66.73353393513875,0.57475406,9.285333,-1.9195148,-5.156691,-0.92843026,15.735045
1997,66.76696756937478,-1.1282607,4.75844,-2.8489063,-6.0705175,-0.017534858,11.185966
1998,66.80040120361083,-1.94517,4.254202,-0.99896646,-3.3775718,-0.75362027,7.7377796
1999,66.83383483784688,-2.1598778,4.427505,-3.8923745,-7.032973,-0.847766,11.604417
2000,66.86726847208291,-0.8014345,5.5798264,-3.519282,-7.233552,-0.4387829,12.6250725
2001,66.90070210631896,-1.4254463,6.2197456,-2.9883108,-7.450132,-0.7025147,12.11745
2002,66.93413574055499,-2.316089,4.3683543,-1.8736324,-3.6836503,-1.0180987,7.4350615
2003,66.96756937479104,-1.7711402,5.956983,-2.312877,-4.9773884,-0.036010567,12.035876
2004,67.00100300902709,-0.41054985,7.211125,-4.0053024,-7.9742403,-0.3004354,13.96427
2005,67.03443664326312,-0.28944302,6.7281427,-5.5841193,-9.831541,-0.32080352,14.526341
2006,67.06787027749917,0.89523906,9.31463,-4.255079,-7.3928328,0.43498886,15.528503
2007,67.1013039117352,0.028088994,9.106638,-3.7703538,-6.6705704,0.46002558,13.668653
2008,67.13473754597125,-0.55751175,9.131437,-4.4474998,-5.9176116,2.2570944,12.617971
2009,67.1681711802073,-0.7226453,5.588424,-6.174997,-9.975479,1.0476003,13.367087
2010,67.20160481444333,-1.0114828,4.8417172,-6.6827583,-11.732507,0.6659616,12.314491
2011,67.23503844867938,-2.2519362,6.354111,-4.518504,-9.31775,-0.7016713,12.855295
2012,67.26847208291541,-1.2325054,6.259274,-5.4897614,-9.948611,0.025797077,13.867626
2013,67.30190571715146,0.9793153,10.498153,-2.2599819,-7.9094687,-1.4489876,17.4551
2014,67.33533935138749,-2.4306006,9.609033,-5.4470706,-9.901456,0.07407093,15.949803
2015,67.36877298562354,-2.3503218,12.119879,-3.5973976,-9.059248,-0.8942546,20.41693
2016,67.40220661985958,-1.6276804,12.292543,-3.680853,-7.947625,-1.2934345,19.900625
2017,67.43564025409562,-1.2110626,10.132832,-2.9562209,-7.5355444,-2.025657,20.331419
2018,67.46907388833166,-1.1541024,7.8899207,-4.945076,-9.7219515,-1.8120986,15.643011
2019,67.5025075225677,0.29246458,10.37028,-3.3925176,-8.14663,-1.2375411,17.73823
2020,67.53594115680374,-0.77752024,11.272403,-3.6893806,-8.421426,-0.24925001,16.025885
2021,67.56937479103979,-0.08380957,12.450657,-1.8175429,-6.6308165,-0.18991235,14.901961
2022,67.60280842527582,-1.8769199,12.1603565,-3.3582506,-6.556842,0.8493256,13.798994
2023,67.63624205951187,-1.9732502,11.384778,-4.09419,-5.5686574,-0.63625735,12.441542
2024,67.6696756937479,-3.729874,10.054197,-4.9344196,-5.4304347,-1.4753474,12.796362
2025,67.70310932798395,-1.8216927,11.883726,-4.591047,-7.0666447,0.13902757,13.605208
2026,67.73654296222,-1.289527,10.765478,-5.3341537,-8.985289,-1.0354449,15.847728
2027,67.76997659645603,0.53406966,10.625925,-4.930732,-8.906784,0.062690176,19.026741
2028,67.80341023069208,-2.0137966,7.5295978,-4.9657226,-8.654275,-0.1336572,14.351873
2029,67.83684386492811,-1.4101115,5.993045,-3.3066328,-7.16756,-0.18795268,12.558787
2030,67.87027749916416,-1.8675297,5.4605956,-3.6444516,-7.0475144,0.12606756,11.377338
2031,67.90371113340021,-2.7745318,8.07923,-2.4155328,-3.3795853,-0.38900286,10.361871
2032,67.93714476763624,-0.41515532,8.961985,-2.5332386,-7.299008,0.13353996,14.567045
2033,67.97057840187229,-0.7237804,9.534872,-3.3453343,-7.2339616,0.508974,14.959829
2034,68.00401203610832,-0.34109622,8.083356,-3.4272213,-5.0370307,0.23501231,13.459388
2035,68.03744567034437,-3.1443067,6.736697,-3.8127558,-6.685306,0.7346318,9.9825
2036,68.0708793045804,-2.8782704,7.9197736,-2.3615685,-5.833256,1.6171426,10.295794
2037,68.10431293881645,-0.52959156,6.6994987,-3.4226959,-6.1698146,-0.11353952,13.122762
2038,68.1377465730525,-1.4663627,9.97371,-3.7238665,-7.0457964,0.1116343,15.275102
2039,68.17118020728853,-0.8250758,7.368672,-4.102642,-9.366417,-0.6007229,16.270798
2040,68.20461384152458,0.7966031,12.415898,-2.4889205,-6.0675116,0.368484,18.423962
2041,68.23804747576061,-0.0973612,13.995846,-1.9624227,-6.335169,1.6957362,18.055187
2042,68.27148110999666,-0.26979837,12.031273,-1.9368293,-7.0999417,0.3905095,17.331736
2043,68.3049147442327,0.4233405,7.1249,-5.187406,-10.775815,-1.2697124,17.220112
2044,68.33834837846874,-0.86217856,9.70446,-5.166771,-9.727234,-0.4800537,13.892436
2045,68.37178201270478,0.047545847,8.59975,-3.68466,-9.620139,0.5237734,17.341616
2046,68.40521564694082,-0.59767497,8.071302,-3.8565028,-9.016002,0.6125094,19.025183
2047,68.43864928117686,-0.99447703,5.7360077,-3.7949138,-8.172992,0.34645692,13.403017
2048,68.47208291541291,-1.3724104,5.30147,-3.0996575,-7.3839927,0.49011347,12.153585
2049,68.50551654964895,-0.8801524,5.7179093,-2.619706,-6.78302,0.4864112,10.912425
2050,68.53895018388499,-0.52214456,4.610511,-4.411263,-7.966505,0.2325406,12.036363
2051,68.57238381812103,-1.6464434,5.8289123,-4.630446,-9.581293,0.7263135,12.7916155
2052,68.60581745235707,-0.79492927,6.089995,-6.1730967,-11.360644,0.9172269,14.530108
2053,68.6392510865931,-0.3160802,4.1237817,-7.8304887,-12.331352,2.029373,14.2482605
2054,68.67268472082915,-2.4909596,3.121187,-7.25286,-11.475666,1.5298035,12.123914
2055,68.7061183550652,-1.809522,4.1763234,-3.4757977,-7.613382,0.40907985,10.70897
2056,68.73955198930123,-3.419918,2.568354,-5.0016446,-8.672833,0.39179254,10.309409
2057,68.77298562353728,-2.6845603,2.3118317,-6.1532755,-9.71322,0.49431413,10.191049
2058,68.80641925777331,-2.5323756,6.6746564,-2.6658692,-6.7922583,-0.45274788,13.292995
2059,68.83985289200936,-2.186658,1.7170637,-2.8231463,-4.5141597,1.8497034,2.74307
2060,68.87328652624541,-3.6166296,3.8780515,-7.1754503,-9.303816,1.4534745,10.730536
2061,68.90672016048144,-3.7653248,4.7452126,-5.471015,-9.92331,1.5380131,11.488256
2062,68.94015379471749,-5.2635884,1.5884943,-8.835443,-13.016379,1.7626824,12.286543
2063,68.97358742895352,-5.6118207,7.4327607,-5.0719533,-8.109402,1.4914715,10.087531
2064,69.00702106318957,-3.1764035,4.535361,-4.8723555,-8.386505,0.22438087,12.269202
2065,69.04045469742562,-1.7242955,5.784584,-1.4120668,-4.3296103,0.7546991,6.032875
2066,69.07388833166165,-1.6784567,3.5853503,-5.513899,-8.289867,1.0843986,11.42249
2067,69.1073219658977,-2.6632807,3.6856875,-6.269871,-8.593235,1.3555156,10.75142
2068,69.14075560013373,-3.3188627,4.5081425,-7.4936314,-11.714633,1.555601,13.739029
2069,69.17418923436978,-2.2671754,2.874702,-7.413437,-11.35516,1.7377126,12.480015
2070,69.20762286860582,-3.5619342,6.991429,-3.4211297,-9.089764,2.4332826,12.016139
2071,69.24105650284186,-1.685696,5.254486,-3.2747731,-6.9816737,0.9370041,10.550677
2072,69.2744901370779,-0.9652353,5.375885,-3.4004133,-7.7290864,0.8420043,11.027568
2073,69.30792377131394,0.6166833,5.3739915,-3.7266977,-7.428016,0.94351053,11.080687
2074,69.34135740554999,-1.358779,4.1036468,-3.135202,-5.5760484,0.5327144,8.971335
2075,69.37479103978602,-0.12858284,4.0341387,-4.179522,-6.9191413,2.2223697,9.586979
2076,69.40822467402207,-1.5400294,3.8260798,-3.843836,-6.3396397,1.9813949,8.757474
2077,69.44165830825811,-1.7150794,5.616261,-2.739998,-6.5468316,-0.3995374,10.937682
2078,69.47509194249415,-1.668242,8.024522,-2.3132432,-7.7621393,1.4191972,13.722479
2079,69.5085255767302,-1.3503611,8.924627,-0.87154907,-8.481383,4.3966684,11.62058
2080,69.54195921096623,-2.2955184,7.0255127,-5.0642414,-10.451183,2.4919004,15.37599
2081,69.57539284520227,-1.2498336,7.927128,-5.8099327,-11.800196,1.0386025,16.871998
2082,69.60882647943832,0.17567389,8.511131,-5.8924503,-11.002616,0.028964506,16.944748
2083,69.64226011367435,-0.9526581,10.77459,-4.617924,-10.8,1.3148427,17.874699
2084,69.6756937479104,-1.4101347,7.419391,-4.103608,-10.302016,2.850205,16.405449
2085,69.70912738214643,-1.0108373,6.867028,-5.221127,-10.45245,0.7003903,16.058157
2086,69.74256101638248,-1.0859457,6.098709,-5.6062183,-11.976816,0.7892444,13.783767
2087,69.77599465061853,-0.5468154,6.074184,-2.8671174,-7.2191353,-0.19039527,12.374917
2088,69.80942828485456,-0.944064,6.683402,-4.923662,-9.892297,0.48425716,14.415403
2089,69.84286191909061,0.67567563,8.252287,-1.8494341,-9.840458,1.8318685,13.20974
2090,69.87629555332664,1.6257585,9.087619,-1.7060179,-11.277225,2.6779082,16.963146
2091,69.90972918756269,1.0877137,9.570158,-2.0250487,-10.92479,4.479605,17.216991
2092,69.94316282179872,-1.1787213,7.3859224,-4.870717,-11.305743,2.2143192,17.159391
2093,69.97659645603477,-1.2507823,5.9556804,-3.6773913,-9.140814,1.5303688,14.237486
2094,70.01003009027082,-1.4144328,5.1832466,-2.9969249,-6.7969203,0.48584807,10.906174
2095,70.04346372450685,-0.81380594,5.854328,-2.5754855,-8.113033,2.1452074,12.839808
2096,70.0768973587429,-0.52540374,5.597617,-2.2963543,-8.555079,1.509698,13.438842
2097,70.11033099297893,-1.4975045,5.844818,-2.4684303,-8.703845,2.811438,12.019954
2098,70.14376462721498,-0.4245723,6.4004664,-2.4528375,-7.2907085,2.3259816,11.809461
2099,70.17719826145103,-1.6220671,5.7943606,-2.3461306,-6.040607,2.6953542,9.75408
2100,70.21063189568706,-2.03617,5.8512993,-2.5963886,-7.277909,0.89911175,11.858347
2101,70.2440655299231,-2.3590293,5.8580947,-2.3037364,-8.330398,4.0281744,10.801532
2102,70.27749916415914,-4.8405294,6.181394,-3.0364208,-7.1707597,3.9196377,8.616355
2103,70.31093279839519,-2.212743,7.7625785,-2.3968894,-9.5244465,5.004345,15.876749
2104,70.34436643263123,0.04237357,8.595904,-2.7075486,-10.571538,4.302512,16.30116
2105,70.37780006686727,0.111679845,11.793472,-2.122978,-9.096076,3.5269444,16.370173
2106,70.41123370110331,-1.3104905,10.3232155,-2.3410263,-8.498186,4.1159196,15.807815
2107,70.44466733533935,-1.2492099,9.740799,-2.6844118,-7.1084056,2.7152815,15.113669
2108,70.4781009695754,-2.405202,9.229183,-4.3225846,-8.156378,3.5782306,13.266714
2109,70.51153460381144,-1.5240917,8.859936,-3.7161884,-9.470577,4.3868523,15.244458
2110,70.54496823804747,0.06884124,6.912372,-4.0852675,-11.034815,4.7284384,14.1866665
2111,70.57840187228352,-1.0520835,2.3397758,-4.8195987,-9.288145,3.7584577,8.016797
2112,70.61183550651955,-0.3464165,8.124758,-1.2014742,-9.067955,4.416751,10.392657
2113,70.6452691407556,-0.2912494,6.650933,-4.2862086,-10.416635,3.6454017,13.553747
2114,70.67870277499163,1.6488104,7.495786,-1.9010942,-9.390594,3.3312013,10.446013
2115,70.71213640922768,0.90984875,8.772926,-1.4887723,-9.34754,3.184314,12.70772
2116,70.74557004346373,3.4572697,9.611457,-1.690778,-8.800925,3.900783,11.683993
2117,70.77900367769976,0.60783404,6.897758,-4.074068,-10.072706,2.8928063,13.103838
2118,70.81243731193581,1.9593118,10.237529,-0.84902793,-8.405586,3.6076856,12.113187
2119,70.84587094617184,1.3003513,8.740945,-2.561818,-8.078729,3.4477603,10.472818
2120,70.87930458040789,1.943841,13.652242,-0.77098036,-6.8093657,1.1064198,11.655258
2121,70.91273821464394,0.90692246,12.911575,-0.45596644,-5.390165,-0.99765867,14.171981
2122,70.94617184887997,1.0634242,12.723103,-1.4721531,-8.804607,3.5051563,12.475324
2123,70.97960548311602,0.5246836,13.158159,-1.9651582,-9.303445,4.0873213,13.191066
2124,71.01303911735205,-1.1520805,12.704287,-3.4334633,-10.614526,5.0033746,13.975762
2125,71.0464727515881,-1.6316483,10.193788,-3.074526,-9.412089,4.665449,14.569323
2126,71.07990638582415,-1.498913,11.278854,-2.5300143,-8.580226,5.2784386,16.530071
2127,71.11334002006018,-2.2158742,9.57938,-1.737717,-9.608956,5.894277,15.554935
2128,71.14677365429623,-0.5670372,10.284949,-2.6241953,-7.4427834,4.3121467,9.717698
2129,71.18020728853226,-0.28190222,8.91101,-4.7769766,-7.575472,5.950601,10.784934
2130,71.2136409227683,0.63743097,6.1668205,-4.9339876,-10.334809,4.2828765,10.31502
2131,71.24707455700435,-1.3015212,0.89546126,-4.5372972,-7.0340037,2.6040015,4.739052
2132,71.28050819124039,-2.0523095,4.8626013,-3.9067092,-8.335058,1.5162908,11.195964
2133,71.31394182547643,-0.3530566,6.3155136,-5.179353,-10.422975,3.6684284,13.372349
2134,71.34737545971247,0.93083674,7.7812786,-1.9811428,-8.477033,3.026705,11.106598
2135,71.38080909394851,1.6147356,8.295282,-2.8715577,-10.567323,3.8261201,16.063961
2136,71.41424272818455,1.9843082,10.624182,-2.6475143,-10.467889,4.885811,14.893751
2137,71.4476763624206,0.35291296,6.720651,-4.956756,-12.329242,4.4963274,15.179891
2138,71.48110999665664,-2.2168894,5.5103445,-3.6868255,-10.776266,4.192786,14.200776
2139,71.51454363089267,-2.754278,6.6518126,-2.1844413,-7.5116506,2.300338,12.052394
2140,71.54797726512872,-1.4539887,5.018778,-3.2529442,-9.227253,3.148624,13.080416
2141,71.58141089936476,-2.0165036,5.1477537,-2.8961923,-8.561755,2.5865405,12.377005
2142,71.6148445336008,-1.0723708,7.333047,-1.1752222,-8.184188,4.555405,10.783494
2143,71.64827816783685,-0.05447224,5.276032,-1.9462391,-7.7946324,2.1018767,11.629121
2144,71.68171180207288,-0.6942578,5.442023,-1.3026402,-6.2835746,1.8132473,10.972871
2145,71.71514543630893,-1.645007,6.124449,-2.2969275,-7.087102,1.8430508,12.287447
2146,71.74857907054496,-0.95157844,8.548028,-0.3304405,-6.180913,5.477424,7.3491387
2147,71.78201270478101,-2.3026898,6.4478493,-1.9374532,-6.729776,3.313047,7.6937447
2148,71.81544633901706,-2.6981685,6.1291,-3.2360225,-8.941243,6.1640058,13.33596
2149,71.84887997325309,0.06696772,6.878849,-3.0649018,-10.42771,5.828762,14.685175
2150,71.88231360748914,-0.47076648,0.93955034,-2.9509225,-7.725914,4.702098,5.833211
2151,71.91574724172517,-0.8270353,0.7770178,-3.8056824,-7.702823,4.600663,7.3741674
2152,71.94918087596122,-1.2816585,7.5061803,-2.4106405,-9.028432,5.8184705,9.4053955
2153,71.98261451019725,-2.0567815,6.287704,-2.197698,-5.739394,0.91181827,7.414334
2154,72.0160481444333,-0.025896873,8.159448,-2.6542153,-8.190886,4.3721337,11.600819
2155,72.04948177866935,2.35216,7.340341,-1.148781,-8.651174,4.796452,8.833516
2156,72.08291541290538,-0.06719691,6.72003,-4.349193,-10.742448,5.6083345,10.612638
2157,72.11634904714143,0.45189428,5.4733944,-3.7112164,-8.789949,3.1819315,10.305215
2158,72.14978268137746,-0.11681876,1.3375347,-5.38623,-10.0355835,2.342507,6.8445725
2159,72.1832163156135,-2.759653,6.951609,-4.029352,-10.404887,4.141994,11.874881
2160,72.21664994984955,0.20853803,6.128276,-4.87063,-11.016798,2.5227418,11.868972
2161,72.25008358408559,3.465144,12.031066,-1.7660369,-8.412222,3.4416063,9.782108
2162,72.28351721832163,0.41284856,9.711568,-2.108521,-6.837645,1.8847854,9.915027
2163,72.31695085255767,0.3424774,10.658697,-3.088407,-6.897641,2.4442153,12.060448
2164,72.35038448679371,1.7741004,10.02769,-4.3552566,-7.3991423,3.5308254,11.261896
2165,72.38381812102976,1.9011018,7.047682,-5.0663805,-10.993583,2.7946181,11.604269
2166,72.4172517552658,-1.983891,6.938146,-3.6237707,-9.243679,1.7350309,12.053665
2167,72.45068538950184,-0.08629399,6.692417,-5.15933,-9.370469,1.5996376,12.891806
2168,72.48411902373788,2.0189538,8.864859,-3.7619364,-9.129416,2.9743414,13.252334
2169,72.51755265797392,-0.39037517,6.3875384,-5.1765676,-10.1081505,2.3532746,13.498565
2170,72.55098629220997,-0.70893544,5.155437,-6.457572,-10.398754,1.1989621,13.162463
2171,72.584419926446,-1.579982,6.266432,-6.0394645,-10.974782,0.121812075,13.186303
2172,72.61785356068205,-0.9674009,6.967195,-5.1310115,-8.7036915,0.88451475,15.087819
2173,72.65128719491808,-2.1890795,6.676708,-5.869647,-9.597089,0.26405126,13.507272
2174,72.68472082915413,-3.7479596,8.197872,-6.1549354,-10.188685,0.5147399,13.938967
2175,72.71815446339016,-2.5955837,8.962598,-4.593656,-8.739969,0.67188704,14.033534
2176,72.75158809762621,-1.963674,7.340387,-5.16176,-8.332934,0.981535,13.776088
2177,72.78502173186226,-1.990848,7.3846803,-6.5401206,-10.08607,2.5876892,15.21977
2178,72.81845536609829,-1.1797875,9.165797,-4.198529,-6.002402,0.87386096,11.754531
2179,72.85188900033434,-1.6973466,8.968797,-4.547557,-6.543066,0.64415723,13.839781
2180,72.88532263457037,-1.2170063,7.8907914,-5.617726,-8.324487,2.2295141,14.771851
2181,72.91875626880642,-2.6842682,6.435017,-7.257593,-12.491059,4.083431,14.970795
2182,72.95218990304247,1.1100084,6.521119,-5.4566693,-11.585154,3.1860821,13.2499075
2183,72.9856235372785,-0.47196007,9.083348,-4.872597,-11.959362,4.532412,14.343512
2184,73.01905717151455,-0.91660327,8.423839,-4.1712337,-10.04312,3.908997,14.035152
2185,73.05249080575058,-1.1920621,9.617851,-4.5915613,-11.974343,6.412683,13.642195
2186,73.08592443998663,-2.1374242,9.686072,-4.120321,-9.698827,4.9378295,15.368228
2187,73.11935807422267,-1.3065541,8.398154,-3.891315,-10.135117,4.782623,14.365797
2188,73.15279170845871,-2.3765845,8.209785,-3.3484087,-11.063308,6.591356,14.441962
2189,73.18622534269475,0.19018343,10.657951,-0.9168194,-8.243635,6.354668,11.519536
2190,73.21965897693079,0.56338376,7.8727922,-3.9794555,-10.944874,6.323186,11.494379
2191,73.25309261116684,0.6001454,9.118388,-0.58741444,-8.420499,5.549298,10.714128
2192,73.28652624540288,0.5304354,10.3575115,-2.2077599,-8.812983,5.7143373,11.959622
2193,73.31995987963892,1.7643636,13.43319,-0.9035624,-7.5518293,4.435701,12.29656
2194,73.35339351387496,-0.14933674,12.381532,-2.2736137,-8.287362,2.509059,14.50884
2195,73.386827148111,-2.2671292,12.211849,-2.883958,-9.707339,2.8674846,17.830343
2196,73.42026078234704,-1.2731239,12.712567,-1.7507691,-8.522489,2.744185,13.18496
2197,73.45369441658308,-2.5836413,10.882539,-2.8529696,-7.732541,1.5478429,13.26381
2198,73.48712805081912,0.019857537,7.6731806,-1.481542,-5.637087,1.401074,8.467187
2199,73.52056168505517,-0.52986455,7.7267494,-2.2530727,-5.363902,1.386491,9.508712
2200,73.5539953192912,-0.8367245,10.11412,-2.1447153,-8.031917,2.2577105,13.143384
2201,73.58742895352725,-1.4398613,9.76381,-2.4488785,-8.50362,2.5151248,13.746042
2202,73.62086258776328,-0.5889299,11.001965,-2.2815971,-5.3232083,1.5275826,12.218162
2203,73.65429622199933,-1.2247756,11.949937,-2.2304714,-4.037572,-0.21936457,14.424252
2204,73.68772985623538,-0.61532086,12.196822,-1.7587397,-7.3111925,0.5473252,14.126652
2205,73.72116349047141,0.7869477,12.862874,-2.0683258,-8.369354,3.0345027,12.492072
2206,73.75459712470746,-1.3825859,12.683322,-3.2994242,-9.234861,3.9973752,14.15332
2207,73.78803075894349,-1.5956495,12.47427,-2.8028991,-8.500467,2.844224,16.262428
2208,73.82146439317954,-0.8840601,12.926066,-2.4062703,-8.173196,3.247852,13.329236
2209,73.85489802741559,-1.8340428,10.685838,-2.968695,-8.924594,3.7943158,13.485956
2210,73.88833166165162,-2.8085783,10.5805025,-3.9118745,-7.8482323,2.9632638,13.488863
2211,73.92176529588767,-1.8639427,10.321745,-3.7185843,-8.851499,4.8185983,13.6425085
2212,73.9551989301237,0.6125285,6.4922566,-5.2889075,-10.91427,5.2329683,9.899402
2213,73.98863256435975,0.6354147,8.963854,-3.6431313,-10.08196,5.6592126,12.081936
2214,74.02206619859578,0.6605244,9.484511,-1.8387157,-8.853507,5.2839117,11.343215
2215,74.05549983283183,2.5197332,13.636785,-0.865485,-8.671669,6.5012994,12.869463
2216,74.08893346706787,-1.6114902,12.32982,-2.9986012,-10.424463,3.9295037,18.710478
2217,74.12236710130391,-0.8818161,12.54668,-2.2128336,-8.555649,3.5958788,15.981329
2218,74.15580073553996,-1.2324226,8.227028,-2.6007748,-9.5156145,2.3762784,16.096054
2219,74.18923436977599,-0.74998385,6.476463,-2.5802894,-8.186507,2.895365,13.414558
2220,74.22266800401204,-2.3751836,8.2010145,-1.3613933,-6.834932,3.1718316,12.216659
2221,74.25610163824808,-2.1016467,5.9611197,-3.0223215,-8.016947,1.958087,13.08696
2222,74.28953527248412,-1.0779074,8.012541,-2.4881039,-8.353479,2.399018,14.628653
2223,74.32296890672016,-0.11326553,10.445041,-1.6759115,-9.889182,4.84654,15.259188
2224,74.3564025409562,0.675632,10.650185,-2.3766124,-7.784235,3.3599794,14.020553
2225,74.38983617519224,0.60680693,12.928042,-0.2392387,-9.776099,5.8337007,14.939275
2226,74.42326980942829,0.95989823,12.936921,1.4261448,-8.685753,5.6301455,14.988055
2227,74.45670344366432,1.0066726,14.567865,-0.999766,-7.287186,4.6156034,16.329487
2228,74.49013707790037,1.8918854,13.280597,-0.20771928,-5.2144723,3.7106986,12.936496
2229,74.5235707121364,3.5533383,12.08948,-1.3719919,-5.030766,2.9390495,11.871373
2230,74.55700434637245,2.412381,11.851498,-0.99666315,-4.207881,3.795836,8.409001
2231,74.5904379806085,1.7765657,12.614155,-0.2154258,-5.914138,6.1098485,12.351566
2232,74.62387161484453,0.9248151,10.31261,-0.345045,-7.873141,6.0260634,12.342664
2233,74.65730524908058,1.0899708,6.846779,-4.6977367,-9.581986,6.073352,10.1462345
2234,74.69073888331661,0.54086584,8.320182,0.07572401,-6.2091823,5.0555263,8.674331
2235,74.72417251755266,0.33535677,9.01899,-2.96069,-7.9441333,5.572798,10.882133
2236,74.75760615178869,2.4013329,14.829257,0.087808914,-5.4159145,5.982763,12.213878
2237,74.79103978602474,0.3806087,14.678219,-1.083147,-7.4540496,6.4468374,12.669338
2238,74.82447342026079,1.5707631,8.842888,-1.5173888,-8.504329,4.610525,10.7182045
2239,74.85790705449682,-0.6504759,-0.94611347,-3.0127351,-5.5839067,2.8628094,2.4838805
2240,74.89134068873287,1.16382,3.151291,-5.579474,-10.398165,4.057824,10.286419
2241,74.9247743229689,2.5608935,2.681095,-4.4538093,-9.585026,3.0826735,9.196991
2242,74.95820795720495,0.95483273,3.0151157,-6.5057826,-11.853603,4.751248,11.755971
2243,74.991641591441,0.15678756,0.7432579,-5.8093605,-8.752881,3.2066357,6.9807053
2244,75.02507522567703,-1.3209548,6.9392323,-4.4690495,-11.240395,4.104776,13.848098
2245,75.05850885991308,0.5255721,6.3806543,-4.6014977,-10.486764,0.6534568,13.247643
2246,75.09194249414911,-0.9401303,4.368635,-5.636164,-10.84326,0.91665184,13.73676
2247,75.12537612838516,-2.5887337,2.9773521,-5.5682764,-10.099753,1.4882681,12.845206
2248,75.1588097626212,-2.9484134,3.7295322,-3.3125768,-7.854232,1.1290898,9.770717
2249,75.19224339685724,-3.3157568,3.1458123,-4.187891,-9.526731,0.42446947,12.164924
2250,75.22567703109328,-2.762979,3.632594,-3.9195166,-9.58011,0.57080805,12.184953
2251,75.25911066532932,-3.2742522,4.78023,-4.97765,-9.776249,2.2552302,11.186314
2252,75.29254429956536,-3.5991647,6.5043564,-3.8973289,-7.5184803,0.7188376,10.784911
2253,75.32597793380141,-2.6691875,4.8529987,-4.220375,-8.442717,2.0653956,11.087882
2254,75.35941156803744,-2.1163368,5.271867,-4.502289,-8.791754,1.7083753,10.830005
2255,75.39284520227349,-2.0020533,6.854781,-4.2270536,-9.180807,1.8923837,12.046462
2256,75.42627883650952,-1.0027876,5.7738986,-2.8249283,-7.547405,1.1306078,8.627843
2257,75.45971247074557,-0.66709876,6.991227,-3.032524,-6.4096107,0.6215897,8.160327
2258,75.4931461049816,-1.6982709,7.7588854,-4.7650056,-7.4729543,1.212715,10.975135
2259,75.52657973921765,-1.3778765,6.216456,-3.065031,-4.105058,1.9225135,7.1917214
2260,75.5600133734537,-1.687884,4.7906957,-3.0801904,-4.9557805,0.52806646,6.88943
2261,75.59344700768973,-1.6078832,8.194186,-4.764971,-7.286338,1.4845653,10.989767
2262,75.62688064192578,-1.2155383,5.9521294,-3.0950181,-4.510824,1.649515,9.566672
2263,75.66031427616181,-2.9697917,4.9761252,-3.9057708,-5.841823,0.5672024,8.343707
2264,75.69374791039786,-1.7977427,5.243337,-3.421843,-4.630612,1.7648972,8.591255
2265,75.72718154463391,-2.3919725,6.7041764,-2.8275974,-5.0042,2.1387997,8.341808
2266,75.76061517886994,-0.09970133,6.717158,-3.214807,-4.8757744,2.4428122,9.558246
2267,75.79404881310599,-1.6755373,7.518645,-4.5959926,-7.4331594,1.9964974,14.952182
2268,75.82748244734202,-1.4344897,4.315163,-5.7622824,-10.838905,1.0308002,12.438347
2269,75.86091608157807,-0.4934125,3.7651677,-6.1230335,-11.678871,0.86464506,12.924925
2270,75.89434971581412,-2.2718837,7.020863,-5.5033765,-10.507716,-0.18151884,13.593701
2271,75.92778335005015,-2.585226,7.042395,-5.7466173,-9.778949,0.1272426,12.396953
2272,75.9612169842862,-4.8188286,8.687015,-6.265552,-10.181523,1.2971025,12.906311
2273,75.99465061852223,-4.2950816,6.3721614,-5.586538,-6.44248,1.8182384,9.741841
2274,76.02808425275828,-5.4316134,8.039637,-6.8460054,-9.978769,1.4172372,12.912855
2275,76.06151788699431,-4.669073,7.9085655,-6.3272567,-11.275557,0.9196505,15.406601
2276,76.09495152123036,-3.165742,6.3771152,-6.365219,-11.742789,0.313468,14.883265
2277,76.1283851554664,-3.168165,3.385249,-5.5632687,-10.386252,1.308398,12.455619
2278,76.16181878970244,-3.833105,6.1500287,-4.0477004,-7.6009107,0.53663224,10.875227
2279,76.19525242393848,-2.464156,3.784197,-3.5550609,-7.2899675,0.60022223,10.065895
2280,76.22868605817452,-2.01452,4.7079334,-2.7926762,-7.1918635,1.2897122,11.047587
2281,76.26211969241056,-1.9591447,6.488855,-2.8813102,-8.007486,1.3941383,12.019272
2282,76.29555332664661,-3.0202248,7.4924736,-4.358327,-9.103038,1.4759169,12.735603
2283,76.32898696088265,-2.3345175,8.480402,-4.574556,-9.692513,0.98665166,13.554979
2284,76.36242059511869,-1.4389188,8.965208,-2.668356,-6.680058,0.04354658,13.826248
2285,76.39585422935473,-3.687623,9.191704,-5.058247,-9.150938,1.8958389,15.115738
2286,76.42928786359077,-2.9798899,7.326405,-5.7890615,-7.6215463,1.0514334,11.411833
2287,76.46272149782682,-1.9609973,4.9695344,-4.334538,-5.8909273,0.5377523,8.575212
2288,76.49615513206285,-3.457218,5.3489122,-5.213186,-7.1317472,1.2053074,9.899408
2289,76.5295887662989,-2.0759141,7.651039,-5.3994823,-7.4228115,0.3607984,12.703366
2290,76.56302240053493,-2.4763355,9.671051,-4.7046123,-7.1632204,1.5164154,12.866062
2291,76.59645603477098,-2.1319675,9.865612,-4.908217,-7.1478925,1.7939831,10.496751
2292,76.62988966900703,-2.503405,9.269593,-5.467531,-6.8494835,0.2581014,10.974642
2293,76.66332330324306,-2.515303,10.029661,-4.478053,-7.846751,0.8397628,11.546585
2294,76.69675693747911,-1.9508421,10.268446,-3.6036954,-8.239741,1.2569178,11.136172
2295,76.73019057171514,-1.4324553,11.863351,-3.769951,-6.888263,0.63365495,12.258288
2296,76.76362420595119,-2.5744858,10.7350645,-5.2807603,-6.086807,0.3471089,11.944136
2297,76.79705784018722,-3.000755,11.649435,-5.820165,-6.7527704,0.09450421,12.523817
2298,76.83049147442327,-3.3861074,9.827164,-4.6565967,-7.7035813,1.5506566,12.048169
2299,76.86392510865932,0.5773995,10.648288,-2.895082,-3.090852,2.2252982,10.578268
2300,76.89735874289535,-2.2142286,4.6918635,-6.1556334,-11.507324,2.236716,13.889879
2301,76.9307923771314,-2.0408883,3.6201618,-8.156251,-14.570968,2.4741096,14.857288
2302,76.96422601136743,-2.589513,5.570954,-5.7970586,-10.834616,1.8322852,13.362148
2303,76.99765964560348,-2.9391136,4.90792,-7.542487,-14.893838,3.0588086,14.762928
2304,77.03109327983952,-3.6086705,2.1171002,-8.884278,-14.07183,2.422055,13.652757
2305,77.06452691407556,-3.428325,2.714724,-6.8295403,-10.4394,1.2023398,11.036429
2306,77.0979605483116,-1.9062418,7.839036,-2.4589922,-8.880434,4.486809,12.312824
2307,77.13139418254764,-3.6227746,2.45473,-4.850806,-9.007592,0.7742842,10.824699
2308,77.16482781678368,-2.9851825,1.9562759,-5.348598,-9.475134,0.54956067,9.873224
2309,77.19826145101973,-3.9008486,7.9376874,-3.2541072,-10.9310255,6.542448,13.921827
2310,77.23169508525577,-2.1825314,1.9319223,-2.738339,-4.9219546,2.5724587,3.2384498
2311,77.26512871949181,-3.8893669,3.9029121,-7.043634,-9.553657,1.4365016,10.936171
2312,77.29856235372785,-3.1663997,4.81827,-5.2170568,-8.779551,1.5609269,11.024854
2313,77.3319959879639,-5.5621204,1.2110163,-8.613331,-13.588671,1.8799342,11.882603
2314,77.36542962219993,-1.7268822,6.1142864,-1.692176,-4.5931067,0.4527179,9.525921
2315,77.39886325643597,-3.2635489,4.632216,-2.813374,-6.77916,1.3327048,9.902802
2316,77.43229689067202,-2.4566572,6.227772,-1.5020294,-5.143477,1.1138759,7.2529287
2317,77.46573052490805,-2.6178515,3.678196,-4.2391515,-8.777298,1.8926313,12.020986
2318,77.4991641591441,-3.5146587,3.6180909,-5.9179764,-9.425111,2.0485828,11.3878565
2319,77.53259779338013,-4.2482777,3.6525269,-7.363416,-11.65373,2.0665567,12.773992
2320,77.56603142761618,-3.2633865,1.9605751,-7.5555882,-12.436103,2.4011135,12.829309
2321,77.59946506185223,-3.8786855,8.474191,-3.1706955,-8.629774,4.4294386,11.986623
2322,77.63289869608826,-2.3142157,5.86988,-3.8377244,-9.37133,5.031233,11.005933
2323,77.66633233032431,-2.7503593,4.0160604,-4.1138678,-9.569649,2.2223494,12.236236
2324,77.69976596456034,-3.9329743,3.0473607,-5.145466,-10.35525,2.0979497,11.016427
2325,77.73319959879639,-1.2658516,5.801718,-2.38595,-6.027716,1.4650509,8.944709
2326,77.76663323303244,-2.645497,3.2853005,-3.6580029,-10.226211,4.562136,12.007467
2327,77.80006686726847,-2.528397,3.239896,-3.9002874,-7.934994,3.3498468,10.298474
2328,77.83350050150452,-2.3071458,5.1626563,-2.6668916,-6.611855,1.9938534,10.040325
2329,77.86693413574055,-1.1675309,8.466528,-0.30511528,-6.2143145,6.3679285,8.317095
2330,77.9003677699766,-1.2463154,7.2798624,-1.3249375,-6.1868834,3.9900649,8.053489
2331,77.93380140421264,-3.7909222,4.962472,-5.1147065,-10.2535095,5.558395,13.627324
2332,77.96723503844868,-1.8288504,6.3398557,-5.101754,-12.217959,5.5929103,15.432914
2333,78.00066867268472,-0.1083109,5.349422,-5.7355986,-13.482311,5.144549,13.939281
2334,78.03410230692076,-0.685597,8.346292,-3.7684414,-9.559575,4.1099296,14.515258
2335,78.0675359411568,-0.93846273,9.669641,-3.9264297,-10.272634,6.253345,14.51705
2336,78.10096957539284,-2.8723497,8.022919,-4.516055,-12.21682,6.3690286,15.684578
2337,78.13440320962889,-2.2210157,4.253478,-5.896959,-12.605041,5.9311786,13.347894
2338,78.16783684386493,-2.0521822,8.833513,-0.34987554,-7.3557606,5.61128,11.870764
2339,78.20127047810097,-1.2349555,8.906443,-0.5942481,-7.872825,4.091899,12.131714
2340,78.23470411233701,-3.0166273,6.200642,-3.1691318,-9.746021,2.9977791,14.914497
2341,78.26813774657305,-3.2486312,3.6434486,-4.682529,-10.072936,3.7461054,11.645788
2342,78.3015713808091,-1.7295994,8.025471,-0.9712894,-4.037848,1.6550612,7.325245
2343,78.33500501504514,-2.330232,4.366982,-2.8576272,-8.81313,3.6621132,11.331011
2344,78.36843864928117,-1.2669816,7.6751194,-1.0070236,-4.5714808,0.021621268,10.14948
2345,78.40187228351722,-1.9206231,4.427496,-2.9083729,-7.5898623,3.1506844,10.1564665
2346,78.43530591775325,-0.0625203,8.463238,-0.6398098,-6.946082,4.70287,9.58342
2347,78.4687395519893,-2.2176955,6.170327,-1.3716166,-6.2504444,4.289777,6.81614
2348,78.50217318622535,-3.2523549,5.4142804,-3.9858637,-9.707652,6.399088,12.903465
2349,78.53560682046138,-1.0990735,7.239874,-3.9851797,-11.941051,6.6276,14.014655
2350,78.56904045469743,0.3863426,2.4667706,-5.058162,-12.898491,4.657472,11.875877
2351,78.60247408893346,0.3577026,5.6112313,-4.7948723,-11.419487,4.3670034,13.335923
2352,78.63590772316951,1.8493319,6.9184747,-5.2018294,-7.4493246,3.6393387,11.444823
2353,78.66934135740556,0.84215915,8.8779545,-4.2588987,-8.717383,1.7688938,13.709293
2354,78.70277499164159,-0.10661902,6.2351675,-5.5054603,-10.416843,1.3054794,14.16816
2355,78.73620862587764,0.18898502,4.5650225,-5.2383585,-8.106509,1.6662937,10.622751
2356,78.76964226011367,-0.99702656,6.186812,-4.444408,-8.467294,-0.21703847,12.256813
2357,78.80307589434972,-0.2326158,6.285608,-4.6826243,-9.428999,1.1954032,13.23557
2358,78.83650952858575,1.3886759,10.291305,-2.284322,-7.6314716,1.3626426,14.83603
2359,78.8699431628218,-0.30462995,7.443281,-3.0523224,-7.259663,0.21227469,14.559808
2360,78.90337679705785,-0.91361487,5.6009974,-2.2360349,-6.1752625,0.27736083,11.71364
2361,78.93681043129388,-0.7302524,6.4207897,-2.4511206,-8.10183,0.7405928,14.923864
2362,78.97024406552993,-1.755951,6.5081844,-2.75949,-8.223795,0.5467132,14.734177
2363,79.00367769976596,-2.3981829,8.581973,-3.7436175,-8.578531,1.0674723,14.51664
2364,79.037111334002,-0.6101653,10.960794,-2.6365316,-8.18219,0.752503,16.921625
2365,79.07054496823805,-2.0645416,9.238355,-3.8286674,-8.410343,2.1161366,16.547136
2366,79.10397860247409,-0.24363817,7.4188023,-5.4959307,-9.812446,0.28045645,15.41872
2367,79.13741223671013,-0.72603214,8.3271885,-5.328356,-10.3045025,3.1350913,14.466801
2368,79.17084587094617,-2.5546849,8.875953,-5.216264,-8.612345,0.18135487,14.1580105
2369,79.20427950518221,1.3673458,10.789964,-4.4950066,-6.446922,1.0787815,11.91978
2370,79.23771313941826,-1.3153497,10.824119,-4.1181626,-5.512298,1.4463522,11.495416
2371,79.2711467736543,-1.2698823,10.007271,-3.6239133,-6.6387124,0.8211802,11.021079
2372,79.30458040789034,-1.3460659,10.691215,-3.6450531,-7.303471,1.6521719,13.193361
2373,79.33801404212637,-1.4310416,11.420286,-5.9857597,-7.432121,1.5576748,16.685951
2374,79.37144767636242,-1.1716515,10.96578,-6.1337185,-8.862773,2.3709,18.694534
2375,79.40488131059846,-1.7934132,7.6891212,-5.2845664,-7.576966,0.2980825,13.954427
2376,79.4383149448345,-3.071562,6.211108,-3.8588135,-6.2008224,0.42304847,10.580381
2377,79.47174857907055,-2.2526045,5.603185,-3.3480756,-5.34258,0.33686596,9.882682
2378,79.50518221330658,-1.2344413,6.829645,-2.3893723,-4.596626,-0.5800573,10.532323
2379,79.53861584754263,-0.9538783,8.285536,-3.4924564,-6.336381,-0.6792304,12.100231
2380,79.57204948177866,-1.8178369,8.020453,-3.9596202,-5.675019,-0.99152684,11.33791
2381,79.60548311601471,-2.0340188,7.31361,-4.8870106,-6.544501,0.9868721,14.419705
2382,79.63891675025076,-3.1771977,5.424783,-4.4736986,-7.7509117,0.54283595,12.301842
2383,79.67235038448679,-2.370926,6.685143,-3.1548426,-5.6522512,-0.29407024,10.35482
2384,79.70578401872284,-1.2839497,7.2813134,-3.942306,-5.7748017,0.5626973,13.190224
2385,79.73921765295887,-2.9920352,9.68977,-4.872008,-7.0204463,0.48883402,15.322552
2386,79.77265128719492,-1.9216843,8.863618,-4.7392187,-7.6855383,0.65138996,15.752097
2387,79.80608492143097,-1.1579839,10.058518,-3.9672093,-6.929287,0.58378404,18.117746
2388,79.839518555667,-1.9269603,8.62015,-5.7382383,-9.730324,0.75309604,16.994314
2389,79.87295218990305,-1.0431815,7.97547,-4.002902,-8.546154,1.7710471,16.254488
2390,79.90638582413908,-2.418392,5.6223636,-3.3151293,-8.212103,0.6458609,12.360553
2391,79.93981945837513,-1.6665312,6.39142,-2.235696,-6.196571,0.5824769,11.258877
2392,79.97325309261117,-2.6438844,7.091267,-3.4408362,-7.5273128,1.543247,14.467271
2393,80.0066867268472,-1.9967628,10.369809,-3.2700863,-8.727869,2.5504384,17.963715
2394,80.04012036108325,-1.3662478,11.729703,-2.9767492,-8.64924,2.459767,19.266172
2395,80.07355399531929,-1.303608,11.749797,-3.445092,-8.123094,2.0641274,18.616823
2396,80.10698762955533,-0.38611668,11.594435,-2.2026377,-7.45741,-0.43649337,19.630507
2397,80.14042126379137,-1.90798,10.094467,-5.1008925,-5.971135,1.4576995,17.10912
2398,80.17385489802741,-1.2220781,6.3619814,-6.193023,-10.285289,1.6491417,14.343982
2399,80.20728853226346,-0.80071676,5.3750916,-6.8752193,-12.8646755,2.6075723,14.681319
2400,80.2407221664995,-1.9383354,5.7325525,-4.3466763,-10.531432,0.9445568,14.050154
2401,80.27415580073554,-1.1846048,6.0819836,-5.351165,-10.68805,1.7238188,14.574609
2402,80.30758943497158,-1.1155438,7.960748,-4.9687705,-11.205803,0.40449095,15.003625
2403,80.34102306920762,-1.6002641,5.584558,-4.9863324,-9.461581,1.0609466,13.581455
2404,80.37445670344367,-2.4661508,5.3840475,-2.9543624,-6.760827,0.12248076,10.452002
2405,80.4078903376797,-3.300407,4.8683515,-4.115983,-9.5342045,0.117434174,14.048283
2406,80.44132397191575,-2.582107,4.959312,-3.7965944,-8.347601,0.29732743,12.852443
2407,80.47475760615178,-1.269247,7.828749,-4.9285836,-8.27542,0.61845154,14.246476
2408,80.50819124038783,-1.1068271,9.336265,-4.3247957,-9.532568,1.5051494,14.688372
2409,80.54162487462388,-1.3758771,8.433612,-4.9633636,-7.856957,2.5155923,13.181428
2410,80.57505850885991,-0.8225744,5.0917335,-6.1276536,-9.732893,2.1824207,12.6799965
2411,80.60849214309596,-1.1153616,6.389088,-6.8464737,-12.862247,3.306715,15.454814
2412,80.64192577733199,-1.8985708,6.6037464,-4.4952536,-9.374473,1.3712711,13.344676
2413,80.67535941156804,-1.8704245,7.430467,-6.1170645,-11.219582,2.4846997,15.720107
2414,80.70879304580409,-1.7515384,9.659867,-6.485319,-12.216013,2.5683565,16.576921
2415,80.74222668004012,-0.8785137,9.2925625,-4.91096,-10.59788,1.9199922,15.973433
2416,80.77566031427617,-2.0836055,4.521111,-5.9709253,-10.21576,1.3668921,11.966191
2417,80.8090939485122,-2.1646023,6.0779605,-3.1491528,-7.523446,1.7338673,11.287258
2418,80.84252758274825,-2.2443147,5.0364795,-4.048303,-9.478147,2.024463,12.083201
2419,80.87596121698428,-2.8965833,4.896137,-4.7158175,-9.79171,2.3874588,12.346163
2420,80.90939485122033,-1.7721703,4.861895,-3.3816974,-6.621769,2.5721831,9.494036
2421,80.94282848545637,-1.6568573,5.2182937,-3.4617999,-9.122068,3.426681,12.597968
2422,80.97626211969241,-2.796694,7.9187055,-5.1403947,-11.1804,3.394559,17.060621
2423,81.00969575392845,-1.2956564,6.7100496,-4.3861175,-10.532029,2.550473,15.35072
2424,81.04312938816449,-0.55336475,9.946665,-0.71165264,-8.426764,4.7235637,12.728796
2425,81.07656302240053,-1.4210563,6.654855,-2.7543306,-7.3620887,3.0047526,9.495179
2426,81.10999665663658,-1.916319,5.436066,-3.7648005,-8.268791,2.4677017,13.190576
2427,81.14343029087262,-0.8304924,6.3912773,-3.6296287,-8.359325,2.311272,13.481139
2428,81.17686392510866,-0.54245555,10.719876,-2.3893676,-10.148825,4.534325,16.872263
2429,81.2102975593447,-0.07103325,9.484059,-3.2011886,-10.156836,5.0602365,14.720888
2430,81.24373119358074,-0.50993276,6.6793423,-5.409669,-11.71247,5.6977887,12.847519
2431,81.27716482781679,-0.5906446,8.969001,-3.0665836,-8.993871,3.3650706,12.221046
2432,81.31059846205282,-0.37526968,9.790695,-3.9372954,-9.806444,4.1086287,13.836749
2433,81.34403209628887,0.9414214,7.6470165,-2.5306945,-9.312768,3.3990607,11.660718
2434,81.3774657305249,2.2273858,8.313101,-2.8460486,-10.993964,5.388672,14.977612
2435,81.41089936476095,3.4818,11.346887,-3.312472,-9.652287,6.1537337,14.72287
2436,81.44433299899698,0.6977802,11.273257,-3.1561556,-9.815757,6.282262,15.129778
2437,81.47776663323303,1.2316872,9.672657,-2.1872678,-9.57847,5.2532606,12.1839695
2438,81.51120026746908,-0.055790994,3.7693803,-5.7770667,-10.821445,6.8253226,9.973855
2439,81.54463390170511,-1.0108508,-1.0797095,-3.4298706,-6.310092,3.3625357,2.9126513
2440,81.57806753594116,-0.1322707,4.577553,-5.193416,-10.618584,5.5867286,11.400571
2441,81.61150117017719,1.1124376,7.657104,-2.2668042,-7.414663,2.0643456,11.815342
2442,81.64493480441324,0.9067538,10.272412,-2.5360167,-8.450548,-0.24648851,12.728358
2443,81.67836843864929,-0.61522365,8.277804,-3.2727668,-8.87461,-0.10099679,13.312845
2444,81.71180207288532,0.12893395,8.651726,-3.4163735,-6.825333,-0.0025173842,11.4341345
2445,81.74523570712137,3.0095036,10.331225,-3.0398293,-7.879078,1.9343294,12.568851
2446,81.7786693413574,2.0783463,8.725881,-3.8814282,-8.225674,2.8657126,12.129331
2447,81.81210297559345,-1.7878786,8.579945,-4.5464506,-8.419097,2.1501927,10.804687
2448,81.8455366098295,-3.7403722,7.899536,-3.5085857,-7.5257034,0.68755186,9.956118
2449,81.87897024406553,-3.5750546,9.185049,-5.4600053,-9.056645,1.757274,12.389756
2450,81.91240387830157,-2.352627,10.02904,-3.1516042,-9.160677,-0.07523427,13.412786
2451,81.94583751253761,-2.6445613,9.72394,-4.901451,-8.387465,-0.5389959,10.745756
2452,81.97927114677366,-4.397919,5.0143857,-5.3966475,-5.35532,-1.7058258,6.5953445
2453,82.0127047810097,-4.9236364,8.452438,-5.4064183,-6.7348557,-0.57070607,11.162032
2454,82.04613841524574,-4.0288305,8.893019,-3.7608156,-7.2289667,-0.20419674,10.677424
2455,82.07957204948178,-2.565054,7.5885687,-3.9481373,-5.9221225,-0.35567194,9.53229
2456,82.11300568371782,-5.42742,6.3188834,-3.3514802,-4.84645,-1.5767107,9.695185
2457,82.14643931795386,-3.2051523,8.615498,-0.20029782,-3.3546782,-0.682015,8.331839
2458,82.1798729521899,-3.9814358,9.449978,-3.3704484,-6.762383,0.11729187,12.485541
2459,82.21330658642594,-2.4883363,10.222372,-5.0051684,-10.253577,1.2481334,14.480615
2460,82.24674022066199,0.20319682,10.079886,-2.6042678,-9.076044,1.4883977,13.528447
2461,82.28017385489802,0.6474187,11.899689,-2.0537844,-10.377906,3.9242053,16.597277
2462,82.31360748913407,1.2364029,12.192031,-4.142641,-8.8027525,3.3365877,16.669043
2463,82.3470411233701,0.22112875,12.657743,-3.859988,-7.398132,2.0309203,15.686515
2464,82.38047475760615,-1.9964668,11.668311,-5.437245,-8.290295,2.1575694,16.120535
2465,82.4139083918422,-3.4649456,10.676704,-6.0994277,-7.4338527,0.31850764,14.1347275
2466,82.44734202607823,-4.7608933,9.365963,-7.0063176,-7.5614023,0.1896375,12.484863
2467,82.48077566031428,-5.0765753,7.6610246,-5.753861,-6.024553,-0.9107885,13.237822
2468,82.51420929455031,-4.5761075,10.211285,-6.543216,-7.902169,2.1325672,14.294805
2469,82.54764292878636,-1.8905504,8.670596,-5.7809434,-9.906057,2.2830749,13.19809
2470,82.5810765630224,-0.60387456,4.9846206,-6.9682126,-10.721569,3.2462702,10.90432
2471,82.61451019725844,-1.4348962,6.6913824,-4.57842,-8.7926445,1.5375626,11.942631
2472,82.64794383149449,1.1664972,6.8558955,-3.3626962,-9.999958,4.207938,11.932716
2473,82.68137746573052,2.2865,8.073774,-3.3051417,-10.5990095,4.6191,14.078759
2474,82.71481109996657,1.0963924,9.582206,-3.0060363,-10.280149,5.5418954,13.7437
2475,82.74824473420261,-0.64594656,9.902286,-3.901364,-9.044647,3.266839,14.36319
2476,82.78167836843865,-0.9632423,10.473277,-2.6051166,-11.213511,5.8557506,15.016227
2477,82.8151120026747,-0.9880938,8.433869,-2.930395,-9.626949,4.325525,12.396866
2478,82.84854563691073,0.8332251,10.326129,-3.7655675,-8.361201,6.420088,11.588714
2479,82.88197927114678,0.7956069,5.8055367,-5.2008853,-10.399882,7.372053,10.323251
2480,82.91541290538281,2.5532737,11.642401,-0.6479411,-5.6644835,2.3294773,12.034614
2481,82.94884653961886,3.5617793,11.501273,-1.4849324,-6.4067316,1.9461404,15.120815
2482,82.9822801738549,-0.034967165,7.7648406,-4.942452,-11.329939,4.680742,13.832582
2483,83.01571380809094,3.6657484,9.986789,-3.5807192,-8.982089,4.110399,10.91214
2484,83.04914744232698,1.6321744,8.054299,-4.312254,-9.409504,3.6054673,11.627514
2485,83.08258107656302,2.27223,8.219849,-3.183781,-8.339156,2.038369,12.188732
2486,83.11601471079906,1.0477623,7.068201,-5.6051793,-10.720556,6.8565044,11.031774
2487,83.14944834503511,1.1115185,5.088775,-1.9456915,-6.1335015,11.666529,7.61696
2488,83.18288197927114,0.13050774,1.9474566,-5.85595,-9.207877,8.538146,7.5844207
2489,83.21631561350719,1.7528683,1.9076633,-1.1382582,-3.7676678,7.9924226,3.1674528
2490,83.24974924774322,-0.45862055,-0.72343755,-4.0354314,-5.161743,3.7598426,2.4882138
2491,83.28318288197927,0.57567894,4.500043,-5.01481,-9.335619,6.3487024,10.774566
2492,83.31661651621532,0.11860621,6.44457,-3.7252872,-8.441022,5.7599277,12.218488
2493,83.35005015045135,-0.39129564,6.850772,-2.3986309,-8.2389765,5.984047,10.570877
2494,83.3834837846874,-1.5384984,4.2719874,-5.579993,-12.693988,5.650371,14.2463
2495,83.41691741892343,-3.8024979,5.0978966,-3.9808962,-11.446056,5.1903386,14.05098
2496,83.45035105315948,-3.8785,5.3733582,-3.2427268,-8.590144,3.1295464,10.408469
2497,83.48378468739551,-2.6901004,3.7976108,-4.25558,-10.836075,3.4523892,13.299569
2498,83.51721832163156,-3.6218274,4.0719333,-4.600572,-10.570277,3.0447197,12.507127
2499,83.55065195586761,-2.8355086,5.21454,-2.3838816,-6.7941623,3.665111,8.288691
2500,83.58408559010364,-2.122812,4.158144,-2.8831882,-9.214528,3.1184967,12.329331
2501,83.61751922433969,-2.02225,4.257336,-3.2262616,-7.2123795,3.299695,9.984389
2502,83.65095285857572,-2.916679,4.115828,-3.8259072,-7.897301,2.0299406,9.787199
2503,83.68438649281177,-1.431612,7.422549,-0.6042248,-6.492158,5.532061,7.268972
2504,83.71782012704782,-4.4985747,4.7457223,-4.0716357,-6.7267947,1.6383914,8.140269
2505,83.75125376128385,-3.3086104,4.8340316,-4.0381618,-9.89372,6.611354,13.314537
2506,83.7846873955199,-0.78105116,5.175447,-4.516365,-10.976353,6.915615,13.220862
2507,83.81812102975593,0.42773134,5.5419354,-4.238402,-9.413959,6.789622,11.43585
2508,83.85155466399198,2.090682,8.175583,-2.503073,-8.499465,4.841504,12.24052
2509,83.88498829822802,2.3782835,8.717686,-2.7717369,-9.413066,5.9962387,14.078069
2510,83.91842193246406,3.1245375,11.702084,-1.0308331,-7.8447847,5.3791924,11.415372
2511,83.9518555667001,-0.35147488,10.663303,-1.4090676,-7.737561,4.4903116,12.208162
2512,83.98528920093614,1.5414973,9.0919895,-2.0079796,-7.9392953,6.026579,11.9753475
2513,84.01872283517218,0.7540051,2.7020674,-5.8125644,-9.424122,6.8642755,8.216163
2514,84.05215646940823,0.7045076,0.79699606,-4.4043326,-6.038843,4.798841,5.7184997
2515,84.08559010364426,0.6043293,5.855906,-4.7296314,-9.174606,4.5828924,11.311474
2516,84.11902373788031,1.1910038,2.8448656,-2.1186244,-4.6269164,2.6276846,4.40575
2517,84.15245737211634,-3.0349329,7.063993,-3.472829,-5.921772,-0.30266047,8.44201
2518,84.18589100635239,2.867613,2.6336572,-0.38319933,-2.746242,0.49610594,2.82197
2519,84.21932464058843,0.082217254,8.416844,-3.7745075,-9.974451,0.6955312,14.230282
2520,84.25275827482447,0.57843393,8.886527,-2.1171978,-3.298807,2.0841386,11.275059
2521,84.28619190906052,-2.698181,6.5920186,-2.2536042,-6.3255606,1.8237392,9.735009
2522,84.31962554329655,-0.42980766,4.9193163,-3.3923068,-8.066715,1.1101388,11.564336
2523,84.3530591775326,1.0124098,4.0606227,-2.0613005,-3.6777637,2.3184125,7.423669
2524,84.38649281176863,-0.19107082,2.936464,-3.872105,-5.2900596,2.2683723,8.504626
2525,84.41992644600468,0.35540602,6.306098,-4.917077,-10.163481,0.077294014,14.421904
2526,84.45336008024073,0.35031617,3.483188,-5.114493,-7.2961297,-0.04008984,9.335746
2527,84.48679371447676,-1.6977092,6.8866887,-4.1784043,-9.203593,-0.42568657,13.90335
2528,84.52022734871281,1.435588,8.321892,-2.58277,-7.2135053,1.080069,14.243427
2529,84.55366098294884,1.605053,10.674053,-3.2097433,-8.30321,-0.13984577,17.612558
2530,84.58709461718489,2.7688897,12.063013,-2.0667152,-5.979566,0.3191111,15.135428
2531,84.62052825142094,0.89022607,11.549468,-1.4104755,-5.9637084,-0.45170128,14.346433
2532,84.65396188565697,-1.1584729,12.592256,-3.3011515,-7.003173,0.99437106,14.375329
2533,84.68739551989302,-2.0612032,11.014086,-4.006186,-6.5408106,0.9531476,13.16165
2534,84.72082915412905,-1.4334402,10.166131,-2.1245263,-4.3696322,1.2352015,11.026486
2535,84.7542627883651,0.28238848,10.482501,-2.3283403,-4.822285,0.9712903,11.658111
2536,84.78769642260114,-1.02205,6.9759264,-1.4189669,-3.9609709,0.051346935,8.526651
2537,84.82113005683718,-1.8393786,8.749985,-2.1157224,-4.831948,-1.0932753,10.47125
2538,84.85456369107322,2.112961,11.5114565,-0.89066154,-4.601912,1.2217277,13.088377
2539,84.88799732530926,2.0606277,9.939004,-3.1784334,-7.1067505,-0.37723356,14.269586
2540,84.9214309595453,0.5483462,8.20551,-3.3202782,-6.169264,0.10319068,11.187503
2541,84.95486459378134,-2.1121097,10.254717,-5.175213,-9.301924,2.197329,12.678387
2542,84.98829822801738,-1.2616748,8.061815,-5.614803,-9.28911,3.1993818,11.036725
2543,85.02173186225343,-2.0549452,7.9102826,-4.4539604,-7.988311,2.4537091,9.791293
2544,85.05516549648947,-1.9426273,8.853866,-4.3785186,-7.183823,3.3020742,9.113846
2545,85.08859913072551,-3.0880697,4.9459596,-3.1701035,-5.875384,0.82183754,6.647467
2546,85.12203276496155,-1.7933853,7.6706963,-2.6132066,-4.641416,-0.42077154,9.440706
2547,85.15546639919759,-2.565893,8.103317,-4.356371,-7.3900566,2.1258743,10.03789
2548,85.18890003343364,-2.687961,6.6877103,-3.7621653,-7.7339687,3.928159,9.72418
2549,85.22233366766967,-2.871206,8.025329,-4.0117235,-7.183409,1.3081986,11.099666
2550,85.25576730190572,-2.402101,9.578348,-4.800048,-8.217501,0.45414567,12.133952
2551,85.28920093614175,-1.423964,10.036882,-4.7970343,-8.866017,1.1529495,14.659727
2552,85.3226345703778,-1.0727957,7.6332026,-4.8661995,-5.9758024,0.083180256,11.673096
2553,85.35606820461385,-0.90076417,8.744077,-4.2972503,-4.8183846,-1.7462467,10.594981
2554,85.38950183884988,-0.7172087,9.160399,-2.8973198,-5.75509,-1.1976317,13.316525
2555,85.42293547308593,-0.0036634011,9.629207,-4.319137,-8.755958,-0.9390802,15.247504
2556,85.45636910732196,0.73828435,9.927259,-3.9070292,-6.273688,-2.7769241,13.956444
2557,85.48980274155801,-1.272882,6.110714,-2.9936626,-2.5946813,-2.5678036,6.495565
2558,85.52323637579404,-1.2874159,10.353453,-4.681834,-6.1603293,-2.38474,12.666811
2559,85.55667001003009,-2.1067984,6.720267,-5.3898554,-5.631728,-2.1549683,10.3691
2560,85.59010364426614,-0.6472948,10.427661,-2.7447753,-5.3280854,-3.2894816,14.425253
2561,85.62353727850217,-0.6170118,9.385508,-2.98644,-5.5503345,-2.7947817,15.603423
2562,85.65697091273822,-0.39727396,10.698686,-2.848291,-3.149244,-2.638485,14.039738
2563,85.69040454697425,-1.3116754,9.079166,-4.035319,-5.2475343,-1.8650179,14.460344
2564,85.7238381812103,-1.2137829,9.92901,-3.501429,-6.6742296,-0.9816314,15.177787
2565,85.75727181544634,-0.23489968,10.657759,-2.7780561,-6.887864,-1.5145279,17.424494
2566,85.79070544968238,-0.73777694,10.80974,-4.4918184,-7.2227197,-0.81484413,13.954453
2567,85.82413908391842,1.852398,10.313972,-2.771442,-6.504858,-0.054136246,12.12871
2568,85.85757271815446,1.204281,12.249607,-0.32400987,-3.140517,-0.70241165,11.7690525
2569,85.8910063523905,0.24637492,11.968042,-2.6112742,-5.6355543,0.45006883,14.014944
2570,85.92443998662655,-1.8725419,11.766686,-3.624,-8.024207,0.9964252,16.183113
2571,85.95787362086259,-0.1778731,13.592684,-2.6415894,-7.8991637,1.2873045,16.872744
2572,85.99130725509863,-0.5325178,11.750612,-3.359145,-7.416186,3.4361303,15.092779
2573,86.02474088933467,-0.1531212,8.458128,-5.599273,-9.311311,1.2332985,14.379529
2574,86.05817452357071,0.099333145,5.5463605,-6.77668,-10.332487,1.8995984,12.299854
2575,86.09160815780676,-1.1328758,7.1362977,-4.591792,-8.636086,0.2873359,13.534593
2576,86.1250417920428,0.662997,8.925818,-3.601479,-7.4335237,0.69150573,14.900924
2577,86.15847542627884,0.82673776,11.415227,-3.7753036,-7.9133525,-0.2987506,17.203701
2578,86.19190906051487,-1.0643152,11.261412,-4.7793374,-8.399367,-0.14957422,15.913705
2579,86.22534269475092,-1.6563133,13.041285,-3.5193143,-8.257942,-1.0638247,18.389923
2580,86.25877632898695,-0.7471357,12.885237,-2.8328276,-7.738488,-1.1309233,19.17318
2581,86.292209963223,-0.012469845,13.588688,-0.73770493,-5.321949,-1.6283343,20.183208
2582,86.32564359745905,-0.7662243,11.073733,-1.8290585,-6.733152,-1.9181257,20.030684
2583,86.35907723169508,0.667906,9.160248,-3.1300006,-8.945998,-1.4417266,16.060411
2584,86.39251086593113,0.6322329,10.5845995,-3.1310277,-5.7906957,-0.5233485,15.075343
2585,86.42594450016716,0.93845934,11.877466,-2.7425053,-5.8830237,-0.60774976,16.805954
2586,86.45937813440321,1.0647666,12.242641,-3.6586468,-6.808048,-0.104612604,17.492079
2587,86.49281176863926,-0.93501097,11.875908,-4.2425227,-6.919132,0.5506497,13.98727
2588,86.52624540287529,0.17656988,10.507908,-1.6265632,-3.6566474,-0.81351656,10.414505
2589,86.55967903711134,-0.71309745,11.081068,-2.1795344,-4.34052,-0.858781,11.666556
2590,86.59311267134737,1.6441362,12.00777,-0.93227327,-5.388163,-0.85249966,16.306877
2591,86.62654630558342,-0.14219531,11.101371,-3.7205086,-7.721829,-0.3542595,13.262946
2592,86.65997993981946,0.58025914,12.602517,-1.4125835,-4.8015313,-1.4339801,17.30089
2593,86.6934135740555,0.15632881,12.598897,-1.2037424,-4.302765,-0.63344556,14.215744
2594,86.72684720829155,-0.09990152,12.24958,-1.1660961,-5.8190317,-2.2400985,14.025704
2595,86.76028084252758,-1.0169212,11.078234,-4.3636026,-5.583317,0.52836823,13.149858
2596,86.79371447676363,-1.2670552,10.751258,-4.029689,-4.0373445,1.4220762,11.062022
2597,86.82714811099966,-2.783746,10.685335,-5.6649146,-5.874931,1.7402129,12.5097
2598,86.8605817452357,-3.0541356,11.491618,-5.066896,-7.1165943,1.1374234,13.682951
2599,86.89401537947175,-0.84294707,10.170824,-4.971889,-9.531216,-0.31325522,13.146938
2600,86.92744901370779,0.44649246,10.745722,-1.2145604,-4.762132,0.3308688,9.823258
2601,86.96088264794383,0.90692705,12.67419,-1.5577459,-4.521201,0.016230395,12.081936
2602,86.99431628217987,-0.27077052,9.716066,-2.7264657,-3.1816344,1.076498,10.540855
2603,87.02774991641591,-3.5049388,7.935093,-4.4519105,-5.590699,-0.07389136,9.325818
2604,87.06118355065196,-3.1043825,8.555888,-2.9226868,-3.321334,-0.1131626,8.358113
2605,87.094617184888,-3.2639432,9.577024,-4.2528515,-4.6167464,0.08314696,10.909255
2606,87.12805081912404,-1.2204674,11.30496,-4.157957,-5.5825005,0.072321944,13.522625
2607,87.16148445336007,-1.1744986,7.494971,-3.3702617,-3.3375232,1.8044703,9.263954
2608,87.19491808759612,-2.7415354,6.419226,-1.7001312,-2.0950837,-0.50045186,7.389927
2609,87.22835172183217,-1.5093379,6.5866446,-3.5833101,-4.1466975,2.4565554,8.986861
2610,87.2617853560682,-1.9385582,6.616282,-2.394448,-4.0088477,1.1734514,8.564123
2611,87.29521899030425,0.62888175,6.8201756,-1.1394454,-1.6143273,1.5704618,5.480847
2612,87.32865262454028,0.49653482,7.4437685,-0.6291595,-1.1831872,1.230222,6.306204
2613,87.36208625877633,-0.40444562,6.089992,-2.6050692,-3.70429,2.8830848,7.6152983
2614,87.39551989301238,-1.6342115,7.1534944,-2.1264415,-3.0131238,0.19872929,6.8260465
2615,87.42895352724841,-0.7839324,5.1559176,-2.5885057,-3.5686498,2.1110954,7.760569
2616,87.46238716148446,-1.1328702,4.414617,-2.6164742,-3.2617664,1.3038486,6.9902883
2617,87.49582079572049,-3.344405,8.757028,-2.4726431,-4.4793334,0.23422159,9.863656
2618,87.52925442995654,-1.0570768,5.526369,-1.9361706,-2.8708177,1.619785,7.8784776
2619,87.56268806419257,-0.7391677,6.3836784,-2.2591429,-3.4711833,2.1224189,7.9064794
2620,87.59612169842862,-0.17124106,7.3981028,-2.7909145,-4.2075567,2.135309,9.808175
2621,87.62955533266467,0.8747437,7.062606,-2.3647978,-2.3438237,1.6857179,8.426231
2622,87.6629889669007,0.17424364,10.2966385,-2.8623524,-2.5029035,0.66206205,9.55629
2623,87.69642260113675,0.92997146,12.501947,-2.646273,-2.7487586,2.3407903,10.201825
2624,87.72985623537278,0.552896,12.095838,-3.0270028,-5.5474,0.5221412,14.503577
2625,87.76328986960883,-0.47570494,13.369183,-4.083044,-6.264971,0.5575582,16.000412
2626,87.79672350384487,-1.6152788,12.161999,-2.5719562,-4.4648895,-0.67289793,14.095691
2627,87.8301571380809,-3.3723135,11.220379,-5.562187,-6.573229,0.31348357,13.944951
2628,87.86359077231695,-3.5437627,11.128592,-4.5087767,-7.750081,0.33399525,15.393198
2629,87.89702440655299,-1.1648439,9.537381,-5.9474926,-9.501749,1.372614,13.74853
2630,87.93045804078903,0.8942774,9.162945,-2.793446,-9.847942,2.4843347,14.3864355
2631,87.96389167502508,1.0055506,10.450457,-1.1951421,-7.509119,4.0171466,15.0731735
2632,87.99732530926111,-0.034214657,10.544921,-1.9667395,-9.778333,5.2466593,18.103363
2633,88.03075894349716,-1.5274605,8.498907,-4.0385804,-8.770846,1.7581313,15.927787
2634,88.0641925777332,-2.625754,5.4973154,-4.2499967,-7.9833345,0.38025466,11.819814
2635,88.09762621196924,-2.4456372,5.057248,-3.8592782,-7.688985,1.140662,11.773129
2636,88.13105984620529,-0.7575773,6.589747,-1.8751869,-4.9322805,-0.5440088,10.916135
2637,88.16449348044132,-1.1195452,7.949815,-3.3007288,-6.1968436,-0.633501,12.025836
2638,88.19792711467737,-1.7495916,8.219997,-3.643404,-6.456424,-0.03820245,12.360745
2639,88.2313607489134,-1.429251,7.8530316,-4.025233,-5.8451905,1.4972388,14.414476
2640,88.26479438314945,-2.4718282,6.1250587,-4.001662,-6.1391954,0.7039066,11.816583
2641,88.29822801738548,-1.9724985,6.4487915,-3.1144614,-6.158886,0.6677387,11.407582
2642,88.33166165162153,-1.9757142,2.6174996,-2.8607807,-3.969113,1.8782594,4.2029033
2643,88.36509528585758,-2.8331652,9.140657,-3.88035,-6.7706184,1.088742,14.487721
2644,88.39852892009361,-1.586504,10.513309,-3.8315241,-6.9310236,1.6082356,15.644565
2645,88.43196255432966,-1.3892154,12.11524,-3.6782637,-6.98623,2.5210562,16.18975
2646,88.46539618856569,-0.9831511,10.368158,-3.2808614,-5.9929447,3.318337,13.784296
2647,88.49882982280174,-1.0613962,7.4768505,-6.6449766,-10.953225,2.3895988,15.593906
2648,88.53226345703779,-0.08863387,5.475763,-6.5977755,-10.998437,3.9322944,12.230982
2649,88.56569709127382,-0.87369037,7.2638474,-4.911415,-10.040851,1.9565369,14.278857
2650,88.59913072550987,0.9090635,7.6511436,-3.1530023,-10.830046,4.257128,14.027716
2651,88.6325643597459,1.8585652,8.800228,-2.704215,-11.319243,4.73598,16.395748
2652,88.66599799398195,1.0621345,9.185459,-2.4348593,-10.443256,6.1562405,16.48041
2653,88.699431628218,-1.3053017,7.2606907,-5.3009577,-11.674897,3.5759425,17.851671
2654,88.73286526245403,-2.385518,5.4619746,-4.2556725,-10.645246,3.119903,14.043973
2655,88.76629889669007,-2.228475,4.2399035,-3.388725,-7.581708,1.0181669,10.475365
2656,88.79973253092611,-2.378282,5.0380416,-3.9594493,-10.308491,2.919714,13.284207
2657,88.83316616516215,-2.5430856,5.0484004,-4.009447,-10.446141,2.5476158,12.8717165
2658,88.86659979939819,-2.610634,7.359008,-1.6502832,-8.512266,5.2884073,10.737668
2659,88.90003343363423,-1.6404896,5.3659334,-3.0524163,-9.718463,2.8565981,13.03653
2660,88.93346706787028,-2.034722,5.1124325,-2.7447622,-7.428009,2.235812,10.763108
2661,88.96690070210632,-1.3670486,5.3628507,-3.5599003,-8.151751,2.8693855,10.433676
2662,89.00033433634236,-1.5980679,8.5766945,-0.93398345,-7.326676,4.4877615,11.188915
2663,89.0337679705784,-1.4929156,7.4958806,-0.53665,-6.243765,4.29349,7.3332276
2664,89.06720160481444,-2.661502,7.652242,-3.2162318,-11.176381,6.865223,16.15458
2665,89.10063523905049,-0.7722965,7.7989836,-3.9449966,-11.601538,7.0214396,15.3704195
2666,89.13406887328652,-0.17491649,5.8785605,-5.5929217,-11.118181,8.026686,12.017398
2667,89.16750250752257,0.3274273,2.2900953,-5.715588,-8.298203,6.240564,7.716833
2668,89.2009361417586,0.2682951,6.465151,-5.003738,-10.064006,5.5792093,11.6198635
2669,89.23436977599465,1.0259335,5.6880746,-2.8531225,-6.7519264,7.511613,8.411409
2670,89.2678034102307,3.6025822,9.781,-2.3463137,-6.3090105,6.3097315,8.75056
2671,89.30123704446673,2.9100292,6.7894487,-2.067254,-4.4519186,6.118915,6.2579837
2672,89.33467067870278,1.2728164,3.788704,-5.0399585,-7.4252663,8.362953,7.3175716
2673,89.36810431293881,2.4455264,2.256836,-3.0626993,-5.0831184,7.9760485,4.7275023
2674,89.40153794717486,-0.013164554,-0.5646422,-4.796015,-5.6374135,5.2780924,3.2197933
2675,89.4349715814109,0.69860643,4.8015757,-4.8484187,-8.560934,6.9168215,9.786264
2676,89.46840521564694,2.9560916,4.882585,-2.3168857,-7.237391,11.94739,8.5140705
2677,89.50183884988299,1.8174185,1.0505587,-4.128849,-5.8174334,8.075843,5.1401668
2678,89.53527248411902,1.4221554,0.82277817,-3.8958607,-4.7142434,6.0609856,4.2032847
2679,89.56870611835507,0.8978487,4.835547,-4.743818,-8.442767,6.2688613,9.297838
2680,89.6021397525911,3.877726,7.2540984,-3.173416,-9.200025,3.2923121,9.67121
2681,89.63557338682715,2.139758,5.8950853,-4.9909883,-10.612457,3.8778307,10.938494
2682,89.6690070210632,1.3386571,2.510712,-5.6185346,-8.002888,2.637223,6.9412193
2683,89.70244065529923,0.11944589,6.82982,-4.260576,-9.883734,3.3037322,12.000685
2684,89.73587428953527,1.3702329,7.5965266,-4.2747583,-9.269671,2.3715203,12.137297
2685,89.76930792377131,1.1469821,9.467112,-2.496603,-9.210029,3.767611,11.656071
2686,89.80274155800736,-0.330979,10.037457,-2.5364327,-9.65367,5.450109,13.325158
2687,89.8361751922434,3.1821258,10.756221,-0.5644256,-7.468462,4.6470094,11.095874
2688,89.86960882647944,2.7040052,8.183298,-4.1127853,-10.058831,3.1229396,11.7513485
2689,89.90304246071548,-0.825302,8.778066,-4.2107873,-9.424449,3.605323,13.685267
2690,89.93647609495152,1.9881771,8.430568,-4.7654204,-8.642575,2.8083096,12.091856
2691,89.96990972918756,1.5565437,8.972703,-3.2851484,-7.816992,1.3773249,12.034274
2692,90.00334336342361,-0.54415923,7.3293343,-5.1716504,-8.465027,2.823353,12.497245
2693,90.03677699765964,1.738445,7.209405,-5.1114655,-9.942256,5.0384903,11.319088
2694,90.07021063189569,0.44547126,11.403669,-3.3827372,-9.168748,6.3594303,12.71272
2695,90.10364426613172,-0.2585815,11.172097,-3.195524,-8.000086,5.1293654,13.426963
2696,90.13707790036777,1.9393455,14.617877,-2.4963849,-8.86969,6.114096,14.340347
2697,90.17051153460382,-1.6566327,14.173767,-3.2512732,-9.888465,3.9990735,18.91025
2698,90.20394516883985,-1.4341764,13.662965,-2.6203318,-8.445089,3.3983452,16.10827
2699,90.2373788030759,-1.4601457,8.886708,-3.6877813,-9.158116,1.9007175,15.803036
2700,90.27081243731193,-0.01961968,8.654682,-1.4482309,-7.9713984,6.0011997,10.055243
2701,90.30424607154798,-2.4434075,7.1112466,-2.2860148,-7.425269,4.413411,11.673219
2702,90.33767970578401,-1.826035,6.6201925,-3.7022972,-7.9698977,2.3138263,12.816046
2703,90.37111334002006,-0.40734714,10.141061,-2.7327976,-8.642957,3.7433186,14.663217
2704,90.4045469742561,1.3213761,11.424838,-2.5099432,-8.141307,5.3363404,13.256298
2705,90.43798060849214,1.9759455,7.844144,-4.4500375,-9.54827,6.628371,10.266953
2706,90.47141424272819,0.6512516,10.306419,-2.8133252,-8.005747,6.132096,10.975388
2707,90.50484787696422,0.05808111,11.417551,-2.0817919,-7.3997946,6.6843843,11.681627
2708,90.53828151120027,1.3735666,13.886721,-1.1576973,-6.7612305,5.0586386,11.715416
2709,90.57171514543631,-0.957663,13.535304,-1.6086843,-7.352215,3.9327197,13.506903
2710,90.60514877967235,-1.4656695,13.692709,-2.077873,-9.031843,3.4489274,13.488032
2711,90.6385824139084,-2.9635425,10.646905,-3.5480368,-8.737707,2.6825264,13.298238
2712,90.67201604814443,-0.41515836,11.718701,-1.6122962,-7.913735,4.1060266,13.737034
2713,90.70544968238048,-1.133263,12.305825,-2.0570457,-9.269171,5.257812,14.165684
2714,90.73888331661652,-1.1157728,10.277517,-4.5323825,-8.116603,4.8295116,9.775512
2715,90.77231695085256,0.4727271,9.234886,-4.52056,-7.5738473,6.6005945,10.99624
2716,90.8057505850886,2.254515,6.105484,-5.6766987,-8.855755,6.474845,9.054663
2717,90.83918421932464,2.5582993,3.4598284,-6.2195487,-9.653955,6.549261,8.357177
2718,90.87261785356068,1.3468473,6.072151,-5.1545496,-9.258975,5.535632,10.294659
2719,90.90605148779672,1.7199546,4.1295457,-1.9598376,-4.3078494,12.25765,5.4240527
2720,90.93948512203276,1.1244369,0.95593894,-4.348117,-6.3587956,9.17753,4.887761
2721,90.97291875626881,0.9485355,0.81910235,-4.4387326,-5.3070602,6.5317326,4.56084
2722,91.00635239050484,0.6644414,4.448271,-4.834306,-8.445171,6.779409,9.291038
2723,91.03978602474089,2.595615,2.7118504,-1.9623077,-3.5540783,5.357295,4.2256994
2724,91.07321965897692,2.6637464,2.7612238,-1.1866307,-2.6840532,2.5308597,3.5610907
2725,91.10665329321297,-2.1007128,6.379303,-2.7342808,-5.8259625,0.49156258,7.9872327
2726,91.14008692744902,3.0218792,3.0959382,-0.74590194,-2.646122,0.124165244,3.477269
2727,91.17352056168505,0.9170131,9.1209955,-3.2026978,-8.982408,0.7697913,12.628884
2728,91.2069541959211,1.2303265,9.041554,-1.6659628,-2.487574,1.411447,9.948
2729,91.24038783015713,2.1547203,7.4681444,-4.0059786,-5.376604,3.1503139,8.824455
2730,91.27382146439318,2.1049514,5.970574,-1.8429987,-3.246608,2.5075967,7.788177
2731,91.30725509862923,3.4971933,7.2679253,-1.8521898,-6.4042583,2.159457,9.631693
2732,91.34068873286526,2.0077176,6.8162804,-4.767248,-8.899851,0.7859281,12.711334
2733,91.37412236710131,0.987806,4.302619,-6.0280013,-8.190422,0.23243396,9.576445
2734,91.40755600133734,-1.1870065,6.444548,-4.3560557,-9.003867,0.19059478,12.953109
2735,91.44098963557339,1.144863,6.7796674,-4.7422276,-8.089604,1.7621137,12.482409
2736,91.47442326980944,1.9368001,6.8774695,-3.90333,-7.750855,1.3325146,13.062777
2737,91.50785690404547,1.7970194,6.396304,-2.384457,-5.630759,1.3361833,11.62809
2738,91.54129053828152,2.4972808,7.6284547,-3.3882408,-5.830511,1.2427255,12.465487
2739,91.57472417251755,2.0589373,6.7250285,0.2503084,-3.4333096,-0.24956569,8.372767
2740,91.6081578067536,3.1200316,7.999299,-1.9111562,-5.777356,-0.2858683,10.486329
2741,91.64159144098963,1.841412,6.743683,-0.7766541,-3.4802716,-0.18361303,7.938849
2742,91.67502507522568,0.09555967,7.870263,-3.917579,-7.2994967,0.21696003,14.742143
2743,91.70845870946172,0.8857719,5.0017247,-4.734365,-7.4880104,0.88978845,11.901991
2744,91.74189234369776,2.6948833,7.976625,-2.9727592,-7.571347,0.28043056,12.276527
2745,91.7753259779338,-0.24496396,6.197547,-2.859642,-6.2861953,-0.6559068,11.059234
2746,91.80875961216984,0.23192185,5.1866064,-2.2735612,-4.913657,-0.21966778,9.710094
2747,91.84219324640588,-1.7448996,3.7762687,-1.8181345,-3.946151,-0.5067911,6.416327
2748,91.87562688064193,-0.04052841,4.9941187,-1.8785449,-3.469731,0.37077013,7.398474
2749,91.90906051487796,0.5381537,6.1021867,-2.651135,-5.318213,0.7816058,8.827777
2750,91.94249414911401,2.317105,6.1102266,-1.5144074,-3.8358564,-0.17908783,9.048176
2751,91.97592778335004,0.97488576,6.3932943,-2.1770182,-5.7950687,0.5019196,9.810166
2752,92.00936141758609,1.4614336,6.081828,-0.43011296,-2.9179578,0.38539666,6.813961
2753,92.04279505182214,-0.39715338,7.2947154,-1.3397198,-3.9351683,-0.3429276,10.011863
2754,92.07622868605817,0.49787953,7.3345757,-3.9454427,-6.972059,0.41865996,14.01793
2755,92.10966232029422,-1.0899805,4.281725,-3.190395,-6.209037,-0.072097406,10.155844
2756,92.14309595453025,-2.1150088,4.4908233,-1.9635358,-4.339379,0.11556158,7.98048
2757,92.1765295887663,-2.4951546,4.0786357,-4.0671825,-7.5603623,0.12825806,11.673389
2758,92.20996322300235,-1.5337439,4.436062,-3.9310374,-7.5899725,0.4548183,12.490842
2759,92.24339685723838,-1.476018,4.995488,-3.5359416,-7.194636,1.0797095,10.828483
2760,92.27683049147443,-1.7679017,4.8037305,-1.5875332,-4.931221,0.7605552,7.672717
2761,92.31026412571046,-2.4061787,5.582148,-2.7507577,-5.502136,1.3236486,10.93636
2762,92.34369775994651,-1.0629919,6.397942,-5.1018114,-8.668212,1.3407038,13.851367
2763,92.37713139418254,0.41410485,6.42942,-5.334369,-9.431237,1.6514165,13.590432
2764,92.41056502841859,1.3877705,6.122288,-2.7064116,-5.169793,0.51033354,10.474603
2765,92.44399866265464,-0.75486946,4.7288895,-1.2183865,-3.7871025,0.22706276,6.281537
2766,92.47743229689067,0.78517467,6.2355375,-1.4098734,-3.5293443,0.8267688,8.330331
2767,92.51086593112672,0.8612224,7.3552094,-2.1500158,-4.9592056,0.6776366,9.4473505
2768,92.54429956536275,2.0836732,7.610557,-1.9471046,-4.913562,0.9638441,10.325035
2769,92.5777331995988,-0.026123548,5.4632497,-1.7701411,-3.6561234,0.9608998,6.3961573
2770,92.61116683383484,-1.9015012,5.5980983,-1.9665059,-3.5868893,1.2831483,7.2221646
2771,92.64460046807088,-0.7203239,5.8624334,-1.2416216,-4.177945,1.2952925,7.5946
2772,92.67803410230692,0.6758416,6.506259,-2.1190956,-4.8337884,0.9028334,9.707917
2773,92.71146773654296,0.917578,7.9423814,-3.8732064,-7.464605,0.3849868,14.714545
2774,92.744901370779,-0.90398234,4.892442,-2.7414503,-6.0541115,0.4021922,10.767151
2775,92.77833500501505,-1.7851071,4.433874,-1.8202242,-3.8795538,-0.06990709,8.384664
2776,92.81176863925108,-1.684949,5.173782,-2.7665231,-5.5826063,0.43181002,10.689162
2777,92.84520227348713,-0.49578726,6.033171,-3.4847188,-6.9050007,0.8470905,12.492854
2778,92.87863590772317,-0.8877964,4.9727573,-3.0402184,-5.4313984,0.5279706,9.172687
2779,92.91206954195921,-1.8673971,1.8304684,-2.9569693,-4.294449,2.354268,3.149609
2780,92.94550317619525,-1.1089402,7.5303993,-3.2822385,-6.665089,0.801786,13.428128
2781,92.97893681043129,0.21225831,7.324062,-4.07707,-7.947006,2.3867295,12.655081
2782,93.01237044466734,0.57026196,7.2419033,-5.9856286,-9.993448,2.5897102,14.465327
2783,93.04580407890337,2.5399191,10.289712,-2.6450114,-4.766114,-0.06849819,14.61074
2784,93.07923771313942,1.5594982,9.386127,-4.580744,-7.4853926,0.7514659,16.700693
2785,93.11267134737545,-0.71376735,6.1700907,-3.05435,-5.6543684,0.4409323,10.796889
2786,93.1461049816115,-1.1667662,5.741292,-2.9066253,-5.415584,1.1263564,10.63629
2787,93.17953861584755,0.2737614,7.335974,-2.309462,-5.6226854,1.0925034,13.165621
2788,93.21297225008358,0.5437019,8.202342,-2.148826,-5.8633027,0.85666543,13.334407
2789,93.24640588431963,-1.2001036,7.76402,-2.8680851,-7.5819454,1.2260913,14.990289
2790,93.27983951855566,-2.4653451,5.5786104,-3.8183694,-6.829659,0.55232376,10.296703
2791,93.31327315279171,0.1448728,9.580941,-1.7524787,-5.0513406,1.1079062,14.986134
2792,93.34670678702776,1.3263179,9.482225,-3.129801,-7.2276964,0.20195848,15.697632
2793,93.38014042126379,0.99959713,8.90024,-4.851968,-10.045619,-0.67051446,16.627962
2794,93.41357405549984,1.1144831,8.462521,-3.3118496,-10.146037,0.47816142,15.70648
2795,93.44700768973587,1.447864,9.682596,-2.8772907,-11.093512,2.1393676,17.923407
2796,93.48044132397192,0.057040825,7.376574,-4.9188623,-11.318471,1.8023698,17.347757
2797,93.51387495820796,-1.5129699,5.3843517,-4.0393505,-9.137166,0.90717524,13.558326
2798,93.547308592444,-2.1710663,5.076278,-4.079411,-8.176729,0.6259394,11.468421
2799,93.58074222668004,-2.6181707,5.241915,-3.6330998,-8.9773445,-0.7029964,15.17574
2800,93.61417586091608,-1.2426625,4.7960243,-4.372905,-9.675622,-0.16892746,14.116768
2801,93.64760949515212,-2.2735875,4.9257126,-3.9326963,-8.250002,1.2594789,11.467585
2802,93.68104312938816,-1.7435712,5.8654413,-3.2581344,-7.6414437,2.0695693,10.679204
2803,93.7144767636242,-0.9646949,8.297107,-4.0278454,-10.13686,1.5820439,16.767052
2804,93.74791039786025,-0.26262447,8.735864,-3.7153506,-10.203236,1.324785,17.29573
2805,93.78134403209629,0.76811725,5.904576,-6.5564256,-10.846148,1.7047943,13.944842
2806,93.81477766633233,0.17813687,4.3305187,-7.3461423,-11.790831,1.5293063,12.510397
2807,93.84821130056837,-1.365565,5.947938,-5.733636,-10.113897,0.32786387,13.70414
2808,93.88164493480441,-2.599736,7.828441,-6.5236464,-10.724668,0.7772703,14.597362
2809,93.91507856904046,-2.4659345,9.035707,-5.39638,-10.245901,0.39438587,16.169128
2810,93.9485122032765,-1.414625,7.0021076,-6.133772,-10.015105,0.32112998,13.662693
2811,93.98194583751254,0.18046665,8.979569,-4.2071843,-5.855398,0.79690397,11.658311
2812,94.01537947174857,2.3922822,7.1305523,-2.2565799,-5.010225,2.0737772,10.80894
2813,94.04881310598462,1.4620535,7.1517296,-3.907771,-4.6200786,2.0341864,11.055852
2814,94.08224674022067,0.9702412,8.948513,-5.0780926,-6.149034,1.7746656,12.289281
2815,94.1156803744567,0.09829924,8.347896,-4.309735,-4.1264176,0.22144015,11.403047
2816,94.14911400869275,2.4842603,10.255294,-1.0433292,-1.0412873,0.529865,9.2775955
2817,94.18254764292878,2.2188144,10.352736,-2.236356,-2.756672,0.3881183,12.078717
2818,94.21598127716483,-0.7494323,8.996689,-3.483599,-3.3188846,1.2704382,11.71734
2819,94.24941491140088,-3.689046,8.382792,-5.5265136,-6.3087935,0.46411863,10.67915
2820,94.28284854563691,-3.2822556,9.433922,-4.2627316,-3.9669492,0.28909034,9.977761
2821,94.31628217987296,-3.9026754,8.960253,-5.1888866,-5.44595,0.35748473,10.579092
2822,94.34971581410899,-0.8543223,9.245897,-5.2298017,-5.2403936,0.31736726,12.913547
2823,94.38314944834504,-0.4505972,10.990546,-4.619496,-7.1992064,0.67177933,17.027521
2824,94.41658308258107,-2.9116921,6.644807,-4.761145,-8.125362,0.98188967,13.227142
2825,94.45001671681712,-3.582614,6.894727,-3.1272311,-5.7157664,1.0625875,10.26859
2826,94.48345035105316,-2.851537,5.5361013,-3.8563735,-7.3312435,0.8778167,11.618835
2827,94.5168839852892,-1.0178767,6.7785673,-2.3559597,-5.539849,-0.41701344,11.352631
2828,94.55031761952525,-1.2109425,8.495142,-3.3690782,-6.808897,0.27391398,12.045368
2829,94.58375125376128,-2.5401895,8.905442,-3.6203117,-5.784882,0.7127494,11.353325
2830,94.61718488799733,-1.9428061,7.554112,-4.414438,-5.969657,1.3719842,13.888592
2831,94.65061852223337,-1.2488419,6.6667733,-3.0591137,-5.494543,0.8390373,11.923289
2832,94.6840521564694,-2.6762824,7.1457396,-3.0944436,-7.746396,1.2424252,14.864843
2833,94.71748579070545,-2.7387342,6.0210905,-3.422112,-5.305774,0.72291213,8.537644
2834,94.75091942494149,-2.6884408,9.200847,-3.5818317,-6.5315084,1.0344378,13.995833
2835,94.78435305917753,-2.1560853,8.985444,-4.0640893,-6.677433,0.93865275,13.979261
2836,94.81778669341358,-0.86473984,8.710145,-5.5878143,-9.894825,0.31819016,17.63954
2837,94.85122032764961,0.6516093,8.657291,-3.2450345,-9.960213,0.91469574,16.508678
2838,94.88465396188566,1.2261246,9.591041,-2.707118,-10.496005,2.4361386,18.321014
2839,94.9180875961217,-0.584075,7.6271815,-4.956873,-11.368211,2.58744,18.484722
2840,94.95152123035774,-2.354152,5.326391,-4.682873,-9.873325,1.0099009,13.887826
2841,94.98495486459377,-2.2664857,4.890329,-4.0728464,-8.014249,0.3717051,11.839225
2842,95.01838849882982,-1.9505768,4.6018634,-3.7643192,-8.427777,1.3956398,11.774631
2843,95.05182213306587,-1.9328194,5.532215,-3.3944576,-8.211511,1.8490732,13.40975
2844,95.0852557673019,-1.6038438,8.787124,-3.316264,-9.567647,2.5964942,16.509205
2845,95.11868940153795,-0.020369181,8.643137,-3.2273865,-10.270124,2.6802838,16.489746
2846,95.15212303577398,-0.25733873,5.4714813,-7.2494774,-12.629555,3.0369205,15.623455
2847,95.18555667001003,0.102669805,5.4329605,-7.494601,-13.117672,3.4773703,14.71496
2848,95.21899030424608,-1.6494642,5.9978876,-6.7558703,-11.737762,2.1052744,15.081827
2849,95.25242393848211,-1.9372754,4.109867,-7.066385,-11.750945,2.15437,14.085478
2850,95.28585757271816,-2.0729527,3.592487,-4.9361334,-8.492063,0.7303838,10.679745
2851,95.31929120695419,-3.386065,2.761286,-6.4697714,-10.468166,0.6919549,11.852332
2852,95.35272484119024,-2.8110528,1.976945,-6.2435656,-10.533699,0.17278537,11.024117
2853,95.38615847542629,-2.5803828,5.693351,-4.1006994,-10.151593,4.061818,12.149747
2854,95.41959210966232,-0.99796885,3.7948987,-3.3488777,-6.079646,0.93148774,8.267622
2855,95.45302574389837,-3.4903333,4.089058,-6.9126687,-9.682636,1.2259657,11.289339
2856,95.4864593781344,-3.3635612,4.380103,-7.347521,-10.708002,0.9876084,12.230323
2857,95.51989301237045,-5.196389,1.4375062,-8.739742,-13.847604,1.8298789,12.557522
2858,95.5533266466065,-4.712532,7.585951,-3.910167,-8.707364,2.2429388,10.436275
2859,95.58676028084253,-3.9586833,3.344802,-4.619614,-8.744221,1.3363096,11.476653
2860,95.62019391507857,-1.824314,5.1369653,-1.7952967,-5.0323105,0.9121263,7.1395645
2861,95.6536275493146,-3.2005315,3.245287,-5.1895533,-9.400603,2.2397883,11.917956
2862,95.68706118355065,-3.8374214,3.6307578,-6.9922915,-10.274328,1.9931333,11.881591
2863,95.72049481778669,-3.5234299,4.071899,-8.015045,-13.119631,2.1821778,14.120555
2864,95.75392845202273,-3.3074229,1.5532547,-8.35904,-13.127608,2.0378532,12.544935
2865,95.78736208625878,-3.124389,6.691876,-3.0205317,-8.637959,3.4290564,12.3721075
2866,95.82079572049481,-2.7300975,3.95622,-4.4687715,-7.8310447,1.4308742,10.011597
2867,95.85422935473086,-2.5691442,4.4638047,-4.476726,-9.458871,2.1057122,11.962363
2868,95.8876629889669,-3.3460681,3.1768577,-5.5561037,-10.448445,2.1113763,11.521644
2869,95.92109662320294,-1.6995102,4.8385386,-3.7524753,-7.4646797,3.6724668,9.014206
2870,95.95453025743899,-2.4466262,3.745688,-4.03789,-9.766326,3.2044399,11.889692
2871,95.98796389167502,-2.2724586,3.7671053,-4.456332,-7.8140497,2.9851127,10.164957
2872,96.02139752591107,-1.4648936,5.7608795,-2.7632563,-7.339173,2.2807052,11.335445
2873,96.0548311601471,-2.0864053,5.1525607,-3.7900698,-7.530961,2.6176784,9.379705
2874,96.08826479438315,-1.4702629,7.2962384,-1.6471043,-6.7464023,4.3534493,7.981884
2875,96.1216984286192,-3.47089,5.6706967,-5.173295,-10.816135,5.5841928,14.60724
2876,96.15513206285523,-1.6416693,7.090988,-5.757475,-12.546452,5.200808,16.186499
2877,96.18856569709128,-0.7318875,7.2707524,-6.391646,-12.258773,5.151656,15.458366
2878,96.22199933132731,-0.0032830625,5.8899736,-6.308074,-11.824025,5.5485888,12.70138
2879,96.25543296556336,-0.51521546,8.056875,-4.53184,-10.044706,3.327454,14.7328615
2880,96.28886659979939,2.0793414,13.6452055,-2.4642978,-6.624494,5.8785195,13.186949
2881,96.32230023403544,0.7347632,7.391863,-3.4732988,-7.7373333,10.702856,10.8228035
2882,96.35573386827149,0.08127346,4.9442744,-5.6818852,-10.446645,8.682319,10.402061
2883,96.38916750250752,0.15683354,2.4098525,-5.386724,-8.240337,6.4412837,7.1231074
2884,96.42260113674357,0.23777573,6.2847323,-5.106494,-10.323507,6.3454533,11.63188
2885,96.4560347709796,1.8739917,6.2537985,-3.4305062,-7.0556326,7.847034,9.645612
2886,96.48946840521565,4.0758324,8.45185,-2.8665948,-6.647136,6.5376062,9.231791
2887,96.5229020394517,2.073643,4.209308,-5.00665,-7.3310227,8.36576,8.097544
2888,96.55633567368773,0.9833397,2.4291317,-4.747102,-6.7059236,7.3272696,5.9994583
2889,96.58976930792377,0.636876,6.202122,-4.435572,-8.535809,7.284276,10.210317
2890,96.6232029421598,2.8079808,4.813712,-2.8137074,-5.4426227,5.4882317,7.5601387
2891,96.65663657639585,0.9979782,6.21937,-2.6857069,-5.7836804,6.3840427,9.768209
2892,96.6900702106319,2.2876866,4.8572373,-1.9184592,-3.9578602,6.157653,7.120396
2893,96.72350384486793,1.1793973,2.0754852,-2.5657938,-4.5476527,7.598631,4.0125957
2894,96.75693747910398,1.2273713,1.951825,-3.7367706,-6.204844,5.9831357,6.1170325
2895,96.79037111334002,1.6346585,4.2283754,-2.209291,-4.308812,5.422262,5.5874286
2896,96.82380474757606,3.493063,6.6133676,-2.7836037,-5.1291437,5.9190807,7.2418523
2897,96.85723838181211,1.684326,6.9631357,-2.876746,-5.5846705,3.9272745,8.387073
2898,96.89067201604814,2.570482,7.219128,-3.1301978,-4.7379193,2.4337926,12.249166
2899,96.92410565028419,1.4093846,4.920593,-3.694259,-6.010717,5.9874897,8.913527
2900,96.95753928452022,1.0391642,1.710786,-5.192688,-6.6591587,6.019055,7.0356126
2901,96.99097291875627,0.44328332,-0.91731477,-4.908304,-5.5513744,4.277533,4.0677705
2902,97.0244065529923,0.5404578,4.4088507,-5.519729,-9.497098,4.5806556,10.69061
2903,97.05784018722835,0.5444318,6.8805757,-4.056513,-10.609242,4.266368,12.685529
2904,97.0912738214644,-0.28420407,6.2487154,-2.4315677,-9.883332,4.5585876,12.498498
2905,97.12470745570043,-1.9903787,5.0826616,-3.9454746,-11.458453,4.2213993,13.298038
2906,97.15814108993648,-3.2678409,5.01612,-3.6841486,-10.51827,2.7845733,13.154054
2907,97.19157472417251,-0.80037856,6.5034504,-3.209445,-8.513074,4.266414,10.932352
2908,97.22500835840856,-1.9878553,4.6066046,-3.059448,-9.379337,3.4823475,11.8879795
2909,97.2584419926446,-2.1708133,4.756045,-3.1667974,-7.517048,3.3459437,10.278032
2910,97.29187562688064,-3.1768773,6.1360598,-3.6332548,-9.62217,3.023458,12.743166
2911,97.32530926111669,-3.0483625,9.16722,-1.9856831,-8.916011,7.1552076,11.910233
2912,97.35874289535272,-1.974737,7.1704364,-2.3999023,-6.524222,4.3507075,8.880111
2913,97.39217652958877,-2.7856002,6.4659367,-2.9690108,-9.506066,5.97413,13.481188
2914,97.42561016382481,-0.71627265,6.782605,-3.6986027,-11.487318,6.300563,14.147892
2915,97.45904379806085,2.367453,9.519939,-0.37024525,-9.602949,5.3227515,12.293894
2916,97.4924774322969,1.7147527,9.608077,-2.6687253,-9.10355,5.278093,11.849266
2917,97.52591106653293,0.82052374,7.61623,-4.5853214,-9.2746935,3.3865874,12.262082
2918,97.55934470076897,1.6899999,9.506788,-2.9570498,-7.782852,4.3556376,11.419517
2919,97.59277833500502,0.55334514,5.833273,-5.783181,-11.107837,7.492794,10.510827
2920,97.62621196924106,1.3858315,11.974341,-2.2913294,-7.729726,5.653107,11.226165
2921,97.6596456034771,-0.9031592,13.856496,-2.4028158,-9.300369,6.915083,13.276869
2922,97.69307923771314,-0.29165778,10.106357,-3.6305563,-9.574819,5.7327366,11.69503
2923,97.72651287194918,-1.7711549,13.466318,-2.661269,-8.732294,6.99812,13.413129
2924,97.75994650618522,1.8370444,11.607263,-3.6232893,-6.435171,6.225283,10.101059
2925,97.79338014042126,0.97759026,12.201273,-3.714979,-5.3145676,5.2379103,10.138127
2926,97.82681377465731,-0.5115209,8.578209,-5.370128,-7.542261,6.5170956,10.8221245
2927,97.86024740889334,0.17624548,5.242524,-5.4602838,-9.289739,8.961505,9.324159
2928,97.89368104312939,2.0023088,2.048879,-3.034319,-5.283691,8.386985,5.1581326
2929,97.92711467736542,0.27884895,0.17079744,-4.4878664,-5.740982,5.791428,4.1793294
2930,97.96054831160147,0.7351056,4.925273,-4.755515,-8.250658,7.1132135,9.689015
2931,97.99398194583752,1.2516414,8.69197,-1.3583632,-6.585141,4.6480484,8.542802
2932,98.02741558007355,0.610665,9.178684,-2.4730136,-8.765149,3.4461114,11.388946
2933,98.0608492143096,1.4516472,8.32779,-1.8063717,-8.498248,3.5190444,10.902639
2934,98.09428284854563,3.3280659,8.8708,-2.3958404,-9.790417,4.1661353,13.544463
2935,98.12771648278168,2.9602065,13.055083,-0.7897776,-7.258956,3.7251296,12.16542
2936,98.16115011701773,1.9843951,13.200254,-0.90973186,-7.7339554,4.036605,14.068404
2937,98.19458375125376,0.32380673,11.173037,-2.150012,-8.792864,3.8178627,13.554496
2938,98.2280173854898,1.9688348,12.349109,-1.4153097,-8.594284,3.5788393,13.535405
2939,98.26145101972584,1.960034,11.620073,-2.5170631,-9.843763,4.0212994,14.206715
2940,98.29488465396189,-0.123158224,9.302939,-3.7582057,-7.2068515,1.5630473,13.667551
2941,98.32831828819792,0.5171585,10.537674,-2.710687,-9.110745,4.26112,13.98269
2942,98.36175192243397,0.66269374,12.120024,-1.3401561,-9.368676,5.209335,14.086294
2943,98.39518555667001,3.1729236,11.621624,-0.50829685,-7.8422647,4.308764,13.063232
2944,98.42861919090605,2.3204176,11.332756,-1.404565,-6.3580275,3.5377622,10.052588
2945,98.4620528251421,1.6595013,9.682554,-3.760253,-6.913759,4.912206,11.1345625
2946,98.49548645937813,2.9413366,11.093477,-2.2294452,-7.972667,4.3298945,13.119349
2947,98.52892009361418,4.133922,10.254085,-3.5094163,-7.8595643,4.541341,13.208696
2948,98.56235372785022,2.594499,10.285101,-3.3415775,-7.724936,3.9551816,13.081484
2949,98.59578736208626,1.9295106,8.630237,-3.3661687,-7.679643,4.0978856,12.531421
2950,98.6292209963223,3.1956494,6.742852,-5.7854657,-10.653752,5.2146807,10.708804
2951,98.66265463055834,2.7352116,8.718381,-2.8617587,-7.807108,3.1960497,11.199428
2952,98.69608826479438,2.4879408,10.450125,-2.5038247,-8.171779,3.9269059,13.675131
2953,98.72952189903043,1.5848942,12.09312,-1.2973182,-8.201698,4.3150654,13.9601145
2954,98.76295553326646,2.8441665,14.466083,-0.38359773,-7.0676847,2.1311822,11.856528
2955,98.79638916750251,0.5081737,12.011917,-2.255134,-6.1270638,0.9154401,12.923405
2956,98.82982280173854,1.650391,11.101376,-0.9856393,-6.340485,0.98455846,11.30808
2957,98.86325643597459,0.086347565,8.245637,-2.4579854,-5.904299,1.4491487,10.424324
2958,98.89669007021064,-0.3397346,7.339002,-1.3991816,-2.6873572,1.286399,7.984498
2959,98.93012370444667,-0.39499605,12.811795,-1.7682662,-6.7956247,3.2548585,14.5654545
2960,98.96355733868272,0.6945817,14.186789,-0.93411064,-7.907456,3.0993843,13.699631
2961,98.99699097291875,0.80197644,13.908127,-1.6357298,-8.030225,4.1720877,13.21171
2962,99.0304246071548,1.261312,12.593249,-0.04119955,-5.599031,4.431552,10.917919
2963,99.06385824139083,-0.66345316,12.707126,-3.4432902,-8.593592,5.490083,15.548671
2964,99.09729187562688,-2.34269,11.355927,-4.1577377,-8.100268,3.0793142,16.027046
2965,99.13072550986293,-1.8106369,12.066495,-2.230929,-8.702448,6.0913267,15.1426115
2966,99.16415914409896,1.3282361,6.6229777,-5.860183,-10.210846,6.2607274,9.922583
2967,99.19759277833501,2.8190498,13.748278,-1.7335491,-5.278031,6.53474,10.505055
2968,99.23102641257104,3.0168686,12.492532,-3.4319983,-5.4570513,4.463178,11.238842
2969,99.26446004680709,3.0370555,9.904171,-3.9534452,-6.8236284,9.045812,10.70281
2970,99.29789368104313,1.0219984,4.887783,-5.77106,-7.803323,8.999974,8.2113695
2971,99.33132731527917,0.87020123,1.8440523,-5.2207665,-6.7150283,7.132891,5.964829
2972,99.36476094951522,0.7405389,5.658997,-5.234862,-8.851051,6.959105,10.555434
2973,99.39819458375125,3.9856746,4.752144,-2.9747193,-6.959073,11.142775,8.394869
2974,99.4316282179873,3.4699438,5.60463,-1.3035992,-2.9970214,8.123785,5.1678095
2975,99.46506185222334,2.0176651,1.3727655,-4.6825337,-5.7169175,7.908497,5.5129447
2976,99.49849548645938,1.3072014,1.5432034,-4.2149205,-5.126738,6.27934,4.882619
2977,99.53192912069542,1.2550734,4.866763,-4.737046,-7.840589,6.5709825,9.241302
2978,99.56536275493146,2.1173663,3.053854,-0.29230452,-2.8589904,6.0881395,3.8043828
2979,99.5987963891675,2.2849574,4.7154193,-1.386231,-3.982547,6.579272,6.771306
2980,99.63223002340355,4.443563,6.0982513,-2.2492065,-4.9393363,7.2327113,7.4846635
2981,99.66566365763958,1.6315175,6.147342,-3.0225048,-5.746225,4.8605328,8.586523
2982,99.69909729187563,2.4423494,7.8577476,-1.5969814,-3.4381437,4.588177,9.899346
2983,99.73253092611166,1.166628,3.131508,-2.3739476,-4.0349746,6.7809744,6.2412467
2984,99.76596456034771,1.9420745,0.7470964,-3.9061768,-5.0205197,7.1807265,4.792731
2985,99.79939819458374,0.42993227,-0.19894181,-4.4343166,-4.9989586,5.020148,3.8217773
2986,99.83283182881979,1.455612,4.6616807,-4.4054184,-7.03587,6.216157,8.892334
2987,99.86626546305584,2.4768524,5.4115977,0.1927448,-2.2097504,5.671357,4.748999
2988,99.89969909729187,2.13325,4.9918365,0.67225474,-2.7795522,10.371577,4.2428885
2989,99.93313273152792,1.5049244,6.064297,-2.3082201,-5.2101073,8.822577,7.365579
2990,99.96656636576395,0.86537695,0.7452676,-2.511252,-3.5095024,7.437029,3.1799958
2991,100.0,0.4722589,-0.2578533,-3.955047,-4.201406,5.002193,2.9245784
