token_index,depth_percent,suite__L39,validator__L39,scorefile__L39,acquire__L39,report__L39,motivated__L39
0,0.0,0.2888938,2.304516,-1.6208256,-4.760986,1.7373952,4.035519
1,0.034614053305642094,0.5077661,0.9509961,-1.8321124,-3.7457752,1.9280518,3.3603926
2,0.06922810661128419,-0.9261012,6.121968,-2.3156781,-7.0497723,1.6381142,10.091423
3,0.10384215991692627,0.01064391,0.828293,-2.5370307,-3.014749,3.3235376,5.0583158
4,0.13845621322256838,-0.27900884,0.22849521,-3.253686,-4.402053,2.23729,7.6520987
5,0.17307026652821045,-2.6606622,3.2959297,-3.9741106,-7.912916,1.8556445,9.771199
6,0.20768431983385255,-0.12835373,0.6449599,-2.0526662,-3.4113607,1.2354785,2.702474
7,0.24229837313949462,1.7023695,-2.2285488,-0.110622525,-2.260416,1.2539078,0.47642332
8,0.27691242644513675,0.29935375,5.6101184,-0.9384701,-3.0104682,2.0968342,6.071854
9,0.3115264797507788,-3.2257397,4.6746335,-2.4605782,-7.9894032,2.0987613,6.957688
10,0.3461405330564209,-3.3255606,4.4724727,-2.8115366,-7.7541127,0.5543191,9.728333
11,0.380754586362063,-4.562569,5.891533,-4.7247224,-7.2979546,-0.19979712,7.9272995
12,0.4153686396677051,0.5445616,4.694858,-1.6007516,-4.73159,2.028022,4.9919558
13,0.4499826929733472,0.97050226,7.275573,-1.0278296,-6.4336743,3.7612817,7.912782
14,0.48459674627898924,0.961411,5.5971613,-3.7930202,-6.2148776,2.8168502,7.9644165
15,0.5192107995846313,0.34161073,7.070082,-2.907361,-5.1816974,2.349111,9.819981
16,0.5538248528902735,-0.008898354,5.910225,-4.9878874,-7.048953,3.6651115,9.952142
17,0.5884389061959155,0.30765072,-1.9901026,-3.4839356,-4.3459396,1.1906404,2.254145
18,0.6230529595015576,-0.23161374,-0.76509964,-2.483345,-4.325352,2.1385393,0.9783262
19,0.6576670128071997,-1.8995965,-1.1052481,-2.6859226,-4.2089543,1.4229952,1.4272696
20,0.6922810661128418,0.4455971,3.336734,-5.5239472,-8.979961,1.5160303,10.818849
21,0.726895119418484,0.05756183,7.1586914,-4.216585,-7.207272,1.0850372,10.877552
22,0.761509172724126,-0.7110433,5.8800755,-5.5316243,-8.059017,1.1052712,11.753544
23,0.796123226029768,-1.8188392,3.7303913,-6.5972085,-11.761454,1.3897192,12.987835
24,0.8307372793354102,-3.9086452,4.776639,-5.3906713,-11.613085,2.8205564,12.035576
25,0.8653513326410522,-3.8940496,5.532678,-3.709202,-9.154861,1.6524622,10.518743
26,0.8999653859466944,-4.351554,4.852411,-3.7546237,-5.017979,-1.8749448,6.9802384
27,0.9345794392523364,-5.3658032,6.139589,-4.8214145,-8.294212,1.95184,11.187148
28,0.9691934925579785,-4.733587,6.0091643,-3.105827,-8.73406,2.267796,11.67258
29,1.0038075458636206,-3.2905777,7.441253,-1.5803945,-7.431845,4.1905313,12.3844
30,1.0384215991692627,-4.293053,4.2225204,-3.7780266,-6.2106614,-0.48778865,7.338399
31,1.0730356524749047,-4.2863154,6.5479326,-3.6057358,-8.378439,4.309419,12.481667
32,1.107649705780547,-4.218838,4.496621,-4.1250267,-6.7130957,1.6128856,9.865703
33,1.142263759086189,-2.9854403,6.4097867,-5.0244126,-8.056195,4.0933433,9.918483
34,1.176877812391831,-6.7583284,1.4563515,-6.042635,-8.970419,0.8936306,7.2447686
35,1.2114918656974731,-5.567065,1.878865,-3.652578,-3.3267028,-0.53373367,4.297232
36,1.2461059190031152,-5.3716516,4.703632,-4.4198685,-8.075546,2.7070944,9.090482
37,1.2807199723087574,-3.2764096,3.1621134,-1.9563378,-6.5866323,3.2885206,8.447982
38,1.3153340256143995,-4.6009364,2.6229286,-3.3667312,-6.714704,1.6715248,8.49836
39,1.3499480789200415,-3.8630922,4.153344,-3.4951985,-6.1838164,0.058365695,9.011664
40,1.3845621322256836,-4.7313304,2.1803625,-4.662724,-4.1235514,-1.2797326,4.436295
41,1.4191761855313256,-2.8072448,4.6218896,-4.4223957,-7.574568,4.312142,10.277285
42,1.453790238836968,-3.0837226,4.648839,-4.894657,-9.094784,2.422607,10.668582
43,1.48840429214261,-0.8122961,7.0716867,-1.6793144,-7.673077,0.319726,8.178663
44,1.523018345448252,-3.364867,4.5318227,-3.6824384,-5.17744,-0.08955304,8.172646
45,1.557632398753894,-0.5345824,6.124276,-5.0444202,-8.539607,1.2918181,11.714031
46,1.592246452059536,0.67987925,7.8764634,-1.6328528,-6.8943343,1.7777438,12.006374
47,1.6268605053651783,0.9828153,8.113909,-4.5085545,-6.884772,1.6338546,10.439043
48,1.6614745586708204,0.04475508,6.4680724,-4.0888977,-8.6726675,1.5619682,11.235047
49,1.6960886119764624,0.261866,4.212492,-5.1813416,-7.4941206,1.1936792,8.892027
50,1.7307026652821045,-1.2040778,4.3375254,-3.3331604,-6.2653165,0.6243021,7.5315266
51,1.7653167185877465,-0.41989607,6.9824038,-5.2140183,-8.7650795,1.385139,11.490403
52,1.7999307718933888,-1.8709762,7.167308,-5.437589,-8.579193,2.685037,9.801589
53,1.8345448251990308,-2.0270987,7.352072,-5.5175333,-7.253963,2.3573742,9.642885
54,1.8691588785046729,-2.8481846,6.4744067,-6.1949162,-5.5493712,1.2768894,10.222014
55,1.903772931810315,-4.0802474,7.312573,-5.4463706,-7.6830335,1.3639361,10.972129
56,1.938386985115957,-3.329434,5.649957,-6.5722775,-8.234723,0.9270397,10.766679
57,1.9730010384215992,-2.9797971,5.4541984,-5.6771765,-7.3953795,-0.015560601,10.06587
58,2.0076150917272413,-3.7296138,7.7028046,-5.2759356,-6.7123284,0.63238335,11.875234
59,2.0422291450328833,-5.357156,6.5491977,-6.1089435,-8.415779,0.9682189,11.721626
60,2.0768431983385254,-4.443821,5.3824887,-4.8296466,-6.4876184,1.3493729,10.074512
61,2.1114572516441674,-2.3347318,6.2928295,-3.9111118,-5.2242565,0.6970491,10.66303
62,2.1460713049498095,-3.1654847,7.560188,-3.664517,-4.8224645,1.7723008,10.9398575
63,2.1806853582554515,-2.3148077,5.796303,-3.2642298,-5.8938074,3.6479979,9.925226
64,2.215299411561094,-2.837199,4.614816,-2.5365672,-6.8082047,1.2813319,7.930465
65,2.249913464866736,-0.90810776,5.8042026,-5.62838,-10.775728,2.20362,11.495657
66,2.284527518172378,-2.4719462,6.818364,-3.0696726,-4.6527324,-1.0660118,8.673805
67,2.31914157147802,-0.71454126,7.593274,-3.3186734,-9.448787,1.7309994,12.817404
68,2.353755624783662,-1.2966126,9.015565,-4.6421905,-12.188905,4.473135,12.376461
69,2.3883696780893042,-2.5082464,7.493578,-3.3074808,-11.633944,3.7430036,14.793219
70,2.4229837313949463,-3.4548697,6.970542,-2.4967504,-10.346949,4.2787213,14.606953
71,2.4575977847005883,-0.16234462,7.254454,-4.025313,-9.404167,3.2176023,11.4067
72,2.4922118380062304,1.0338098,7.825964,-3.6383955,-8.342243,1.4667858,13.484285
73,2.5268258913118724,-2.689822,3.589979,-2.2117298,-5.615613,0.3024413,7.76577
74,2.561439944617515,0.8306124,8.464991,-2.3184946,-7.3880725,2.9442263,14.87858
75,2.596053997923157,-1.1660831,6.032736,-3.6533506,-10.859442,2.4890358,12.226536
76,2.630668051228799,-1.9073397,5.4589505,-2.0624757,-6.571457,1.1763306,8.814412
77,2.665282104534441,0.8235207,7.927866,-3.5171793,-9.510589,2.5006287,11.609472
78,2.699896157840083,3.6564624,9.327595,-2.4472718,-6.576203,1.323828,12.634378
79,2.734510211145725,2.3117738,7.834405,-1.2128562,-7.178485,1.6692585,15.011214
80,2.769124264451367,0.7914862,8.774887,1.7314432,-4.641059,1.9160353,13.35178
81,2.803738317757009,0.687823,7.679033,0.43406785,-5.5317845,1.6210032,12.901816
82,2.8383523710626513,-0.7487586,4.454012,-4.1376433,-9.901167,2.3792748,14.36287
83,2.8729664243682937,-3.9290068,5.93041,-2.8767147,-6.775884,1.0933504,9.82271
84,2.907580477673936,-3.2264156,3.5521848,-2.997944,-4.9827223,0.07430192,6.970799
85,2.942194530979578,-3.1181028,5.7823915,-0.44089636,-6.101254,0.8722785,11.935453
86,2.97680858428522,-1.3742135,7.5972943,0.5319235,-5.2964935,2.3716052,9.476831
87,3.011422637590862,0.4534569,8.809074,2.908314,-4.1115546,1.2767197,9.303357
88,3.046036690896504,-2.1164155,5.674667,-1.0995685,-5.914137,2.7311752,9.768364
89,3.080650744202146,-2.6296859,5.790535,-3.6063347,-6.9985023,2.1724815,11.589333
90,3.115264797507788,1.0083636,8.185283,-2.3240583,-7.0435205,1.4687026,13.150608
91,3.14987885081343,-2.1005564,5.9896493,-2.659159,-6.6645637,2.4609356,10.660417
92,3.184492904119072,-2.4004834,5.9214296,-2.7134871,-5.9664216,1.7921915,11.196946
93,3.2191069574247146,-2.867411,5.94816,-2.7363691,-6.7299967,1.8896793,10.879487
94,3.2537210107303567,-2.24244,6.988124,-2.1939163,-6.22452,2.4536586,11.685723
95,3.2883350640359987,1.979874,8.7965975,-1.6020563,-8.961409,2.766282,13.980417
96,3.322949117341641,2.585881,12.372389,-0.7168794,-8.424394,3.8060296,16.49613
97,3.357563170647283,-0.42115152,9.081701,-1.7218418,-8.719211,3.6624937,14.615233
98,3.392177223952925,-2.3151023,9.481511,-2.652185,-8.927102,3.0548503,16.771158
99,3.426791277258567,-1.6565593,9.2722435,-3.1601737,-8.692538,2.1294053,15.453216
100,3.461405330564209,-1.3301733,7.0672526,-3.5905824,-8.254554,3.2086656,14.466025
101,3.496019383869851,-2.747599,4.798416,-3.1817346,-5.7830467,-0.26698056,7.7442603
102,3.530633437175493,-3.2594543,2.9868414,-1.9912565,-5.311722,0.26769388,6.864769
103,3.5652474904811355,-1.7303133,6.7616425,0.3661088,-5.30505,2.2626054,12.834585
104,3.5998615437867776,-2.3890016,5.9322076,-1.1211237,-6.1349435,1.3011892,11.109813
105,3.6344755970924196,-0.6129568,8.142149,-2.629314,-7.9907618,3.7845283,13.4741745
106,3.6690896503980617,1.6311041,10.53157,-1.0588957,-9.481281,5.0886874,13.705221
107,3.7037037037037037,2.846984,9.42168,-1.8454401,-8.862566,4.8439736,12.354955
108,3.7383177570093458,2.7936795,9.982252,0.6430174,-8.263918,5.581762,13.064032
109,3.772931810314988,3.1737711,10.039428,1.6108985,-5.825749,4.6687922,14.682844
110,3.80754586362063,1.2987362,7.0274854,-2.9124677,-9.191962,2.6667209,11.322557
111,3.842159916926272,-0.26526827,7.801654,0.6725333,-5.5991898,1.8827933,10.359545
112,3.876773970231914,1.344338,7.7988434,-4.177239,-8.666607,2.3278108,10.422173
113,3.9113880235375564,0.49555156,7.0274577,-1.1357228,-8.650259,2.4004242,7.203613
114,3.9460020768431985,3.0303452,7.746,-2.4469445,-8.360982,3.3679295,10.00086
115,3.9806161301488405,2.1229823,8.568467,-2.6964927,-7.5142894,3.8134532,10.123211
116,4.015230183454483,-0.68892825,6.053049,-4.4557366,-8.752182,3.3681486,11.898966
117,4.049844236760125,2.267384,7.4395075,-3.0197468,-6.3558803,2.7604043,10.278621
118,4.084458290065767,-1.9439795,5.3004827,-2.1851783,-7.015169,0.57807684,9.675226
119,4.119072343371409,2.5051703,7.5615387,-2.2348728,-6.3028474,3.5541031,10.939943
120,4.153686396677051,0.59113646,4.9816613,-3.9419956,-8.338158,3.6709347,7.722341
121,4.188300449982693,-0.08599112,5.1335373,-4.4538994,-8.734152,1.8205333,9.529323
122,4.222914503288335,0.8234621,7.357408,-4.4495096,-7.657935,1.559233,10.567434
123,4.257528556593977,-0.8753192,6.259543,-2.3718312,-6.3126616,0.38889888,7.3788176
124,4.292142609899619,-0.27321944,9.077332,-3.826783,-5.9186573,-0.3689519,10.899819
125,4.326756663205261,0.6819587,10.256973,-2.3361957,-8.045902,-2.6312003,12.244235
126,4.361370716510903,-0.60417587,7.830504,-2.4295578,-8.232312,-1.4070005,11.86371
127,4.395984769816546,-0.1683633,9.693071,-2.0334954,-6.518055,0.43229663,12.431056
128,4.430598823122188,-0.057672083,9.291507,-1.4697686,-6.4590993,-0.1702515,10.67789
129,4.46521287642783,-1.4615984,7.5309834,-1.3573565,-4.3026524,0.10889491,8.539819
130,4.499826929733472,-1.1589713,10.5811825,-0.5251296,-4.0498095,-1.9521981,12.076406
131,4.534440983039114,0.6539677,11.397601,1.0574316,-4.107422,-1.8307164,11.985581
132,4.569055036344756,0.80373174,9.20945,-0.16676171,-4.352809,-1.016699,12.066119
133,4.603669089650398,-1.2179307,10.780187,-1.6072437,-5.829051,1.7295295,12.744693
134,4.63828314295604,-1.5182714,12.667763,0.013843651,-6.4752874,1.877279,12.635542
135,4.672897196261682,-1.3718989,10.05002,-0.17370294,-5.819659,0.6244126,13.432846
136,4.707511249567324,1.0380583,8.551484,-1.1212837,-7.5914607,-2.6553586,12.04863
137,4.742125302872966,-0.11127654,7.2968836,-1.7669432,-4.7193394,-0.53533804,10.3483925
138,4.7767393561786085,0.17123212,9.032949,-0.28324187,-3.571777,-0.57379216,9.719079
139,4.8113534094842505,-1.2762862,9.81261,-1.0718452,-5.524907,1.0393292,11.878797
140,4.8459674627898925,2.0245512,10.207121,-1.0534787,-4.486637,0.16309129,9.554488
141,4.880581516095535,-0.20657748,9.8129225,-2.4484296,-3.995245,-0.43032992,11.262483
142,4.915195569401177,-3.2129695,5.1860127,-4.6214094,-7.884833,0.8834333,9.536581
143,4.949809622706819,-1.1683654,4.9084926,-2.5735216,-4.4958234,-0.51358515,8.164151
144,4.984423676012461,-2.5882277,10.514171,-2.9846654,-6.1671524,2.3003929,13.763306
145,5.019037729318103,-0.6242876,9.77561,-2.1041775,-4.889643,-0.63740534,12.760286
146,5.053651782623745,-2.303549,10.536119,-4.647435,-6.116368,0.42513096,13.620404
147,5.088265835929388,-2.0265667,12.209494,-2.6773496,-4.5650287,0.31342855,13.719288
148,5.12287988923503,-2.9041488,10.827385,-3.230595,-5.631441,-3.0851347,13.99422
149,5.157493942540672,-2.6978726,9.445824,-3.4615629,-3.9929824,-2.7455573,12.152709
150,5.192107995846314,-2.2389498,8.84895,-4.043691,-6.076924,-2.0345228,12.551806
151,5.226722049151956,-0.6727741,8.190222,-4.309896,-5.5195446,-1.9851053,10.376158
152,5.261336102457598,-0.47382283,7.818136,-2.8908458,-1.5061039,0.20009564,8.9564085
153,5.29595015576324,-1.4485933,7.93295,-3.690052,-2.6244586,-0.5854345,10.732141
154,5.330564209068882,0.22509025,12.308378,0.103943855,-2.9496,0.20945999,11.702931
155,5.365178262374524,-1.1698498,8.950307,-1.2274292,-3.6280167,-0.20736171,9.935689
156,5.399792315680166,-0.50197047,10.827385,-0.2460989,-2.278061,-1.6544898,12.546
157,5.434406368985808,-1.3612361,7.4672823,-3.3031294,-5.925236,-1.3635736,11.965522
158,5.46902042229145,-0.6593998,10.067242,-2.6690826,-5.504295,-0.8975289,13.306421
159,5.503634475597092,-1.7806747,8.459425,-3.4991946,-5.552572,-1.8401978,9.242179
160,5.538248528902734,-2.6782894,6.3835573,-2.129797,-3.2365513,-1.0812415,7.0684586
161,5.572862582208376,-1.2720013,8.815307,-2.5835946,-5.7885766,-0.39308432,11.487465
162,5.607476635514018,0.48332122,11.605758,-0.080350615,-3.9862094,0.20672743,13.4214945
163,5.6420906888196605,0.09487717,9.071686,-2.009401,-8.161725,-1.4874457,11.739865
164,5.6767047421253025,0.73448277,9.015877,0.011031769,-8.873555,0.56322354,8.088738
165,5.711318795430945,-0.5718034,10.279056,-1.3183231,-9.595934,1.7332302,13.079632
166,5.7459328487365875,-2.7349415,6.473947,-3.087263,-9.592677,0.8959852,13.017278
167,5.7805469020422295,3.6994123,15.951815,1.5113088,-6.8025217,0.5960608,10.290461
168,5.815160955347872,1.8361392,12.972583,0.6038348,-6.1960053,0.14179608,11.307531
169,5.849775008653514,0.96091294,13.396746,-0.4460268,-8.646497,1.8237302,12.909529
170,5.884389061959156,-0.69804716,13.711445,-0.21652429,-9.45889,2.9559655,15.21076
171,5.919003115264798,-2.0313413,12.726321,-1.3261682,-10.0582285,4.255732,16.42346
172,5.95361716857044,-3.0089695,8.502622,-2.3464887,-8.847932,2.0404017,14.437947
173,5.988231221876082,-1.2264109,10.686362,-0.88351256,-9.026318,3.8447733,17.175247
174,6.022845275181724,-0.92670524,10.864275,1.2313693,-8.818102,3.7891386,15.827027
175,6.057459328487366,0.26324192,10.992722,-0.80132526,-7.0559206,3.4352891,10.021279
176,6.092073381793008,0.6374281,10.532752,-1.7537957,-6.634936,4.5406537,11.181058
177,6.12668743509865,-0.38882005,11.272264,-1.0377057,-8.591635,2.897368,13.634745
178,6.161301488404292,-1.1856625,9.489146,-2.2678695,-7.2604995,2.297442,11.0247345
179,6.195915541709934,-2.4922628,6.7079806,-3.8906548,-7.658041,0.49827415,11.386359
180,6.230529595015576,-2.3736753,9.292658,-2.5333526,-6.2160745,1.4690963,14.086859
181,6.265143648321218,-2.2926517,8.001457,-2.8185434,-7.1295185,1.9779415,13.507083
182,6.29975770162686,-0.77238864,6.273659,-0.24166903,-2.5041742,0.86549354,6.4947376
183,6.334371754932502,-1.8315184,9.649715,-0.88694024,-4.5425134,1.0439317,9.446167
184,6.368985808238144,-3.752931,6.4969506,-3.223787,-5.389993,-0.5837906,8.784164
185,6.403599861543786,-1.1162522,8.806638,-1.0913131,-2.936537,0.31421244,9.643931
186,6.438213914849429,-0.40975443,5.8001933,-3.7098682,-8.7396965,0.54775447,8.656138
187,6.472827968155071,-1.0633214,0.07803637,-2.8482866,-5.063578,1.1808118,2.4116607
188,6.507442021460713,-1.008109,2.9432564,-4.410622,-9.400572,-0.3022166,9.773563
189,6.542056074766355,-3.4866145,6.7970963,-3.0782948,-8.366409,0.60783786,12.167454
190,6.5766701280719975,-2.888231,3.1557667,-3.6029599,-6.9974833,0.85170984,8.510075
191,6.6112841813776395,-2.498625,4.3332243,-3.530682,-8.066538,0.22810307,10.649941
192,6.645898234683282,2.0791426,8.75118,-1.5021684,-4.6096296,-1.0659846,10.533285
193,6.680512287988924,-1.7270669,4.6005526,-2.0211852,-4.082394,-0.050464608,7.3268504
194,6.715126341294566,-1.2806629,7.072459,-4.0895395,-5.49715,-0.06618827,12.007187
195,6.749740394600208,-1.286221,7.7752404,-3.6333044,-4.8858013,-0.59772515,12.964122
196,6.78435444790585,-0.16399021,8.160294,-3.6184688,-3.6535716,0.04288833,13.945666
197,6.818968501211492,-2.675336,7.718401,-5.4787292,-8.474643,1.9079256,14.078134
198,6.853582554517134,-3.1130006,5.6771603,-5.2469554,-8.950679,1.7634254,14.661572
199,6.888196607822776,-3.4059358,4.613048,-4.257038,-7.2220497,0.33729216,9.650453
200,6.922810661128418,-2.165092,2.9443762,-3.7242627,-7.8365407,0.80931324,9.067035
201,6.95742471443406,-2.2305424,2.4991157,-6.256936,-8.572132,-0.74293494,10.878968
202,6.992038767739702,-1.5494442,2.920131,-2.6983478,-5.671181,0.23107696,7.2373376
203,7.026652821045344,-1.899458,2.6416616,-5.802693,-9.625737,-0.12985146,11.736301
204,7.061266874350986,-1.2846669,3.3106337,-4.446804,-7.719649,1.4540986,10.429111
205,7.095880927656629,-1.5213099,4.1289644,-4.5105686,-6.5461097,1.630251,10.496996
206,7.130494980962271,-4.704792,3.2368011,-5.955134,-8.748195,0.8462954,9.641538
207,7.165109034267913,-4.499714,2.7231638,-2.4574268,-5.9699135,0.8632269,6.740804
208,7.199723087573555,-2.253828,4.873607,-4.0052295,-8.092362,1.1774576,12.075738
209,7.234337140879197,-0.43457043,3.4178123,-3.799548,-8.65136,-1.1748909,11.671674
210,7.268951194184839,-2.3572721,5.8476734,-3.6026902,-7.0300226,-0.55690813,10.002645
211,7.303565247490481,-2.8509183,5.9459314,-4.7446556,-8.633778,-0.959026,12.563277
212,7.338179300796123,-2.570427,6.8130527,-4.9492188,-7.871036,0.3047058,13.206452
213,7.372793354101765,-4.483549,5.7818103,-5.509359,-8.005848,0.7612679,13.026005
214,7.407407407407407,-4.2350135,4.136184,-5.311417,-5.5153255,-0.51093227,8.028582
215,7.4420214607130495,-5.1888485,6.8764863,-5.3941364,-8.675849,1.8111559,12.849312
216,7.4766355140186915,-3.6554532,5.47058,-5.103332,-7.762887,2.105146,11.683979
217,7.511249567324334,-4.803987,5.632204,-5.3832192,-9.027032,1.3469638,10.817541
218,7.545863620629976,-2.8824735,6.957887,-3.9756763,-7.122002,1.0347853,12.378929
219,7.580477673935618,-2.0974326,3.9072258,-5.02969,-10.662908,1.0738828,12.789393
220,7.61509172724126,-3.219659,7.093783,-3.632773,-7.7964067,0.56363213,11.014775
221,7.649705780546902,-2.0461893,6.5449634,-3.7500072,-8.007957,0.47348374,12.704411
222,7.684319833852544,-0.7146972,9.708627,-1.6416777,-5.792877,-0.28460672,12.382656
223,7.718933887158186,-1.9171529,10.869945,-2.122248,-5.624409,-0.057153884,13.334845
224,7.753547940463828,-1.8327932,9.46916,-2.8824492,-5.237647,-1.0273184,11.599768
225,7.788161993769471,-1.2348579,7.6323066,-3.9074953,-5.7386794,-1.2270337,10.435587
226,7.822776047075113,-0.5642212,8.331012,-3.3739626,-3.491206,-0.6788337,11.601524
227,7.857390100380755,-2.421904,8.289869,-4.3549943,-6.0463,-1.4947375,13.469951
228,7.892004153686397,-3.160348,7.866874,-4.6331434,-5.630116,0.2252643,14.765846
229,7.926618206992039,-1.3478695,7.0996785,-4.17318,-6.3585277,-0.8337099,11.939306
230,7.961232260297681,-1.0645173,10.131958,-3.163654,-5.188339,0.0029028817,14.518315
231,7.995846313603323,-1.4441949,10.458828,-3.2810118,-4.6046424,-0.23275124,16.271936
232,8.030460366908965,-1.9100751,5.3679857,-3.8284836,-7.4285493,1.3315321,12.626502
233,8.065074420214607,-1.0025384,5.9822807,-4.868293,-9.049492,1.3042874,13.704717
234,8.09968847352025,-1.781811,6.969162,-2.6070106,-6.935895,0.6546113,11.868219
235,8.134302526825891,-1.7842765,8.028505,-3.145227,-7.0655117,0.6443899,12.639416
236,8.168916580131533,0.22842485,6.521512,-5.689999,-10.490345,2.2493625,13.139656
237,8.203530633437175,-1.2751793,7.3601995,-5.2284875,-10.349746,3.0247118,15.668907
238,8.238144686742817,-2.683543,9.043691,-5.445521,-9.960971,4.0391955,16.041996
239,8.27275874004846,-4.1301837,8.145723,-6.054694,-9.201848,3.788718,13.85602
240,8.307372793354102,-4.2178473,6.29017,-5.8298826,-9.269992,4.3601594,12.689081
241,8.341986846659744,-2.3902802,2.1518996,-5.7257023,-11.305375,1.0127306,10.698435
242,8.376600899965386,-0.8007259,2.9287522,-5.1207304,-9.435347,0.43010166,11.2756
243,8.411214953271028,-2.2451022,5.1091137,-3.0474436,-8.404106,0.14227489,12.236561
244,8.44582900657667,-3.090219,3.685593,-3.1039605,-5.472945,0.28299162,7.5436664
245,8.480443059882312,-1.5978557,4.118316,-3.4160624,-7.876415,0.69459975,10.446682
246,8.515057113187954,3.5320928,5.3908644,-2.028573,-4.3172264,1.6096569,8.125845
247,8.549671166493596,0.87492365,6.851217,-3.0181074,-3.4032426,2.0802739,9.814791
248,8.584285219799238,0.04368957,5.604673,-4.4092894,-4.3860373,2.3668413,7.3513165
249,8.61889927310488,-0.91069895,6.7989225,-4.9527473,-5.9301567,1.2778676,10.7817545
250,8.653513326410522,-0.22019666,7.419476,-4.864287,-4.4686084,0.7442072,12.082336
251,8.688127379716164,-1.5188572,6.6880417,-3.4205105,-5.409599,1.7415675,11.883152
252,8.722741433021806,1.0875394,6.348091,-2.7609115,-3.714726,3.3050473,8.557014
253,8.757355486327448,0.4382077,3.50402,-2.8909092,-2.1997807,2.9120207,4.917872
254,8.791969539633092,-1.6404396,4.6235046,-3.9748871,-4.530424,2.7831833,7.229279
255,8.826583592938734,0.087443314,6.6883135,-3.5611575,-3.81114,3.9324813,7.922381
256,8.861197646244376,0.13139461,6.777214,-2.5921443,-3.2791119,1.9814762,6.9493523
257,8.895811699550018,-1.9612558,6.706195,-5.3094373,-7.060798,1.8848064,10.498004
258,8.93042575285566,-3.7849433,4.7663913,-4.282155,-7.0268283,-0.09100529,9.559054
259,8.965039806161302,-2.7932746,1.2147894,-6.840728,-9.232411,-0.16038449,8.964968
260,8.999653859466944,-1.0139428,3.2873995,-1.0711193,-5.1758575,-0.6400364,6.656051
261,9.034267912772586,-2.3026798,1.7092353,-6.711094,-10.94096,0.42344645,11.243116
262,9.068881966078228,-0.4991275,4.1226797,-5.270311,-7.712838,0.2825516,10.662143
263,9.10349601938387,-2.9457695,3.753178,-6.2952027,-8.630666,0.13856009,8.785829
264,9.138110072689512,-4.8043633,3.7196884,-5.6075892,-9.012068,0.5525844,8.49107
265,9.172724125995154,-5.7207932,3.1042795,-5.276317,-7.1598425,0.93487144,7.942039
266,9.207338179300796,-1.4115549,5.985779,-3.9513688,-8.545599,0.6252238,12.074245
267,9.241952232606438,-1.3818731,3.7268848,-4.7042937,-9.906033,0.059791703,12.302555
268,9.27656628591208,-0.8441782,2.8993719,-2.5687547,-6.7108865,1.1138053,5.422504
269,9.311180339217723,-0.27503315,3.8853407,-0.9416527,-4.0355277,-0.6254226,6.4256206
270,9.345794392523365,-0.025089629,4.093211,-0.9606664,-3.3212738,0.61346036,5.326304
271,9.380408445829007,1.0072061,6.0168743,-0.9895196,-3.297126,-0.060849197,5.803468
272,9.415022499134649,-1.0709558,6.4918027,0.50702286,-3.0688183,0.40025285,6.31521
273,9.44963655244029,-0.28165832,5.449002,-2.5395296,-4.6171703,1.4070665,7.484841
274,9.484250605745933,-0.55802363,5.3919435,-1.4631532,-3.6645954,1.219341,6.485327
275,9.518864659051575,-2.1474304,5.2236667,-1.6944443,-3.3782136,1.3683105,7.048054
276,9.553478712357217,-1.0169803,6.900002,-0.69168615,-4.1476154,1.282944,7.9122543
277,9.588092765662859,-1.2256862,4.8972187,-2.652939,-5.446408,0.6382467,8.51871
278,9.622706818968501,-1.0920244,4.438961,-3.031115,-4.915817,1.1018125,7.3332944
279,9.657320872274143,-1.7709428,4.289639,-1.4523246,-2.4552119,-0.08654453,6.1617627
280,9.691934925579785,-1.828796,5.8800974,-1.336632,-4.2772303,0.30807054,8.003373
281,9.726548978885427,-1.3003532,3.9590576,-4.492265,-7.8597913,-0.55944055,12.09195
282,9.76116303219107,-1.005376,4.631308,-2.907705,-5.438683,-0.31877044,9.324305
283,9.795777085496711,-0.6376022,4.3493423,-3.985921,-5.0947113,-0.09776105,12.71434
284,9.830391138802353,0.11769817,4.559779,-3.2673216,-4.1415844,-0.46410742,9.559185
285,9.865005192107995,-0.5855266,6.546259,-4.0868587,-6.353302,-0.1132582,12.854402
286,9.899619245413637,-1.1545832,4.878427,-4.1512175,-6.9137154,-0.80875736,12.606364
287,9.93423329871928,-2.0277116,2.9157453,-3.354154,-7.1806893,0.95395356,11.285383
288,9.968847352024921,-1.540795,4.520274,-1.7116654,-5.182325,0.34398952,8.47535
289,10.003461405330563,-2.6059577,4.114848,-1.5642664,-3.5259192,-0.21971187,8.1254425
290,10.038075458636206,-1.528819,3.9663014,-1.5161293,-4.373674,-0.0014945323,8.827234
291,10.072689511941848,-0.7310475,4.7499847,-1.3710793,-4.06628,0.12613878,9.135875
292,10.10730356524749,-2.1856263,3.522527,-2.0331557,-5.0546455,1.4626138,7.4428773
293,10.141917618553133,-3.5456848,5.425111,-1.8289917,-2.1596978,1.0791575,7.226856
294,10.176531671858775,-2.134893,4.8300767,-2.0208495,-4.543634,1.5478487,9.5250435
295,10.211145725164418,-1.2756417,4.2079597,-1.5203696,-4.3234906,0.38328475,8.862692
296,10.24575977847006,-0.0035859863,6.093227,-2.8654494,-4.577395,0.7261471,12.143853
297,10.280373831775702,-2.6850631,5.3326864,-3.7571847,-4.707739,-0.34054762,8.269733
298,10.314987885081344,-1.7975223,5.4831524,-1.8958107,-5.3416924,0.8008442,10.61833
299,10.349601938386986,-0.720615,6.0998864,-2.3832443,-5.853639,1.0482829,12.2237835
300,10.384215991692628,-2.3550303,5.241713,-2.20103,-4.3936357,1.170908,8.228432
301,10.41883004499827,-4.6018567,3.4930458,-3.658774,-5.114101,0.33306006,6.4789157
302,10.453444098303912,-1.8540219,5.3845754,-2.6651063,-4.906008,1.2818775,11.245565
303,10.488058151609554,-2.0168555,4.415887,-3.4121811,-6.9997616,1.4229054,10.036698
304,10.522672204915196,-1.0273105,5.195545,-4.2845373,-9.093132,0.6802972,14.051752
305,10.557286258220838,2.0033424,8.990543,-1.645247,-4.2470016,-0.81731457,12.356059
306,10.59190031152648,0.6381302,9.7496605,-3.862673,-5.9060407,0.1252992,15.730505
307,10.626514364832122,0.58469784,8.763317,-4.705884,-7.900888,0.5079241,15.844162
308,10.661128418137764,-1.3081337,4.8091516,-2.9715388,-6.1923,0.5991844,10.325285
309,10.695742471443406,-1.113051,4.703788,-0.6796517,-3.3146398,-0.58844125,7.82902
310,10.730356524749048,-1.6047485,5.6179595,-2.796259,-5.393434,0.35788947,10.64308
311,10.76497057805469,-0.5614338,5.8952603,-2.5365531,-5.4122677,1.5069864,11.79672
312,10.799584631360332,-0.5494332,5.085931,-0.42162386,-2.9099011,-1.3615516,9.131915
313,10.834198684665974,-2.5698304,4.4881215,-0.4358109,-2.892631,0.63215405,5.814835
314,10.868812737971616,-1.733789,6.0576596,-2.882094,-5.3049016,1.8256328,11.925033
315,10.903426791277258,-0.6476677,5.384124,-2.426263,-5.1997485,0.87567496,10.836162
316,10.9380408445829,-0.7161268,6.1937785,-4.970045,-9.6023245,1.1002482,14.995693
317,10.972654897888543,0.3872202,7.0903997,-3.3037262,-9.580831,1.0360147,14.012416
318,11.007268951194185,-0.47026673,7.6456256,-3.8128583,-11.062343,2.3599112,18.120224
319,11.041883004499827,-1.3165609,5.6398826,-5.707906,-11.811501,2.5355272,17.345633
320,11.076497057805469,-2.0050101,4.184043,-4.5746727,-10.078048,1.9302771,14.387794
321,11.11111111111111,-1.2631619,4.721376,-2.78143,-5.9436584,1.7828602,9.336735
322,11.145725164416753,-3.3477397,3.5591843,-3.3840463,-7.3121643,0.97676516,10.7241535
323,11.180339217722395,-0.27011502,6.015636,-2.8800547,-7.601588,1.0054803,12.589556
324,11.214953271028037,-0.97723067,4.835544,-1.3390373,-4.0560584,0.8660377,7.9464545
325,11.249567324333679,-2.752748,1.4709022,-2.912384,-5.0077076,1.8184999,3.244678
326,11.284181377639321,-2.5655434,5.836607,-3.8556254,-8.08604,2.4079258,12.732483
327,11.318795430944963,-0.47783408,7.078987,-2.7534459,-8.619877,1.773844,14.0251045
328,11.353409484250605,0.4390725,10.340436,-2.3107314,-8.241479,1.6185434,16.801905
329,11.388023537556247,-1.7878325,9.617415,-3.3156474,-7.7552633,1.5558486,16.376747
330,11.42263759086189,-1.0612245,11.012464,-2.015286,-7.417351,1.9056013,16.157005
331,11.457251644167531,-0.9597867,8.244577,-3.9118662,-6.154378,1.0503693,17.644873
332,11.491865697473175,-1.7513367,8.30904,-3.5467744,-8.612874,2.7602289,17.974861
333,11.526479750778817,-1.2539876,3.750823,-5.2828975,-10.6923,2.0516083,13.572084
334,11.561093804084459,0.6026213,7.148504,-3.423716,-8.098026,1.1402556,11.668485
335,11.595707857390101,-0.16795993,9.3207,-2.5712352,-7.568997,0.62461495,11.183698
336,11.630321910695743,0.041689143,5.786378,-2.342679,-5.0699034,0.83100855,7.9231877
337,11.664935964001385,0.5032589,7.8780985,-1.1746407,-4.566563,1.2458845,9.775666
338,11.699550017307027,0.9241125,6.087511,-2.6343875,-3.833726,1.4469155,9.469417
339,11.73416407061267,-1.7301372,4.9608955,-4.2142453,-5.772556,1.0257009,8.786649
340,11.768778123918311,0.24991581,6.8714914,-1.4811503,-3.5289352,0.14012034,9.172183
341,11.803392177223953,-0.30412066,8.616074,-2.4605055,-5.3608804,1.2917773,12.635739
342,11.838006230529595,-0.1553623,10.610788,-2.8389912,-4.254846,0.8698613,16.097586
343,11.872620283835237,0.9166328,7.1354833,-3.2543871,-5.531986,0.82452583,13.67436
344,11.90723433714088,-0.18074918,5.436922,-2.031312,-4.4836197,1.3571112,9.289418
345,11.941848390446522,0.64968646,4.139124,-1.176017,-2.6662903,1.2205613,7.332257
346,11.976462443752164,0.34383348,5.065765,-1.2930323,-3.6428869,0.95156544,8.064749
347,12.011076497057806,-0.332465,4.515439,-0.88105893,-3.171532,1.764732,5.870747
348,12.045690550363448,0.16107748,7.843886,-1.8652804,-4.244449,1.4859301,11.35875
349,12.08030460366909,-0.133561,7.578693,-2.8821785,-6.5129323,1.4552932,12.614378
350,12.114918656974732,-0.053062037,6.258104,-2.5907078,-4.2470703,1.3630111,11.203024
351,12.149532710280374,-3.6540847,7.1082363,-3.9455886,-6.356979,0.6810996,10.098675
352,12.184146763586016,-0.5587715,6.2930107,-1.4671352,-4.205362,1.1584078,9.807985
353,12.218760816891658,-4.26693,4.386673,-2.4909115,-3.0865781,-0.7902428,5.2065125
354,12.2533748701973,-0.5427819,8.91281,-1.638937,-4.317013,1.3228105,12.7228985
355,12.287988923502942,-0.62597674,8.054109,-3.105889,-7.6704865,1.3438566,14.297342
356,12.322602976808584,-0.14162166,8.815985,-3.2065477,-8.271903,0.7406419,15.467983
357,12.357217030114226,0.7892876,10.201244,-2.9873304,-8.338163,1.5641333,17.185455
358,12.391831083419868,0.3487675,6.676979,-3.4979606,-7.523238,1.4797659,13.025113
359,12.42644513672551,-0.852465,5.358011,-2.7738605,-5.6690536,0.44487947,9.414873
360,12.461059190031152,-0.7425264,6.2748075,-2.3615663,-6.3683677,1.7981553,11.909887
361,12.495673243336794,0.5705628,7.643088,-1.5450029,-6.4300275,1.9516162,13.909081
362,12.530287296642436,-2.7586014,5.5641127,-2.8291655,-5.5992155,2.249967,7.458595
363,12.564901349948078,-2.60442,1.4801167,-3.0161195,-4.963529,1.8564363,3.3305454
364,12.59951540325372,-1.7839208,9.33871,-2.9685464,-6.8647156,2.7582335,13.721522
365,12.634129456559362,0.6694197,10.699627,-1.6749904,-7.372133,2.1516588,16.731384
366,12.668743509865005,-1.3612597,9.3852825,-3.7302523,-7.3079987,5.0393863,14.142065
367,12.703357563170647,0.75058544,12.061895,-2.0854902,-6.84219,1.9131273,18.08851
368,12.737971616476289,-1.1954678,8.725759,-2.8528192,-8.518922,3.3237522,16.909805
369,12.77258566978193,0.35907567,7.853558,-4.5015326,-10.379013,1.2561066,14.665055
370,12.807199723087573,0.48405972,9.073115,-2.8732388,-9.859561,0.7458662,15.658767
371,12.841813776393217,0.8119098,9.388716,-3.1762667,-10.676774,1.4448911,18.039978
372,12.876427829698859,1.1097437,10.780979,-2.08641,-9.635137,1.942408,16.460615
373,12.9110418830045,-0.53865427,7.7786484,-4.886709,-10.743022,1.3273438,15.922584
374,12.945655936310143,-1.8223575,5.390372,-4.341976,-9.744285,1.3753722,13.913846
375,12.980269989615785,-2.006707,4.2434516,-2.7944667,-5.594411,-0.27166522,7.909023
376,13.014884042921427,-2.5195582,5.4521966,-3.2458632,-7.335062,-0.3385175,10.538685
377,13.049498096227069,-0.08501802,5.4906526,-3.4355657,-7.525181,0.91538256,12.126901
378,13.08411214953271,-4.4077334,4.3052354,-4.8304915,-8.623587,0.76086426,10.322532
379,13.118726202838353,-4.198229,6.9409385,-2.6898973,-6.9994836,2.542138,9.075579
380,13.153340256143995,-1.3432126,7.4822726,-3.0157917,-7.166589,1.6400555,12.559283
381,13.187954309449637,0.5397913,8.902913,-2.4629447,-8.152495,1.0775802,13.687365
382,13.222568362755279,0.9666703,11.886948,-1.5888351,-6.1287394,1.0761683,14.194901
383,13.257182416060921,1.3041983,8.763147,-4.7654166,-6.1009283,-0.6698957,11.607858
384,13.291796469366563,-0.392384,6.277447,-6.2049866,-7.157173,1.0360806,11.923846
385,13.326410522672205,1.1466569,5.483407,-2.946322,-5.823618,0.8441826,11.128476
386,13.361024575977847,0.56106406,5.399023,-2.3038514,-4.818021,0.64874417,9.115681
387,13.39563862928349,-0.74968433,4.6325645,-2.9621778,-6.4820504,2.3731294,9.796326
388,13.430252682589131,-4.855593,5.4099393,-4.212058,-5.3462176,-0.58198476,7.3062305
389,13.464866735894773,0.14595945,7.0726523,-2.9482062,-6.043819,1.1263363,11.053399
390,13.499480789200415,-0.06976039,6.740882,-3.9621563,-5.9316196,1.0860646,10.28653
391,13.534094842506057,0.20356181,6.846756,-4.384427,-6.651672,1.1047685,13.2105
392,13.5687088958117,-0.5314115,6.1349235,-5.0685005,-8.716894,2.3208354,14.316859
393,13.603322949117342,-1.2714446,4.331928,-4.989477,-7.8053713,1.8863465,11.594142
394,13.637937002422984,-2.5210392,4.238237,-4.0674763,-6.8679795,2.740894,8.041112
395,13.672551055728626,-1.4863238,4.6878686,-2.5980036,-7.5120153,1.39238,11.760505
396,13.707165109034268,0.38029215,6.159844,-2.2656326,-7.884973,2.2247593,14.067015
397,13.74177916233991,-4.2540073,5.062769,-4.015498,-5.6314507,0.27093694,8.492149
398,13.776393215645552,-5.440958,6.154116,-4.274861,-6.580154,-0.0012077227,8.88298
399,13.811007268951194,-1.7812554,8.315237,-3.194809,-7.300805,3.3940523,13.95893
400,13.845621322256836,0.16814014,7.424911,-3.2630327,-9.068196,2.287942,14.745716
401,13.880235375562478,-2.0732253,8.1509695,-4.5437274,-7.987649,4.6255965,13.90303
402,13.91484942886812,-0.2488053,5.2705216,-5.363682,-10.930948,1.6475874,13.465298
403,13.949463482173762,-3.3041382,1.3809057,-6.3656907,-11.020281,0.7821864,9.224765
404,13.984077535479404,-3.6669147,4.742662,-4.633547,-10.297217,-0.4095408,11.172638
405,14.018691588785046,-3.1163247,2.9895394,-6.581332,-12.106514,-0.33861795,12.810363
406,14.053305642090688,-2.816689,4.93719,-5.057027,-8.505802,-0.45553967,11.414507
407,14.08791969539633,-4.0324545,6.50784,-5.6241794,-9.049764,0.72992194,11.252468
408,14.122533748701972,-5.314878,3.5238786,-5.6450186,-5.3220253,-0.9967178,6.548578
409,14.157147802007614,-4.248121,5.2281384,-5.554798,-8.515648,2.137229,11.356298
410,14.191761855313258,-3.4120684,5.0962534,-3.7022686,-6.1048484,0.12583409,8.720458
411,14.2263759086189,-3.2888148,6.1503305,-4.2528896,-7.3281093,0.30544066,11.048588
412,14.260989961924542,-3.5578544,5.5402055,-5.0784326,-10.781931,-0.6282204,12.804447
413,14.295604015230184,-2.2150338,8.857091,-4.0120397,-6.7585907,-1.0116681,12.138813
414,14.330218068535826,-2.7488558,8.786997,-4.448056,-6.507857,-2.442179,14.769636
415,14.364832121841468,-1.7741895,8.957291,-2.521463,-5.4618535,-3.237704,15.549415
416,14.39944617514711,-1.8991251,7.1204567,-5.2303348,-8.266395,-1.846163,12.449446
417,14.434060228452752,-0.6317936,7.7649884,-1.1884727,-4.7693167,-0.5197395,8.686245
418,14.468674281758394,-0.3788752,9.189207,-2.6485605,-4.3562365,-0.78408796,11.507871
419,14.503288335064036,-0.84618044,8.680469,-3.1598282,-3.6736279,1.2549361,9.407156
420,14.537902388369679,0.9611952,9.76143,-1.6616291,-2.780033,0.36596885,9.049641
421,14.57251644167532,0.68010354,9.353715,-2.5104542,-5.1769757,-0.30563247,11.200438
422,14.607130494980963,-2.012287,8.758403,-5.3532405,-7.2425895,-1.6239258,12.75622
423,14.641744548286605,-1.7008045,7.157537,-3.3058567,-4.4363794,-1.5264176,8.930798
424,14.676358601592247,-4.879137,6.9188666,-6.4568605,-8.907035,-1.5315132,10.425964
425,14.710972654897889,-2.8557415,4.944759,-3.4373903,-2.9790728,-1.2993782,6.8327465
426,14.74558670820353,-4.156382,5.4818926,-4.109491,-4.1670456,-1.1480734,7.4074883
427,14.780200761509173,-3.1735694,8.872718,-4.216429,-5.1919823,-1.5323446,10.063793
428,14.814814814814815,-0.77858496,8.024495,-1.1057599,-1.178898,-1.2890097,6.0192113
429,14.849428868120457,-0.98204637,12.789213,-1.1700085,-2.847424,-0.7578948,10.874965
430,14.884042921426099,-2.1479204,8.146732,-4.9939733,-7.227023,-1.9585123,12.450911
431,14.918656974731741,-1.9695152,7.3380957,-6.4568796,-7.036738,-0.4272787,13.097064
432,14.953271028037383,-2.2841644,9.009976,-4.4441156,-7.0788507,0.31707263,16.41168
433,14.987885081343025,-1.3648734,6.9521723,-4.809547,-7.191063,-1.1150753,16.983217
434,15.022499134648667,-2.531323,6.3472023,-4.2375875,-7.13585,-0.3281729,12.418097
435,15.05711318795431,-2.4026313,5.278947,-1.9226913,-2.968291,0.26385468,6.016522
436,15.091727241259951,-2.9056773,5.639353,-3.4396772,-5.035637,0.09717912,9.022906
437,15.126341294565593,-2.4650621,6.174888,-2.4708517,-5.4410357,0.94192344,9.684261
438,15.160955347871235,-4.052427,3.0755954,-3.4181554,-3.1541119,-1.033165,5.2856894
439,15.195569401176877,-2.7455914,7.102612,-2.739711,-5.735893,0.79010177,10.371226
440,15.23018345448252,-3.7422714,6.341756,-2.3405468,-4.693469,0.4837453,7.7858543
441,15.264797507788161,-1.2932746,7.4199452,-2.8242476,-5.9939995,0.9834412,13.708501
442,15.299411561093804,-1.3195229,6.704554,-0.81313646,-2.5079134,0.24155879,6.5427847
443,15.334025614399446,-2.3788214,5.822482,-2.4219713,-5.7093267,0.4452907,10.765402
444,15.368639667705088,-2.7845988,5.391088,-3.009806,-5.9603543,0.74253154,11.240046
445,15.40325372101073,-3.4271798,4.2730455,-3.3162332,-4.279428,-0.10559515,6.817145
446,15.437867774316372,-3.6280842,7.6979537,-2.8773453,-6.7498093,0.8167501,13.448926
447,15.472481827622014,-4.3884315,5.6212525,-4.0705276,-8.931313,1.4400917,12.255232
448,15.507095880927656,-4.1685243,7.8872685,-3.92228,-6.824254,2.4947574,13.176159
449,15.5417099342333,-4.538572,6.1789393,-5.293444,-7.3927913,2.6604874,11.469688
450,15.576323987538942,-4.818357,6.9625077,-4.671464,-8.207438,2.6183228,11.929583
451,15.610938040844584,-3.5191088,6.775654,-3.832629,-8.857352,1.3267821,14.345991
452,15.645552094150226,-2.724389,6.4777026,-5.3018975,-10.440293,-0.14850786,16.747923
453,15.680166147455868,-0.5573515,10.557185,-3.676217,-5.079653,-0.45072255,15.165041
454,15.71478020076151,-0.7793038,10.012102,-4.6156664,-6.907375,0.20005752,17.013468
455,15.749394254067152,-1.5674391,9.506486,-6.3562837,-9.12795,0.6150465,17.081522
456,15.784008307372794,-2.7802894,5.90671,-4.3976164,-7.61167,1.3309515,11.960204
457,15.818622360678436,-1.4417448,6.1222844,-3.2509122,-6.740608,-0.2922469,11.337352
458,15.853236413984078,-1.6196727,6.001321,-2.9842098,-6.4433975,-0.13183695,11.02906
459,15.88785046728972,-2.8092902,5.464198,-2.3106422,-2.7338624,-0.08356112,6.3841767
460,15.922464520595362,-1.8210995,8.239313,-3.916722,-7.6005664,0.5160943,13.158397
461,15.957078573901004,-3.4186099,6.0912952,-3.718939,-6.1078343,1.1337154,9.6157
462,15.991692627206646,-1.1615807,7.2051435,-4.439366,-5.434307,0.54961604,13.069306
463,16.02630668051229,-0.9576677,6.2095313,-3.8098273,-6.4133863,0.67073184,11.545156
464,16.06092073381793,-4.3001924,4.95072,-5.1650324,-10.938151,2.067898,12.807399
465,16.095534787123572,-2.221182,5.9942036,-2.0036316,-6.9434624,2.2233,7.9150023
466,16.130148840429214,-2.361598,8.434482,-4.3165607,-7.5422254,0.53627396,13.966891
467,16.164762893734856,-2.936474,6.603265,-3.4755447,-5.656642,-0.20010091,10.756367
468,16.1993769470405,-1.594243,8.664248,-3.3371475,-5.3794365,-0.67657894,13.299538
469,16.23399100034614,-1.3209182,5.809746,-2.8938138,-3.76646,-0.67544806,6.974656
470,16.268605053651783,-3.6368465,3.8871806,-4.5558147,-5.820514,-0.5513245,7.8168826
471,16.303219106957425,-1.9976169,5.342658,-4.673022,-6.6215634,-0.017633863,11.045631
472,16.337833160263067,-1.0679029,7.893465,-5.1377935,-6.795047,-0.47946212,12.734086
473,16.37244721356871,-0.4842737,9.978953,-4.95725,-7.20092,-0.95233315,16.446732
474,16.40706126687435,-1.0789459,9.441254,-2.6941838,-5.2576284,-2.7756698,15.039161
475,16.441675320179993,-1.162543,6.0717106,-4.31826,-4.8512707,-0.6775319,10.496046
476,16.476289373485635,-2.3168795,7.794089,-4.331303,-5.670122,-1.083647,14.344493
477,16.510903426791277,-2.4415324,7.025702,-7.146341,-10.7847395,-1.7275059,15.986695
478,16.54551748009692,-1.6834564,5.9094143,-4.5454655,-10.813397,1.8687409,14.674156
479,16.58013153340256,-0.106204696,6.8211355,-5.411381,-10.2441225,1.9039341,15.284087
480,16.614745586708203,1.275902,7.2836666,-5.1513677,-5.433794,1.6799101,11.644176
481,16.649359640013845,-1.803798,4.852343,-6.6388607,-8.832552,0.7867585,12.049341
482,16.683973693319487,-1.1886995,3.0681856,-6.109321,-8.8973055,0.4943691,9.451422
483,16.71858774662513,-1.3936834,5.8014855,-3.2421668,-5.223203,1.351166,8.759791
484,16.75320179993077,-1.5620848,5.168286,-5.694241,-7.7342076,0.5288383,12.065072
485,16.787815853236413,-0.9215053,5.0434413,-5.343815,-7.9764376,-0.79650927,12.6223135
486,16.822429906542055,-2.283037,4.691525,-5.159444,-6.9115314,-1.6261089,10.112954
487,16.857043959847697,-2.1449602,1.2081116,-5.5436497,-6.155624,-1.0354867,8.181728
488,16.89165801315334,-3.322067,3.49716,-5.3924766,-6.3183355,0.15660985,10.058447
489,16.92627206645898,-2.1434536,5.1924887,-2.6733453,-2.1879902,-1.2878425,8.242483
490,16.960886119764623,-2.0739875,7.9061565,-5.894652,-7.0438743,-0.8996175,14.604301
491,16.995500173070266,-2.480098,5.6795287,-7.2428102,-9.109642,-0.79522425,14.648719
492,17.030114226375908,-2.9902117,7.605344,-4.9150863,-6.6380496,-2.5384147,12.494772
493,17.06472827968155,-3.5744426,7.5922837,-5.9135923,-5.6568847,-1.1333469,11.800719
494,17.09934233298719,-3.1978462,8.453759,-7.050704,-8.293026,-0.59519595,15.268385
495,17.133956386292834,-2.4545236,4.682757,-4.7749605,-6.5316706,0.32288662,10.034347
496,17.168570439598476,-2.774457,3.9356384,-2.8406458,-3.112632,0.117739886,6.1589723
497,17.203184492904118,-3.2884393,4.782571,-5.220337,-8.458402,-0.2532572,11.7607355
498,17.23779854620976,-3.9308255,4.796154,-4.517847,-4.7063136,-0.9454916,8.261507
499,17.272412599515402,-3.3793454,6.6530666,-5.5243173,-7.9306293,0.65612894,11.9733
500,17.307026652821044,-3.7941947,6.0722785,-4.0482836,-5.5780396,1.1358849,7.9202046
501,17.341640706126686,-2.5815554,6.132338,-5.153791,-6.3602023,0.67242485,13.057287
502,17.376254759432328,-1.582451,4.610237,-2.9428499,-5.107491,0.13694505,9.169922
503,17.41086881273797,-2.858081,6.666213,-2.624213,-3.3312187,0.95364386,6.7729955
504,17.445482866043612,-2.9808145,5.0881863,-4.1059113,-4.2790284,0.24862053,8.090981
505,17.480096919349254,-2.9100847,6.4053054,-5.1027493,-7.877867,1.0737362,13.3549385
506,17.514710972654896,-3.6272113,6.3137765,-5.9205127,-7.036735,1.6132004,11.940357
507,17.54932502596054,-4.0686636,6.6725717,-5.8887773,-7.0194874,1.5510029,12.164811
508,17.583939079266184,-1.2344605,5.981443,-6.4383907,-9.874959,-0.29213056,13.885895
509,17.618553132571826,-1.4957922,4.9738045,-4.1019406,-5.025156,-0.86776626,7.926948
510,17.653167185877468,-1.5323017,5.330769,-5.781944,-7.3973227,-0.08801975,10.47832
511,17.68778123918311,0.53055376,6.154962,-2.9063642,-3.538692,0.82291687,7.838024
512,17.722395292488752,-0.5852229,3.1532426,-4.1877375,-4.7726407,-2.5377898,8.697398
513,17.757009345794394,-0.5748657,5.6373043,-5.9901,-5.2136116,-2.7549345,11.368776
514,17.791623399100036,-0.91947913,7.323514,-5.8589835,-3.639666,-5.115404,10.432786
515,17.826237452405678,-1.7604306,8.081411,-6.566294,-7.8135915,-1.9301906,14.923139
516,17.86085150571132,-1.0822399,8.566197,-6.1572547,-8.6472845,-0.61016566,17.026215
517,17.895465559016962,-1.4097803,10.161184,-5.8535686,-7.4581895,0.08548061,15.985383
518,17.930079612322604,-2.9988344,11.829308,-4.450102,-6.534521,0.8720156,14.103035
519,17.964693665628246,-1.031282,6.113969,-6.7569814,-9.202192,0.016215552,11.685839
520,17.99930771893389,-1.532293,5.5035763,-3.8444774,-4.8394413,0.81470424,7.9786444
521,18.03392177223953,-1.6511328,5.303385,-4.940358,-6.6514344,0.49949774,9.80098
522,18.068535825545172,0.25692323,4.0412292,-1.1640775,-2.9082522,0.8197027,6.5957446
523,18.103149878850815,0.7897239,4.5671535,-2.7744741,-4.883707,0.74912196,7.871587
524,18.137763932156457,-0.7835004,4.7721047,-4.8829637,-4.74568,-1.2092286,8.978223
525,18.1723779854621,-1.0562862,10.038275,-3.1396067,-5.3971066,-2.6744936,15.042339
526,18.20699203876774,-1.1844403,8.726268,-4.24125,-6.053163,-1.3135936,15.765442
527,18.241606092073383,-1.5768578,9.474179,-4.114389,-4.7363772,-0.5311325,14.679263
528,18.276220145379025,-1.7448618,8.706796,-4.8393245,-6.9458113,-0.24286397,15.6695595
529,18.310834198684667,-0.5696942,8.682221,-4.8240666,-6.641209,-1.2419419,14.040085
530,18.34544825199031,0.11508842,9.363804,-5.2420936,-7.9298277,-0.54223764,17.71958
531,18.38006230529595,-2.2201176,6.92809,-4.6843348,-7.3243623,-0.23674259,12.816344
532,18.414676358601593,-1.5315635,6.0861545,-2.0649903,-4.84643,-0.25859693,9.774402
533,18.449290411907235,-2.2890155,5.9253335,-2.7093122,-6.2891645,0.18930663,11.6861315
534,18.483904465212877,-1.0516249,6.149986,-3.144379,-5.6566086,-0.029755458,12.037812
535,18.51851851851852,-2.1320333,7.818269,-4.3806067,-6.3140926,0.40950295,12.460407
536,18.55313257182416,-3.534284,5.8205867,-3.7756262,-6.1711216,0.24917218,9.210863
537,18.587746625129803,-1.6228898,6.738103,-4.3663,-5.5453696,0.21548267,13.739729
538,18.622360678435445,-3.1152108,6.427263,-3.4535933,-6.4730954,0.24771313,9.287225
539,18.656974731741087,-2.0831535,1.6064191,-2.979522,-4.7812686,1.7861122,3.1757908
540,18.69158878504673,-1.5503172,5.565025,-4.3185534,-5.911207,0.07659535,12.13944
541,18.72620283835237,-2.2929378,7.870432,-4.841454,-6.864678,0.39329368,13.539555
542,18.760816891658013,-2.0489988,6.529705,-3.605996,-6.8605924,-0.18482429,12.549271
543,18.795430944963655,-1.4281617,6.1962276,-5.921701,-9.959906,-1.5799161,14.562515
544,18.830044998269297,-1.8487284,7.5298886,-5.4339366,-8.825781,-0.72463596,13.719288
545,18.86465905157494,-1.148097,5.387478,-3.7829287,-4.7972865,0.7185853,8.843913
546,18.89927310488058,-3.1236203,8.367728,-5.7984667,-9.859982,1.00384,15.269802
547,18.933887158186224,-1.9626406,9.149179,-4.3106184,-6.545319,1.9678955,11.931154
548,18.968501211491866,-2.4261518,8.509655,-4.9959755,-5.9748764,2.5504863,11.041003
549,19.003115264797508,-2.8383918,6.1362753,-6.539032,-11.129665,-0.07053679,16.447283
550,19.03772931810315,-3.0855637,4.055445,-5.614052,-10.447295,0.8738215,13.838176
551,19.07234337140879,-3.232484,3.956093,-4.608337,-9.0575,0.19740312,11.611246
552,19.106957424714434,-3.5058227,3.6574724,-4.8097644,-9.8433275,1.5574635,10.867371
553,19.141571478020076,-1.2638284,3.938484,-3.3872445,-7.4419985,1.2958726,11.540057
554,19.176185531325718,-3.7295742,5.8369656,-5.0772576,-9.612437,1.9870784,13.830345
555,19.21079958463136,-4.0958314,3.6328127,-5.3954268,-10.048348,1.5086932,11.123614
556,19.245413637937002,-1.5136135,10.928156,-2.802973,-9.192237,2.6363466,18.889874
557,19.280027691242644,-2.8648398,7.626135,-3.8977487,-10.464702,3.115283,18.128376
558,19.314641744548286,-1.8264412,8.783424,-4.4026246,-6.083418,2.0079265,11.552072
559,19.349255797853928,-2.9413242,8.3259535,-4.78165,-6.504296,0.63744575,11.398347
560,19.38386985115957,-0.83993804,9.545621,-5.05459,-4.6864457,1.6205745,12.619177
561,19.418483904465212,-3.1374097,8.384776,-5.795578,-7.4188685,1.9792416,17.279419
562,19.453097957770854,-2.5937095,4.48495,-6.5541534,-12.309414,1.8759389,15.727899
563,19.487712011076496,-2.970526,2.5980742,-7.7929707,-13.317066,1.0742838,13.671117
564,19.52232606438214,-2.2072268,2.8732944,-6.765904,-13.535891,1.0054822,14.885536
565,19.55694011768778,-2.8413506,3.970807,-5.8752646,-11.415346,0.9648884,12.664789
566,19.591554170993422,-1.2259868,6.588304,-3.569297,-7.67305,0.72063416,12.885681
567,19.626168224299064,0.16477244,7.350718,-2.3107293,-5.2998095,0.26943243,9.936779
568,19.660782277604707,0.33416083,9.251365,-2.6746886,-4.096455,0.32147714,12.422662
569,19.69539633091035,-0.3240371,7.212572,-2.9444242,-2.1485097,-0.14182948,10.977785
570,19.73001038421599,-1.0285182,6.9067492,-3.2942777,-8.175307,-0.16911152,12.905751
571,19.764624437521633,-1.2186809,5.3089623,-0.23474765,-2.5114536,0.8445574,7.368116
572,19.799238490827275,-0.3005212,7.05906,-2.7023673,-5.7618046,0.40265328,11.0745
573,19.833852544132917,-0.9872889,7.660009,-1.0541513,-3.5232067,-0.15904388,10.980744
574,19.86846659743856,-1.3204955,7.614873,-1.0117147,-3.1699302,1.3723868,9.540951
575,19.9030806507442,-1.327556,8.875987,-2.3464863,-5.2545047,1.7433443,12.25811
576,19.937694704049843,-0.3242235,9.026361,-2.6070292,-5.261505,-0.58090955,15.292679
577,19.972308757355485,-1.3851826,6.9439793,-2.873109,-4.494948,0.21665555,10.463996
578,20.006922810661127,-1.874272,6.108443,-1.483977,-2.6617687,0.50192326,8.737515
579,20.04153686396677,-1.3081009,7.1071596,-2.7675726,-6.8862834,1.2177942,9.903818
580,20.07615091727241,-0.7453176,7.7844114,-3.0401883,-5.3710003,0.65103024,12.535896
581,20.110764970578053,-2.4472897,5.6037436,-1.6524636,-2.294335,0.8276229,7.6502337
582,20.145379023883695,-1.81275,7.119245,-1.5190396,-2.6421096,1.5221384,9.912273
583,20.179993077189337,-0.46423224,7.9374905,-1.9025906,-4.071727,1.3077207,12.167042
584,20.21460713049498,-0.5323764,6.7253137,-2.9601295,-2.9012477,0.18204452,10.722082
585,20.24922118380062,-0.8469883,6.546076,-2.5612416,-2.2815065,0.1408975,8.995103
586,20.283835237106267,-1.2060065,5.8374195,-2.2509975,-1.0988019,1.0018173,8.851437
587,20.31844929041191,-1.0146391,7.361035,-3.141715,-1.3426808,0.74156886,10.431774
588,20.35306334371755,-1.195897,7.241993,-3.9231079,-2.6308403,0.23378107,10.995707
589,20.387677397023193,-1.380813,7.8305006,-3.022062,-4.3991337,-0.9359034,12.768715
590,20.422291450328835,-1.4468716,8.81556,-2.058996,-6.9656787,-0.98025775,14.004721
591,20.456905503634477,-1.0968552,10.155192,-2.6418328,-7.4771967,-0.015155187,12.8296795
592,20.49151955694012,-2.6585371,10.694653,-4.390833,-7.882986,-0.5369522,14.85117
593,20.52613361024576,-2.6680725,12.672393,-2.5415459,-7.1074357,-0.42836705,15.6326685
594,20.560747663551403,-1.8051649,12.737624,-1.5962061,-5.8741236,-0.91072065,16.391598
595,20.595361716857045,-2.3092163,8.98793,-3.0697625,-5.2828293,-1.7563477,13.766945
596,20.629975770162687,-1.5308096,13.126676,-1.9646887,-4.6733665,-2.196892,18.133234
597,20.66458982346833,-1.6846246,12.727387,-1.1489875,-5.669503,-1.7390827,18.086868
598,20.69920387677397,-1.0241084,13.423961,-0.61539775,-5.6599116,-0.53353965,19.850706
599,20.733817930079613,-1.9438334,14.148774,-1.4964993,-5.1573906,-0.92479056,20.45846
600,20.768431983385256,-1.6298952,13.24231,-3.340392,-6.806216,1.1347221,20.05199
601,20.803046036690898,-2.331696,10.218134,-4.0423107,-7.6607847,1.0332943,16.596336
602,20.83766008999654,-2.5701044,9.815281,-4.1099877,-7.9776363,1.2113106,17.330578
603,20.87227414330218,-1.5551649,8.734669,-4.321222,-9.635606,0.5079111,15.816215
604,20.906888196607824,0.06794116,8.351447,-2.4275575,-9.825446,1.0478154,14.856163
605,20.941502249913466,0.06361851,8.991286,-2.3771298,-10.458938,1.8223093,17.190413
606,20.976116303219108,0.5720954,9.581878,-2.009164,-10.294234,2.5159128,17.390104
607,21.01073035652475,-0.76111805,7.076966,-4.268993,-9.172324,0.7826185,13.886411
608,21.045344409830392,-2.2438297,9.12073,-3.9092553,-9.626163,0.6683243,17.346325
609,21.079958463136034,-2.2404785,8.910577,-3.8292212,-7.7000155,0.7414568,14.399522
610,21.114572516441676,-3.2253237,8.248673,-4.609201,-9.791706,1.5665848,16.59742
611,21.149186569747318,-2.096282,4.2037573,-5.7621846,-9.852174,0.67203873,12.819232
612,21.18380062305296,-1.3905845,0.11725438,-2.7428787,-4.9629917,0.71229523,2.81292
613,21.218414676358602,-2.1436903,1.7162851,-6.6724324,-12.826194,1.2469388,13.870668
614,21.253028729664244,-3.4656432,6.1875324,-3.2499714,-11.808572,2.8789024,14.613076
615,21.287642782969886,-3.5806603,3.9132922,-6.0211678,-12.29271,1.4292877,13.232373
616,21.32225683627553,-2.0233953,4.745568,-5.639591,-11.381715,1.5002823,13.946846
617,21.35687088958117,-2.0826309,4.6083665,-6.701862,-13.786672,3.418585,15.009004
618,21.391484942886812,-3.4032488,2.3102956,-7.3850064,-14.4222,1.7555027,14.079629
619,21.426098996192454,-2.9735386,0.8917534,-8.034105,-13.928946,1.601014,12.834588
620,21.460713049498096,-2.0418174,4.059219,-5.0933733,-10.426181,0.34553233,12.91742
621,21.49532710280374,-2.1558735,3.0846992,-6.9598575,-12.192988,0.5607738,13.935631
622,21.52994115610938,-1.5121471,6.5108376,-5.487549,-11.057698,0.64565146,13.729992
623,21.564555209415023,-1.6812084,3.147365,-6.7332573,-12.223076,0.9529908,14.0177
624,21.599169262720665,-2.5180054,2.655772,-5.3021083,-10.638715,1.1531041,13.297253
625,21.633783316026307,-3.08542,4.0506577,-3.171033,-8.534249,1.0100154,10.537432
626,21.66839736933195,-1.4822248,3.8370144,-3.2110274,-9.987733,1.5265034,12.837909
627,21.70301142263759,-0.6163427,4.164828,-3.492056,-9.026678,1.436148,12.665843
628,21.737625475943233,-1.9898355,5.268814,-1.8853756,-5.201247,-0.47565943,7.7411065
629,21.772239529248875,-2.4375355,5.813061,-1.3483275,-4.5388117,-0.58376026,7.3507533
630,21.806853582554517,-2.9461575,4.0809293,-4.897333,-8.281007,2.0204184,11.269263
631,21.84146763586016,-2.4188316,4.474941,-5.311948,-8.964157,1.6083751,11.161868
632,21.8760816891658,-1.9720652,2.66633,-7.5501747,-13.9440775,0.22641526,13.563394
633,21.910695742471443,-4.8582673,6.559847,-4.120716,-9.501256,0.64843506,11.259469
634,21.945309795777085,-3.6781223,5.104782,-7.0911546,-12.318673,0.41922763,13.306004
635,21.979923849082727,-4.2890267,5.467623,-7.673691,-10.995023,0.9656529,13.440117
636,22.01453790238837,-5.997874,5.967094,-7.8371086,-10.99032,1.8847855,13.170305
637,22.04915195569401,-4.8524494,5.123774,-8.058982,-9.452538,2.4956152,10.768707
638,22.083766008999653,-4.8289294,4.87885,-5.6642246,-9.192848,1.6268327,9.786269
639,22.118380062305295,-5.433636,5.626557,-7.0505548,-11.381252,1.3131392,14.1337595
640,22.152994115610937,-4.021704,2.492812,-7.3543615,-12.653765,1.1394295,13.969036
641,22.18760816891658,-4.0006475,2.8887057,-5.585122,-11.191198,1.306918,13.137102
642,22.22222222222222,-4.7336655,3.4423487,-4.698233,-9.346315,0.476068,11.0866585
643,22.256836275527863,-2.7834232,3.5889397,-3.2295606,-7.028794,1.1272513,8.743126
644,22.291450328833506,-3.3468444,1.9798839,-5.28534,-10.549663,1.6076634,12.317423
645,22.326064382139148,-4.4070024,3.683916,-6.854807,-10.679823,1.7688723,12.430255
646,22.36067843544479,-4.3443375,2.5015092,-7.5748353,-11.995121,1.889886,11.742333
647,22.39529248875043,-2.6539094,2.0604215,-8.558725,-15.566911,2.2140172,15.179352
648,22.429906542056074,-2.3487163,5.156016,-4.7640834,-9.731839,1.6412594,12.300338
649,22.464520595361716,-3.158236,4.215193,-8.085231,-13.473451,2.670992,14.817153
650,22.499134648667358,-3.5547812,7.0190744,-6.938298,-11.018978,3.7624574,13.8749695
651,22.533748701973,-4.29405,6.938376,-5.868455,-10.265275,4.32869,13.476204
652,22.568362755278642,-4.3212323,1.9277322,-8.954233,-13.49845,2.3075871,12.793968
653,22.602976808584284,-2.6819496,3.0770328,-6.0727696,-9.478017,0.8716752,10.227509
654,22.637590861889926,-2.6911473,4.5677633,-2.3219583,-7.5535145,0.5249677,10.204466
655,22.672204915195568,-2.474885,2.8422935,-4.1881957,-10.13502,1.3445641,11.643024
656,22.70681896850121,-2.17193,3.363865,-5.4619083,-10.056893,0.8411278,11.284725
657,22.741433021806852,-3.3106456,8.314875,-0.94973296,-10.19638,7.365917,12.545599
658,22.776047075112494,-2.827808,9.754167,-0.23280399,-7.263384,3.2030087,6.3643656
659,22.810661128418136,-3.7850838,3.6382377,-6.702653,-9.075419,1.2376848,10.044954
660,22.84527518172378,-3.210125,5.9727883,-3.1291347,-7.1448526,1.6431087,9.8605585
661,22.87988923502942,-5.718709,0.31950682,-8.539067,-13.403792,2.17897,11.602164
662,22.914503288335062,-2.7452476,5.6316752,-3.0488503,-6.475954,1.7860477,8.012379
663,22.949117341640704,-3.5546622,5.9144983,-2.452243,-5.62899,0.32750514,9.040511
664,22.98373139494635,-3.9396584,7.3790226,-2.4831035,-4.700733,0.16665588,9.424271
665,23.018345448251992,-3.599537,2.186286,-5.5962186,-9.877312,1.5659118,11.286755
666,23.052959501557634,-3.4877224,2.5555832,-7.241821,-9.944948,1.6726168,10.962623
667,23.087573554863276,-4.5980525,2.6080549,-7.6881213,-11.758963,2.0495183,12.165309
668,23.122187608168918,-3.2657464,0.7269649,-7.628181,-12.682112,2.9824889,12.7014475
669,23.15680166147456,-2.6815865,7.758424,-1.1304843,-5.901215,3.7059784,8.882437
670,23.191415714780202,-1.7641075,5.1643405,-1.5959135,-7.1157775,1.312003,9.849894
671,23.226029768085844,-1.7747507,4.1005697,-2.8099532,-7.482664,1.78243,9.552958
672,23.260643821391486,-0.9122897,5.48025,-1.6447818,-7.5716386,1.8120805,10.95056
673,23.29525787469713,-1.512852,7.3004365,-0.5981074,-7.746099,0.6811469,12.101075
674,23.32987192800277,-2.7316515,7.4522004,-1.6462862,-4.8120956,0.7477672,7.7497053
675,23.364485981308412,-1.5844045,4.7252316,-3.5692914,-5.905593,1.6719555,8.431073
676,23.399100034614055,-2.6340857,6.7656364,-1.8891273,-6.3025513,0.4880961,10.28502
677,23.433714087919697,-1.3918469,5.8012676,-1.8329406,-8.035941,2.5463803,12.283204
678,23.46832814122534,-3.2723718,8.601762,-0.8058537,-4.822231,0.66247284,9.493932
679,23.50294219453098,-3.180707,4.7732162,-2.7443264,-8.054808,4.4764857,10.596591
680,23.537556247836623,-1.5813801,6.3940053,-1.3667898,-9.288811,1.8863143,13.8028
681,23.572170301142265,-1.334639,5.895152,-3.8047292,-9.699508,3.553854,12.829464
682,23.606784354447907,-1.775324,5.9134045,-2.4174807,-7.8635287,4.386034,11.199136
683,23.64139840775355,-1.6245753,5.5332828,-1.5481924,-6.782546,2.9446292,10.640317
684,23.67601246105919,-2.0258892,6.310218,-2.2083213,-7.4122066,3.6070285,11.654912
685,23.710626514364833,-2.1742573,6.8011394,-1.7502577,-7.9666834,3.4248266,13.937158
686,23.745240567670475,-1.1193336,6.949189,-1.7254599,-11.80757,1.9006805,16.368244
687,23.779854620976117,-1.5722288,4.3345385,-4.438432,-13.602787,2.1734908,15.228308
688,23.81446867428176,-0.5890028,5.6504817,-4.8924413,-12.009279,1.0300401,15.841157
689,23.8490827275874,1.130901,6.6672573,-4.1143346,-10.602178,-0.22397017,13.408507
690,23.883696780893043,-0.82399535,7.1311316,-3.19865,-9.317784,-0.93834525,15.225263
691,23.918310834198685,-0.72695506,9.184972,-3.63437,-10.184008,0.22050479,18.70259
692,23.952924887504327,-0.8117684,9.517542,-2.579056,-9.309403,-0.211768,16.686796
693,23.98753894080997,-0.0081394985,10.478657,-1.1289945,-8.2760105,-0.7095804,18.5366
694,24.02215299411561,-0.78206176,8.037016,-1.6324629,-9.057804,0.5514922,16.732212
695,24.056767047421253,0.45394385,8.057191,-0.6665529,-8.929909,2.5812185,15.737248
696,24.091381100726895,-2.8808916,7.4559736,-1.9628692,-6.8810906,-0.22473006,14.393842
697,24.125995154032537,-1.421807,5.9878106,-1.3420475,-7.4951563,1.0337334,13.806379
698,24.16060920733818,-1.012457,6.7731123,-1.3719145,-7.593564,1.1842579,13.705884
699,24.19522326064382,0.09336332,8.41535,-1.5904942,-6.7789474,-0.51412195,17.033777
700,24.229837313949464,1.294239,8.930696,-0.86769813,-9.956817,-1.377081,18.075636
701,24.264451367255106,0.13566697,7.4117365,-2.701854,-8.942215,-0.7573411,16.903898
702,24.299065420560748,0.9403028,6.758336,-3.872012,-9.442781,-1.1391048,15.92674
703,24.33367947386639,1.9056718,7.2006607,-3.3298094,-7.6961427,0.19901939,13.722523
704,24.368293527172032,-0.70973814,7.041041,-4.4551477,-7.802268,-0.42571026,15.18789
705,24.402907580477674,0.8271948,8.232941,-4.1962185,-7.0537786,-0.36042112,17.041378
706,24.437521633783316,0.11861492,6.1405826,-4.3931465,-9.193143,-2.1199512,15.594895
707,24.472135687088958,-0.7207314,3.1439986,-6.2160363,-9.590524,-0.53677607,10.699875
708,24.5067497403946,-2.1676228,5.479603,-4.131858,-8.11652,-1.4343601,12.611565
709,24.541363793700242,-0.53743654,4.2862444,-5.9694552,-10.337456,-1.6552519,14.002683
710,24.575977847005884,1.3439896,9.936092,-2.4822695,-7.7764626,-0.6564333,15.859954
711,24.610591900311526,-0.11699321,7.333439,-3.1638157,-7.743384,-0.22276303,15.057433
712,24.645205953617168,-1.4807663,5.6681604,-4.1143656,-9.869316,-0.60036,15.449287
713,24.67982000692281,-2.7088542,6.254954,-2.8100612,-5.4389524,1.0743662,9.574127
714,24.714434060228452,-2.6610699,4.699834,-3.9416072,-8.773452,0.1295367,14.360156
715,24.749048113534094,-3.046678,7.0019855,-4.412293,-9.082803,0.24767761,14.255711
716,24.783662166839736,-1.4560767,9.570583,-3.6288488,-8.327638,-0.37388483,16.579481
717,24.81827622014538,-3.698629,9.290259,-3.8818405,-7.8014283,1.4870439,15.244582
718,24.85289027345102,-3.7975557,6.483858,-5.961062,-8.3731365,2.2422853,12.248999
719,24.887504326756662,-3.682056,8.970866,-4.7260127,-8.003715,0.9435965,14.1922865
720,24.922118380062305,-1.3204762,10.735901,-3.5004542,-8.327456,0.42831644,17.443354
721,24.956732433367947,-1.8357496,9.605261,-4.0354123,-8.093722,0.9139495,15.240317
722,24.99134648667359,-1.350165,6.129437,-6.274298,-10.204035,-1.4957536,15.114831
723,25.02596053997923,-0.014922047,9.24378,-4.5688744,-6.9540424,-0.63962847,15.058771
724,25.060574593284873,-0.9505512,8.958529,-5.180194,-7.917355,-0.7013207,16.204138
725,25.095188646590515,-1.7798318,8.5979595,-7.108406,-10.113426,0.016931932,17.269245
726,25.129802699896157,-3.440713,6.2155266,-4.475571,-6.5584335,0.26066318,10.448792
727,25.1644167532018,-2.0895782,5.3105626,-4.6201754,-7.5693493,-0.24612032,11.0921135
728,25.19903080650744,-3.4138563,5.491364,-2.6386752,-5.7932377,1.254978,9.238261
729,25.233644859813083,-5.1455183,5.0645604,-2.6639407,-3.917414,-0.27113864,6.1071067
730,25.268258913118725,-2.3958426,5.8077884,-5.9328074,-9.33099,-0.6587576,12.849833
731,25.302872966424367,-2.7838447,6.4241734,-5.138331,-7.1644077,-0.017071616,11.504461
732,25.33748701973001,-2.1419828,6.5474563,-5.519291,-6.570314,0.5537807,13.163665
733,25.37210107303565,-2.1956882,5.133328,-5.15504,-7.3200984,0.7373919,12.1261835
734,25.406715126341293,-2.789338,4.3718543,-2.694203,-4.3930054,1.1809192,7.4069943
735,25.441329179646935,-2.1209288,1.5128766,-2.7979789,-4.785193,2.001091,3.1711414
736,25.475943232952577,-3.0508475,7.285846,-5.8835196,-9.066949,0.7146679,14.680399
737,25.51055728625822,-2.4737878,6.3789263,-6.087875,-9.223519,0.4952203,14.648906
738,25.54517133956386,-1.5807468,6.597515,-7.392599,-11.10183,-0.8944166,17.089668
739,25.579785392869503,0.12078738,10.821962,-4.5232525,-5.7871637,-1.2055284,16.476206
740,25.614399446175145,-1.3462788,10.353924,-5.9217906,-8.698333,0.21969102,16.957521
741,25.649013499480787,-1.5370657,10.19602,-3.758527,-5.594612,1.211015,16.148829
742,25.683627552786433,-3.710576,7.3568306,-4.044931,-5.660338,0.45290005,10.740179
743,25.718241606092075,-2.8587146,7.115036,-2.5640407,-4.473077,0.6933677,9.122537
744,25.752855659397717,-2.3439918,7.037705,-3.6173766,-6.9005723,0.2225228,14.988161
745,25.78746971270336,-2.955171,6.2214084,-3.725213,-7.1154313,-0.31740552,13.133398
746,25.822083766009,-3.458109,4.663951,-3.5724635,-4.9535384,-0.33451867,7.461212
747,25.856697819314643,-3.750146,9.694766,-3.319115,-6.099113,0.76904076,15.866571
748,25.891311872620285,-1.4466938,8.800356,-4.507899,-6.9597945,-0.1824249,15.531908
749,25.925925925925927,-1.0967973,7.935093,-6.0413094,-9.697593,-1.9389257,15.943554
750,25.96053997923157,-0.80801946,9.866443,-4.8793197,-8.027538,-1.8217028,14.916679
751,25.99515403253721,1.0273919,10.856542,-3.2427194,-8.311632,-0.9945937,19.242386
752,26.029768085842854,1.3766952,9.386914,-1.8496882,-8.007324,-2.480423,16.67937
753,26.064382139148496,-0.27863374,11.198384,-1.0826062,-5.438466,-2.0580125,17.76863
754,26.098996192454138,-0.61457,10.811654,-0.75844836,-5.6451125,-1.2464693,19.257032
755,26.13361024575978,-0.31391427,11.753764,-2.3505893,-6.6628284,-1.2248718,22.14898
756,26.16822429906542,-1.735482,8.663041,-2.8255866,-5.782595,-0.40032783,14.330708
757,26.202838352371064,-1.0200931,7.224618,-5.1059165,-9.57138,-2.0916145,16.493425
758,26.237452405676706,-0.36982867,6.1565547,-4.290005,-9.716575,0.27150992,15.24711
759,26.272066458982348,1.0229498,6.3570695,-5.0977077,-8.492907,0.19548671,13.926233
760,26.30668051228799,6.816963,7.454303,-0.607315,-1.5630196,2.1308696,7.750751
761,26.341294565593632,2.0269437,4.507548,-2.3016353,-2.0565195,3.0115385,4.8444915
762,26.375908618899274,2.655924,6.0313573,-1.538703,0.38528663,3.6793706,3.9077373
763,26.410522672204916,2.7549546,7.8762546,-2.7837489,-1.7053663,1.8178388,9.763891
764,26.445136725510558,1.401442,8.357507,-2.3249774,-2.4039357,1.2559437,8.3996315
765,26.4797507788162,0.9319173,7.12063,-4.2358217,-4.6478972,1.6639135,10.503839
766,26.514364832121842,-0.83240956,6.3793073,-5.681997,-7.6513963,1.1793472,12.643298
767,26.548978885427484,-0.12812261,5.762382,-5.0197005,-6.922822,1.0861703,10.398248
768,26.583592938733126,-2.7784321,5.007518,-5.961281,-7.6694417,0.8095554,10.184279
769,26.61820699203877,-4.964392,6.167613,-6.1532326,-7.6225038,1.6807506,10.715373
770,26.65282104534441,-4.689693,6.654052,-5.553508,-8.009988,1.8792511,11.264399
771,26.687435098650052,-4.77962,4.830243,-6.8446307,-7.760651,1.0376904,10.439193
772,26.722049151955694,-4.005127,5.5021086,-4.374594,-5.350007,1.4348644,8.802183
773,26.756663205261336,-6.1193366,5.257105,-6.467354,-9.61497,1.5936252,10.906302
774,26.79127725856698,-3.1006036,6.1187215,-6.304586,-8.053752,1.1926861,12.094856
775,26.82589131187262,0.39254203,6.5224433,-5.683214,-6.789453,0.67126495,10.288512
776,26.860505365178263,-0.2365287,7.0153503,-6.6907315,-7.2481394,0.19933462,12.206047
777,26.895119418483905,-0.987047,8.078397,-6.550573,-6.434019,0.8595529,13.251983
778,26.929733471789547,-2.5049434,9.391901,-5.6727138,-7.992765,1.2565176,15.803933
779,26.96434752509519,-3.5947154,6.5813804,-7.252019,-10.276188,0.5108421,15.357729
780,26.99896157840083,-3.6682749,4.714998,-5.1943707,-7.9138484,1.1245115,10.8978615
781,27.033575631706473,-3.2249749,4.2945642,-5.1677437,-8.531402,-0.33246794,11.05986
782,27.068189685012115,-2.8289564,3.666034,-4.291396,-7.9841766,0.34068382,10.431961
783,27.102803738317757,-4.045635,4.514709,-3.511907,-4.478395,0.25951487,6.4599047
784,27.1374177916234,-3.100085,5.685756,-5.793293,-9.229278,0.19555047,12.6831
785,27.17203184492904,-3.1796975,6.1960573,-4.4610834,-6.9192047,1.5917429,10.652614
786,27.206645898234683,-2.2984433,6.0548654,-5.5304966,-6.869458,0.9396636,12.640573
787,27.241259951540325,-2.247427,4.612299,-3.2991903,-6.5212245,0.31031948,9.204298
788,27.275874004845967,-2.443147,5.088216,-1.53785,-4.854674,1.3541368,6.5316052
789,27.31048805815161,-2.1249971,1.6138672,-2.7927375,-4.4546576,1.6389616,3.0644016
790,27.34510211145725,-3.4223444,5.980916,-5.869718,-9.040469,0.7501121,13.683002
791,27.379716164762893,-2.711767,5.6123943,-6.098235,-10.011798,0.37315556,14.287399
792,27.414330218068535,-1.9699221,6.0708785,-7.629128,-11.440111,-0.28677836,15.5951805
793,27.448944271374177,0.041098606,10.563366,-4.492996,-5.653547,-0.09989148,14.81004
794,27.48355832467982,1.5521865,8.836057,-2.9917717,-2.9709244,1.9191124,9.75616
795,27.51817237798546,2.0979972,10.529039,-4.9381514,-5.88534,0.53747404,15.988011
796,27.552786431291103,-1.6334045,8.488553,-7.322262,-9.478553,1.1504838,16.633905
797,27.587400484596746,-1.6404182,10.62485,-5.1516747,-7.562344,0.39374828,13.7282
798,27.622014537902388,-3.2910488,7.1636915,-5.588187,-8.106625,2.132746,12.694822
799,27.65662859120803,-2.8332279,5.217737,-3.1591399,-4.424803,0.21911293,6.5806236
800,27.69124264451367,-2.3662522,5.5159917,-4.4637284,-6.7175736,0.714143,10.552031
801,27.725856697819314,-2.743013,5.2901487,-3.3566194,-5.8167105,1.6866158,9.268324
802,27.760470751124956,-3.214223,6.3986735,-3.5034828,-4.547604,0.23657265,6.511021
803,27.795084804430598,-2.4121869,7.032792,-5.6634965,-7.7755675,1.3574066,12.384703
804,27.82969885773624,-2.8594017,6.848732,-5.046679,-7.1918383,2.1632118,11.430454
805,27.864312911041882,-0.5011961,7.285325,-6.051273,-9.755408,0.055278778,16.267849
806,27.898926964347524,-1.0763541,3.5097432,-7.415885,-12.664442,-1.9228204,13.341883
807,27.933541017653166,-1.3669565,4.355528,-5.771468,-11.317681,-1.9617509,14.092078
808,27.968155070958808,-1.2676759,4.7045374,-6.2231593,-11.53957,-1.211917,14.929787
809,28.00276912426445,-0.89928615,6.78987,-5.022672,-11.706689,-0.26094854,14.610495
810,28.037383177570092,-0.35790882,5.472489,-5.430813,-11.028281,-1.1778529,13.354252
811,28.071997230875734,0.26081583,5.7625427,-4.366476,-7.9205885,-0.06617276,9.330353
812,28.106611284181376,0.41251972,6.006032,-3.5070038,-6.898004,-0.7575506,10.394959
813,28.14122533748702,0.8158998,4.0462537,-1.5649295,-2.6264212,0.101740286,7.610364
814,28.17583939079266,-1.6217417,4.0119977,-1.486849,-3.1622267,-0.9972144,6.78424
815,28.210453444098302,-0.4914478,5.059355,-1.3067062,-2.4172168,0.5471779,7.3546767
816,28.245067497403944,-0.6693895,5.851862,-2.4907773,-4.8187604,1.6004983,8.262726
817,28.279681550709586,0.40148443,6.7311673,-2.3176408,-4.7097235,1.6121058,9.475529
818,28.31429560401523,0.24022016,7.8789206,-2.8901434,-6.004311,0.20457269,12.434428
819,28.34890965732087,-0.49355027,6.5892324,-5.096506,-8.277251,0.16892566,14.437766
820,28.383523710626516,-1.2950569,4.1999397,-2.6802907,-5.887818,-0.040616978,9.866811
821,28.418137763932158,-1.8527017,3.8754826,-1.1755763,-3.4317641,-0.36076447,7.532127
822,28.4527518172378,-2.5609827,3.6363537,-3.9607313,-6.7986555,-1.0788654,9.794464
823,28.487365870543442,-0.46731922,3.993669,-4.1693306,-7.00238,-0.20039164,10.876483
824,28.521979923849084,-1.6088881,3.4130485,-3.7741187,-6.907622,0.047769707,9.380498
825,28.556593977154726,-2.1493263,5.277574,-1.8585838,-4.8176737,-1.3100132,9.775447
826,28.59120803046037,-2.4018302,4.8480077,-2.8235786,-5.358922,1.1135696,10.289614
827,28.62582208376601,-0.828215,5.1862288,-4.738971,-7.812647,-0.04781496,11.665001
828,28.660436137071652,0.1552396,5.5408716,-5.743388,-5.65398,-0.40656862,11.035347
829,28.695050190377295,-0.16877103,5.227729,-6.3485503,-9.702989,-0.38462576,13.392931
830,28.729664243682937,1.454804,7.47556,-4.522817,-7.066136,0.008156164,12.155085
831,28.76427829698858,0.84460455,6.310094,-3.9889798,-4.867657,1.0081927,10.389194
832,28.79889235029422,0.52705,4.8242607,-3.413718,-5.3600564,0.956738,10.472017
833,28.833506403599863,0.39441335,4.941534,-1.8928964,-3.5884132,1.0725206,8.435855
834,28.868120456905505,-0.081906796,4.3080344,-3.6606495,-6.194536,1.0420697,9.4898615
835,28.902734510211147,-0.26050723,3.091583,-1.0530638,-2.5278563,1.8175461,4.8138256
836,28.93734856351679,-0.013598682,6.38276,-3.8432639,-6.076186,1.3781804,11.334031
837,28.97196261682243,-0.58983797,7.3192616,-5.8874693,-8.231513,1.5257082,13.258713
838,29.006576670128073,-0.6332596,6.735025,-6.705553,-10.082783,0.4759523,14.532815
839,29.041190723433715,-1.9268435,8.775167,-6.320135,-9.084337,3.0390506,14.870895
840,29.075804776739357,-2.0359092,4.1987514,-6.129809,-8.699477,1.7540395,12.772631
841,29.110418830045,-1.6592269,4.409783,-2.5057917,-4.6392417,-0.19356456,8.302199
842,29.14503288335064,-2.2745738,4.139782,-3.9069042,-7.8154273,1.2157317,11.107973
843,29.179646936656283,-1.0074636,5.209963,-4.5262957,-9.139825,2.079993,12.933923
844,29.214260989961925,-2.4741857,4.147172,-2.6821074,-6.5378695,1.1821308,7.592816
845,29.248875043267567,-0.5607673,8.056123,-0.3063905,-6.6678286,2.6252115,9.186959
846,29.28348909657321,-2.6523051,6.358215,-4.6286216,-7.5296946,2.6425674,12.7073145
847,29.31810314987885,-2.8215442,4.342785,-6.4235044,-10.654895,0.9694912,12.871433
848,29.352717203184493,-1.0079095,5.2878094,-6.1159687,-10.81599,1.4365517,12.798315
849,29.387331256490135,-1.7418857,3.523374,-7.9814396,-14.181573,-1.1896732,14.5006485
850,29.421945309795777,-2.5740285,5.7827616,-4.8222938,-9.86715,-0.88354635,13.696866
851,29.45655936310142,-1.9736383,5.523231,-6.4491615,-11.034522,-0.68986815,14.5820265
852,29.49117341640706,-1.9210907,4.530492,-6.724115,-11.984595,0.50589544,14.228603
853,29.525787469712704,-1.3063556,4.563349,-3.773166,-7.562867,0.13617091,10.373237
854,29.560401523018346,-1.5330039,3.4419348,-4.813227,-10.078438,0.41609094,11.260194
855,29.595015576323988,-1.9848852,3.7397015,-5.153741,-9.491065,0.38663265,10.958295
856,29.62962962962963,-3.7325435,6.097341,-3.7301476,-8.614454,1.0125836,11.252415
857,29.664243682935272,-0.47180116,7.6038966,-0.31843328,-7.9762964,4.6849256,8.85238
858,29.698857736240914,-3.4277387,4.7200837,-6.4741025,-9.2506275,0.8563032,10.998727
859,29.733471789546556,-3.1125429,4.689985,-6.79878,-10.320025,0.10342742,11.7759695
860,29.768085842852198,-5.6463184,1.981676,-8.7171335,-14.484203,0.47324467,14.179771
861,29.80269989615784,-3.4940724,6.627247,-2.8701081,-5.6276617,0.57105356,9.473061
862,29.837313949463482,-4.156251,3.280076,-5.66506,-9.899057,-0.519012,12.355179
863,29.871928002769124,-3.5923417,6.771304,-2.1624913,-9.075417,1.0476303,11.035068
864,29.906542056074766,-2.33331,4.1991363,-4.4214907,-8.775907,-0.10402746,13.448228
865,29.941156109380408,-2.2142124,4.6483355,-6.023094,-10.991675,0.45242885,14.743969
866,29.97577016268605,-3.0888236,3.8726132,-7.3001437,-11.397948,0.3050415,12.808075
867,30.010384215991692,-1.221589,2.4002757,-7.6676307,-12.536903,1.6156956,13.915825
868,30.044998269297334,-3.5354998,6.7721243,-4.192819,-9.467159,3.9808526,12.373172
869,30.079612322602976,-0.8832137,4.243417,-3.4223785,-6.934881,0.77420855,8.958855
870,30.11422637590862,-0.095618814,4.0988407,-2.7419899,-7.3402085,-0.4100797,10.227442
871,30.14884042921426,-0.8904174,5.4733524,-2.7920566,-8.805948,-0.32639864,12.294657
872,30.183454482519902,-0.6086176,6.6572104,-4.7753544,-10.038275,0.3123776,15.512911
873,30.218068535825545,1.15155,4.685935,-5.8988576,-11.535022,-1.780325,14.789538
874,30.252682589131187,-0.7476257,5.199719,-4.6425896,-9.477167,-1.1951176,14.426591
875,30.28729664243683,-0.8233609,4.0700817,-6.4037576,-10.854951,-0.3997076,14.111779
876,30.32191069574247,-0.859322,5.047531,-5.392538,-9.23267,-0.12717234,14.39866
877,30.356524749048113,-1.1170679,5.9176507,-1.900406,-6.1851993,-0.74753475,10.442659
878,30.391138802353755,-2.519374,4.1884847,-3.298886,-8.12456,-0.07120789,10.566537
879,30.425752855659397,-1.7985388,3.2102737,-5.5266695,-9.536328,0.48791838,10.6315565
880,30.46036690896504,-3.1444187,7.015634,-2.7274733,-4.2364492,-0.27327272,9.013
881,30.49498096227068,-3.415947,6.554172,-1.8449491,-8.97369,4.278213,9.431018
882,30.529595015576323,-3.656332,4.7094946,-6.738272,-9.383299,0.86756533,11.079155
883,30.564209068881965,-3.7705019,4.682649,-5.1142864,-9.878365,-0.3027721,13.455915
884,30.598823122187607,-3.3441236,5.04293,-5.7207084,-10.093378,-0.4238958,15.415735
885,30.63343717549325,-2.5656302,4.5683703,-4.081197,-5.8087163,-0.8896437,8.924514
886,30.66805122879889,-1.7007085,5.976211,-1.9564685,-6.092449,0.49510938,12.672383
887,30.702665282104533,-2.2485244,6.2903786,-2.141115,-5.4122066,0.049749367,11.367995
888,30.737279335410175,0.43301198,6.2348113,0.23875117,-3.0698285,-0.05211877,10.265235
889,30.771893388715817,0.030893352,6.5300307,-0.59336776,-3.1446714,-0.11884335,9.778964
890,30.80650744202146,-0.24446693,8.190073,-2.1668048,-6.209777,-0.09719371,13.383866
891,30.8411214953271,1.6817429,5.958639,-4.484565,-8.226561,0.93862325,13.153738
892,30.875735548632743,-1.7426797,7.398011,-2.632166,-5.80398,-0.45126915,11.99432
893,30.910349601938385,-1.6540189,6.5915008,-1.5767802,-6.9978356,2.306421,13.135681
894,30.944963655244027,0.04885195,6.445177,-1.6508547,-6.015759,2.0443354,11.551101
895,30.97957770854967,1.2822322,8.762176,0.15796967,-6.7235794,2.7239313,13.887119
896,31.01419176185531,2.241737,9.174411,-0.29116762,-7.3618608,1.7027049,17.053139
897,31.048805815160954,2.6003761,10.311648,-0.54762614,-6.3032775,-0.45114836,17.355497
898,31.0834198684666,2.1753068,11.631377,0.0942276,-5.7091208,1.3056599,17.624523
899,31.11803392177224,0.9484616,12.811667,-2.253456,-7.349666,2.669202,19.885784
900,31.152647975077883,-0.45190978,10.188727,-1.7783519,-8.99818,2.5038612,18.222897
901,31.187262028383525,0.32888374,10.076682,1.2134658,-7.3989983,3.2548647,14.731881
902,31.221876081689167,-1.487947,8.571874,-0.08388426,-7.236346,0.37299395,17.651354
903,31.25649013499481,-1.4280351,6.1443863,-2.5033107,-6.834473,2.0761511,11.827141
904,31.29110418830045,-0.31331632,7.751389,-1.9833677,-8.1433935,3.2168674,14.365164
905,31.325718241606094,1.376236,11.596842,1.5840304,-6.367703,2.0379102,19.818438
906,31.360332294911736,2.81295,9.128606,1.0874989,-6.447409,-0.6783444,18.327702
907,31.394946348217378,1.9041084,7.3386016,-1.7369915,-9.4927,-1.4219202,14.307253
908,31.42956040152302,-1.3343698,7.651458,-0.63820195,-8.709579,1.8692113,14.3955345
909,31.46417445482866,0.521817,7.0422707,-2.969932,-8.600495,-1.7959759,14.634982
910,31.498788508134304,1.1059455,10.368406,-1.3707114,-7.4913254,-0.16054952,17.711971
911,31.533402561439946,-0.28160167,7.5538154,-2.547959,-7.0527267,-0.037934504,14.925253
912,31.568016614745588,-0.08124128,7.160126,-0.3948877,-5.0182047,0.47369328,13.367786
913,31.60263066805123,-0.52865165,7.2024765,-0.685555,-6.328615,0.18402527,15.48538
914,31.637244721356872,-1.0373222,6.72038,-0.76570904,-5.673799,-0.21979314,13.399459
915,31.671858774662514,-1.2199181,8.701267,-1.8715787,-6.6493983,0.7228996,14.19384
916,31.706472827968156,-1.1600271,10.28028,-1.4114978,-6.9073257,0.23947392,16.313301
917,31.741086881273798,-3.4369218,9.40014,-3.7686644,-7.9718485,1.2817792,15.184374
918,31.77570093457944,-0.45951876,11.089874,-1.8695607,-7.7641172,1.6053311,19.151031
919,31.810314987885082,0.56542134,8.327888,-2.782272,-8.660998,-1.0958071,17.921099
920,31.844929041190724,0.943735,9.493275,-1.4735898,-7.2276616,-1.0949324,15.665406
921,31.879543094496366,1.2083099,12.351949,-0.7443355,-5.562315,-1.7775382,20.193283
922,31.91415714780201,-1.2925212,9.598764,-2.48393,-7.383424,-1.6999608,18.730705
923,31.94877120110765,-0.46434507,6.884155,-3.4940794,-9.851676,-1.8324869,12.905564
924,31.983385254413292,-1.5080925,9.909771,-5.246323,-7.6415634,-0.28946912,13.999591
925,32.01799930771893,-0.93231803,10.328359,-5.444424,-8.40464,-0.41099533,16.695726
926,32.05261336102458,-0.8799463,10.259321,-4.713894,-8.199762,-0.409558,16.453947
927,32.087227414330215,-3.8842251,7.4456797,-8.252668,-11.461542,0.4764358,17.206078
928,32.12184146763586,-4.3905478,5.126702,-6.434852,-9.047814,0.4014392,12.364903
929,32.1564555209415,-3.3285165,4.494775,-4.8840733,-9.55601,-0.57573074,11.699228
930,32.191069574247145,-2.7027612,7.4036164,-2.33583,-8.638081,0.48607975,12.195977
931,32.22568362755278,-2.6807377,6.2697725,-2.9596987,-4.77567,0.13469753,8.623121
932,32.26029768085843,-3.5841255,5.378011,-5.9631214,-8.996534,0.79494524,12.311079
933,32.29491173416407,-4.1369247,5.523641,-5.25476,-8.215995,-0.118578896,11.608343
934,32.32952578746971,-2.2037327,6.3492937,-5.620597,-9.742438,-0.39502066,15.476156
935,32.36413984077535,-0.14265224,5.655862,-3.3103666,-10.997292,-2.1465578,11.526051
936,32.398753894081,-0.051128358,6.3975496,-4.045652,-11.530344,-1.9749491,13.521396
937,32.43336794738664,-0.47658238,7.1092734,-2.6104124,-9.558781,1.5190725,11.68143
938,32.46798200069228,0.46445373,5.7919116,-3.836603,-8.747665,-0.42771456,12.654882
939,32.50259605399793,1.4852418,8.160171,-2.6360304,-7.686443,-1.1058528,15.464569
940,32.537210107303565,-0.3498829,6.1694593,-4.5881095,-9.756696,-0.89340055,14.540787
941,32.57182416060921,2.0682917,9.558644,-2.8694394,-9.129604,-0.23747632,17.88624
942,32.60643821391485,0.87471837,10.697251,-1.8557427,-6.6227345,0.04422759,14.611624
943,32.641052267220495,-1.1484236,10.568627,-4.4816747,-7.6962013,-0.46972927,16.781057
944,32.67566632052613,-0.7936808,10.722125,-3.7358112,-9.112768,-0.8849569,19.374935
945,32.71028037383178,-0.73567075,10.692008,-1.4203058,-6.912825,-1.3806751,20.983252
946,32.74489442713742,0.31232545,7.717833,-4.2035646,-8.631849,-1.3325412,16.130684
947,32.77950848044306,0.22376674,9.263439,-3.6787539,-5.9100246,-1.4376587,14.486444
948,32.8141225337487,0.38745275,9.256357,-3.8311298,-4.7409134,-2.2776053,14.082787
949,32.84873658705435,-0.7067757,10.477269,-5.142336,-6.4725385,-2.853816,16.828806
950,32.883350640359986,-1.960501,9.029461,-5.98248,-6.6412063,-1.4428575,15.639646
951,32.91796469366563,-2.247427,9.142346,-4.4712133,-6.140583,-1.8964789,17.034264
952,32.95257874697127,-0.03043395,8.514172,-3.3526015,-4.605729,-1.7758474,15.502481
953,32.987192800276915,-1.4195118,9.307774,-3.8212383,-5.4133124,-0.41676176,16.671427
954,33.021806853582554,-1.4888778,8.754096,-4.1785192,-6.8800993,-0.14062746,16.18051
955,33.0564209068882,-0.45787495,7.9279113,-4.7470098,-8.145068,-1.6452345,16.211788
956,33.09103496019384,-0.29532796,9.323972,-4.948698,-8.523274,-1.0444242,12.483201
957,33.12564901349948,0.1719217,8.46677,-2.97992,-7.242063,-0.77156943,13.985299
958,33.16026306680512,-1.0282137,6.1694436,-4.216589,-8.471967,-0.7489602,12.100009
959,33.19487712011077,-2.2714946,5.7639694,-2.8777947,-4.862506,0.11593,8.975686
960,33.229491173416406,-3.5550947,5.370791,-4.573346,-6.409565,-0.3294377,11.024207
961,33.26410522672205,-2.593602,6.950445,-5.0570393,-8.783252,0.061323307,12.547598
962,33.29871928002769,-0.13700812,8.98814,-3.9591913,-8.202678,-0.5297726,13.760661
963,33.333333333333336,-1.4917039,9.719114,-4.626115,-7.338765,-0.2855809,14.771549
964,33.367947386638974,-1.0488852,11.114714,-4.4845266,-8.351205,0.5349836,15.498755
965,33.40256143994462,-1.6491355,11.445688,-2.8442156,-6.448082,1.7637492,14.763539
966,33.43717549325026,-3.10066,8.336075,-5.082187,-8.558107,2.3396776,15.667387
967,33.471789546555904,-1.2485358,6.583462,-6.1626015,-11.412515,-1.0970649,13.63277
968,33.50640359986154,-0.30669606,4.261101,-5.52697,-10.105441,-0.8980119,10.789556
969,33.54101765316719,-0.468958,5.849589,-3.8377674,-9.219976,-1.4766415,13.401313
970,33.57563170647283,0.6854627,6.671166,-3.8437293,-8.129035,0.7978183,11.386417
971,33.61024575977847,-1.1939236,7.656112,-3.8145027,-7.952356,-0.29652247,13.662311
972,33.64485981308411,2.1627686,11.166041,-0.77811164,-6.0949097,-0.013081026,16.195768
973,33.679473866389756,0.3000569,10.2583275,-2.8426254,-6.5247993,-0.40514463,14.457817
974,33.714087919695395,1.1206768,13.810705,-0.81330043,-6.8184195,1.228361,14.901153
975,33.74870197300104,0.35948852,12.697153,-1.0970612,-6.470614,0.66047794,14.353133
976,33.78331602630668,2.2525976,13.062691,0.019574732,-5.1383653,2.333271,13.0063505
977,33.817930079612324,2.1998472,13.509887,-0.3600098,-5.300205,1.2645477,14.688054
978,33.85254413291796,1.291137,9.607727,-2.3955994,-8.199568,-0.3148133,12.31602
979,33.88715818622361,2.8663259,12.190719,-1.8844196,-6.877845,-0.117666975,13.947829
980,33.92177223952925,1.9959137,11.273848,-2.472337,-8.366112,0.008352735,16.105568
981,33.95638629283489,4.198088,12.920055,-0.26726833,-5.69167,1.00299,15.233715
982,33.99100034614053,1.5500312,15.379196,-1.4508162,-5.755822,1.7928203,17.281437
983,34.02561439944618,-1.529153,12.157778,-2.323191,-8.17066,0.9120841,15.705757
984,34.060228452751815,0.7616273,7.461842,-2.1754503,-6.413093,1.365619,8.621613
985,34.09484250605746,-0.11468139,6.967613,-2.5009396,-5.4025292,1.0551794,9.414242
986,34.1294565593631,-0.19591522,10.718707,-3.0778353,-9.170375,1.7226211,14.563869
987,34.164070612668745,0.8961671,7.602313,-4.8670335,-9.750284,0.14917426,11.267641
988,34.19868466597438,0.56073695,8.303186,-2.2195582,-10.2096815,0.2972967,9.54796
989,34.23329871928003,0.5874038,9.742486,-1.9568553,-10.466654,1.1612084,12.679138
990,34.26791277258567,-0.18773556,12.175178,-0.04523133,-7.382585,1.606623,9.2515955
991,34.30252682589131,2.5391347,14.215163,1.1760771,-8.654875,1.5697365,10.255823
992,34.33714087919695,1.065573,12.47474,-1.045461,-7.318325,0.028687436,12.59165
993,34.3717549325026,0.9877077,13.164088,-0.4915201,-6.3900785,-0.7371209,14.48874
994,34.406368985808236,0.21640882,13.485233,-1.7529957,-10.095899,2.665659,12.701849
995,34.44098303911388,-1.7333966,12.827084,-3.1202044,-10.989847,3.657218,14.884378
996,34.47559709241952,-1.5804582,10.288441,-2.9435153,-9.685582,4.104663,15.165633
997,34.510211145725165,-3.0400481,9.293844,-2.579926,-11.069404,3.5043356,16.266333
998,34.544825199030804,-0.72699374,10.224953,-3.3664439,-8.605074,3.7702105,9.889084
999,34.57943925233645,-0.2916393,9.621599,-3.7979922,-8.704489,4.7659087,11.551923
1000,34.61405330564209,0.10026913,8.540893,-4.214515,-11.417619,0.47569373,11.600754
1001,34.64866735894773,-0.76672053,2.8330624,-5.5685916,-8.652757,0.73951465,7.617099
1002,34.68328141225337,-1.5458142,6.2252297,-4.495119,-10.96939,-0.25468683,12.851194
1003,34.71789546555902,0.6229572,7.2435994,-2.3777788,-9.850425,0.18042073,11.992222
1004,34.752509518864656,0.9634242,7.7662625,-2.7963784,-11.448268,0.82629406,15.624042
1005,34.7871235721703,0.9941061,9.874713,-1.5528404,-11.444389,2.2578502,14.793634
1006,34.82173762547594,-2.0295613,6.8859415,-5.3118205,-13.00265,1.8198315,16.30855
1007,34.856351678781586,-1.490199,9.525414,-3.342704,-9.767497,0.7168186,16.783566
1008,34.890965732087224,-0.81715643,11.171991,-2.0997145,-8.215587,1.3332418,14.362952
1009,34.92557978539287,-2.1704705,10.092465,-3.7321963,-9.781645,0.9947538,16.472115
1010,34.96019383869851,-2.506009,7.6516848,-5.4468803,-13.125499,1.6822202,15.627518
1011,34.994807892004154,-1.4863367,5.086499,-6.7773023,-12.839689,0.7842355,15.187805
1012,35.02942194530979,-1.520264,5.368883,-4.2758164,-9.297543,0.9392844,12.166347
1013,35.06403599861544,-2.2180254,4.249483,-3.768531,-8.158825,0.8408932,10.9148035
1014,35.09865005192108,-1.7473979,4.8446336,-3.8237731,-7.93073,-0.7060633,10.655563
1015,35.13326410522672,0.010881053,4.4937797,-4.2527494,-8.82696,-0.7556106,11.184157
1016,35.16787815853237,-2.8955534,5.5977273,-3.4539301,-7.8284597,1.5689015,9.719096
1017,35.202492211838006,-2.8996181,6.956301,-1.1250707,-5.962192,1.7818193,7.9534917
1018,35.23710626514365,-1.7903744,5.643153,-4.4987593,-8.097705,0.698413,10.942747
1019,35.27172031844929,-0.30271372,6.437628,-4.478187,-8.430036,-0.07480056,10.987358
1020,35.306334371754936,0.7255464,6.9392657,-5.451799,-7.006232,-0.7023179,11.541128
1021,35.340948425060574,-0.712919,4.1553955,-5.9063616,-8.996525,0.36381382,12.095894
1022,35.37556247836622,0.45302096,5.6980286,-3.2924597,-5.800893,-0.19908234,11.415909
1023,35.41017653167186,-0.009884939,4.1676497,-3.255296,-6.320713,0.5061159,9.97417
1024,35.444790584977504,-1.6334057,5.1183767,-3.143167,-6.8615036,2.0199664,9.364627
1025,35.47940463828314,1.4447744,5.6973205,-1.6499745,-3.552509,1.0067967,9.934403
1026,35.51401869158879,0.7567278,6.740669,-2.3884454,-4.6054897,0.51870364,10.068565
1027,35.54863274489443,0.31321505,5.2225184,-3.4690683,-4.960912,1.128456,9.192831
1028,35.58324679820007,0.20211749,6.5398765,-5.151358,-7.7619643,0.65428376,13.5258
1029,35.61786085150571,-0.35425967,5.215152,-5.7418323,-9.3112545,0.9985545,13.423847
1030,35.652474904811356,-1.5076556,3.7955172,-5.543955,-8.119326,1.3855401,11.549674
1031,35.687088958116995,-1.4868383,4.523691,-3.4900208,-6.6281047,0.34377816,9.818408
1032,35.72170301142264,-2.1183236,3.9662666,-4.001309,-7.536469,0.81764454,10.754824
1033,35.75631706472828,-1.0465978,4.4762044,-4.585525,-9.555367,1.5115241,12.656397
1034,35.790931118033924,-3.2515116,6.3786654,-3.1032228,-7.4473343,1.2490716,9.8912735
1035,35.82554517133956,0.7880851,5.6098075,-2.7452798,-5.4864244,1.7253537,10.347134
1036,35.86015922464521,-0.9513131,7.183652,-3.8918896,-6.5130982,2.0991113,12.610511
1037,35.89477327795085,-0.73334885,5.716641,-5.518923,-9.247659,1.1665066,12.804646
1038,35.92938733125649,-1.3245544,5.6462536,-7.1278825,-12.6324005,-0.21238957,14.674356
1039,35.96400138456213,-3.4088004,7.0884147,-7.2539196,-10.887194,0.16036592,13.985205
1040,35.99861543786778,-5.266217,7.8846664,-7.810287,-11.050315,0.6408772,14.690614
1041,36.033229491173415,-3.109129,5.4260955,-6.956082,-11.82163,0.085709535,14.611271
1042,36.06784354447906,-3.041311,4.431342,-5.618308,-10.075797,0.299451,12.40117
1043,36.1024575977847,-3.534363,3.7888987,-5.0495896,-9.150862,-0.1430484,10.724272
1044,36.137071651090345,-1.8752286,4.296219,-3.7715673,-6.5032477,0.6911514,8.55317
1045,36.17168570439598,-2.0540514,4.41266,-3.6231134,-7.7880573,0.5005859,11.903446
1046,36.20629975770163,-1.7047917,7.1329384,-3.4574757,-7.836786,1.0296819,13.084109
1047,36.24091381100727,-1.3368608,5.886367,-4.972534,-10.246905,1.002821,13.260417
1048,36.27552786431291,-1.5530373,9.292799,-4.201636,-9.517518,0.1288979,17.428253
1049,36.31014191761855,-1.197575,8.727038,-4.0385594,-7.219312,-0.45567843,17.450392
1050,36.3447559709242,-1.2020918,9.540618,-2.55144,-6.677314,-0.88710725,22.274382
1051,36.379370024229836,-1.7802207,10.169907,-3.9158354,-7.4536996,-0.5773633,21.26255
1052,36.41398407753548,-2.4798684,8.872487,-5.055093,-6.578202,-0.6331053,16.997282
1053,36.44859813084112,-3.0671556,9.373974,-6.05656,-5.1848097,0.032824844,14.644992
1054,36.483212184146765,-2.0734267,8.391109,-4.948328,-7.7099524,-0.2298165,17.54685
1055,36.517826237452404,-0.42357594,4.1522803,-8.151661,-13.869844,1.2484318,16.550379
1056,36.55244029075805,-1.3922658,3.388707,-7.557868,-11.480876,2.0258527,13.006786
1057,36.58705434406369,-1.9836054,5.8935165,-1.9554958,-6.355975,0.12359829,10.30286
1058,36.62166839736933,-1.6768067,3.3495367,-5.0641217,-8.831933,0.9001064,10.242228
1059,36.65628245067497,-1.3002758,3.4476798,-5.257988,-8.03591,0.6968269,9.818523
1060,36.69089650398062,-2.480005,6.858577,-2.6684058,-10.179309,1.8608874,12.235738
1061,36.725510557286256,-0.31336784,4.1424303,-4.6031623,-7.3785753,1.5207398,9.559059
1062,36.7601246105919,-2.5887313,4.2742004,-6.479543,-8.07916,1.2394052,10.328367
1063,36.79473866389754,-3.1263642,3.8100111,-6.9121203,-9.908408,1.2853879,11.407945
1064,36.829352717203186,-5.409873,1.1914839,-8.399542,-12.928942,1.9335346,11.733678
1065,36.863966770508824,-2.194616,7.302681,-1.6817181,-5.368643,2.1732779,9.005144
1066,36.89858082381447,-3.8924315,3.3972275,-5.010649,-8.634201,0.6025586,10.308086
1067,36.93319487712011,-1.6119056,1.5145252,-2.5551133,-4.5235267,1.9999176,2.7381814
1068,36.967808930425754,-2.2435093,3.1713529,-5.6658587,-9.47169,1.3584208,10.708769
1069,37.00242298373139,-2.7426882,3.8723564,-6.054824,-8.649653,1.6926763,9.955699
1070,37.03703703703704,-3.3848455,3.9205966,-7.165036,-11.108957,1.4836417,12.387499
1071,37.07165109034268,-1.9083469,2.6779795,-7.1212764,-11.089446,2.036423,12.506528
1072,37.10626514364832,-2.8116076,5.840916,-3.080334,-8.260555,3.4006393,11.386115
1073,37.14087919695396,-1.9629041,5.125774,-2.4301782,-8.573674,0.09236553,10.825403
1074,37.175493250259606,-0.2754489,5.4116225,-2.2047672,-6.6760144,0.08176183,10.318072
1075,37.210107303565245,0.0229608,6.269302,-2.4817393,-7.562417,1.41959,11.837018
1076,37.24472135687089,-2.5106163,7.0829244,-2.1133506,-6.3580637,0.38883543,10.936096
1077,37.27933541017653,-0.6573694,5.17098,-2.1801028,-5.4602165,2.1460874,9.741472
1078,37.313949463482174,-1.5342281,4.81978,-3.2123382,-5.430134,1.9285071,9.467414
1079,37.34856351678781,-0.85324365,5.902985,-3.0134387,-6.180267,1.7934448,8.996889
1080,37.38317757009346,-0.32037303,8.090517,0.29869968,-7.3225474,0.9696354,10.315964
1081,37.4177916233991,-0.4252673,8.409999,1.0806817,-5.9872875,3.6544209,7.1986184
1082,37.45240567670474,-2.6059585,5.6869144,-4.026851,-8.543225,4.1316237,12.664392
1083,37.48701973001038,-1.8200457,7.2951064,-3.485497,-11.491965,1.4301224,15.228379
1084,37.52163378331603,0.5177575,7.60878,-5.0053034,-12.133777,0.3880853,15.799046
1085,37.556247836621665,0.10027545,5.7763443,-5.5479207,-12.903008,-0.49732605,14.142557
1086,37.59086188992731,-0.10563338,7.7788734,-2.61862,-10.497572,-0.8944639,13.860719
1087,37.62547594323295,0.19722693,10.383322,-3.821636,-9.901023,-0.20215707,17.650494
1088,37.660089996538595,-0.54955566,9.848438,-3.6351278,-9.322425,-0.3099729,16.041273
1089,37.69470404984423,-0.44694248,11.054472,-3.0420706,-9.627334,-1.100766,17.856913
1090,37.72931810314988,-0.29991785,11.077706,-1.7446398,-8.384804,-1.1675488,18.388708
1091,37.76393215645552,-1.3270826,7.7840133,-3.224661,-9.750999,0.19602472,17.208628
1092,37.79854620976116,0.7965881,8.596005,0.5582473,-7.0121493,2.0364966,13.886179
1093,37.8331602630668,-2.2408803,7.3854437,-1.2791641,-5.73322,-0.5579718,11.055181
1094,37.86777431637245,-2.3327188,6.6538343,-1.7707647,-6.7358413,0.35484362,14.182317
1095,37.90238836967809,-0.8995353,6.9575315,-2.055614,-8.200578,1.1494563,15.799317
1096,37.93700242298373,-0.4607829,9.200351,-1.912075,-7.6747165,-1.1510682,16.749115
1097,37.97161647628938,0.6588615,8.722681,-2.4716241,-10.503725,-2.038056,15.643075
1098,38.006230529595015,-0.7720336,4.2187614,-4.1030645,-9.273018,-1.1250225,10.372923
1099,38.04084458290066,-0.15527757,7.0735216,-3.611736,-10.090023,-1.4495252,14.443067
1100,38.0754586362063,2.5125046,10.687226,-1.3049649,-6.862156,-0.6026969,17.241632
1101,38.110072689511945,0.15566273,10.2078085,-3.264713,-6.93522,-0.3297603,15.444229
1102,38.14468674281758,1.1042084,12.836507,-1.0162693,-4.523511,0.65267634,13.639136
1103,38.17930079612323,-0.9111649,14.755223,-0.4726244,-6.302811,1.4440105,17.534702
1104,38.21391484942887,-0.055265196,13.798427,-1.4224105,-6.968641,0.36483216,18.900482
1105,38.24852890273451,-0.837664,10.771252,-1.4951563,-6.6428566,-1.2970263,20.613235
1106,38.28314295604015,-0.39394045,8.002845,-3.8809798,-8.504344,-1.8386948,15.549207
1107,38.3177570093458,-0.12272293,6.607447,-3.9364712,-6.8532906,-0.11980728,12.109387
1108,38.352371062651436,0.9019749,6.5756164,-4.6585875,-7.3830085,0.22333477,12.807302
1109,38.38698511595708,1.2252315,7.761779,-4.1193223,-5.0509844,1.0293995,12.279567
1110,38.42159916926272,0.95802605,10.890498,-2.7723546,-5.8473167,-0.49548274,16.203508
1111,38.456213222568365,-0.05378599,10.975819,-3.538923,-7.1934195,1.0514734,13.016646
1112,38.490827275874004,-3.1363604,10.63756,-4.8367605,-7.9579086,0.71778315,12.078787
1113,38.52544132917965,-2.1195045,13.303467,-2.959792,-7.837989,0.27205616,14.4851885
1114,38.56005538248529,-1.2086751,11.809709,-4.358396,-6.292852,0.4952202,13.380192
1115,38.594669435790934,-0.48354805,15.235874,-1.5212867,-5.2848973,0.32321072,15.78837
1116,38.62928348909657,-1.7208691,12.137796,-2.7987742,-5.259591,0.42827132,14.282056
1117,38.66389754240222,-1.3495101,8.584285,-4.983761,-8.492901,0.56632435,11.910351
1118,38.698511595707856,-3.7330139,8.352154,-6.758194,-9.794994,-0.76656973,10.909924
1119,38.7331256490135,-4.501932,4.900479,-5.561068,-5.2856827,-1.4369291,7.2301216
1120,38.76773970231914,-2.1386745,8.958695,-4.149227,-5.4546676,0.67014813,10.45029
1121,38.802353755624786,-3.9017575,7.9421477,-5.8109236,-6.0784917,-0.7863143,10.370855
1122,38.836967808930424,-3.7523751,11.120824,-4.9189863,-8.288127,0.13370515,13.538399
1123,38.87158186223607,-4.4868264,6.5125437,-3.8807373,-4.7198915,-1.2410781,9.228538
1124,38.90619591554171,-2.3854809,7.7321634,-2.3536367,-4.34207,-0.63685393,8.662863
1125,38.940809968847354,-2.2013302,4.850739,-0.333012,-0.73624283,-1.4079581,4.9073963
1126,38.97542402215299,-0.9972849,5.835211,-0.8650953,-1.1943486,-1.232008,4.6776767
1127,39.01003807545864,0.6339712,6.954865,2.3339972,0.7489452,-0.22359863,3.9803696
1128,39.04465212876428,-0.81916916,6.0475082,0.15370144,-0.09971051,-0.9621955,4.961526
1129,39.07926618206992,-0.40528852,9.449121,1.1100307,-1.0567524,-0.60552496,5.630022
1130,39.11388023537556,-1.4616085,10.702623,0.4192121,-1.7515943,0.36035103,9.378733
1131,39.148494288681206,-3.0313952,7.097519,-1.8415374,-3.5109484,-0.8677451,7.2606497
1132,39.183108341986845,-2.844802,10.285706,-2.5260072,-3.9266121,-0.35789716,10.163783
1133,39.21772239529249,-3.083479,9.997629,-3.6718235,-7.79437,0.12743166,11.467601
1134,39.25233644859813,-1.5351545,11.925242,-3.8565068,-7.886604,0.42538074,11.473068
1135,39.286950501903775,0.89813757,14.085165,0.028851036,-3.3662927,0.9309171,12.65345
1136,39.32156455520941,-1.5563886,13.815052,-1.837465,-5.87358,-0.491513,16.385775
1137,39.35617860851506,-2.3794396,9.573124,-3.2607012,-5.350282,-0.27454323,11.653664
1138,39.3907926618207,-2.565052,13.890581,-3.9030395,-7.5694056,0.7811985,16.254885
1139,39.42540671512634,-3.9636462,11.701044,-5.1094694,-7.431277,1.1227901,14.648146
1140,39.46002076843198,-2.8074682,8.495185,-5.964197,-9.774818,0.037275035,12.265366
1141,39.49463482173763,-0.7444142,6.1485543,-5.4971356,-10.060501,-1.4258828,12.209622
1142,39.529248875043265,-1.0430278,6.744669,-3.4777324,-7.109684,-0.888202,11.81343
1143,39.56386292834891,1.5822294,9.248302,-3.8803067,-9.35404,-0.11650625,18.235838
1144,39.59847698165455,1.768042,10.1283455,-2.4886484,-8.722794,-1.3354138,16.253876
1145,39.633091034960195,0.87924784,11.101163,-2.3411338,-7.5409,-2.1149278,18.247465
1146,39.66770508826583,0.88326097,9.466398,-0.9406848,-6.423769,-2.4347198,18.562855
1147,39.70231914157148,1.0910532,6.305635,-4.071743,-8.6043825,-1.8602777,14.452325
1148,39.73693319487712,1.1735072,5.669117,-1.8394488,-6.000216,-1.4991777,8.86018
1149,39.77154724818276,1.7436392,7.4690332,-1.4254586,-5.107554,-1.3714699,8.665134
1150,39.8061613014884,0.17190719,7.2110147,-0.91619176,-2.919571,-0.85980976,7.76706
1151,39.84077535479405,2.8369036,8.399358,-0.038166445,-2.0942504,0.24210756,8.154934
1152,39.875389408099686,2.1327405,9.451429,-1.9168375,-4.618942,-0.6558393,11.468477
1153,39.91000346140533,1.0612282,4.9544125,-1.4284056,-2.6971183,0.6866505,7.58445
1154,39.94461751471097,-2.6512783,4.4931855,-1.0529797,-2.7600932,-0.28023592,6.1798944
1155,39.979231568016615,-0.4705278,5.728439,-0.75921786,-2.383883,1.2599993,7.2204547
1156,40.013845621322254,-0.8744599,6.284897,-2.1857193,-4.672081,-1.2234204,9.547857
1157,40.0484596746279,1.4240875,7.2480693,-1.350142,-3.309793,0.04201541,10.309737
1158,40.08307372793354,0.24505734,5.6685777,-3.8239303,-5.8544025,-0.56338,11.835178
1159,40.117687781239184,-1.218947,4.5987782,-2.4230466,-5.449184,-0.0030464588,9.247872
1160,40.15230183454482,-1.8171457,4.288233,-1.5287349,-3.720029,-0.12171984,7.3349476
1161,40.18691588785047,-2.4597776,4.157699,-3.541847,-6.1070356,-0.33641514,9.943457
1162,40.221529941156106,-0.7996625,4.0731335,-4.256528,-7.0668764,-0.21156342,11.309458
1163,40.25614399446175,-0.7371558,5.035738,-1.1919663,-2.9594424,-0.4944992,7.809354
1164,40.29075804776739,-2.3235595,4.799617,-2.2668731,-3.8710237,-1.415772,8.911299
1165,40.325372101073036,-2.117385,5.1968913,-2.0372097,-4.2726984,1.0647407,9.298356
1166,40.359986154378674,-0.77485025,5.913837,-4.8999,-7.571273,-0.16282476,11.992027
1167,40.39460020768432,-0.303901,5.6714706,-4.883414,-8.777643,-0.017318605,12.601608
1168,40.42921426098996,0.9580843,6.686886,-3.8062747,-7.4135,0.4073199,10.654469
1169,40.463828314295604,0.1081684,6.243504,-2.831764,-5.4570074,-0.75101024,10.196141
1170,40.49844236760124,0.9343989,9.467945,-4.361316,-7.0740824,-0.5579429,14.809911
1171,40.53305642090689,-0.5058583,9.419545,-2.0389757,-5.492522,-4.2474885,14.723089
1172,40.567670474212534,1.7959797,9.179859,-0.3953486,-2.970114,-0.9931684,12.490417
1173,40.60228452751817,-0.4624086,5.4909296,-2.189705,-4.9316115,-0.11045779,10.840646
1174,40.63689858082382,-1.7752947,4.337798,-0.3216614,-2.6765895,-0.4547486,7.0823936
1175,40.671512634129456,-1.6649202,5.3739886,-2.7111063,-4.6158495,-0.37955284,10.458128
1176,40.7061266874351,-1.4294233,6.557069,-2.2256594,-6.271662,-0.58969563,13.343766
1177,40.74074074074074,-1.6594396,6.654769,-1.5883288,-5.9162464,-0.22333257,11.170713
1178,40.775354794046386,-1.1990653,4.8844104,-2.5455484,-5.340275,0.13608098,7.9716444
1179,40.809968847352025,-0.6731205,7.6209087,-1.0994157,-4.1843657,0.6310728,13.356585
1180,40.84458290065767,-0.5003475,8.312827,-2.1798851,-6.9772234,-0.8105532,14.920691
1181,40.87919695396331,-0.20543574,6.9166856,-5.3353353,-10.085662,-2.1391542,15.814852
1182,40.913811007268954,-0.18486077,4.5495133,-6.419744,-11.327374,-2.7824347,13.172647
1183,40.94842506057459,-1.153126,6.0730324,-4.9677906,-9.36131,-1.5340253,13.600248
1184,40.98303911388024,0.88512343,8.571128,-4.1478643,-9.665688,-1.0679916,17.704185
1185,41.01765316718588,-2.4185624,10.073982,-5.656891,-9.857045,-0.63652635,16.437143
1186,41.05226722049152,-4.0716286,6.3420615,-6.8464937,-9.604206,1.4723783,12.948917
1187,41.08688127379716,-3.8670306,10.047925,-5.810986,-9.141438,-0.5245373,15.290725
1188,41.12149532710281,-2.4986703,10.750406,-4.6562166,-9.654261,-1.1358539,19.61066
1189,41.156109380408445,-2.0767653,10.776343,-4.8221498,-8.831422,-1.495225,18.278605
1190,41.19072343371409,-1.1335056,11.585389,-3.5834193,-7.559608,-0.23914346,16.621489
1191,41.22533748701973,-1.1912973,6.014748,-4.4151244,-8.677563,-0.06038309,14.426668
1192,41.259951540325375,-2.325193,6.0042543,-3.037574,-5.8368115,-0.19461475,10.950724
1193,41.29456559363101,-0.507579,6.4095335,-1.4456131,-6.140916,0.74693406,13.182687
1194,41.32917964693666,-2.2232223,6.553193,-1.7332132,-4.219313,-0.10159739,10.363909
1195,41.3637937002423,-0.52652234,8.893144,-1.2380183,-5.7875257,0.44760972,13.133109
1196,41.39840775354794,-0.93855053,9.75112,-2.5779097,-6.9518204,0.59733474,15.137438
1197,41.43302180685358,-0.019462373,7.889475,-2.796941,-4.386681,0.16877526,13.138466
1198,41.46763586015923,-3.8433855,5.6221685,-4.156649,-5.2205334,-0.22174379,9.846944
1199,41.502249913464865,-0.18507986,6.0441875,-1.3522457,-4.543685,0.8778275,11.021061
1200,41.53686396677051,-0.4879859,6.5293303,-2.604461,-5.6381574,0.12687133,12.797543
1201,41.57147802007615,-1.4448726,10.829896,-2.5418043,-6.5226383,0.5606432,16.205658
1202,41.606092073381795,-0.23400968,9.714277,-2.1064024,-7.6694245,0.32923546,16.926456
1203,41.640706126687434,0.21510668,7.2641635,-4.325499,-9.105106,-0.9052552,16.044542
1204,41.67532017999308,0.6513932,9.754852,-4.0269656,-5.9476957,-0.53730553,14.9794035
1205,41.70993423329872,0.53512233,10.1728525,-4.748502,-7.264375,-0.91945535,16.829407
1206,41.74454828660436,-0.4771037,9.835183,-6.316245,-9.139147,0.01518262,17.575468
1207,41.77916233991,-1.2376186,11.41933,-5.198815,-7.8212113,-0.11026753,15.279436
1208,41.81377639321565,-1.491251,7.428984,-2.648539,-4.53189,0.17503299,10.36111
1209,41.848390446521286,-0.6666549,7.4170628,-2.1157415,-4.659826,0.69765204,11.194792
1210,41.88300449982693,-3.8642662,6.24161,-3.4352524,-3.77259,-0.041383266,6.7060504
1211,41.91761855313257,-0.0061337673,9.331653,-1.6767635,-4.5141006,1.0940925,11.905573
1212,41.952232606438216,-2.7127287,8.780609,-3.4431105,-4.782963,0.8381081,10.0725765
1213,41.986846659743854,-0.5622895,8.513042,-2.9529972,-3.9840631,1.3535959,12.8885
1214,42.0214607130495,-2.9673367,6.577411,-3.3057137,-3.9551644,0.33496034,8.30635
1215,42.05607476635514,-0.70234764,8.020015,-2.0317943,-3.7608795,0.35182884,12.572542
1216,42.090688819660784,-1.5402172,8.150706,-1.8283402,-3.491439,-1.4716761,11.145905
1217,42.12530287296642,-1.9440085,1.6300013,-2.5869184,-4.226985,1.7262543,2.2717497
1218,42.15991692627207,-2.5416718,9.898353,-2.9173307,-5.2037225,0.10995131,14.662384
1219,42.194530979577706,0.4209934,10.188947,-2.2881725,-5.082641,-0.8420934,14.908711
1220,42.22914503288335,-2.434113,10.329263,-3.0838668,-2.9083161,0.47615677,12.723162
1221,42.26375908618899,-2.4130433,8.429369,-3.7759855,-4.3964806,-0.50384754,10.825313
1222,42.298373139494636,-1.9980407,8.483764,-5.032447,-4.886155,-0.40327677,12.556637
1223,42.332987192800275,-0.93168914,9.061348,-4.3063684,-5.198248,-0.62474716,13.872688
1224,42.36760124610592,-0.13698782,8.274466,-4.0932612,-8.14516,-1.9701529,17.254482
1225,42.40221529941156,0.25207517,9.447864,-3.7681658,-8.700397,-0.5035888,19.469145
1226,42.436829352717204,0.6300322,8.9885435,-2.6608336,-9.659829,0.05509041,19.247225
1227,42.47144340602284,-0.34886906,9.088993,-4.005057,-7.875982,-0.031065974,19.658419
1228,42.50605745932849,-0.97949666,9.80653,-3.0939069,-7.010289,-0.33293343,17.253742
1229,42.54067151263413,-1.0530545,9.509043,-2.6811042,-7.6380706,-0.8373279,22.405748
1230,42.57528556593977,-2.39833,8.102564,-5.4987545,-9.098105,0.93697125,17.859562
1231,42.60989961924541,-1.6910769,6.4747434,-4.501661,-8.989973,0.43280894,16.545084
1232,42.64451367255106,-2.198216,5.1606073,-4.1399913,-7.837338,0.21853054,12.773875
1233,42.679127725856695,-1.4909536,5.076361,-2.4121525,-6.9311547,0.3968944,13.627702
1234,42.71374177916234,-0.83121175,4.8090525,-2.9297993,-7.4312196,1.0081244,12.23663
1235,42.74835583246798,0.21121393,6.5465198,-0.42804083,-5.42313,1.3307709,13.607988
1236,42.782969885773625,-0.47516653,7.6340837,-2.2697747,-6.931938,1.1522372,14.656099
1237,42.81758393907926,1.3280466,7.170838,-3.24716,-9.193314,1.7869471,17.32378
1238,42.85219799238491,2.1718256,8.443026,-4.0096655,-10.05148,2.1530414,19.61376
1239,42.88681204569055,0.6927341,6.2924848,-7.150435,-11.273499,2.927148,16.43958
1240,42.92142609899619,-1.2106115,4.4858274,-6.0231986,-9.768326,1.1599562,12.290027
1241,42.95604015230183,-1.6597053,4.296772,-3.5284276,-6.8526316,0.16935237,10.08545
1242,42.99065420560748,-2.1909018,4.3059325,-3.844318,-7.118834,-0.7147734,10.694445
1243,43.025268258913115,-1.332562,5.332263,-2.1611786,-7.130281,-0.63331383,13.008645
1244,43.05988231221876,-2.2990713,5.6444745,-1.8797855,-6.8759193,-0.91670287,12.557952
1245,43.0944963655244,-1.3366324,7.4159875,-1.0301838,-7.337897,1.7259575,13.186034
1246,43.129110418830045,-1.9922165,5.083935,-4.7850347,-7.2369494,0.8891319,10.999805
1247,43.163724472135684,-1.0849195,5.5947914,-5.49922,-8.473392,1.0435883,12.137086
1248,43.19833852544133,-4.3339005,2.2820306,-7.972319,-11.996531,1.4274701,12.391477
1249,43.23295257874697,-1.858393,7.19812,-1.9605203,-3.8363981,0.23367502,8.327941
1250,43.26756663205261,-2.1113017,5.9976025,-2.633862,-6.4107227,-0.62748235,14.664745
1251,43.30218068535826,-4.944024,6.2112365,-3.8703172,-6.670645,0.47746176,9.758329
1252,43.3367947386639,-1.8830675,4.034235,-3.4802327,-6.5681357,1.198935,11.250026
1253,43.37140879196954,-2.7516546,4.045267,-5.564115,-7.598127,1.4313705,10.076948
1254,43.40602284527518,-2.4124315,5.104858,-5.980786,-9.972881,2.1641757,13.661911
1255,43.44063689858083,-1.4702908,3.7871332,-5.987918,-10.150497,2.4057326,12.987066
1256,43.475250951886466,-0.3587714,6.9822407,-1.4143968,-6.7901587,1.4019243,11.658933
1257,43.50986500519211,-1.4375287,5.6493025,-2.3729396,-6.602208,1.7655454,11.017463
1258,43.54447905849775,-0.51475704,6.0256243,-1.1268501,-6.6162086,2.7541623,12.022715
1259,43.579093111803395,0.9676428,6.306999,-1.4208922,-6.800567,2.2472394,11.965989
1260,43.613707165109034,0.19581576,7.8006325,-2.929576,-9.960509,3.797269,17.547085
1261,43.64832121841468,2.165273,8.3059225,-2.0961983,-10.248008,4.0443015,19.268356
1262,43.68293527172032,1.1621377,11.127235,-2.3640456,-8.928555,3.0897117,20.906918
1263,43.71754932502596,0.44599578,10.683783,-2.8648086,-9.077058,2.3681962,17.87833
1264,43.7521633783316,0.54784083,8.158708,-2.7780619,-9.2596655,2.9348373,17.126127
1265,43.78677743163725,1.0261471,9.55575,0.42387688,-7.7271156,4.78454,12.698
1266,43.821391484942886,-0.89942604,7.6490293,-0.4126771,-6.2133284,0.34560445,15.757269
1267,43.85600553824853,-1.439706,6.1793327,-2.281281,-7.2123623,2.8530393,12.656984
1268,43.89061959155417,-0.24512652,7.8213315,-2.3312721,-8.570238,4.4805737,16.029839
1269,43.925233644859816,1.2228845,10.497268,0.68886966,-7.8196363,5.757238,17.39591
1270,43.959847698165454,2.054947,8.291286,-0.9766677,-8.792505,3.0502172,19.577194
1271,43.9944617514711,1.0898734,5.371926,-3.8328345,-10.508785,1.524934,14.742729
1272,44.02907580477674,0.57428014,6.555258,-2.2177022,-6.9202285,-0.1111421,13.637835
1273,44.063689858082384,1.3093647,8.8754,-2.8705227,-8.6754055,-0.5725973,12.3944645
1274,44.09830391138802,1.852671,11.308449,-1.7062491,-7.297377,0.9714143,16.41455
1275,44.13291796469367,0.17407954,8.355396,-2.304542,-6.4905376,-0.32522783,16.399868
1276,44.16753201799931,-1.0652443,7.556452,-1.6542336,-5.029036,-1.2238624,13.975812
1277,44.20214607130495,0.17301252,6.825171,-0.89937735,-5.973832,0.5897006,15.860159
1278,44.23676012461059,-1.6718938,6.2321844,-1.5250732,-5.210592,-0.5811219,15.026734
1279,44.271374177916236,-1.8395835,9.774707,-2.522946,-6.9821935,0.37597564,16.388466
1280,44.305988231221875,-0.36942998,11.994518,-2.1564412,-7.121994,0.4506238,18.372496
1281,44.34060228452752,-1.5206348,10.237232,-2.7291317,-7.5503287,1.1925277,17.776398
1282,44.37521633783316,-0.26429802,7.831711,-4.6584754,-8.822573,-1.24088,15.569017
1283,44.409830391138804,-0.3210961,6.4059234,-4.4375515,-6.8891754,0.5114838,11.29192
1284,44.44444444444444,1.379795,6.476261,-4.451734,-7.000498,1.2625623,10.728862
1285,44.47905849775009,-0.9683384,7.133636,-4.825742,-7.4278173,0.91745526,12.314695
1286,44.51367255105573,-1.780153,7.138239,-5.540142,-8.958833,-0.4986616,13.477018
1287,44.54828660436137,-0.94183177,7.822336,-4.0447297,-5.784976,0.09078154,11.076997
1288,44.58290065766701,-3.1272604,5.4730577,-3.693185,-6.6165795,-0.31336212,8.946408
1289,44.61751471097266,-2.4487805,8.0292,-4.72682,-6.2624636,0.1158538,10.977053
1290,44.652128764278295,-2.8098571,7.932582,-4.6012516,-5.011139,0.4312176,10.950242
1291,44.68674281758394,-1.8518761,10.034059,-2.6726146,-4.254175,0.8864916,11.086412
1292,44.72135687088958,-1.1672705,9.572508,-2.2022393,-5.9133005,0.92952394,11.864502
1293,44.755970924195225,-2.6781237,6.9449654,-3.8033974,-6.572691,0.71554077,11.3105345
1294,44.79058497750086,-0.64890885,6.283547,-2.089824,-4.017279,1.2875441,9.431668
1295,44.82519903080651,-2.2436166,5.8591805,-2.9583523,-4.6062016,0.10038343,8.586317
1296,44.85981308411215,-0.67453426,5.727661,-2.06105,-4.018309,1.018871,8.148936
1297,44.89442713741779,-1.4079541,6.6317596,-3.1315691,-4.752506,1.1072432,10.62392
1298,44.92904119072343,-3.3334074,6.9984636,-4.330867,-6.0234346,-0.60351616,11.195441
1299,44.96365524402908,-0.42021552,6.215818,-2.0036073,-4.139047,0.57595646,9.915963
1300,44.998269297334716,0.3412324,7.182162,-2.6254191,-3.8968816,1.9702126,9.964468
1301,45.03288335064036,-0.34935728,7.8513775,-1.5442545,-5.454229,-0.1192616,11.273842
1302,45.067497403946,-0.40905997,7.376297,-3.7898064,-8.00703,-0.38911766,12.073836
1303,45.102111457251645,-1.8617561,8.838717,-5.1173906,-6.711302,-0.80593693,12.307451
1304,45.136725510557284,-3.8699725,8.012628,-5.6900415,-6.820788,0.12144901,12.544763
1305,45.17133956386293,-1.2422392,9.2558,-3.5879366,-3.5225227,0.18926683,12.147865
1306,45.20595361716857,-0.039693985,7.2346687,-3.1304708,-5.7240114,-0.017384067,12.100894
1307,45.24056767047421,-2.1584525,6.941722,-3.0621905,-4.561198,0.051709924,11.07355
1308,45.27518172377985,-0.18718244,7.279928,-1.1755435,-2.8471677,0.3484423,8.88612
1309,45.3097957770855,-1.2704356,6.447246,-1.7406098,-2.5100975,0.07019681,7.5528817
1310,45.344409830391136,-1.0508133,6.910282,-2.4317214,-3.932744,0.13418855,10.872801
1311,45.37902388369678,-2.1890404,6.98574,-3.359567,-5.296646,0.43482605,10.492222
1312,45.41363793700242,-0.5307543,7.938507,-1.5475262,-3.1222863,-0.57928437,10.380151
1313,45.448251990308066,-0.51379484,7.79806,-2.2466257,-3.5285437,0.8582626,9.682695
1314,45.482866043613704,0.11907791,8.821511,-0.9619243,-4.7642875,-0.32406536,11.456085
1315,45.51748009691935,-0.14194857,6.5498357,-4.553903,-8.384572,-0.48640388,12.707209
1316,45.55209415022499,0.707929,6.4322333,-3.4529772,-5.740845,0.3232625,10.305584
1317,45.586708203530634,0.072629765,5.85799,-1.5926576,-3.926777,-0.41805407,8.266925
1318,45.62132225683627,1.1844128,6.271856,-2.4295313,-5.6744432,0.64147127,9.518072
1319,45.65593631014192,0.3369331,6.3184185,-3.9133492,-6.552616,0.96580905,9.946623
1320,45.69055036344756,-0.58717567,7.7443,-3.0227993,-7.022684,0.38373277,10.96275
1321,45.7251644167532,0.85398793,4.735524,-4.159862,-6.832902,-0.50864863,10.699498
1322,45.75977847005884,0.35881132,5.046049,-3.0686576,-4.458152,-0.19900478,8.150925
1323,45.794392523364486,0.10360477,4.686211,-2.443012,-3.9296684,-0.0735322,7.316619
1324,45.829006576670125,0.46229172,5.436243,-3.1795979,-4.762283,0.8712856,8.591399
1325,45.86362062997577,0.24169803,5.9125113,-2.1527739,-3.4097672,0.20666142,7.082157
1326,45.89823468328141,-1.4313687,6.7973385,-1.8505099,-5.4762654,0.85542285,8.855247
1327,45.932848736587054,-3.4558153,5.1497517,-3.8042111,-4.138652,0.02459402,7.772404
1328,45.9674627898927,-0.051934086,6.1555767,-2.3777127,-3.188017,-0.55081916,7.687691
1329,46.00207684319834,0.28602386,7.6071544,-1.9975076,-3.5580935,-1.2685655,8.436828
1330,46.036690896503984,-1.1490196,5.3981137,-3.3880224,-5.4658384,0.6327999,9.215139
1331,46.07130494980962,-0.20172855,7.1242247,-3.3334167,-6.94635,-0.6222727,11.6328535
1332,46.10591900311527,-0.05209928,6.7124825,-4.5215397,-8.920706,-1.2968396,12.882462
1333,46.14053305642091,0.140419,8.231025,-2.6838405,-5.2107286,-0.9119332,12.578782
1334,46.17514710972655,-0.5793047,6.492495,-2.4938765,-5.05135,-1.4482642,10.280449
1335,46.20976116303219,-0.34969744,6.7239895,-0.9984186,-3.9331024,-0.3507227,9.1451235
1336,46.244375216337836,-0.5748118,6.86541,-2.1428797,-4.75184,0.49658465,10.739934
1337,46.278989269643475,-0.46027777,6.352733,-2.3761945,-5.344344,0.20599367,9.914233
1338,46.31360332294912,-1.3709838,8.028216,-2.2446513,-6.791772,-0.1931058,12.067533
1339,46.34821737625476,-3.1743193,7.4777465,-4.804907,-6.947801,1.7061392,11.774986
1340,46.382831429560405,-2.5812392,7.5208874,-6.0090284,-8.854956,1.6329186,14.076233
1341,46.41744548286604,-0.15256363,7.8927045,-5.3658705,-8.807778,1.0013716,14.299175
1342,46.45205953617169,-1.226953,8.171756,-2.671062,-7.9425497,1.6153566,12.658813
1343,46.48667358947733,-0.85906416,6.5748024,-5.381352,-7.6167145,0.7913678,12.733162
1344,46.52128764278297,-1.3032151,4.2414126,-4.609832,-6.356618,0.7527978,10.566537
1345,46.55590169608861,-4.404672,6.2985806,-4.165777,-7.5027437,1.0408417,11.257227
1346,46.59051574939426,-0.90247643,6.1770506,-2.1678164,-4.693673,0.6432334,9.787228
1347,46.625129802699895,-0.6177163,7.0597334,-0.3105012,-3.6900344,0.52842915,9.578892
1348,46.65974385600554,-2.290487,6.0063024,-3.1935835,-4.5152845,-1.2072372,8.801543
1349,46.69435790931118,-1.379661,9.3900175,-1.0389954,-4.6902604,1.3936669,12.822869
1350,46.728971962616825,-0.6392703,9.7493925,-1.452674,-4.889106,0.84579563,12.781754
1351,46.76358601592246,-1.0658951,10.60346,-2.8238144,-6.8851933,2.462789,15.644907
1352,46.79820006922811,-0.073831335,9.797972,-2.8002489,-8.753807,-0.2552428,15.085519
1353,46.83281412253375,1.6028811,8.890037,-4.1006227,-8.278319,-0.8290366,13.085119
1354,46.86742817583939,-1.0128788,8.775885,-3.4738746,-6.6141453,-1.4409033,12.684625
1355,46.90204222914503,1.0238744,11.428259,-2.352624,-6.4199023,-0.27479962,16.55698
1356,46.93665628245068,0.70807153,12.858714,-3.525144,-7.2569633,-0.3546165,18.841602
1357,46.971270335756316,0.98473334,10.277334,-2.2539322,-6.6589603,-2.3917077,16.18033
1358,47.00588438906196,-0.907541,9.329503,-4.230358,-7.7442822,-0.8623117,15.078777
1359,47.0404984423676,-1.598907,12.0457325,-2.7262375,-7.35565,-1.2209768,17.415236
1360,47.075112495673245,-0.69083184,13.036712,-2.36815,-7.078851,-1.7409059,18.779505
1361,47.109726548978884,-2.113351,9.0604,-3.3207717,-7.3652277,-1.1617697,14.584167
1362,47.14434060228453,0.21562885,10.759674,-2.1069145,-5.8693633,-3.1210413,15.536459
1363,47.17895465559017,0.24098355,7.9627495,-3.549975,-8.603184,-1.1465316,12.753826
1364,47.213568708895814,0.4895827,6.629171,-3.3582222,-7.239908,0.76211876,10.589291
1365,47.24818276220145,0.5516523,6.8253818,-5.361987,-8.0225115,0.3616815,11.344973
1366,47.2827968155071,0.77045965,8.821118,-3.8284035,-9.127658,0.56048024,12.702466
1367,47.317410868812736,-0.480738,10.366805,-2.5331154,-7.5907655,0.5647741,12.671603
1368,47.35202492211838,-2.120633,6.253819,-3.8710263,-8.979424,0.68642896,12.659386
1369,47.38663897542402,-0.60171396,5.2841563,-4.6770144,-7.30357,-0.24467246,11.154543
1370,47.421253028729666,-0.94012016,3.6903517,-6.379993,-10.307443,-0.082200415,10.744243
1371,47.455867082035304,-1.7271523,5.7595043,-3.565662,-6.7460113,0.62998325,10.922246
1372,47.49048113534095,-0.9700566,5.3954406,-4.8524866,-8.774251,0.29315338,12.154878
1373,47.52509518864659,-3.0041735,6.096228,-5.2361345,-8.354272,0.29886815,10.664431
1374,47.559709241952234,-3.459654,6.040018,-5.019321,-6.606849,0.43859535,10.213523
1375,47.59432329525787,-1.1870149,7.099457,-2.6630023,-4.6768665,0.68704563,9.585456
1376,47.62893734856352,-1.1671007,8.345087,-4.053113,-7.843556,0.9390374,13.361538
1377,47.66355140186916,-1.5317593,5.5348816,-4.9798427,-7.749719,0.8792686,11.738461
1378,47.6981654551748,-1.4325129,5.0574355,-2.792521,-5.0359044,1.0495559,10.175054
1379,47.73277950848044,-1.03904,5.8175907,-1.3602471,-3.1197426,0.261376,7.90161
1380,47.767393561786086,-0.9763635,5.072221,-3.4229982,-6.6868534,0.69826984,10.4541025
1381,47.802007615091725,-0.9022366,6.6953425,-3.7780266,-5.47492,0.870608,12.377787
1382,47.83662166839737,-3.05267,5.1862464,-3.3614461,-3.6862648,-0.38186216,8.123579
1383,47.87123572170301,-0.33942804,5.672121,-3.452123,-5.8522444,1.5635653,11.204676
1384,47.905849775008654,-0.46198577,5.8990912,-4.0509353,-6.541533,0.91579145,11.886501
1385,47.94046382831429,-0.611165,6.7091208,-2.4837527,-6.5148444,1.089484,11.875219
1386,47.97507788161994,-0.31600636,7.9668965,-3.1509,-5.6403666,1.5994239,10.824078
1387,48.00969193492558,-3.4934235,7.1769433,-5.0549436,-6.7173367,1.4937891,10.960459
1388,48.04430598823122,-2.077377,6.0859213,-4.3207836,-7.55501,1.5842918,12.082903
1389,48.07892004153686,-0.3434787,5.6487284,-4.427781,-9.281639,-1.1127923,12.315938
1390,48.11353409484251,-2.1926982,7.1268797,-4.445674,-6.906601,-1.1897234,11.470441
1391,48.148148148148145,-1.0983448,7.3836007,-4.4166303,-7.6227655,-0.74465185,12.53321
1392,48.18276220145379,-2.4721465,7.956145,-5.5709157,-7.597419,-0.36528543,13.270377
1393,48.21737625475943,-2.643451,9.847556,-3.2355423,-6.423535,-0.6242538,14.293351
1394,48.251990308065075,-1.5256155,6.7739663,-4.9342794,-7.991851,-0.9520276,12.218403
1395,48.28660436137071,-2.549887,8.99659,-5.025665,-5.9416533,-2.704568,13.776162
1396,48.32121841467636,-1.8510884,8.896791,-5.407132,-6.59502,-1.9237998,14.642691
1397,48.355832467982,-1.9929235,8.987399,-5.964239,-7.314911,-0.574617,12.954647
1398,48.39044652128764,-1.4696299,9.539035,-4.9514675,-5.543775,0.16297708,13.677402
1399,48.42506057459328,-0.99685127,6.541398,-4.644054,-7.598798,0.036168475,14.3202305
1400,48.45967462789893,-2.653607,6.104107,-3.8273027,-5.1296525,0.01683257,11.09781
1401,48.494288681204566,-0.7584808,5.66269,-1.7612399,-3.834838,-0.26899472,9.014254
1402,48.52890273451021,-1.5244408,5.4600024,-3.014045,-4.9699235,-0.46141106,9.816054
1403,48.56351678781585,-1.0668622,6.7906656,-3.2771628,-4.6882567,0.18082158,11.996031
1404,48.598130841121495,-1.5991333,7.2703843,-3.0075974,-3.7496977,-1.3642632,9.424856
1405,48.632744894427134,-0.7469367,6.0071583,-3.1387048,-5.0656185,0.375319,11.50292
1406,48.66735894773278,-0.5469242,5.731351,-3.1637237,-5.4621205,0.6099367,10.511706
1407,48.701973001038425,-0.69426346,7.5507174,-2.1426647,-6.1972866,-0.1446639,12.696041
1408,48.736587054344064,0.15509178,7.612812,-2.8570447,-5.220114,0.5797145,11.37263
1409,48.77120110764971,0.8096985,5.9474816,-1.9270439,-3.3271034,0.5680973,7.8193817
1410,48.80581516095535,-0.041101966,5.9782662,-1.7081825,-2.462789,0.61070704,7.508009
1411,48.84042921426099,0.14333624,6.8108087,-1.8574651,-3.280195,0.7098411,9.110448
1412,48.87504326756663,0.18925057,8.504994,-0.8901489,-2.2955334,0.5020537,9.140251
1413,48.90965732087228,-0.3566263,9.738896,-2.8674138,-4.149743,0.6042882,11.225125
1414,48.944271374177916,0.61651117,9.620802,-3.7486134,-5.7986593,-0.5496262,12.079603
1415,48.97888542748356,0.535312,10.004519,-4.1386094,-6.7962527,-1.3283999,12.332592
1416,49.0134994807892,-2.7177036,8.182274,-5.256318,-7.0404625,-0.64294225,12.704319
1417,49.048113534094846,-3.2659433,9.41044,-6.0826397,-6.8272357,-0.83234316,13.366231
1418,49.082727587400484,-3.3928595,9.601637,-5.228024,-6.1333237,-0.73402077,13.48146
1419,49.11734164070613,-2.3097296,10.219926,-4.1222606,-6.1047907,-1.0535126,15.796104
1420,49.15195569401177,-1.3744509,7.9821377,-5.588689,-7.6778507,-1.340701,13.362593
1421,49.186569747317414,-0.2540896,8.576587,-4.9968996,-8.186005,-0.19867246,11.64518
1422,49.22118380062305,-2.4767835,7.3273125,-4.780709,-6.470819,-0.47295213,11.648964
1423,49.2557978539287,-1.5985892,5.680215,-7.2566214,-8.681633,-0.7297591,11.939711
1424,49.290411907234336,-3.7029822,4.4821258,-4.8172264,-5.4188294,-1.5598528,6.344306
1425,49.32502596053998,-2.9221904,4.75122,-6.6635704,-7.6191344,-0.8547767,10.230155
1426,49.35964001384562,-3.481639,7.084513,-5.743106,-5.0444264,0.12549387,11.501829
1427,49.394254067151266,-2.2348547,8.813009,-5.7432055,-6.133288,-0.50991344,13.066652
1428,49.428868120456904,-2.1701813,5.0324817,-2.3952994,-1.7474622,-0.31375685,6.3924975
1429,49.46348217376255,-3.0208802,3.2374048,-2.1079001,-1.4799134,-1.0086638,4.3253655
1430,49.49809622706819,-2.1072004,6.1159806,-2.6904202,-3.6208272,0.4692309,8.382353
1431,49.532710280373834,-2.4180794,6.377121,-2.820045,-2.775397,0.8691198,8.976716
1432,49.56732433367947,-2.6087005,5.4490128,-2.9124205,-2.834461,-0.588901,7.3571057
1433,49.60193838698512,-1.988963,5.862404,-3.0357082,-4.1562767,-0.089092575,10.436546
1434,49.63655244029076,-1.9905839,6.646502,-3.2656956,-4.252808,0.9775614,10.36014
1435,49.6711664935964,0.09702205,9.604904,-2.4133987,-2.7710857,1.206688,13.207069
1436,49.70578054690204,-0.50443316,7.8070474,-4.5507746,-7.4484515,-0.58613664,13.704055
1437,49.740394600207686,-0.6493953,10.06954,-3.5696611,-6.698801,0.7397617,12.898471
1438,49.775008653513325,-0.4388061,8.237476,-4.2518573,-5.4961505,0.9195007,11.737164
1439,49.80962270681897,-1.6205044,6.96632,-3.1606138,-4.5885267,1.8288698,10.899881
1440,49.84423676012461,-1.1502361,5.869352,-2.8567123,-5.013184,0.5453325,10.245706
1441,49.878850813430255,-0.44783828,5.5566964,-2.8976066,-4.150617,1.3823487,8.541227
1442,49.91346486673589,-0.3081052,5.373148,-3.1727798,-4.8596816,1.7526933,8.692907
1443,49.94807892004154,0.44019085,8.092531,-3.2910047,-4.619215,1.8131331,11.689637
1444,49.98269297334718,0.23375508,6.208252,-3.8988807,-5.8859334,0.9460955,10.137953
1445,50.01730702665282,-0.8512186,5.6926575,-4.677249,-5.6107006,1.3682601,8.502583
1446,50.05192107995846,-1.4074414,4.8405485,-4.5570803,-4.3860474,1.3414413,8.990107
1447,50.08653513326411,-1.5853763,5.6450105,-2.2058327,-3.367744,0.15116449,9.497067
1448,50.121149186569745,-0.76540595,6.044147,-2.7596138,-2.31958,0.6133256,8.217835
1449,50.15576323987539,-1.597917,5.522813,-3.8045783,-4.894788,0.38393348,9.739617
1450,50.19037729318103,-1.2731352,4.7808557,-3.9040904,-6.522042,1.7758093,10.002704
1451,50.224991346486675,-0.084162384,5.4079347,-2.3741634,-4.506755,-0.3373296,8.614267
1452,50.259605399792314,-0.9875203,5.555371,-2.0017965,-4.309295,0.7474023,9.037947
1453,50.29421945309796,-0.642353,5.7397785,-1.8493631,-4.1411643,0.3500652,9.640359
1454,50.3288335064036,-0.23129664,6.679303,-2.2245467,-4.574212,0.49705568,10.84004
1455,50.36344755970924,-0.8374321,6.05999,-3.2238452,-6.1227074,1.0225035,11.189794
1456,50.39806161301488,-0.51047575,7.2668934,-1.4659504,-6.4778037,0.91667324,13.925911
1457,50.43267566632053,0.18658443,7.4698825,-3.9663315,-7.991284,0.016119996,14.573196
1458,50.467289719626166,0.9622571,9.7524,-3.8085449,-5.6956754,-2.2066574,11.286848
1459,50.50190377293181,-1.1888059,10.462662,-4.362026,-4.8711815,-2.2400491,12.236004
1460,50.53651782623745,-1.0422945,9.864171,-3.7390027,-4.7966247,-1.1593702,11.923512
1461,50.571131879543096,-0.57439756,8.946815,-4.7146754,-4.612164,-3.7549212,11.833406
1462,50.605745932848734,-0.56431824,11.026709,-4.0389247,-4.1036606,-3.086606,12.299621
1463,50.64035998615438,-1.1181458,10.072246,-3.2145836,-2.8796656,-2.5920084,11.016562
1464,50.67497403946002,-3.2109556,5.382364,-4.248636,-3.0651639,-1.4852151,6.7625165
1465,50.709588092765664,-2.5535748,6.5571923,-2.5432174,-2.1856034,-1.2165482,6.6258326
1466,50.7442021460713,-1.5372902,8.967098,-2.9981046,-4.196964,-1.35878,11.145224
1467,50.77881619937695,-0.07510163,8.996443,-4.0087314,-7.1232295,-2.3555403,11.803642
1468,50.813430252682586,0.35357288,10.609512,-3.3498554,-5.3860064,-1.1469412,11.67738
1469,50.84804430598823,-1.0236751,11.536031,-3.2054882,-5.963746,0.16014592,11.926839
1470,50.88265835929387,-2.7984703,10.1549225,-5.0575533,-6.60527,0.3206696,12.511869
1471,50.917272412599516,-2.1655934,13.262693,-2.9079912,-6.953114,0.47439814,13.464955
1472,50.951886465905154,0.4860798,12.465361,-1.1483904,-4.4720454,-0.5986994,13.70491
1473,50.9865005192108,1.4614669,11.006804,-1.4347296,-2.3669944,-0.60917485,10.244808
1474,51.02111457251644,0.43639898,11.515639,-1.7764755,-2.8737578,-0.61570156,9.634379
1475,51.055728625822084,-1.0362688,8.307085,-2.1399534,-1.0793962,-0.70706755,8.181257
1476,51.09034267912772,-1.7069767,10.020419,-3.5927854,-2.6498668,0.010915606,12.0262375
1477,51.12495673243337,0.44692713,10.510265,-1.572686,-2.3804235,-1.5124857,11.345151
1478,51.15957078573901,0.24087848,12.772048,-1.1569004,-3.398767,-1.4494183,12.587049
1479,51.19418483904465,-0.26386514,12.895268,-2.3783104,-4.8692174,-0.12928562,12.749617
1480,51.22879889235029,-0.7283622,9.022642,-4.63794,-9.062087,-1.563257,12.149066
1481,51.263412945655936,-0.93282807,5.9864416,-5.1971483,-11.404407,-1.121889,11.135874
1482,51.298026998961575,-0.87211233,6.9718275,-3.1541913,-7.746778,0.15997869,10.750392
1483,51.33264105226722,-0.6771641,7.4054403,-5.205695,-9.587798,-1.2963959,13.153247
1484,51.367255105572866,0.13736881,8.318174,-3.8856673,-9.41804,0.38075972,11.620252
1485,51.401869158878505,-1.8009673,8.091954,-3.9791002,-7.6821666,0.00042557323,11.002573
1486,51.43648321218415,-1.4133958,9.001305,-1.6843258,-5.737778,0.56154597,10.304648
1487,51.47109726548979,-0.7778034,9.900885,-3.7080505,-5.287313,-0.2395618,12.273337
1488,51.505711318795434,-0.51683766,8.250164,-2.418126,-2.8675,0.3496004,9.636858
1489,51.54032537210107,-4.597305,6.345263,-4.105593,-5.2961802,-0.5483714,7.9344673
1490,51.57493942540672,-3.2711232,6.91393,-2.214955,-2.092542,0.0122525,6.67253
1491,51.60955347871236,-3.606676,7.61744,-3.7179282,-4.089667,0.5419529,9.689638
1492,51.644167532018,-1.3585852,10.414638,-3.2477283,-4.754578,0.44350114,11.898054
1493,51.67878158532364,1.2109703,10.698512,-1.8335037,-4.0710363,-0.20187221,11.265036
1494,51.71339563862929,2.2804,10.029025,-2.4185045,-3.9428902,-1.1445731,12.2677355
1495,51.748009691934925,-2.1004221,7.7837353,-4.441819,-7.1547875,0.2211128,12.452509
1496,51.78262374524057,-1.3428688,8.638652,-5.25577,-6.6533933,0.5973706,11.998552
1497,51.81723779854621,1.8089993,8.318294,-2.8091667,-4.195015,1.4073565,10.138019
1498,51.851851851851855,1.4817379,9.153889,-3.653894,-5.262841,1.8817489,11.81279
1499,51.88646590515749,-1.1357412,9.384704,-5.2972956,-9.722064,0.585627,16.765265
1500,51.92107995846314,-3.5833278,7.5192833,-7.689165,-11.215103,1.7211484,16.416962
1501,51.95569401176878,-4.417852,5.9208293,-5.641277,-8.729316,1.2106521,11.998852
1502,51.99030806507442,-3.2393372,4.974281,-5.017238,-9.426139,-0.012947846,11.898033
1503,52.02492211838006,-3.2885149,5.8607497,-4.5146894,-9.669551,0.35854188,12.051184
1504,52.05953617168571,-3.480822,6.4121513,-2.7613065,-3.1225164,0.13558842,5.392888
1505,52.094150224991346,-4.0699315,6.025278,-5.0875673,-8.062936,0.54017687,10.818622
1506,52.12876427829699,-3.5813296,6.2995815,-4.0556717,-6.3949203,0.50358653,10.213563
1507,52.16337833160263,-3.3414574,5.572124,-5.709601,-7.4586225,1.7278963,13.310184
1508,52.197992384908275,-2.9241648,4.9128146,-3.3351498,-5.961313,1.5548158,8.484218
1509,52.232606438213914,-1.4222482,3.6419208,-2.3586087,-5.7710767,1.2492543,6.068026
1510,52.26722049151956,-2.021646,1.7084354,-2.8160489,-4.231438,1.5463103,2.5573943
1511,52.3018345448252,-3.8380435,6.423854,-5.6793523,-9.079499,2.0624518,13.646219
1512,52.33644859813084,-2.623103,6.946994,-3.9486408,-8.080265,1.6513487,12.58156
1513,52.37106265143648,-1.0559708,7.724433,-5.646875,-10.883321,1.5466082,13.900504
1514,52.40567670474213,1.3352698,8.344378,-2.450083,-8.670565,0.3905372,11.357525
1515,52.440290758047766,1.6291956,9.674177,-2.0690649,-9.41471,1.8418623,14.97951
1516,52.47490481135341,2.2234967,11.403228,-2.2861583,-7.197557,2.8970747,14.840057
1517,52.50951886465905,-0.047730427,9.889504,-4.473829,-8.013776,3.0235276,15.95743
1518,52.544132917964696,-0.121712625,10.553256,-3.6649485,-7.559085,3.0961084,14.573205
1519,52.578746971270334,2.7981718,11.102922,-0.83698356,-5.9093547,-1.2166245,14.0675745
1520,52.61336102457598,1.6102822,10.4222145,-1.3703585,-6.288042,-1.2927161,14.523035
1521,52.64797507788162,0.1255263,10.062312,-3.1176722,-5.942672,-2.1620135,14.814065
1522,52.682589131187264,-0.99536884,9.66788,-2.3240662,-7.8847923,0.74693125,12.898882
1523,52.7172031844929,-1.264885,6.2993283,-6.313759,-11.164441,1.4570744,14.105545
1524,52.75181723779855,-0.8572622,5.3794465,-6.2187524,-11.310734,-0.07238163,12.294242
1525,52.786431291104186,-1.6919206,5.8955817,-4.854654,-10.114137,-0.9226857,13.229759
1526,52.82104534440983,-0.9783709,5.8701777,-6.1314864,-9.919939,0.019232942,14.238541
1527,52.85565939771547,0.1597684,7.126223,-3.7408836,-9.09691,1.5227461,13.175576
1528,52.890273451021116,1.3890561,6.822235,-4.2013535,-8.153482,0.7780596,12.91512
1529,52.924887504326755,1.5984921,7.072206,-4.2595763,-5.008059,0.977105,11.212463
1530,52.9595015576324,-0.9134407,5.9503407,-5.98534,-8.689049,0.32929382,12.332178
1531,52.99411561093804,-0.19499923,8.539448,-5.027102,-8.834912,-0.4753159,14.409565
1532,53.028729664243684,-0.18774548,7.968672,-4.4847074,-5.7314644,-0.4131859,11.279793
1533,53.06334371754932,-2.4706755,8.231154,-6.318367,-8.772018,-0.5105017,12.045829
1534,53.09795777085497,-2.1759903,8.312898,-4.7824664,-5.910113,-0.42106536,10.655039
1535,53.13257182416061,-3.381758,7.3553114,-5.948329,-9.105799,0.11461154,13.656245
1536,53.16718587746625,-2.0376363,5.3687515,-3.8046262,-6.1812057,0.21202023,10.697977
1537,53.20179993077189,-3.2148917,4.607122,-5.222562,-10.269828,0.564868,12.277914
1538,53.23641398407754,-2.835029,5.2935414,-5.3965225,-10.874106,0.3213661,12.2715845
1539,53.271028037383175,-2.0596063,4.3019314,-5.145865,-9.046693,0.94115233,11.569751
1540,53.30564209068882,-3.5685723,6.470796,-5.8297524,-9.298579,1.0757617,12.820539
1541,53.34025614399446,-2.3374565,6.8004365,-4.4043803,-6.90679,0.5675494,11.357539
1542,53.374870197300105,-2.6591933,8.000368,-5.6229405,-9.598739,1.816287,14.106415
1543,53.40948425060574,-0.32102823,8.437283,-4.390158,-8.928356,0.9413085,14.740452
1544,53.44409830391139,-0.05650121,8.164617,-4.3420405,-6.8329782,-0.19322884,11.399789
1545,53.47871235721703,-1.5364635,8.531872,-5.4074993,-10.85112,1.4486972,13.837872
1546,53.51332641052267,-2.073305,5.971694,-5.552958,-10.721644,-0.16113937,13.5487
1547,53.54794046382831,-2.5557406,4.0241876,-4.7379975,-8.44547,0.17731129,11.178688
1548,53.58255451713396,-2.8552833,6.6305733,-3.4634733,-7.455163,2.0310752,10.618395
1549,53.617168570439595,-3.0312343,4.1587853,-4.055738,-7.1602983,-0.696291,9.889168
1550,53.65178262374524,-1.0636977,5.270618,-4.5359607,-7.401031,-0.059014652,10.450094
1551,53.68639667705088,-2.5083017,6.7207956,-4.690402,-10.115523,0.71140224,13.028765
1552,53.721010730356525,-3.483706,5.9377365,-2.007653,-6.1806073,1.5480006,8.322612
1553,53.755624783662164,-2.4176013,5.410772,-4.51951,-7.0671034,1.149587,10.493756
1554,53.79023883696781,-1.9468012,6.218806,-6.993489,-10.807234,1.4167591,13.422582
1555,53.82485289027345,-1.3390676,7.705823,-6.748554,-11.601083,0.7847565,15.740307
1556,53.85946694357909,-2.9706087,9.170121,-6.7665052,-9.753708,3.6290987,14.615838
1557,53.89408099688473,-2.3869662,4.3883357,-7.4244285,-11.168948,1.8143667,13.057676
1558,53.92869505019038,-2.842621,4.4734387,-4.7976966,-7.599844,1.1292862,9.754345
1559,53.963309103496016,-1.5610878,4.421287,-3.782403,-6.8057833,0.9567221,8.871305
1560,53.99792315680166,-1.3399768,5.4668393,-2.8245149,-7.011182,0.38343596,10.13437
1561,54.0325372101073,-0.96112937,5.634834,-3.2263618,-6.9395137,0.9626647,11.185576
1562,54.067151263412946,-0.53362894,4.311017,-3.1423843,-5.4627523,1.071172,8.287053
1563,54.10176531671859,-1.271949,4.5056486,-4.1252775,-7.5504503,2.407412,11.448259
1564,54.13637937002423,-2.2450137,7.6831045,-4.376946,-10.681308,1.539646,16.166416
1565,54.170993423329875,-0.7283453,8.622233,-4.803015,-12.10227,-0.33159482,16.043312
1566,54.205607476635514,-1.1067275,5.878112,-5.5696735,-12.393288,-0.75584215,12.786378
1567,54.24022152994116,0.22083493,7.273956,-1.4203669,-8.220393,-0.4975841,11.788431
1568,54.2748355832468,-0.38598493,7.0630336,-4.4469013,-9.902173,-0.75599957,15.174294
1569,54.30944963655244,0.92916286,10.46892,-1.8205194,-6.732631,-0.27098355,11.026137
1570,54.34406368985808,0.30998525,10.493337,-2.3105543,-6.422389,-1.0366375,11.907347
1571,54.37867774316373,2.382118,11.590456,-1.7561924,-7.6626673,0.73435014,13.595553
1572,54.413291796469366,2.6515772,11.710944,-0.60526675,-9.20093,-0.8278072,16.189854
1573,54.44790584977501,0.05036925,9.801719,-1.1572634,-10.697681,1.7462231,12.1775055
1574,54.48251990308065,0.91634977,12.749318,-1.539077,-9.167446,0.9008342,13.58001
1575,54.517133956386296,-0.7336828,11.617729,-3.2380223,-10.859353,3.2690778,14.09047
1576,54.551748009691934,-0.74747926,9.227452,-2.9276578,-9.947583,3.150909,14.369623
1577,54.58636206299758,-2.0070927,9.199617,-2.4150321,-10.678954,3.1067815,16.124763
1578,54.62097611630322,0.7757175,9.794522,-2.8582652,-11.170496,0.6026141,12.897794
1579,54.655590169608864,-0.004191639,8.925737,-2.1362507,-10.114152,0.100254536,12.976242
1580,54.6902042229145,0.7896933,9.841715,-2.0051112,-11.501079,1.8169663,15.96523
1581,54.72481827622015,2.7367857,13.349932,-0.6573932,-9.748107,3.5635686,12.765788
1582,54.75943232952579,-0.3130632,10.479144,-2.3409696,-8.099497,1.4518657,12.9866905
1583,54.79404638283143,1.485366,10.824457,-2.4455376,-9.462289,1.9021747,12.171957
1584,54.82866043613707,2.2318196,12.005712,0.04760631,-9.2396965,3.0216494,10.864287
1585,54.863274489442716,0.69806755,11.110919,-2.5749807,-9.219014,2.3793182,12.672016
1586,54.897888542748355,1.9841001,14.5875845,-1.327918,-7.526685,0.2170862,12.212493
1587,54.932502596054,0.0011326952,11.472465,-1.8091295,-6.4098053,-0.76746786,13.012645
1588,54.96711664935964,0.3703802,12.032227,-2.0952802,-10.059748,3.3630674,12.9591875
1589,55.001730702665284,0.038728688,13.18112,-2.452494,-10.210445,3.0851748,13.899076
1590,55.03634475597092,-1.4842178,11.580258,-3.526943,-11.132996,3.7611916,15.803504
1591,55.07095880927657,-2.8663235,10.634821,-3.1506774,-9.42011,1.8885832,15.790754
1592,55.10557286258221,-1.134745,10.898338,-2.135812,-8.417622,3.9667583,17.2373
1593,55.14018691588785,-3.7980857,9.167724,-4.1315284,-8.529615,2.6886878,12.616994
1594,55.17480096919349,-2.6623628,9.179918,-4.1633153,-10.347285,3.2759283,16.33321
1595,55.20941502249914,0.55763847,8.218226,-4.178862,-11.699689,1.4571804,11.675269
1596,55.244029075804775,0.9238049,9.642679,-1.8687617,-9.456878,0.52389,13.379123
1597,55.27864312911042,0.47442657,9.65708,-2.800152,-10.590413,1.018898,18.161415
1598,55.31325718241606,0.019025855,8.29185,-2.5797923,-11.790505,3.24116,17.742437
1599,55.347871235721705,-1.3506016,6.9976974,-4.425229,-12.099122,2.356117,16.815418
1600,55.38248528902734,-1.9117384,5.7581897,-3.2897732,-9.505799,2.0414536,13.302903
1601,55.41709934233299,-1.6291542,5.9423156,-1.9777675,-8.414492,1.8052363,11.342037
1602,55.45171339563863,-1.0094903,6.028339,-1.6207613,-7.984061,1.5778542,11.792016
1603,55.48632744894427,-0.11929754,7.0315747,-1.6924622,-7.701437,3.3818967,13.031326
1604,55.52094150224991,-1.5636101,6.5149736,-1.2547995,-6.5300007,3.3404446,10.545772
1605,55.55555555555556,-4.7332,8.894108,-1.4163609,-7.9596786,4.7193217,11.759829
1606,55.590169608861196,-1.537559,5.921908,-1.858822,-5.468017,2.4003353,9.362542
1607,55.62478366216684,-3.3180401,5.2231455,-3.8610463,-8.120463,0.103568755,10.676272
1608,55.65939771547248,-0.8288815,6.179518,-1.5039515,-7.1068645,2.891789,10.152314
1609,55.694011768778125,-0.55404955,9.291608,0.50540346,-7.4318414,2.692287,9.447696
1610,55.728625822083764,-2.7477405,6.614174,-2.3659303,-8.542415,5.8070145,13.496217
1611,55.76323987538941,-0.8215921,7.954426,-1.729128,-10.892996,3.1422656,14.875633
1612,55.79785392869505,0.85593045,7.3690157,-2.3088877,-12.496822,3.4213927,13.624778
1613,55.83246798200069,2.5763764,10.155903,-2.1101482,-9.9970045,0.7235974,13.33113
1614,55.86708203530633,1.5711329,8.81316,-3.1005943,-9.390259,0.90223753,12.732528
1615,55.90169608861198,-0.46774036,9.012024,-2.8110735,-8.234268,-0.7769605,14.389263
1616,55.936310141917616,3.3535235,10.525892,-2.4596107,-8.127677,2.0463185,13.780941
1617,55.97092419522326,2.6934488,9.279262,-3.3480844,-7.9758906,1.9626877,12.6955595
1618,56.0055382485289,2.8261454,11.857208,-2.2925549,-9.127702,2.5365615,15.838371
1619,56.040152301834546,-0.89452326,12.190873,-1.2339284,-7.5376606,3.0584688,15.355268
1620,56.074766355140184,-1.299718,10.333384,-4.094549,-9.07251,2.654206,15.507352
1621,56.10938040844583,-0.17806177,7.571436,-3.114645,-8.581544,2.6422877,14.10583
1622,56.14399446175147,-0.14310494,9.74738,1.0808319,-5.0528955,0.88728434,16.11013
1623,56.178608515057114,-0.51599586,8.299065,-0.70940745,-6.7785435,-0.12483678,15.759648
1624,56.21322256836275,-0.43800446,6.867752,-1.8216598,-7.4301753,1.5612116,12.990258
1625,56.2478366216684,2.3222134,11.392433,-1.3817998,-7.9323974,3.9963875,16.139624
1626,56.28245067497404,3.4458308,10.703964,-1.8967494,-8.162443,4.8623543,13.491712
1627,56.31706472827968,3.957767,12.209883,2.091096,-6.2239656,4.5516477,14.714016
1628,56.35167878158532,4.2452474,12.229894,0.85801476,-7.5373225,0.5178732,16.278496
1629,56.386292834890966,2.3609068,11.022382,0.28261805,-7.421195,-0.21902318,10.837737
1630,56.420906888196605,3.7895782,15.070791,5.34539,-4.489356,-0.024216853,14.233034
1631,56.45552094150225,2.0211477,14.196168,2.8767097,-5.506157,0.65250504,18.60177
1632,56.49013499480789,3.0502617,16.71839,4.869878,-3.7641983,1.2173842,20.821146
1633,56.524749048113534,2.845675,15.037838,2.4527874,-5.560634,2.7622452,19.032652
1634,56.55936310141917,0.34294862,10.002389,-0.5544345,-9.382546,1.5860906,4.919381
1635,56.59397715472482,-0.77916396,8.428588,-2.2894878,-9.508507,0.045330137,6.9839773
1636,56.62859120803046,-0.83370876,11.728347,-1.6080747,-10.0987835,2.717311,6.9516373
1637,56.6632052613361,-1.6607832,11.742138,-3.0429926,-10.852058,3.2179408,9.519811
1638,56.69781931464174,-2.715292,10.4600725,-2.879062,-9.098827,2.8139043,10.053493
1639,56.73243336794739,-2.868854,10.035561,-1.3038126,-8.88534,1.6565899,10.213804
1640,56.76704742125303,-2.941711,8.841746,-4.4273586,-8.493159,2.835091,11.780825
1641,56.80166147455867,-2.1875267,9.382539,-3.7972705,-10.047739,2.9821422,12.756152
1642,56.836275527864316,-0.057797194,7.8592024,-3.1317587,-10.4124155,1.6671112,9.618049
1643,56.870889581169955,-0.893542,2.9568279,-4.724403,-8.949738,1.6996264,6.9560504
1644,56.9055036344756,-1.4875522,5.5995393,-4.636883,-10.148462,0.5961127,11.829847
1645,56.94011768778124,-0.47451603,6.685711,-4.508457,-10.003695,0.48121655,13.119937
1646,56.974731741086885,3.0055366,11.314446,-0.17570262,-6.833388,1.5037501,10.649575
1647,57.00934579439252,-0.48063067,9.30799,-2.2838109,-8.049094,-0.2674742,14.745053
1648,57.04395984769817,0.8907625,8.955562,-0.09000731,-7.110123,1.3008069,7.5534954
1649,57.07857390100381,1.2057142,10.330354,-1.3141764,-8.070211,1.3829257,12.654821
1650,57.11318795430945,3.053313,9.30323,-3.2219448,-6.1973634,0.680371,12.646111
1651,57.14780200761509,1.1548299,11.256343,-2.2313886,-6.458907,0.16086663,15.212426
1652,57.18241606092074,-0.46403497,10.097788,-1.6794099,-5.822494,0.9985508,12.323174
1653,57.217030114226375,0.72823745,12.070514,-1.0505501,-4.9369516,1.8135561,14.727241
1654,57.25164416753202,-0.012994398,12.614023,-1.6474159,-5.1073365,0.6875614,16.033478
1655,57.28625822083766,0.8079066,14.505478,-1.0887047,-5.2146573,-0.63566554,19.81366
1656,57.320872274143305,-0.322384,12.893575,-3.684038,-6.336122,-0.25969693,18.211252
1657,57.35548632744894,-2.1571152,14.763268,-1.9295874,-7.336753,1.1227769,20.460684
1658,57.39010038075459,-1.0526508,14.839362,-2.49107,-7.260352,0.7005911,22.74878
1659,57.42471443406023,-2.381009,12.009086,-2.8279936,-6.773305,0.5344811,17.156397
1660,57.45932848736587,-1.1028042,10.438124,-2.4228415,-7.445996,-0.5795486,22.00969
1661,57.49394254067151,-0.1884659,8.124385,-4.2861834,-8.015882,-0.8890547,15.759758
1662,57.52855659397716,0.7544456,9.426876,-3.9700205,-8.929771,-0.29134572,17.451603
1663,57.563170647282796,1.7128578,11.839767,-0.5280263,-3.6005492,-1.4950954,12.556335
1664,57.59778470058844,-0.814778,8.527845,-2.571889,-5.2309194,-1.2338305,9.80091
1665,57.63239875389408,-1.1303002,9.072699,-1.342102,-3.9266026,-1.3711668,9.24507
1666,57.667012807199725,0.058594786,11.928995,-2.0838335,-5.179661,-1.6489103,13.372533
1667,57.701626860505364,0.41706604,9.499495,-1.0850489,-4.6570435,-1.9399216,10.94459
1668,57.73624091381101,0.63813734,11.020971,-2.3968549,-4.6528254,-2.0695348,10.705387
1669,57.77085496711665,-0.06631872,9.992571,-3.9137096,-5.8998947,-1.794522,13.865414
1670,57.805469020422294,-1.8767456,9.044919,-3.8579657,-5.6709166,-1.8410537,15.348269
1671,57.84008307372793,-0.4388595,10.333232,-2.7214699,-2.895655,-2.48906,13.913565
1672,57.87469712703358,-1.3072181,8.308466,-3.489634,-4.2105002,-1.6722798,12.171334
1673,57.909311180339216,-1.2615418,9.97501,-3.0351472,-6.1067114,0.07204688,13.82458
1674,57.94392523364486,0.75833684,8.259214,-3.7382424,-7.438354,-1.4257294,14.764819
1675,57.9785392869505,1.0100402,10.058749,-3.796653,-5.30288,-2.601252,12.348523
1676,58.013153340256146,-0.80140656,8.200493,-4.03291,-4.3434954,-2.3192375,10.10139
1677,58.047767393561784,-1.4442033,5.9554896,-4.1736064,-3.6962824,-2.064336,9.023826
1678,58.08238144686743,-0.27272192,9.848433,-3.3260465,-4.5977573,-3.0528383,15.177822
1679,58.11699550017307,-0.9621471,9.068352,-3.9906166,-6.451286,-1.5540671,14.013067
1680,58.151609553478714,-0.96541953,9.947914,-2.8566065,-4.571337,-1.3120122,13.252619
1681,58.18622360678435,-0.13296764,9.993075,-3.5101378,-5.6560364,-1.701856,14.751634
1682,58.22083766009,-1.4905416,10.210473,-4.9409595,-7.1635714,-0.6478346,11.150577
1683,58.25545171339564,-1.3693806,9.80606,-3.6905043,-5.208935,-0.37305605,11.029252
1684,58.29006576670128,-2.110221,10.99496,-4.006744,-5.685841,0.16637953,11.677011
1685,58.32467982000692,-1.6111623,9.540963,-2.9000525,-6.067498,2.0226772,12.3171015
1686,58.359293873312566,0.18638925,9.534044,-4.5014806,-8.147989,-0.87610006,13.260127
1687,58.393907926618205,1.5473974,8.872706,-2.5574064,-6.5523577,-0.41499665,11.647838
1688,58.42852197992385,0.5939592,8.347115,-4.4726257,-5.574299,-1.0319911,11.666617
1689,58.46313603322949,0.087038636,8.82452,-5.1708503,-4.329386,-2.214593,10.387701
1690,58.497750086535135,0.92427313,9.977591,-4.181135,-4.903412,-0.65180594,13.988006
1691,58.53236413984077,0.7565844,9.289396,-4.4230766,-7.2621,-1.4297636,15.672725
1692,58.56697819314642,0.6669071,10.466492,-4.296157,-7.345297,-1.4364091,13.239655
1693,58.60159224645206,-2.0183911,10.378053,-4.975875,-8.475403,0.13176301,14.536106
1694,58.6362062997577,-1.3785081,12.034848,-3.24201,-7.663419,0.64634633,15.447766
1695,58.67082035306334,-2.069431,12.226708,-3.8016365,-8.35699,0.90448624,16.15341
1696,58.70543440636899,-3.4083292,9.530852,-4.185886,-7.636465,0.8821457,14.226414
1697,58.740048459674625,-2.3943756,6.8712797,-4.5036073,-7.8021383,0.6158487,12.65255
1698,58.77466251298027,-4.3660674,5.3895435,-4.734434,-7.9820833,0.74083054,10.805718
1699,58.80927656628591,-3.2990909,4.715328,-4.4281383,-8.027755,0.72159225,10.540628
1700,58.843890619591555,-2.2060888,5.047099,-2.9719207,-4.3083577,-0.2336247,7.9539948
1701,58.87850467289719,-3.5711784,7.007294,-5.3831105,-8.283435,0.9329501,11.172383
1702,58.91311872620284,-2.6341925,8.440341,-3.897308,-7.090939,0.97023606,12.251606
1703,58.94773277950848,-2.4707654,6.468497,-6.83488,-10.663921,0.24074352,13.827586
1704,58.98234683281412,-1.3342316,6.2467303,-6.403781,-10.63397,-0.15545057,11.327455
1705,59.01696088611976,-0.73926735,6.6931744,-4.1466827,-9.465408,0.13687669,11.090947
1706,59.05157493942541,-1.160004,6.3297577,-5.2744775,-9.615658,0.0049474942,13.136849
1707,59.086188992731046,-0.22346464,6.478152,-4.178202,-8.854361,2.3673592,11.758623
1708,59.12080304603669,0.62623477,6.3135366,-4.917936,-9.017736,1.1801131,12.668684
1709,59.15541709934233,6.7415633,7.437894,-0.32193965,-1.3753563,2.0475626,7.15307
1710,59.190031152647975,2.275704,5.0645814,-2.1646647,-2.0760658,3.045265,5.422501
1711,59.224645205953614,0.5284806,6.3426175,-2.4120028,-3.1305916,1.830252,8.180323
1712,59.25925925925926,-0.31292987,5.9189057,-5.471886,-7.8090253,1.5683222,12.611675
1713,59.2938733125649,0.5571802,6.516429,-4.7193055,-6.6182384,0.9382484,10.481398
1714,59.328487365870544,-1.7447957,6.684092,-6.252532,-6.83442,0.20024006,11.706387
1715,59.36310141917618,-3.65058,6.1425505,-6.0753736,-7.173074,0.8119035,11.774769
1716,59.39771547248183,-5.243016,6.260703,-5.4362516,-6.7112284,1.1956657,10.138532
1717,59.432329525787466,-4.7502513,6.8379917,-6.0981956,-8.324061,1.991534,12.673798
1718,59.46694357909311,-3.8998027,5.3244514,-6.4096212,-7.4158053,0.92957795,10.449049
1719,59.50155763239876,-2.4202642,4.6646795,-4.0730224,-4.927995,1.9034914,8.330066
1720,59.536171685704396,-5.2299175,6.1853986,-6.927304,-9.023325,1.8183154,11.759197
1721,59.57078573901004,-2.1983469,6.6888905,-6.5818377,-8.093852,1.4297153,12.815813
1722,59.60539979231568,0.847075,7.0739107,-5.863675,-7.0823417,1.0286957,11.04232
1723,59.640013845621326,-0.6145602,6.42471,-6.816237,-7.4751015,0.557091,12.34191
1724,59.674627898926964,2.357078,5.472933,-2.9419212,-3.7227323,1.3144131,6.7218246
1725,59.70924195223261,2.7273247,8.473315,-3.001322,-5.1881404,1.4422749,9.9743395
1726,59.74385600553825,1.0624346,6.349088,-3.800246,-4.136508,1.9861227,8.059942
1727,59.778470058843894,2.3359547,7.286184,-2.8023994,-2.8614864,1.0158484,5.6374207
1728,59.81308411214953,0.21946308,7.6761193,-3.4327629,-4.3375382,2.228934,9.260518
1729,59.84769816545518,1.0519167,8.861749,-5.6016364,-6.789079,1.9054359,11.952044
1730,59.882312218760816,0.029109452,7.2294226,-7.6227527,-8.27508,-0.29300827,12.590775
1731,59.91692627206646,-1.6909368,8.360964,-7.0672994,-8.359878,0.94839483,16.528875
1732,59.9515403253721,-3.790285,6.255484,-8.313989,-10.979537,1.3298937,16.372202
1733,59.986154378677746,-3.7363331,5.758485,-5.407859,-7.7024245,0.48604703,11.013199
1734,60.020768431983385,-3.6949358,4.3300242,-5.3584857,-8.685006,0.62890244,11.419528
1735,60.05538248528903,-3.2018638,3.937054,-4.9588675,-8.084695,1.4861896,10.386952
1736,60.08999653859467,-4.4402747,5.788613,-4.064518,-4.6097417,-0.27189663,7.155898
1737,60.124610591900314,-4.446717,5.593313,-6.0826735,-8.731709,1.423793,11.938315
1738,60.15922464520595,-4.281784,4.6072335,-5.281965,-8.665318,1.1933236,10.521344
1739,60.1938386985116,-3.0957584,5.7278056,-5.5837607,-7.131166,1.5969288,13.266863
1740,60.22845275181724,-1.5212306,1.6123449,-2.935011,-4.403302,1.5500307,3.050674
1741,60.26306680512288,-4.079768,4.7665453,-4.189369,-7.059619,2.1898441,8.833201
1742,60.29768085842852,-2.5539916,2.8999076,-2.6014614,-4.656769,-0.410277,6.5037255
1743,60.33229491173417,-4.227202,5.8180346,-5.8854094,-8.806073,1.9115608,14.938234
1744,60.366908965039805,-2.8135998,5.8115554,-6.4879327,-9.919824,1.4627713,15.3525505
1745,60.40152301834545,-1.284195,6.681615,-7.2400794,-10.270494,1.3032764,14.196874
1746,60.43613707165109,0.38151756,10.137407,-4.9934344,-5.795485,0.0730547,14.601215
1747,60.470751124956735,-0.5439689,9.757011,-6.3054276,-8.80095,0.89408743,17.14913
1748,60.50536517826237,-1.1782383,10.151422,-3.2477586,-4.9231224,1.6215012,15.5409775
1749,60.53997923156802,-3.1723914,8.074631,-3.9243374,-5.540476,0.8010211,11.617043
1750,60.57459328487366,-2.7963045,7.18617,-2.7471864,-4.431323,0.62922215,9.79372
1751,60.6092073381793,-1.9884725,7.7159934,-3.3837574,-5.806647,1.2219071,14.336367
1752,60.64382139148494,-2.5163262,6.206196,-2.840368,-4.472704,-0.5425402,10.331967
1753,60.67843544479059,-3.5403247,4.8480086,-3.1996186,-4.791813,0.20753649,7.304415
1754,60.713049498096225,-3.466914,10.0156145,-2.93919,-5.2385592,0.8735476,15.581761
1755,60.74766355140187,-1.152668,8.945537,-4.195438,-6.010369,0.34910625,14.392731
1756,60.78227760470751,-1.3643423,8.179165,-6.8522134,-9.362499,-0.74904853,16.30089
1757,60.816891658013155,0.68617815,8.199193,-3.7107406,-8.972143,0.043305676,13.683458
1758,60.851505711318794,0.2709712,8.754397,-3.8292012,-10.531823,1.546421,17.69738
1759,60.88611976462444,-1.2342825,7.2521477,-5.774303,-11.371098,2.0563195,18.330946
1760,60.92073381793008,-2.5400205,5.9703827,-5.202087,-10.114471,1.095237,15.029797
1761,60.95534787123572,-3.0736935,4.6368446,-5.1207547,-9.414576,0.50906795,12.427416
1762,60.98996192454136,-2.7215412,4.3552504,-4.75159,-9.033157,1.69305,11.225311
1763,61.02457597784701,-1.1710819,5.2658753,-3.7646873,-8.951595,0.9893584,13.579757
1764,61.059190031152646,-1.6743416,7.793906,-3.8622754,-8.817007,1.8060873,14.681347
1765,61.09380408445829,0.25415027,7.282564,-4.129785,-10.4642105,1.1298349,15.259289
1766,61.12841813776393,-0.20550658,10.461453,-3.2905378,-9.311567,1.2449732,18.56843
1767,61.163032191069576,-2.541937,10.329219,-4.478509,-8.575737,0.7320132,18.898857
1768,61.197646244375214,-1.5541896,9.454089,-3.5588522,-8.448061,0.05189981,22.079752
1769,61.23226029768086,-2.0334327,7.9912972,-5.2537413,-8.6789255,1.5488801,17.105747
1770,61.2668743509865,-0.7466413,3.525177,-7.917438,-13.474226,0.51671565,15.264784
1771,61.301488404292144,-1.3859919,3.6688316,-8.046648,-13.181256,0.6901329,12.984223
1772,61.33610245759778,-1.7234024,4.7834373,-5.195489,-10.218017,0.45821062,12.863672
1773,61.37071651090343,-1.249491,4.4012494,-6.880753,-11.724815,0.89646035,14.444974
1774,61.405330564209066,-1.2212752,6.604114,-5.576944,-11.350093,0.2652717,14.21897
1775,61.43994461751471,-1.2473016,5.0057874,-5.6739297,-10.6183,-0.304226,12.975626
1776,61.47455867082035,-1.7829884,3.7366579,-4.9769297,-9.416356,0.54452366,12.02973
1777,61.509172724125996,-2.520732,4.192346,-2.9781232,-6.710124,0.45692897,9.679657
1778,61.543786777431635,-2.5419362,4.210389,-3.9197493,-7.114225,-0.680837,10.409136
1779,61.57840083073728,-0.87129307,3.9726782,-4.636798,-8.4114065,-0.6355848,11.154858
1780,61.61301488404292,-2.0435994,4.1235743,-4.7069683,-8.200946,1.2362876,10.292988
1781,61.647628937348564,-1.3165927,4.3035417,-1.4335107,-2.4965873,-0.5167198,7.1660476
1782,61.6822429906542,-2.0979187,5.4008603,-4.2065644,-7.35054,0.8572932,11.087393
1783,61.71685704395985,-0.9003311,5.592876,-4.6330347,-8.519517,-0.2457171,11.389798
1784,61.75147109726549,-0.67717105,7.3552666,-3.549314,-7.502518,0.67546916,11.510679
1785,61.78608515057113,-0.20816703,6.562584,-5.854169,-7.063365,-0.40139288,10.8085785
1786,61.82069920387677,-0.8375324,5.4647903,-5.3600097,-8.070061,-0.6131685,12.579602
1787,61.85531325718242,-1.2010099,4.181664,-6.3673186,-8.951923,0.6974601,12.584502
1788,61.889927310488055,0.3380622,4.281852,-3.4061775,-5.9445825,0.63854176,10.401803
1789,61.9245413637937,-0.45327997,4.2983603,-3.4818377,-6.0654078,0.26745754,9.756328
1790,61.95915541709934,-0.46667442,4.574402,-3.2669663,-5.080999,1.1379938,8.750569
1791,61.993769470404985,-0.5859496,4.1709533,-3.7113752,-6.340074,1.2295438,9.674888
1792,62.02838352371062,-0.38617867,5.307704,-4.479962,-7.130141,0.9690474,10.504186
1793,62.06299757701627,-0.73968935,4.5701933,-3.6639247,-5.542463,1.8570831,8.4353895
1794,62.09761163032191,-0.7185947,5.6669955,-3.9077885,-5.313091,2.1063952,9.468205
1795,62.13222568362755,-1.4096199,5.054359,-3.6717703,-5.6238203,1.2696651,8.699364
1796,62.1668397369332,-1.8448671,6.196729,-4.900851,-7.904139,1.6830678,12.466331
1797,62.20145379023884,-1.7871338,5.537062,-6.0269575,-9.927208,1.3683987,13.360374
1798,62.23606784354448,-2.1072273,3.7714617,-7.099212,-10.234052,1.6638763,13.433936
1799,62.27068189685012,-1.6862816,4.4032865,-5.302549,-7.3915462,0.76658946,10.338
1800,62.30529595015577,-1.3362054,4.7244396,-1.2926904,-4.3629885,-0.30170324,7.7248025
1801,62.339910003461405,-2.3657835,3.6991007,-4.1044173,-7.7835455,1.0409281,10.685733
1802,62.37452405676705,-1.3091023,4.039485,-4.8293586,-7.988556,0.8532503,11.696254
1803,62.40913811007269,-3.2066925,5.8890324,-3.2354784,-7.486471,2.0004666,9.274621
1804,62.443752163378335,-0.9640828,5.9906363,-1.6145993,-5.7706585,4.278427,6.5307393
1805,62.47836621668397,-0.7543939,6.345822,-4.158047,-7.8308263,2.4428928,12.779855
1806,62.51298026998962,-1.4105731,5.1808286,-5.886649,-9.82478,1.3237196,12.769135
1807,62.54759432329526,-1.0346712,2.933541,-8.420492,-14.139684,1.0805045,14.067737
1808,62.5822083766009,-2.1234457,5.333651,-7.3385496,-12.996383,1.8350465,14.79918
1809,62.61682242990654,-2.3097966,4.760163,-7.5438685,-12.008766,1.1845924,14.481657
1810,62.65143648321219,-1.9884659,3.1648028,-7.2758727,-12.014976,1.7988255,13.029686
1811,62.686050536517826,-1.1178046,4.912673,-3.3173993,-7.5590534,0.049837045,10.163366
1812,62.72066458982347,-1.5726391,3.1495492,-4.68788,-9.294046,1.0457395,11.071591
1813,62.75527864312911,-1.7519095,3.3704,-5.594247,-10.012064,0.9604008,11.324311
1814,62.789892696434755,-5.4533267,7.474782,-4.854237,-9.634251,2.8600597,10.673064
1815,62.824506749740394,-2.6890972,6.5906844,-1.8557494,-7.488186,4.740802,6.6092634
1816,62.85912080304604,-3.5164502,4.431485,-6.710806,-9.803516,1.5601851,11.309183
1817,62.89373485635168,-3.8005755,5.7610245,-4.828676,-8.963312,1.9378251,11.173537
1818,62.92834890965732,-5.5315084,1.6496692,-8.272374,-13.838786,1.3915647,12.874088
1819,62.96296296296296,-2.3799694,7.0259023,-1.70137,-4.434839,-0.0010209392,8.1600275
1820,62.99757701626861,-4.374241,3.024259,-5.9397016,-10.191909,0.15158968,11.150143
1821,63.032191069574246,-3.0431354,5.972623,-2.8252232,-6.538895,1.0309521,7.9521756
1822,63.06680512287989,-2.8843496,2.8631577,-6.0519066,-10.782849,0.8547758,12.455021
1823,63.10141917618553,-3.4835846,3.5599205,-6.661247,-9.922166,1.4289804,10.899141
1824,63.136033229491176,-3.9276445,3.440369,-7.767188,-12.030747,1.4454708,12.984876
1825,63.170647282796814,-2.5276437,1.736938,-7.933922,-12.733781,2.0813737,13.323824
1826,63.20526133610246,-2.949524,7.764554,-2.0661128,-7.067009,4.1054664,10.288357
1827,63.2398753894081,-2.9176877,5.104566,-3.230608,-9.783176,0.5073224,12.116042
1828,63.274489442713744,-1.0356066,4.4731174,-3.5401664,-7.988675,0.67747664,11.187042
1829,63.30910349601938,-0.50302505,4.1306205,-4.316505,-8.86423,1.2815036,11.415972
1830,63.34371754932503,-1.8147435,5.87182,-2.33351,-7.3385253,2.799269,10.046327
1831,63.37833160263067,-0.4999104,4.403528,-3.4819808,-6.4132795,2.3600261,9.80576
1832,63.41294565593631,-1.8287975,4.0430307,-4.0296016,-6.6139584,2.6455977,8.980011
1833,63.44755970924195,-4.3928313,7.384192,-3.0821223,-8.777259,0.5598512,12.713293
1834,63.482173762547596,-1.8179766,5.4039025,-3.6297824,-7.9502683,3.2074628,8.603063
1835,63.516787815853235,-0.25493345,9.674364,1.5923632,-6.533537,4.98108,10.550707
1836,63.55140186915888,-2.9686923,5.360246,-4.591642,-10.047031,4.7579503,13.804129
1837,63.58601592246452,-1.1038448,6.4292355,-4.614417,-11.450894,2.3101058,15.673417
1838,63.620629975770164,0.19829082,5.5494213,-6.127841,-13.068525,1.374748,14.851166
1839,63.6552440290758,-0.6035087,7.351711,-3.681311,-10.295336,1.534518,12.551029
1840,63.68985808238145,-0.7640052,6.366962,-4.847767,-10.155507,1.2077062,15.178146
1841,63.72447213568709,1.3893809,8.379742,-2.1194546,-9.900141,1.5840747,12.112529
1842,63.75908618899273,1.1952387,8.811519,-2.3662882,-11.133664,3.897874,16.78946
1843,63.79370024229837,1.7337312,9.876399,-1.4889697,-9.030526,3.2683496,16.401081
1844,63.82831429560402,0.083657205,7.226378,-2.6799676,-10.00753,4.4538026,14.17425
1845,63.862928348909655,-2.3876767,6.0563407,-2.7553854,-9.140555,3.8076437,13.106778
1846,63.8975424022153,-1.561998,5.161578,-2.2375326,-8.216056,1.9448737,11.492984
1847,63.93215645552094,-0.8824112,5.58853,-2.641589,-7.6696706,2.5549805,12.313796
1848,63.966770508826585,0.35751003,5.6599355,-2.7373493,-8.8021345,3.2569516,12.352036
1849,64.00138456213223,-2.083988,6.201115,-2.3995016,-8.139332,5.214904,10.846195
1850,64.03599861543786,-1.2092872,7.0821414,-1.4268802,-7.3749537,1.3786478,9.989982
1851,64.07061266874351,-1.1586983,5.2440557,-2.4159498,-5.396392,3.8420312,8.857048
1852,64.10522672204915,-1.8133106,5.4971194,-1.69254,-5.8537226,0.8443888,11.274138
1853,64.1398407753548,-1.8369989,7.547578,-0.40863875,-5.2843623,2.8445458,8.804527
1854,64.17445482866043,-1.0436945,8.938846,0.31707278,-7.501033,1.7740048,11.413916
1855,64.20906888196608,-2.0080032,6.230666,-2.7093658,-8.5063305,6.098613,12.653489
1856,64.24368293527172,0.69201815,7.774445,-2.226932,-10.303411,4.726029,14.209954
1857,64.27829698857737,0.7980915,7.2710648,-3.8142498,-12.216771,3.6758273,13.960736
1858,64.312911041883,-0.47606078,4.1544566,-4.4917197,-11.117904,3.4489625,10.530041
1859,64.34752509518864,0.4604434,7.8992395,-1.1509315,-8.981519,1.7103175,9.778265
1860,64.38213914849429,0.275796,7.307141,-3.715433,-10.481034,3.1431608,13.585199
1861,64.41675320179993,2.1069233,9.331704,-2.5168035,-8.756237,0.58771497,12.9602
1862,64.45136725510557,0.67595464,7.65007,-3.3543608,-8.654501,0.9390637,12.39356
1863,64.48598130841121,-0.979761,8.0378275,-3.3143704,-8.163986,-0.46613455,13.535193
1864,64.52059536171686,0.8365926,8.989606,-2.9044695,-7.2074084,0.99179316,12.383678
1865,64.5552094150225,2.6710746,10.200616,-3.1521533,-7.7745757,2.3002174,13.355385
1866,64.58982346832813,2.9475868,8.833225,-3.4790132,-8.2141485,2.2223551,13.197325
1867,64.62443752163378,-0.5036225,8.657648,-4.2365165,-7.7596383,1.6865219,10.724709
1868,64.65905157493943,4.4564605,10.137182,-2.1786635,-8.226352,3.0947814,13.170402
1869,64.69366562824507,-0.55583006,10.22126,-0.2092962,-8.027199,4.3130555,11.385436
1870,64.7282796815507,-2.0985816,10.166203,-2.4007623,-9.303845,3.0600436,16.885147
1871,64.76289373485635,0.8335368,8.108099,-0.18765049,-6.678367,3.7815905,7.8298664
1872,64.797507788162,-0.8805895,7.683818,-3.6457791,-7.704663,2.4542174,11.590785
1873,64.83212184146764,-1.0019261,7.875035,-3.6499157,-7.6705093,3.2027318,12.887643
1874,64.86673589477329,-0.2505715,8.163336,-2.293866,-7.8597765,2.374251,16.009144
1875,64.90134994807892,2.0978866,7.388406,-2.9594514,-6.0555873,2.6825886,12.622116
1876,64.93596400138456,3.2465434,9.665363,-0.79005855,-7.112589,3.4145832,13.639108
1877,64.97057805469021,2.0019276,7.054297,-0.8283612,-6.0456657,3.6983488,8.498791
1878,65.00519210799585,4.7308927,10.697319,0.89475507,-6.417133,4.3018947,13.554173
1879,65.03980616130148,5.086678,12.126828,1.3308629,-6.9645705,1.3296051,13.979474
1880,65.07442021460713,5.347159,11.898455,-0.34006953,-5.0137973,1.429614,13.830968
1881,65.10903426791278,4.01643,12.705092,1.1718471,-3.9385276,1.6129532,14.125749
1882,65.14364832121842,5.893771,16.791254,1.8889425,-3.3990095,2.6118214,21.80524
1883,65.17826237452405,1.2958175,14.945333,-0.6001152,-5.770458,2.9373832,19.716002
1884,65.2128764278297,1.0072736,14.871076,-1.6829976,-6.518833,3.0695996,20.730679
1885,65.24749048113534,1.4312716,13.37334,0.26006195,-4.921119,1.157834,20.720655
1886,65.28210453444099,3.7887976,12.872612,0.6203535,-6.5416493,1.2469592,15.810548
1887,65.31671858774662,1.3442482,10.962508,-0.3321324,-8.448554,1.1621665,8.325739
1888,65.35133264105227,1.0836596,12.384982,-0.3502906,-8.647149,2.4325514,11.069363
1889,65.38594669435791,-0.16174243,13.04626,-0.38667715,-7.331305,2.0360436,9.217214
1890,65.42056074766356,-0.22132109,12.10051,0.28290462,-8.878682,1.547137,6.8470907
1891,65.45517480096919,0.9652826,9.398535,-2.1859748,-10.002231,1.2271024,9.752756
1892,65.48978885427483,-0.55795187,9.115838,-3.1792164,-9.335099,0.3447702,13.082579
1893,65.52440290758048,-1.4146881,10.819886,-3.7857738,-9.867299,0.784717,17.453093
1894,65.55901696088613,-1.295446,10.315378,-3.501899,-10.497468,0.21640897,16.957363
1895,65.59363101419176,-0.6801764,11.478101,-0.6095849,-6.893075,-0.38672885,17.524723
1896,65.6282450674974,-1.6139972,7.9982853,-2.9856586,-8.916046,0.63931996,16.61944
1897,65.66285912080305,-3.49931,6.8806663,-3.4628527,-7.930759,0.44767618,12.906825
1898,65.6974731741087,-0.34014046,8.960067,-0.10907213,-6.380348,1.5529114,10.494743
1899,65.73208722741433,-1.1244087,6.4299192,-2.36228,-7.9111385,0.98681533,15.790263
1900,65.76670128071997,-0.7049903,7.295699,-1.6013578,-7.2485895,-0.10950567,15.432703
1901,65.80131533402562,-0.76451087,9.37581,-1.8363607,-8.787403,1.1109278,16.501335
1902,65.83592938733126,1.4493191,9.780639,-1.7416518,-9.501481,1.409063,12.071398
1903,65.8705434406369,0.42326546,6.149579,-3.8277087,-10.072631,2.0087714,10.350917
1904,65.90515749394254,-0.6861849,5.8125944,-2.3084886,-7.2190156,-0.54195946,10.943047
1905,65.93977154724818,-0.029498262,7.023588,-3.9907548,-9.768222,1.7344548,12.902567
1906,65.97438560055383,2.700643,11.136875,-1.0517622,-6.783148,0.15328787,17.352602
1907,66.00899965385946,2.6880043,11.407882,0.14116406,-8.155006,1.1007764,17.802675
1908,66.04361370716511,1.1664264,12.084584,0.25052452,-5.112881,-0.98182553,16.667536
1909,66.07822776047075,0.12472793,10.431674,-0.9968596,-5.4317703,-1.9034988,18.204958
1910,66.1128418137764,-0.10348318,11.217244,-2.078314,-6.3939347,-1.2326102,20.49097
1911,66.14745586708203,-1.7550073,8.804909,-3.056354,-6.8900504,-0.9928333,15.070252
1912,66.18206992038768,-0.44023088,8.263236,-4.0329847,-8.845904,-2.0306098,16.93444
1913,66.21668397369332,0.14747626,7.020422,-4.027517,-7.4553747,-0.539045,13.362468
1914,66.25129802699897,0.69659156,7.0790987,-4.895385,-7.706617,0.14288485,13.282844
1915,66.2859120803046,0.31145263,9.030783,-3.436733,-6.62922,-0.11808315,13.798629
1916,66.32052613361024,-0.6170197,7.880405,-4.894661,-8.802638,-0.9699717,14.322798
1917,66.35514018691589,1.7934302,10.716935,-3.5508754,-8.519875,-0.4402211,18.117178
1918,66.38975424022154,-0.13351373,11.584588,-3.2582197,-7.919811,1.553903,13.596226
1919,66.42436829352717,-3.2915213,10.709675,-5.293842,-8.327607,0.4374933,12.677229
1920,66.45898234683281,-1.4870569,13.720289,-3.3881419,-8.412298,-0.4438666,15.348411
1921,66.49359640013846,-0.259422,12.891296,-1.3606232,-5.272925,-0.0052271467,14.5603285
1922,66.5282104534441,-1.6179807,13.084236,-2.6436572,-5.0502806,0.9111498,13.20369
1923,66.56282450674973,-4.1081877,9.7499,-4.154989,-5.0022016,-1.2916098,12.290725
1924,66.59743856005538,-2.1375625,11.804343,-4.4272943,-5.1408887,-0.4371654,12.938566
1925,66.63205261336103,-1.1508656,11.680073,-3.9005113,-6.3654222,-1.2877616,13.596522
1926,66.66666666666667,0.27448067,12.741344,-3.8749132,-5.939087,-1.4559002,16.030674
1927,66.7012807199723,1.1753598,11.926584,-2.2598138,-3.5660605,-1.2183795,13.902325
1928,66.73589477327795,-0.35463038,10.173007,-4.612964,-6.0644608,-2.4546406,15.29945
1929,66.7705088265836,0.07311843,12.131188,-4.7322593,-6.3264246,-2.9093823,16.150986
1930,66.80512287988924,-1.7794039,9.041308,-4.823584,-4.619797,-1.6640303,12.625134
1931,66.83973693319487,-2.259264,10.098434,-4.6266336,-6.1770177,-1.8910685,17.277555
1932,66.87435098650052,-0.19962996,8.175829,-5.188597,-8.593752,-2.1295922,15.93712
1933,66.90896503980616,-0.89418083,9.880209,-5.394522,-9.159781,-0.63931185,12.731934
1934,66.94357909311181,-1.9281956,10.65491,-5.8007903,-8.415595,-0.5488243,14.61215
1935,66.97819314641744,-1.9502833,10.697017,-5.3309765,-8.968147,-1.0307716,14.452948
1936,67.01280719972308,-2.4300706,11.394571,-4.60402,-8.81286,-0.34970096,16.316135
1937,67.04742125302873,-3.2183464,6.4430604,-5.8188868,-8.608372,0.040609393,13.189921
1938,67.08203530633438,-3.8823395,4.997463,-5.3774276,-8.039674,-0.11162518,11.276229
1939,67.11664935964001,-3.17635,6.575815,-6.088281,-7.999897,0.41492745,11.814361
1940,67.15126341294565,-2.0421183,6.7236,-6.525539,-10.856527,-0.17468698,13.728751
1941,67.1858774662513,-0.6801966,5.725012,-5.244608,-9.784885,0.3746665,10.697842
1942,67.22049151955694,-0.3199245,7.2511992,-2.61697,-8.11695,0.3662442,11.087066
1943,67.25510557286258,-0.6008061,7.0745997,-4.7318215,-9.752698,0.6896501,13.178083
1944,67.28971962616822,0.99514997,7.700675,-2.0945942,-10.365313,2.3972073,10.533491
1945,67.32433367947387,1.6244062,8.537505,-2.2644963,-11.096979,2.3742595,13.694631
1946,67.35894773277951,3.3324337,11.760064,-2.1072888,-9.869483,4.511591,12.564015
1947,67.39356178608514,-0.79429996,8.230132,-4.2193513,-9.360898,2.530328,13.801198
1948,67.42817583939079,-0.16049218,8.276629,-4.5973063,-11.522429,2.7929575,13.884274
1949,67.46278989269643,1.7825139,10.644639,-0.9437387,-9.761789,2.222013,10.514951
1950,67.49740394600208,-1.1026034,6.5636797,-3.3883522,-9.17416,0.8818406,12.157337
1951,67.53201799930771,0.53664964,10.917984,-2.8508563,-9.473522,2.8427966,12.43456
1952,67.56663205261336,-0.20128079,10.779669,-3.756094,-10.91042,4.3265495,13.58951
1953,67.601246105919,-1.4677023,9.286483,-3.6532445,-10.670392,4.5265064,13.661602
1954,67.63586015922465,-2.7708468,8.658854,-3.6571245,-11.993009,4.0879583,15.542063
1955,67.6704742125303,0.60590154,10.798525,-2.4141583,-9.544759,4.355108,11.13615
1956,67.70508826583593,1.1263471,12.554693,-0.74977845,-8.030888,4.5675893,10.717133
1957,67.73970231914157,2.1935775,14.792418,-1.2696016,-7.530757,2.9423015,13.025254
1958,67.77431637244722,-0.47736213,11.981967,-2.8343334,-6.534053,-0.0037075018,13.039482
1959,67.80893042575286,-1.7670908,12.205245,-2.335833,-5.3945756,-0.3158486,13.506873
1960,67.8435444790585,0.25942412,11.8369255,-1.934831,-7.026985,0.59593165,13.589614
1961,67.87815853236414,0.9932413,7.925594,-4.9229026,-12.029034,4.337791,10.620132
1962,67.91277258566979,0.85005826,9.238366,-2.4683836,-9.266515,2.2721276,11.882895
1963,67.94738663897543,0.9137333,10.156604,-2.9251173,-10.044808,2.3910034,16.19307
1964,67.98200069228106,0.4539565,7.8346095,-3.1066759,-11.8927965,4.203575,17.159895
1965,68.01661474558671,-1.6849339,6.585415,-4.74215,-12.726157,3.095394,16.978476
1966,68.05122879889235,-2.2584934,5.9611654,-3.2777133,-9.718972,2.4090683,13.607617
1967,68.085842852198,-2.2711983,4.925375,-3.186992,-8.793133,1.4964805,12.009977
1968,68.12045690550363,-1.218425,4.9211493,-2.9228556,-8.807439,1.8678987,12.472553
1969,68.15507095880928,-0.00400269,6.0726285,-2.8834445,-8.277363,2.795077,11.714132
1970,68.18968501211492,-0.50843525,5.483064,-2.378604,-6.1374664,2.766405,9.74905
1971,68.22429906542057,-3.6113076,8.636111,-1.3321128,-7.2364974,5.3629603,9.754089
1972,68.2589131187262,-1.7134802,5.171673,-2.667551,-6.8473706,3.8410125,9.706758
1973,68.29352717203184,-3.6043086,5.195714,-3.8507712,-8.2057,1.1279744,11.011365
1974,68.32814122533749,-1.5148212,7.175094,-2.4128807,-7.763376,4.055126,9.559088
1975,68.36275527864314,-3.474458,6.79225,-1.7141551,-5.451601,1.7278546,7.028779
1976,68.39736933194877,-2.6583073,6.2995334,-2.7091181,-9.107226,5.7605796,13.548749
1977,68.43198338525441,0.1427488,7.4939,-2.7452154,-10.4901495,3.7562475,14.78741
1978,68.46659743856006,1.2004501,6.912459,-3.5861874,-11.453063,4.680934,12.813558
1979,68.5012114918657,-0.46173778,-0.5419193,-3.1132305,-5.4523034,2.588033,1.8638508
1980,68.53582554517133,-0.048442267,5.7727046,-4.3809376,-9.91813,3.841068,11.692275
1981,68.57043959847698,0.4053792,6.633432,-4.304431,-9.785426,3.503061,13.11798
1982,68.60505365178263,1.5053219,7.2109075,-3.1924028,-8.088647,1.6316764,11.175143
1983,68.63966770508827,-0.6559326,8.141904,-3.056496,-8.255948,0.6600982,13.813698
1984,68.6742817583939,0.016769886,6.7429986,-4.1992044,-7.7215314,1.8151929,12.062491
1985,68.70889581169955,1.1421188,7.2028728,-4.7026086,-7.9343953,1.4517773,12.693586
1986,68.7435098650052,2.0150366,7.1789575,-3.387837,-6.2397146,0.85430026,12.084443
1987,68.77812391831084,-0.26806143,7.317425,-4.3442235,-6.8088336,0.47521305,13.127189
1988,68.81273797161647,1.9480969,7.8480086,-3.6096795,-8.283257,-0.46882007,13.995541
1989,68.84735202492212,0.8650628,5.487525,-4.68863,-8.602043,-0.59180164,12.270517
1990,68.88196607822776,1.1325923,6.0618935,-4.089106,-8.068019,0.0008004844,10.617696
1991,68.91658013153341,0.47150138,5.912014,-2.7722154,-5.820199,-0.5680454,10.11773
1992,68.95119418483904,0.2496202,4.962958,-2.7300951,-4.399567,0.8441082,9.499853
1993,68.98580823814468,-1.895156,4.7224154,-2.0869608,-3.4579206,-0.54413956,8.198571
1994,69.02042229145033,-0.75762564,4.6134768,-1.7811918,-3.2340908,0.35288346,7.8109837
1995,69.05503634475598,-0.77199095,5.56725,-2.547102,-4.9833045,0.5830113,8.648768
1996,69.08965039806161,0.55973667,6.392756,-3.0146165,-5.478975,0.9249647,10.879124
1997,69.12426445136725,0.10532579,5.621042,-5.270373,-7.7240434,-0.38216928,13.816842
1998,69.1588785046729,-1.0450634,4.3409295,-3.3286471,-6.4250765,-0.19271213,11.159672
1999,69.19349255797854,-2.1781693,4.1529717,-2.060707,-4.3303313,-0.24054292,8.245284
2000,69.22810661128418,-2.4811819,4.015971,-4.081557,-6.6367083,-0.79643166,10.720501
2001,69.26272066458982,-1.0580758,4.013139,-4.6016197,-7.599599,-0.66684365,11.66213
2002,69.29733471789547,-0.09976459,4.7106156,-1.8838512,-4.4905396,0.36979988,8.493025
2003,69.33194877120111,-0.7000514,3.9983256,-1.5964994,-3.439307,1.1565696,6.49345
2004,69.36656282450674,-2.2607906,5.470274,-3.277617,-6.002016,0.8584137,11.291833
2005,69.40117687781239,-0.602667,5.840584,-4.776445,-7.7249613,-0.19360667,12.070436
2006,69.43579093111804,0.3382734,5.5813594,-5.115438,-8.883349,-0.5361906,12.969954
2007,69.47040498442368,1.9702955,6.447295,-1.4627292,-5.6359177,-0.7164702,9.819066
2008,69.50501903772931,1.6193907,6.452539,-1.46868,-4.6774116,-0.14061157,7.7611127
2009,69.53963309103496,0.79418314,8.202256,-2.082319,-4.1534915,-0.16188021,10.261397
2010,69.5742471443406,0.8117649,7.123081,-4.4699826,-6.4198127,0.18675873,13.114311
2011,69.60886119764625,-1.1134766,4.901431,-2.7639465,-5.2076607,0.26932082,9.627073
2012,69.64347525095188,-2.1310697,5.4168835,-2.249044,-3.971877,-0.41889045,9.13391
2013,69.67808930425753,-2.362186,4.806928,-3.8064663,-5.1947308,0.38755643,9.969737
2014,69.71270335756317,-0.6498927,5.3747077,-4.314376,-6.089582,0.7677225,11.705522
2015,69.74731741086882,-0.24421726,4.580883,-2.0670364,-4.587637,0.88674587,7.5208282
2016,69.78193146417445,-1.8811623,1.5000104,-2.7383068,-4.247725,1.8597406,2.2918177
2017,69.8165455174801,-1.1067178,6.7574496,-3.8650405,-5.7231,1.07486,12.622732
2018,69.85115957078574,0.14843102,6.8505383,-4.5334916,-7.747145,1.9026814,12.789593
2019,69.88577362409139,0.5032251,6.422918,-5.5100317,-9.213125,0.24882257,13.283363
2020,69.92038767739702,2.6291227,9.732054,-2.441927,-4.323465,-0.698096,13.9146185
2021,69.95500173070266,1.2966468,9.145397,-4.763516,-7.350618,-0.106953785,16.706902
2022,69.98961578400831,0.29906058,9.701575,-2.492193,-6.4692035,-3.7836835,16.329271
2023,70.02422983731395,0.80296135,9.409767,-2.548761,-5.5989714,-0.4406632,15.686268
2024,70.05884389061958,-0.5910597,6.3452387,-0.718857,-3.4280381,-0.21996318,9.307887
2025,70.09345794392523,-0.9637869,5.8216763,-2.5407178,-4.809193,-0.1439145,10.7963915
2026,70.12807199723088,-1.6708235,5.694,-2.8991907,-4.5117292,-0.11692145,10.383104
2027,70.16268605053652,-1.1840593,6.4483457,-2.4919548,-6.3300705,-0.57109874,13.989077
2028,70.19730010384215,-0.036456935,8.081064,-3.2568564,-6.124459,-0.73640275,15.408984
2029,70.2319141571478,0.46864852,7.5640283,-4.921526,-9.874806,-1.6628784,16.72376
2030,70.26652821045344,1.1742185,8.182283,-3.5909834,-9.155741,-0.62723356,15.012208
2031,70.30114226375909,0.8786258,9.058088,-3.6078682,-10.954613,1.2638712,18.603779
2032,70.33575631706474,-0.26378867,6.833379,-5.3065877,-10.783351,1.6493026,17.238941
2033,70.37037037037037,-1.0065827,5.7356224,-4.219533,-8.554202,0.5652042,13.82155
2034,70.40498442367601,-1.9979382,4.407562,-3.162024,-6.5803914,0.5045279,10.642807
2035,70.43959847698166,-1.9824296,5.0776844,-3.4525218,-7.26989,-0.50166214,12.080359
2036,70.4742125302873,0.3760775,6.23057,-2.9027586,-7.018454,0.50219184,13.143697
2037,70.50882658359293,-0.5550776,4.9166822,-4.4749517,-7.955836,0.43747023,11.629062
2038,70.54344063689858,-2.4251673,6.070412,-2.097402,-5.0445857,-0.2355208,8.917502
2039,70.57805469020423,-0.4420129,7.537638,-3.1924295,-8.048872,1.095996,14.452795
2040,70.61266874350987,1.2166339,7.2438135,-3.4385173,-9.183746,0.50172323,15.064925
2041,70.6472827968155,0.80542994,4.408052,-7.0623846,-11.546543,-0.18704273,14.364596
2042,70.68189685012115,-0.25611928,3.7054763,-7.8182297,-12.716133,-0.20893072,13.003738
2043,70.7165109034268,-2.5196502,5.5973268,-6.0637727,-11.09944,-0.4570128,13.849986
2044,70.75112495673244,-1.3256593,5.037349,-6.764895,-11.130726,-0.20770015,14.057733
2045,70.78573901003807,-2.8256817,6.1116734,-6.360171,-10.378351,0.20879215,13.5342045
2046,70.82035306334372,-4.7051797,7.799108,-7.2468224,-10.657631,0.43031806,13.644929
2047,70.85496711664936,-2.6998372,6.346206,-6.7850976,-11.173366,-0.6360632,14.64198
2048,70.88958116995501,0.03360142,8.274885,-4.572063,-9.184233,0.25033653,14.622603
2049,70.92419522326064,0.9361319,8.422613,-4.5709386,-8.329858,0.8663376,13.393499
2050,70.95880927656629,-0.19210073,7.6350913,-5.0869684,-10.81773,1.1558449,16.34721
2051,70.99342332987193,-2.163733,5.361906,-4.9466753,-9.218681,0.21712492,12.936939
2052,71.02803738317758,-2.8471708,4.487538,-4.9188375,-8.939563,-0.025481788,11.356555
2053,71.06265143648321,-1.5353465,4.541277,-3.719224,-6.3652077,0.65117884,9.568995
2054,71.09726548978885,-2.2820585,4.1192346,-3.8139324,-5.988746,0.32069743,10.0716305
2055,71.1318795430945,-1.7485547,6.2105927,-4.5063176,-10.165433,0.47124818,14.968888
2056,71.16649359640014,-1.3494643,6.7131987,-4.5081663,-10.013914,0.59627897,13.717121
2057,71.20110764970578,-0.8445336,9.265757,-3.78457,-9.46122,0.48205188,19.254274
2058,71.23572170301142,-0.70021063,9.721567,-3.2383802,-8.060278,0.026652476,19.493866
2059,71.27033575631707,-3.060489,8.221687,-4.9928317,-9.80805,-0.036144737,20.747923
2060,71.30494980962271,-1.7323419,9.179625,-3.2614896,-5.90948,-0.7255191,23.223639
2061,71.33956386292834,-0.7887989,10.001677,-3.2481916,-7.192815,0.013215747,20.221064
2062,71.37417791623399,-1.8218443,8.934935,-4.882279,-6.156121,-0.38205248,15.950797
2063,71.40879196953964,-2.3589113,8.6570215,-6.712472,-5.7400107,1.1022254,14.266768
2064,71.44340602284528,-2.8229842,7.8474884,-5.9300485,-8.076531,0.6068743,16.72234
2065,71.47802007615091,-0.31385177,3.440231,-7.887084,-13.858547,0.90327054,16.294777
2066,71.51263412945656,-1.6572456,2.9743137,-7.625292,-11.898405,1.6180305,13.291039
2067,71.5472481827622,-1.9616841,3.3441966,-4.7382145,-8.496031,0.2497453,10.796475
2068,71.58186223606785,-2.3570385,3.2094772,-4.6930504,-8.754574,-0.3538524,11.400298
2069,71.61647628937348,-1.2974545,2.7379868,-5.7117624,-8.993389,0.42674097,10.975349
2070,71.65109034267913,-2.4191263,6.1970544,-2.8466508,-8.223695,0.4753897,14.17703
2071,71.68570439598477,-1.7487466,7.6206293,-2.3043413,-8.306454,1.5801642,14.449407
2072,71.72031844929042,-3.5181675,3.695058,-6.6970625,-8.880264,1.3518761,10.889907
2073,71.75493250259605,-1.9077368,4.5029874,-5.3703017,-9.732003,0.6904091,11.468011
2074,71.7895465559017,-5.265908,0.8187532,-8.885821,-13.481798,1.7098008,12.37838
2075,71.82416060920734,-1.5008644,6.050915,-2.1787074,-4.999112,-0.6207895,8.578144
2076,71.85877466251299,-4.276521,3.9699984,-5.2994456,-9.310392,-0.101923674,11.6269455
2077,71.89338871581862,-1.9713333,6.1057706,-0.9910563,-3.6643784,-0.577484,6.349907
2078,71.92800276912426,-1.9939579,5.3753843,-2.1377182,-5.7059107,1.6083795,7.1601453
2079,71.96261682242991,-3.6517832,3.069666,-6.841183,-10.735879,1.3130742,11.617967
2080,71.99723087573555,-2.774379,4.526483,-6.48655,-11.150082,1.2396154,14.136736
2081,72.03184492904118,-2.7529933,2.3190846,-7.38793,-11.903523,2.217943,13.244379
2082,72.06645898234683,-3.2883472,6.0317707,-3.6936202,-9.322483,3.3357894,12.00593
2083,72.10107303565248,-2.5516863,4.6793585,-4.1465707,-9.086893,0.16986485,11.388118
2084,72.13568708895812,-1.0013715,5.0994916,-3.4463797,-8.145417,0.22140133,12.000867
2085,72.17030114226375,-0.6728159,4.7758627,-3.4762065,-8.136029,0.9542564,12.003465
2086,72.2049151955694,-0.95736945,6.5832105,-1.5645791,-6.215341,-0.17348257,13.857495
2087,72.23952924887504,-1.1079364,8.306238,-1.2902752,-7.438131,1.6276501,13.839725
2088,72.27414330218069,-2.073056,4.4391947,-3.792764,-6.413657,2.429701,8.842581
2089,72.30875735548632,-2.752361,5.3841767,-3.2368557,-5.9357924,-0.34349677,7.556076
2090,72.34337140879197,-3.6851132,4.689619,-4.1856914,-7.363719,1.9136014,9.024472
2091,72.37798546209761,-1.1945479,7.214013,0.6183102,-4.981526,3.5943484,6.8950486
2092,72.41259951540326,-2.972237,5.7112374,-4.641551,-9.874974,3.5941892,13.983958
2093,72.44721356870889,-0.87437713,7.1684217,-4.7018137,-10.970962,0.47144806,15.731827
2094,72.48182762201453,1.0321347,6.4031167,-5.1703157,-10.9459,0.2132343,15.844386
2095,72.51644167532018,0.2485305,5.2973614,-5.7897077,-12.397669,0.063145265,14.234595
2096,72.55105572862583,-0.3517161,6.784235,-3.606895,-8.718891,-0.76840293,13.971662
2097,72.58566978193146,-0.4626674,6.425889,-5.643855,-10.82171,0.32124087,14.976211
2098,72.6202838352371,1.6521493,8.351763,-2.6005104,-10.152792,0.8231436,13.743372
2099,72.65489788854275,1.4944347,8.967357,-2.7886968,-11.521735,2.8711557,17.327446
2100,72.6895119418484,1.3737013,7.975278,-2.3854272,-11.319032,4.196062,17.393353
2101,72.72412599515403,-0.83889747,6.3769226,-4.4942355,-12.232016,3.7881718,16.797798
2102,72.75874004845967,-1.7507902,6.0335674,-3.1661487,-9.44342,2.1918082,13.591958
2103,72.79335410176532,-1.4668508,5.311838,-2.691095,-8.263911,1.3711445,11.708919
2104,72.82796815507096,-0.19131437,5.4286284,-2.0111225,-8.648675,2.1689832,13.7882185
2105,72.8625822083766,0.082596466,5.4413457,-1.6947992,-9.171411,2.7441707,14.015956
2106,72.89719626168224,-1.6504638,8.1025505,-1.1181357,-8.740568,3.5825634,11.989184
2107,72.93181031498789,-1.8044797,5.4412537,-2.23919,-7.162924,3.4091966,6.6236644
2108,72.96642436829353,-2.0216873,5.4244003,-2.395876,-7.161832,3.4122467,9.167012
2109,73.00103842159918,-3.1993165,5.080156,-3.0369112,-6.7451186,0.8650341,8.346552
2110,73.03565247490481,-2.8361566,8.151678,-0.46766236,-4.116051,1.7024376,7.400811
2111,73.07026652821045,-2.7864583,5.8011923,-2.0038474,-3.9915464,-0.646731,7.2561994
2112,73.1048805815161,-2.3119738,6.348319,-2.7247698,-9.652651,5.600879,13.583959
2113,73.13949463482174,0.45725387,7.509993,-2.690544,-10.633404,2.5757809,15.294652
2114,73.17410868812738,1.7447453,6.8890266,-3.7509687,-11.716239,2.7440987,14.793736
2115,73.20872274143302,0.28737995,3.942967,-4.668162,-10.509875,2.7688122,10.658917
2116,73.24333679473867,0.42680562,7.4629483,-2.3415327,-8.925893,2.4311838,10.684214
2117,73.27795084804431,0.42588606,6.804856,-4.292436,-10.144963,2.5915284,13.241187
2118,73.31256490134994,1.8777499,7.9610434,-2.7466524,-9.67361,1.716114,11.954627
2119,73.34717895465559,-0.9069998,7.840736,-3.767604,-8.30644,-0.6942615,13.286669
2120,73.38179300796124,1.0832018,8.7458725,-1.5531075,-8.378979,0.86909634,10.53518
2121,73.41640706126688,0.5416268,9.197633,-2.4078634,-9.357677,1.4090008,12.826874
2122,73.45102111457251,0.58125687,9.138978,-2.7864273,-7.223934,-0.05715927,12.97661
2123,73.48563516787816,0.23528388,10.462901,-3.1491494,-7.5318937,-1.1486955,15.251892
2124,73.5202492211838,0.95081633,11.264262,-1.2873809,-5.6911206,-0.836243,12.590761
2125,73.55486327448945,-0.1317074,11.755026,-2.6594868,-4.5521297,0.3795008,12.122387
2126,73.58947732779508,-2.0019226,7.5390005,-3.4990718,-5.9525533,-0.094329685,9.606793
2127,73.62409138110073,-1.6340177,10.625241,-2.002092,-4.8671503,-0.84362453,10.861656
2128,73.65870543440637,-0.83947366,11.036915,-3.1450994,-6.1529126,0.8695568,13.983943
2129,73.69331948771202,-0.8475004,10.050617,-2.6600165,-6.3366475,0.60869694,13.161781
2130,73.72793354101765,-1.1920587,11.297228,-0.2780455,-3.952512,0.19182706,11.226983
2131,73.7625475943233,-2.4837568,10.780644,-2.6404793,-6.3027573,0.18951088,14.325128
2132,73.79716164762894,1.3531853,9.053429,-3.2730002,-7.030494,-2.2105875,14.442449
2133,73.83177570093459,0.92083865,9.7043915,-4.0365257,-5.6088243,-3.2027109,12.548823
2134,73.86638975424022,-0.25554022,10.07243,-3.9521153,-4.89256,-3.8018239,12.517526
2135,73.90100380754586,-0.9733203,9.678077,-5.13884,-6.591941,-3.0339055,15.116438
2136,73.93561786085151,-1.4106491,9.723693,-4.267528,-6.3790135,-2.766436,17.404186
2137,73.97023191415715,-1.5602537,9.017175,-4.571909,-7.0559096,-1.421846,15.081141
2138,74.00484596746278,1.2227186,9.055975,-3.4751866,-7.771009,-1.3842627,16.454884
2139,74.03946002076843,2.2305417,10.602806,-3.1195362,-7.9311104,-0.0031550836,18.898264
2140,74.07407407407408,-1.4858165,10.657454,-4.890336,-8.648023,0.9275248,16.813034
2141,74.10868812737972,-0.98304236,10.466289,-4.28315,-8.926023,-0.11131463,19.810549
2142,74.14330218068535,-1.4698564,7.1321683,-4.131053,-7.6031528,-0.62384325,13.040933
2143,74.177916233991,-0.81417674,6.620553,-1.7841538,-6.1049323,0.39343882,12.252959
2144,74.21253028729664,-1.2437011,6.118188,-2.435229,-5.725148,0.46764347,11.036759
2145,74.24714434060229,-0.6434466,5.5353146,-3.5371163,-6.7706466,0.7900893,12.622237
2146,74.28175839390792,-1.417384,8.530217,-3.6654532,-6.916801,0.8775087,13.2851515
2147,74.31637244721357,-0.061729077,8.252075,-3.717223,-8.629728,1.6065229,15.619632
2148,74.35098650051921,0.6930813,6.015113,-5.988283,-11.333607,0.70889515,16.89987
2149,74.38560055382486,-0.03114974,4.6348834,-6.4234734,-10.316587,1.8110524,13.710115
2150,74.42021460713049,-0.7698014,4.18714,-3.65436,-6.51871,0.51660043,9.653462
2151,74.45482866043614,-2.1106188,4.109621,-4.4496202,-7.411045,0.2591034,10.117892
2152,74.48944271374178,-0.89071745,3.2926314,-5.3311114,-8.300462,0.45056456,10.126655
2153,74.52405676704743,-2.1141508,7.1172523,-4.1607327,-7.8886485,-0.598163,11.962914
2154,74.55867082035306,-2.0297613,6.5433016,-2.7614675,-4.922213,-0.4902041,10.152434
2155,74.5932848736587,-1.934804,5.013203,-5.2848377,-7.3197823,1.4004021,9.926598
2156,74.62789892696435,-1.9827342,4.658476,-6.9664636,-9.711768,1.3357736,11.73465
2157,74.66251298027,-3.939678,2.2846847,-7.8729844,-12.268822,1.6813208,12.5295105
2158,74.69712703357563,-3.68364,5.852923,-3.6587756,-6.1064644,1.5420562,9.0390005
2159,74.73174108688127,-2.5896125,5.3085685,-4.045039,-8.130003,0.76011306,13.9008045
2160,74.76635514018692,-2.967539,6.0846915,-2.9054027,-4.834976,0.44154575,7.8158293
2161,74.80096919349256,-1.5418892,3.902675,-5.0962396,-8.069889,1.2984109,11.902757
2162,74.8355832467982,-2.8328285,3.9657586,-6.154856,-8.463186,1.5518376,10.41842
2163,74.87019730010384,-2.31427,5.1871343,-6.6398325,-10.481822,1.8163878,14.17833
2164,74.90481135340949,-1.3945518,3.1093001,-6.515012,-9.948533,2.1183984,12.588749
2165,74.93942540671513,-1.205243,5.5478716,-1.9610016,-4.7876463,0.09094013,9.424281
2166,74.97403946002076,-1.3500602,5.036078,-3.517729,-7.258213,0.3980987,9.962825
2167,75.00865351332641,-0.43959942,6.294418,-2.6816137,-7.151748,0.774402,11.847371
2168,75.04326756663205,0.38016522,5.040353,-3.69679,-7.3433843,1.3717632,11.649191
2169,75.0778816199377,-1.6611955,7.055972,-3.186085,-8.013071,-0.36177313,12.162012
2170,75.11249567324333,-1.7667302,5.6131644,-2.1127756,-5.685153,0.20885763,11.70163
2171,75.14710972654898,-1.40246,4.1634507,-3.5141199,-5.899039,1.9861985,8.304124
2172,75.18172377985462,-2.4483752,5.85047,-2.553,-6.463426,-0.47051007,12.64647
2173,75.21633783316027,-1.3584449,7.1069465,-2.4879508,-5.9562764,-0.39876541,12.2476425
2174,75.2509518864659,-1.839333,5.486078,-2.338191,-4.1586094,0.5298807,8.328688
2175,75.28556593977154,-1.15139,7.1107183,-4.249372,-9.307447,2.5871758,14.606483
2176,75.32017999307719,0.38423765,8.422964,-4.1449113,-9.758787,0.94044435,16.309103
2177,75.35479404638284,0.95936763,7.6925845,-4.7519584,-10.432649,1.0234982,16.551695
2178,75.38940809968847,0.5347244,6.8672767,-4.9807863,-11.559276,0.6977575,14.894464
2179,75.42402215299411,-0.62029546,7.3060017,-3.7229407,-8.399632,-0.3341596,13.809745
2180,75.45863620629976,0.28461745,7.637992,-4.483343,-10.287478,0.4925801,14.764674
2181,75.4932502596054,1.6622494,8.93234,-1.8612484,-9.63429,1.0939313,13.443195
2182,75.52786431291103,2.1159146,9.376636,-2.2280502,-11.227142,2.6873035,16.988407
2183,75.56247836621668,2.0788202,10.852962,-1.3932459,-10.111592,2.69439,14.692836
2184,75.59709241952233,-0.57550687,7.9720945,-4.696909,-11.020288,1.3566786,15.712355
2185,75.63170647282797,-1.0221306,6.245895,-3.6488848,-9.708095,2.0841603,14.210627
2186,75.6663205261336,-0.9806132,5.971019,-2.9036734,-8.009008,1.4195218,11.705722
2187,75.70093457943925,1.1840883,6.702296,-0.82096434,-6.229836,1.7965006,12.217793
2188,75.7355486327449,1.2452742,6.639627,-1.0355455,-7.255134,2.770916,12.848619
2189,75.77016268605054,-0.9869663,6.5098658,-2.420067,-8.454081,0.6104978,12.711391
2190,75.80477673935619,-3.9412673,7.8554864,-2.2182817,-6.6209207,2.814634,10.949516
2191,75.83939079266182,-1.1579888,5.146793,-2.320629,-6.0686884,2.9190705,9.111711
2192,75.87400484596746,-0.54973906,6.7099056,-2.192412,-6.756503,1.4720595,12.521809
2193,75.90861889927311,-2.6005564,6.301505,-2.7935216,-9.448599,5.711707,11.5743475
2194,75.94323295257875,-2.3399165,7.247633,-0.7327846,-3.0386722,2.0066352,6.633495
2195,75.97784700588439,-1.6533177,7.013013,-2.3095288,-8.552452,5.109644,13.854884
2196,76.01246105919003,1.8712299,8.881841,-1.2120723,-9.722699,4.267711,15.856752
2197,76.04707511249568,1.4022985,12.016021,-1.1899022,-8.632224,3.36055,16.839045
2198,76.08168916580132,-1.3866637,12.008919,-2.9457843,-8.629341,2.0885494,18.61495
2199,76.11630321910695,0.02168885,10.093431,-2.3094022,-8.472007,3.812812,15.517964
2200,76.1509172724126,-1.239628,9.066692,-1.8778706,-10.321717,5.1941514,16.810476
2201,76.18553132571824,2.496189,7.4723268,-3.0660589,-10.94204,3.6473541,14.4610815
2202,76.22014537902389,0.53379995,3.9741964,-4.382315,-9.659616,3.2432227,9.983826
2203,76.25475943232952,-0.3004594,6.7965875,-2.8482554,-9.183902,3.0393803,10.106458
2204,76.28937348563517,0.59838146,6.9202676,-4.1001472,-10.124029,3.0189807,12.863035
2205,76.32398753894081,2.0488794,9.846834,-2.5815148,-8.643647,0.42519727,11.0749445
2206,76.35860159224646,1.8327152,10.139496,-2.4576702,-7.2432203,0.29962778,11.893495
2207,76.39321564555209,3.1252925,11.261809,-3.488617,-7.9452024,1.4433607,12.726445
2208,76.42782969885774,1.7264658,11.924625,-3.3469303,-7.610236,3.0371702,13.309805
2209,76.46244375216338,0.1718797,10.700738,-3.108637,-7.8648787,3.2185953,11.124209
2210,76.49705780546903,0.0372801,8.994235,-3.5574067,-7.6214423,2.7718406,9.749533
2211,76.53167185877466,-0.76228654,8.819181,-2.591568,-8.136331,3.1209219,8.5149765
2212,76.5662859120803,-2.689589,8.960642,-3.9216707,-8.509239,2.18176,11.539628
2213,76.60089996538595,-1.2495931,10.187954,-3.502993,-8.781462,3.090933,13.290541
2214,76.6355140186916,-0.018244646,10.528,-3.618489,-9.966048,0.57774466,11.302162
2215,76.67012807199723,-0.16863517,9.0486355,-2.9555202,-9.531649,-0.06749038,11.969031
2216,76.70474212530287,1.1882731,9.632496,-3.2387784,-11.0848675,2.7470512,13.916671
2217,76.73935617860852,3.4387689,10.576688,-2.3174007,-8.564866,2.68061,11.262747
2218,76.77397023191416,0.9037363,7.292155,-4.8917274,-10.294475,2.1371586,11.820071
2219,76.8085842852198,1.8879018,10.576354,-1.659325,-8.874859,2.317202,10.930758
2220,76.84319833852544,0.7692693,9.927424,-3.6627643,-8.846458,2.5824122,12.420809
2221,76.87781239183109,1.9385339,12.73386,-2.6357608,-7.885568,2.3140335,12.970067
2222,76.91242644513673,0.12648945,9.086148,-4.532241,-6.4290147,1.3913971,13.471855
2223,76.94704049844236,0.938057,10.925858,-3.7037206,-9.037887,3.1940546,12.422262
2224,76.98165455174801,-0.23551627,11.433108,-3.6817126,-9.795181,4.3119626,13.822473
2225,77.01626860505365,-1.5579569,10.1805725,-4.8736186,-10.989525,5.2473426,14.500558
2226,77.0508826583593,-1.44322,9.654497,-3.9276893,-9.37111,4.708512,14.857182
2227,77.08549671166493,-1.9279944,9.220735,-3.730923,-10.9089775,5.2400885,15.684771
2228,77.12011076497058,1.2734387,7.448166,-5.61963,-11.423262,3.5360456,10.907271
2229,77.15472481827622,0.54561734,8.838223,-3.1470816,-9.298272,1.4085805,12.100568
2230,77.18933887158187,1.1796687,9.726941,-3.4287198,-10.19541,2.6611173,16.017462
2231,77.2239529248875,0.8497701,7.471044,-3.5886247,-11.701547,4.5883408,17.130552
2232,77.25856697819314,-1.3862677,6.2115674,-5.1829505,-11.949527,3.5059347,16.305412
2233,77.29318103149879,-2.033742,6.3018355,-3.5909004,-9.247258,2.3543904,13.701803
2234,77.32779508480444,-1.6457702,5.3818283,-3.1350675,-7.917384,1.5609467,11.324296
2235,77.36240913811007,0.27672282,5.984951,-1.637285,-7.8555546,2.2573712,13.466371
2236,77.39702319141571,0.5245565,6.165533,-2.4584117,-7.6225,3.3765063,12.172809
2237,77.43163724472136,-1.2136359,6.0222325,-2.1931014,-7.225722,1.8024709,11.053162
2238,77.466251298027,-3.1317136,7.3556933,-2.5454218,-8.115163,5.1719985,9.72732
2239,77.50086535133264,-2.0188646,4.634711,-3.0734093,-7.215318,3.883201,9.788688
2240,77.53547940463828,-2.009205,7.227538,-3.740446,-7.4357224,0.3839519,12.660717
2241,77.57009345794393,-2.182473,4.8051744,-2.8198626,-6.352613,0.121261954,9.420027
2242,77.60470751124957,-3.198115,5.5259085,-2.7004006,-4.995555,1.1227849,7.5871863
2243,77.6393215645552,-2.2822738,6.141738,-3.1299043,-8.743793,5.9878225,13.561922
2244,77.67393561786085,1.1105794,8.158074,-2.3214636,-9.792925,4.8455067,15.890463
2245,77.7085496711665,2.348793,7.2936754,-3.5074694,-10.352406,5.05308,13.669375
2246,77.74316372447214,-0.28029364,1.2402779,-4.124421,-7.123936,3.4325593,5.1157713
2247,77.77777777777777,-0.028784627,6.4111724,-4.158306,-9.722378,3.574043,11.412878
2248,77.81239183108342,0.37149718,6.73603,-4.4365625,-9.757767,3.2553546,12.8782
2249,77.84700588438906,1.338832,7.151677,-3.369359,-8.311989,1.0498369,10.529107
2250,77.88161993769471,-0.8926041,8.303554,-3.2429316,-8.370348,0.44202656,13.526931
2251,77.91623399100034,-0.11045789,6.6720977,-4.408808,-8.036076,1.6928961,11.5542555
2252,77.95084804430599,0.9392115,7.2774606,-4.553408,-7.7245364,1.5538113,11.394585
2253,77.98546209761163,0.15175618,7.9195566,-3.4685235,-7.311036,1.5844533,11.920265
2254,78.02007615091728,1.1233758,12.099407,-1.8352164,-6.110126,0.44440237,16.209633
2255,78.05469020422291,-0.6634329,10.002137,-2.155386,-6.1166196,0.788439,13.426772
2256,78.08930425752855,0.49647072,12.5072,-1.1057885,-5.5188127,1.5795878,16.16168
2257,78.1239183108342,-0.1525101,13.224986,-1.6088398,-5.3850937,0.6764226,17.22246
2258,78.15853236413984,0.22786707,11.161826,-1.3389827,-3.77318,3.1248116,13.133918
2259,78.19314641744548,-0.4437261,11.541237,-1.7001734,-5.3583755,3.422611,16.50068
2260,78.22776047075112,1.2360499,7.789664,-2.390898,-5.5932264,1.6491799,11.246719
2261,78.26237452405677,1.9159497,10.717896,-1.0869585,-4.5249863,1.7795656,11.831367
2262,78.29698857736241,1.8332585,10.043644,-2.4268398,-3.0454109,1.6732397,11.693504
2263,78.33160263066804,0.16820721,7.380379,-2.224422,-4.1637726,2.763,8.935801
2264,78.36621668397369,-0.6397213,8.312993,-2.8941145,-6.0814667,2.8090544,12.298619
2265,78.40083073727934,-2.098351,8.437017,-2.2242956,-7.034191,2.7123399,12.836278
2266,78.43544479058498,0.16597427,8.024437,-4.040053,-9.122618,0.55664086,12.464733
2267,78.47005884389063,0.32221064,9.597121,-2.3891704,-6.2919893,0.58451635,12.458672
2268,78.50467289719626,-0.81557184,8.7745,-2.9536555,-8.061096,0.2653018,12.470561
2269,78.5392869505019,-0.56608766,8.891465,-3.1073916,-5.8153596,1.183686,11.9963665
2270,78.57390100380755,0.386417,6.6782413,-3.328473,-7.7408547,1.097114,10.610643
2271,78.6085150571132,-0.15579478,6.7664742,-3.0701337,-5.773309,1.0492193,10.304062
2272,78.64312911041883,-0.14118327,8.467279,-4.379326,-7.6052027,2.120418,13.300596
2273,78.67774316372447,-0.29203844,6.4736214,-5.911973,-10.630964,0.5568638,12.607035
2274,78.71235721703012,-0.40437108,5.1463857,-6.1970778,-10.411414,1.0046941,10.043472
2275,78.74697127033576,-1.9607717,5.141579,-3.9121485,-8.352219,-0.23183464,11.663602
2276,78.7815853236414,-0.5203761,6.01664,-5.889327,-10.377461,1.026686,12.653743
2277,78.81619937694704,0.6307133,6.832551,-2.766604,-10.149622,3.0143707,10.300667
2278,78.85081343025269,1.76826,7.5493565,-3.7151794,-11.422169,2.968433,14.2151985
2279,78.88542748355833,2.626743,8.582971,-1.5840453,-9.900484,4.0204277,10.599584
2280,78.92004153686396,1.179799,5.3254013,-5.690647,-11.2190275,2.2106435,11.740773
2281,78.95465559016961,0.9666423,2.6147532,-4.969662,-8.903573,2.2340574,7.394724
2282,78.98926964347525,-1.9866118,6.429218,-5.321612,-10.091071,1.438348,13.089078
2283,79.0238836967809,-3.0331476,8.494545,-3.1676054,-9.101942,4.46631,10.943804
2284,79.05849775008653,0.028693825,5.8046455,-4.3714495,-9.479089,1.4402484,11.321754
2285,79.09311180339218,-1.8637409,6.333002,-5.1888986,-10.034045,0.43791652,12.605182
2286,79.12772585669782,-1.3466909,6.8031588,-5.693669,-10.812034,0.7268108,13.669606
2287,79.16233991000347,-1.397756,5.156869,-6.1123347,-10.824773,0.7056061,14.090715
2288,79.1969539633091,-2.085325,3.934623,-5.1835003,-9.371568,0.99698985,12.636347
2289,79.23156801661474,-2.8811898,4.192814,-3.5274615,-7.6205153,0.7897746,10.160378
2290,79.26618206992039,-2.320133,3.9324954,-4.1129746,-7.030646,-0.39824557,10.462202
2291,79.30079612322604,-0.509784,4.2850323,-4.2987504,-8.008225,-0.85437536,11.079267
2292,79.33541017653167,-1.5181812,5.520072,-2.6140037,-6.158715,0.8843313,10.615868
2293,79.37002422983731,-5.553226,4.8408237,-4.462742,-7.071375,0.519129,7.494945
2294,79.40463828314296,-2.2336164,5.18646,-4.3489976,-7.26955,0.87635005,10.709456
2295,79.4392523364486,-1.1247057,5.765648,-4.790437,-7.727668,0.29132316,10.811671
2296,79.47386638975424,-0.86811596,6.8822308,-4.1271043,-7.7604523,0.9139398,11.041601
2297,79.50848044305988,-0.3098152,6.956478,-3.5683548,-6.859325,1.2514889,8.581248
2298,79.54309449636553,-0.6410361,7.075223,-4.2272882,-7.335767,0.8315375,10.396234
2299,79.57770854967117,-0.7440082,6.2265615,-2.9127085,-4.286579,1.3751945,7.4746747
2300,79.6123226029768,-1.3985854,7.0500193,-4.2981157,-6.618719,0.9851782,10.161927
2301,79.64693665628245,-2.3588407,7.171267,-5.102335,-7.728327,1.5603697,11.393415
2302,79.6815507095881,-1.1859047,6.103967,-3.1060472,-3.8509634,1.8517691,9.359915
2303,79.71616476289374,-1.8967195,4.6769605,-2.2501452,-4.0032225,0.11508073,6.9212556
2304,79.75077881619937,-1.4780337,5.576642,-2.773766,-3.6079948,1.6624074,8.260707
2305,79.78539286950502,-2.5490825,6.8745394,-2.7350764,-5.217789,2.5305614,8.605066
2306,79.82000692281066,-0.55216026,6.4624643,-3.4848595,-5.2620587,2.1650577,10.040617
2307,79.85462097611631,-1.3632995,5.514788,-4.9828267,-8.9587755,0.48400337,12.560648
2308,79.88923502942194,-1.0475992,3.6044784,-6.492866,-11.613779,0.29727572,11.596707
2309,79.92384908272759,-3.0945647,6.603922,-3.406234,-8.195765,0.28825653,10.723011
2310,79.95846313603323,-1.9359043,1.9975859,-2.9288921,-4.4993095,1.5794203,2.4210086
2311,79.99307718933888,-2.4512537,5.6162443,-6.1644635,-11.510024,-0.27330118,13.242137
2312,80.02769124264451,-2.9421458,7.492554,-5.2981443,-9.174047,-0.47374603,12.732376
2313,80.06230529595015,-3.3395867,7.223726,-6.723418,-9.7768755,0.5120079,13.346244
2314,80.0969193492558,-5.601688,7.1125627,-7.881639,-10.735121,1.0122395,13.936601
2315,80.13153340256144,-3.3832054,5.784613,-6.615063,-11.834639,-0.100651,15.005833
2316,80.16614745586708,-2.5433865,4.488565,-5.248679,-9.600579,0.19847208,12.637928
2317,80.20076150917272,-0.80151176,6.011933,-1.9766486,-6.2121644,0.15330915,11.048422
2318,80.23537556247837,-1.2253273,6.387852,-1.9993085,-5.587782,0.60165143,10.746348
2319,80.26998961578401,0.058898386,5.582865,-2.9998329,-7.3871584,0.5620192,12.319833
2320,80.30460366908964,-1.6038116,8.02436,-3.1164405,-7.5711355,0.81462944,13.031785
2321,80.33921772239529,-1.9421186,8.660798,-3.3395429,-8.745322,0.27648422,14.449512
2322,80.37383177570094,-1.5135858,9.659796,-3.9426625,-9.371663,0.29755655,15.865363
2323,80.40844582900658,0.21225607,10.656507,-2.3391364,-7.008877,-0.47526088,17.467918
2324,80.44305988231221,-2.4205713,10.557804,-3.8720198,-8.435522,-0.9123495,19.502104
2325,80.47767393561786,-2.1809673,11.522902,-4.374125,-8.061668,-0.47894463,16.52217
2326,80.5122879889235,-1.7454118,12.286287,-3.8656902,-6.7827444,-1.1478392,13.559308
2327,80.54690204222915,-1.9260539,9.781882,-4.4684987,-6.3362427,-2.297558,12.580806
2328,80.58151609553478,-0.44479817,10.737588,-4.850256,-6.133496,-1.7384839,12.525066
2329,80.61613014884043,-1.5874562,10.158014,-4.147468,-6.195431,-0.24114718,13.669949
2330,80.65074420214607,-2.56622,9.690605,-5.729153,-6.2786465,-1.3834691,12.386553
2331,80.68535825545172,-2.850628,10.210993,-6.168649,-6.6821384,-0.7344074,13.305855
2332,80.71997230875735,-3.6738677,9.565501,-5.576868,-6.7859774,0.8240166,13.921473
2333,80.754586362063,-1.8174841,11.566621,-3.5621362,-5.426265,-0.08199528,14.393158
2334,80.78920041536864,-1.4377655,11.792274,-3.4404516,-5.6201963,-0.16692482,15.28827
2335,80.82381446867429,-0.9821437,11.516545,-1.3913255,-3.4981906,-1.316478,20.05542
2336,80.85842852197992,-1.2601196,11.200338,-3.232928,-5.524686,-0.90433294,21.863365
2337,80.89304257528556,-3.3478951,10.11677,-5.262452,-6.5937133,-0.12629578,16.980232
2338,80.92765662859121,-2.1288962,7.248657,-5.051812,-6.2537336,-0.66020125,12.441607
2339,80.96227068189685,-2.5946236,5.7570114,-4.6745515,-6.928586,-0.296983,10.427102
2340,80.99688473520249,-2.0857449,7.5817504,-4.7595673,-6.8209195,-0.32708943,12.613128
2341,81.03149878850813,-2.7708652,6.3446665,-5.9129257,-6.6109443,1.2812074,12.781078
2342,81.06611284181378,-3.4782453,5.54725,-5.5415387,-6.6971226,1.2547512,12.187572
2343,81.10072689511942,-3.203895,9.206476,-5.039952,-7.493647,-0.13401693,15.105032
2344,81.13534094842507,-1.3317564,9.3359165,-3.6898665,-7.085884,0.10463896,17.898094
2345,81.1699550017307,0.082969666,5.668293,-4.53681,-10.394433,1.6067337,16.266088
2346,81.20456905503634,-0.75596106,3.9095998,-7.0873075,-12.813115,1.7216399,14.504348
2347,81.23918310834199,-1.199816,5.4356565,-4.2353554,-8.62045,0.95526516,11.413602
2348,81.27379716164764,-1.3244361,1.7657497,-2.8002307,-4.4785304,1.8857399,2.5673964
2349,81.30841121495327,-2.3494625,4.7867665,-7.77521,-13.628159,2.9391708,14.762064
2350,81.34302526825891,-2.6900158,6.154457,-6.4148703,-11.251297,2.1493607,13.988879
2351,81.37763932156456,-3.3870447,5.266191,-8.016062,-14.614465,3.055903,14.640659
2352,81.4122533748702,-2.7396538,2.7095263,-8.597585,-13.047562,2.0569365,13.478432
2353,81.44686742817584,-2.6053658,3.1047504,-6.506586,-9.754164,1.230125,11.088214
2354,81.48148148148148,-1.0797247,5.1026406,-3.4743009,-7.2930484,0.567091,9.553872
2355,81.51609553478713,-2.9739687,3.0013623,-4.5479307,-7.6522536,0.08480501,10.476004
2356,81.55070958809277,-1.1229502,2.512956,-4.769999,-8.441666,0.23330785,10.288886
2357,81.5853236413984,-3.6692476,8.041015,-3.143915,-10.481037,5.7570148,13.960373
2358,81.61993769470405,-1.6269298,2.0608606,-2.7797372,-4.6523957,1.948854,3.2494628
2359,81.6545517480097,-3.4220233,3.8998666,-6.679049,-8.50746,1.2063742,10.570047
2360,81.68916580131534,-2.8803163,4.738,-4.9803586,-8.069854,1.2920127,10.253854
2361,81.72377985462097,-5.077673,1.1943798,-8.298333,-12.586702,1.5397992,12.005419
2362,81.75839390792662,-2.3482516,5.766091,-3.5677593,-5.8786592,1.9640487,8.303601
2363,81.79300796123226,-2.1768348,5.590034,-3.0179334,-9.190519,1.2062001,16.284859
2364,81.82762201453791,-1.3514811,7.151393,-1.0352954,-5.813964,0.3441094,13.4599
2365,81.86223606784354,-2.116091,3.4200578,-5.262196,-8.214245,1.8792651,11.488269
2366,81.89685012114919,-2.6941724,3.5106897,-6.0095277,-8.412292,1.7895447,10.981368
2367,81.93146417445483,-3.1679072,3.5108807,-7.137813,-10.499956,1.8883423,12.440909
2368,81.96607822776048,-2.4885268,2.0848403,-7.3904624,-10.983229,2.088407,12.593336
2369,82.00069228106611,-2.5728912,6.999964,-3.1793897,-6.7814484,2.3644307,11.058136
2370,82.03530633437175,-1.9851671,4.339167,-3.5825374,-7.46597,0.7677263,9.898507
2371,82.0699203876774,-1.4211099,4.676592,-3.0608182,-8.32006,0.74094605,11.205413
2372,82.10453444098304,-0.1817358,4.8654356,-3.1552882,-8.0777235,1.3830715,11.768021
2373,82.13914849428868,-0.97387135,5.9911475,-2.4006605,-6.8864517,1.1056995,10.951056
2374,82.17376254759432,-0.43480068,5.083789,-3.199669,-7.002328,2.717064,11.715462
2375,82.20837660089997,-1.1920006,4.592227,-3.4447336,-5.7384653,1.8922691,9.856592
2376,82.24299065420561,-0.67993206,5.4128,-3.2225323,-7.260622,0.7450987,10.340678
2377,82.27760470751124,-1.3507462,9.373699,-0.5411284,-6.9635916,1.6641666,7.720972
2378,82.31221876081689,-0.008100586,8.359453,-0.10846451,-7.133547,3.0208526,8.882246
2379,82.34683281412254,-2.7194667,5.7106867,-4.9055443,-9.200663,4.309817,13.960244
2380,82.38144686742818,-0.90386367,7.018047,-4.7414966,-10.783192,2.9381344,15.752656
2381,82.41606092073381,0.56017584,5.337708,-5.949701,-13.043965,2.9789011,14.985528
2382,82.45067497403946,-0.028489836,6.152874,-5.403626,-11.026118,3.3601458,11.596791
2383,82.4852890273451,-0.81689423,8.631507,-1.4051352,-8.04988,0.9494058,11.439045
2384,82.51990308065075,-0.98572445,8.299799,-5.258197,-11.835381,4.1547217,15.132362
2385,82.55451713395638,-0.9500419,8.71344,-3.0862832,-8.388518,1.6329782,14.604414
2386,82.58913118726203,-1.4656737,10.042594,-4.0108624,-10.501397,5.8139434,15.359841
2387,82.62374524056767,-3.0700736,8.511895,-4.287695,-12.1272135,5.8009415,16.329655
2388,82.65835929387332,-1.9650087,5.347117,-5.609845,-12.465861,4.6706967,14.76953
2389,82.69297334717895,-3.5004752,6.4480743,-3.1335883,-9.327149,4.741563,13.578123
2390,82.7275874004846,-2.4340792,5.6055837,-2.8345997,-9.096341,1.1491697,11.730164
2391,82.76220145379024,-1.8985934,4.8693953,-2.6311667,-8.460636,1.2036507,11.943426
2392,82.79681550709589,-1.5444195,4.610488,-3.207481,-8.235317,2.7780828,12.115337
2393,82.83142956040152,-1.181379,8.663891,0.228614,-5.0850816,2.9520738,8.393828
2394,82.86604361370716,-0.73104924,6.5428987,-2.0795958,-7.669669,4.0029397,12.131161
2395,82.90065766701281,-0.84507763,7.7399583,-1.0492944,-5.3716803,2.2717214,9.821269
2396,82.93527172031845,-0.7761799,5.3669877,-2.5687509,-5.8117223,2.6060886,9.685939
2397,82.96988577362409,-0.77312016,7.502145,-1.0152255,-5.6584253,3.2686858,6.424853
2398,83.00449982692973,-2.0360508,5.7807627,-2.4741905,-7.0326757,2.092003,8.830331
2399,83.03911388023538,-2.5483048,5.8082476,-3.6571527,-8.669613,5.7835693,12.690347
2400,83.07372793354102,-0.17710862,6.847104,-3.9117153,-10.934382,3.9504743,13.265368
2401,83.10834198684665,0.72999036,5.549346,-4.4860854,-12.812694,3.4899035,13.757815
2402,83.1429560401523,0.59881604,4.4583263,-4.8910184,-12.852501,4.2223797,12.666791
2403,83.17757009345794,0.35565966,6.8021817,-4.617176,-11.592838,2.6208289,14.041601
2404,83.21218414676359,1.6384078,7.928775,-2.6036873,-10.256741,2.8766463,12.08863
2405,83.24679820006922,2.069439,8.524253,-2.916086,-10.800536,4.0009503,15.2780075
2406,83.28141225337487,3.1516113,10.415772,-1.4752564,-9.074853,2.7959774,16.330109
2407,83.31602630668051,0.9673611,7.4262757,-2.9885144,-9.653588,3.6057036,13.713846
2408,83.35064035998616,-1.15105,5.718348,-3.4455137,-8.556835,2.8333988,12.391195
2409,83.38525441329179,-0.9008051,4.9792056,-2.9174612,-7.162092,1.8028966,10.397306
2410,83.41986846659744,-0.80723137,4.813601,-2.8290741,-7.5041623,2.226173,11.415641
2411,83.45448251990308,-0.8214245,4.8504233,-3.1272495,-7.787748,2.4930887,11.697218
2412,83.48909657320873,-0.23654076,5.9180527,-1.9963478,-5.8874736,2.415018,9.749566
2413,83.52371062651436,0.97219056,5.8032,-1.6155814,-6.37143,3.1185799,10.948037
2414,83.55832467982,-1.134686,4.7908435,-2.6960938,-6.1400933,3.3778331,9.097207
2415,83.59293873312565,-2.143659,6.9033613,-1.5771027,-6.151261,-0.51296693,9.708099
2416,83.6275527864313,-1.4371716,6.3446536,-3.3358133,-7.332184,2.8559802,8.31046
2417,83.66216683973693,-1.7591974,4.119102,-2.6174254,-4.4024935,0.23871823,7.1484714
2418,83.69678089304257,-0.8614481,6.730224,-2.4132347,-8.827768,4.885708,13.032955
2419,83.73139494634822,2.2419434,8.031112,-1.9453428,-9.984005,4.031379,14.381399
2420,83.76600899965386,2.6933844,13.778848,-0.19106874,-6.3977895,3.8376381,15.778789
2421,83.80062305295951,1.5467291,12.631316,-0.6101599,-8.190341,4.6220984,16.188091
2422,83.83523710626514,2.634703,6.2205925,-4.0866704,-10.977863,4.1344385,13.752144
2423,83.86985115957079,-0.07962818,4.032341,-4.6449165,-11.181986,4.142555,10.730932
2424,83.90446521287643,-0.45965332,7.4919887,-2.457391,-10.255114,2.7597666,10.687015
2425,83.93907926618208,0.35842776,6.450821,-4.619383,-10.956101,3.6883886,13.009241
2426,83.97369331948771,1.6437192,7.875043,-2.3456285,-9.49163,2.9939566,9.946717
2427,84.00830737279335,1.1544437,8.946961,-2.0974894,-9.189023,2.1217413,12.123493
2428,84.042921426099,2.9014082,13.444305,-1.1594564,-8.232929,-0.09302281,12.0029955
2429,84.07753547940465,1.7320647,11.8998,-1.2283871,-6.7820473,-1.1256077,13.912853
2430,84.11214953271028,1.9247417,13.805389,-1.0866556,-8.654244,3.608886,12.21111
2431,84.14676358601592,0.14102416,13.1702,-3.3220127,-9.945173,4.294903,13.856746
2432,84.18137763932157,0.42605948,10.587071,-1.0707858,-6.549789,3.7695935,10.297512
2433,84.21599169262721,-0.32918176,10.139496,-2.0516648,-8.424424,4.2763476,13.952684
2434,84.25060574593284,-0.6801136,10.460959,-1.4280515,-9.807556,5.051503,15.051045
2435,84.28521979923849,-0.4031387,9.833633,-3.9450278,-8.4406,4.074541,10.546671
2436,84.31983385254414,0.4152627,8.973498,-4.1679983,-7.8637743,5.506994,11.0718
2437,84.35444790584978,1.2538048,7.611998,-4.9045196,-10.849376,4.404215,11.630325
2438,84.38906195915541,-0.6803914,2.2330785,-5.30682,-8.906675,3.939235,6.7796764
2439,84.42367601246106,-0.96209687,6.3578095,-3.7743204,-9.646384,3.405971,10.908205
2440,84.4582900657667,0.19870149,6.0225463,-5.2234983,-10.3979025,4.401933,12.294726
2441,84.49290411907235,0.7836088,6.666147,-4.341367,-8.787659,3.464153,12.925838
2442,84.52751817237798,1.6346419,6.0369606,-4.636423,-8.670041,3.8977995,12.312403
2443,84.56213222568363,2.2400022,7.872911,-4.489243,-7.6297097,1.6347325,12.428353
2444,84.59674627898927,1.2332492,10.884037,-2.716731,-6.909173,0.09137076,15.437778
2445,84.63136033229492,0.08163281,8.75188,-2.864483,-7.031304,0.12102304,15.313411
2446,84.66597438560055,0.7292637,7.999935,-0.8771566,-4.9505343,-0.12510309,12.542554
2447,84.7005884389062,0.42019263,7.3259916,-1.5548007,-8.181247,0.5758487,17.445593
2448,84.73520249221184,-0.7742874,6.614887,-3.232659,-8.284518,-0.3153457,15.969199
2449,84.76981654551749,-1.8642439,9.216867,-3.2231758,-8.0519285,0.03114709,15.580526
2450,84.80443059882312,0.09858857,11.029332,-2.212648,-7.9827037,0.61791867,18.18112
2451,84.83904465212876,0.8934028,12.219328,-2.1613278,-7.975076,0.7444253,19.322084
2452,84.87365870543441,-0.82789105,10.53044,-2.8803792,-8.728931,1.670461,17.439026
2453,84.90827275874005,-2.0410776,9.37003,-3.7799065,-8.552984,-0.5405485,18.742857
2454,84.94288681204569,-0.5261697,7.2003684,-5.2437353,-9.825211,-0.023181984,15.412159
2455,84.97750086535133,0.55098754,8.934452,-4.1513157,-6.260923,-0.7924199,14.437381
2456,85.01211491865698,-0.3563705,9.49265,-5.5339975,-8.200079,-1.2506374,16.809256
2457,85.04672897196262,-1.4509535,8.982544,-6.834496,-9.650254,-0.75922865,17.041294
2458,85.08134302526825,-1.7458756,11.156645,-5.2673135,-8.157456,-0.61753094,15.360976
2459,85.1159570785739,-1.6209329,7.138822,-3.099087,-5.586606,-0.5047216,11.453457
2460,85.15057113187954,-1.6580832,6.9597797,-2.8772078,-5.4999847,0.30207872,11.736511
2461,85.18518518518519,0.03984009,8.112905,-0.99521834,-4.955954,0.23755322,13.565679
2462,85.21979923849082,0.19406326,9.064929,-1.844455,-5.1673617,-0.26315334,11.966463
2463,85.25441329179647,-1.9820627,8.936765,-2.8834717,-5.4767537,-0.36162066,11.791206
2464,85.28902734510211,-0.96831334,8.066846,-3.5188823,-5.4442415,0.6875388,14.1400385
2465,85.32364139840776,-4.9665375,6.944638,-5.208962,-7.363143,0.17231126,11.715702
2466,85.35825545171339,-0.80623907,7.3492074,-2.006583,-3.953937,-0.1608128,12.684849
2467,85.39286950501904,-2.0129182,7.7070365,-1.9952242,-5.485927,-0.007218616,14.407825
2468,85.42748355832468,-2.9109387,6.052986,-3.415552,-4.7381043,-1.565905,9.418564
2469,85.46209761163033,-2.5642889,9.798974,-2.902516,-5.198969,0.05715833,14.355763
2470,85.49671166493596,0.3206436,9.7239275,-2.0410924,-5.3480206,-0.9396808,14.879606
2471,85.5313257182416,0.5601749,8.692168,-3.0407627,-7.915126,-1.915443,18.30438
2472,85.56593977154725,0.719013,7.7658296,0.5086401,-0.7824345,-1.8693304,8.35789
2473,85.6005538248529,0.13090587,11.232692,-0.91338307,-2.9819267,-1.0576744,14.019397
2474,85.63516787815853,-0.7395104,10.727532,-3.390778,-6.37937,0.35371166,15.862507
2475,85.66978193146417,-0.2679208,11.373422,-2.852834,-6.544808,-0.41174328,17.934526
2476,85.70439598476982,-1.493779,8.976748,-2.9878895,-5.6633983,0.16873981,14.848474
2477,85.73901003807546,-1.7801045,6.091442,-4.1475697,-6.920794,0.9786331,13.312993
2478,85.7736240913811,-2.2030272,5.4897456,-3.999126,-7.799492,0.14393237,12.227946
2479,85.80823814468674,-1.8786647,5.042752,-3.2386024,-6.246136,0.614694,10.315312
2480,85.84285219799239,-1.0059054,5.265024,-3.3443623,-6.819779,0.5268076,10.926724
2481,85.87746625129803,-1.9472489,7.4794602,-4.102065,-7.597557,1.0729679,13.327903
2482,85.91208030460366,-1.5476054,7.516704,-4.6350756,-10.343008,0.118970454,15.220829
2483,85.94669435790931,-0.6081307,7.857824,-5.103966,-11.251027,-1.355401,16.548244
2484,85.98130841121495,0.93421847,8.861761,-3.0838625,-10.478009,-0.75069004,15.824992
2485,86.0159224645206,0.8239595,9.427873,-3.0436974,-11.857551,1.2350523,18.195454
2486,86.05053651782623,0.20328186,7.7789874,-4.6165743,-11.038994,1.7550547,17.62933
2487,86.08515057113188,-1.4654708,5.780812,-4.483542,-9.367642,0.6548865,14.218232
2488,86.11976462443752,-0.22094415,6.521276,-2.2192543,-7.38523,-0.0077683744,13.296748
2489,86.15437867774317,-1.0896444,5.219392,-2.472363,-5.9688144,0.8162767,11.168635
2490,86.1889927310488,-0.34588003,5.341206,-2.8248897,-6.85778,1.3467776,11.447239
2491,86.22360678435444,1.1449167,7.0941176,-2.4104273,-7.5757227,1.8048869,13.714455
2492,86.25822083766009,1.6487968,7.798523,-3.7430856,-9.781121,1.8316948,15.5675745
2493,86.29283489096574,1.7949506,12.42758,-1.1419802,-6.891364,0.94460833,17.205477
2494,86.32744894427137,0.2080152,14.338657,-1.5035952,-6.856967,1.7145544,17.336897
2495,86.36206299757701,0.964656,13.927309,-0.5912088,-6.414284,-0.44440025,19.925497
2496,86.39667705088266,0.46860343,10.90093,-2.7047093,-8.238878,0.32985055,20.831858
2497,86.4312911041883,1.8342148,5.062266,-6.500573,-12.200053,2.0292127,16.374647
2498,86.46590515749394,-0.6373469,3.7309704,-6.95272,-11.207086,2.0559585,14.477358
2499,86.50051921079958,-0.96959823,3.8548217,-4.022045,-7.205257,0.6501047,10.112045
2500,86.53513326410523,-2.9401236,3.2394388,-5.1174836,-8.829344,0.44552585,11.393269
2501,86.56974731741087,-1.3812017,2.6066122,-5.3400946,-9.153957,0.28470278,10.929852
2502,86.60436137071652,-1.318242,5.5562353,-3.3100448,-7.431723,0.612821,12.165396
2503,86.63897542402215,-1.6807284,5.755416,-2.0781436,-4.115796,-1.4190769,8.2263
2504,86.6735894773278,-2.6439075,4.0605965,-6.2000537,-8.211481,1.101481,10.7543125
2505,86.70820353063344,-2.4278417,3.6279204,-7.230558,-9.831442,0.77498376,11.7719965
2506,86.74281758393909,-4.4470797,1.4222746,-8.471133,-12.733028,1.9011397,12.619777
2507,86.77743163724472,-4.169534,5.855234,-3.856657,-7.3864923,-0.12809801,9.681661
2508,86.81204569055036,-2.7156944,3.5508559,-4.6050277,-7.541298,1.1555547,10.910653
2509,86.84665974385601,-1.6190679,7.3009863,-1.9172434,-7.203585,0.74859494,12.004699
2510,86.88127379716165,-1.9780897,3.2367857,-5.1218333,-8.133096,1.6205444,11.469449
2511,86.91588785046729,-2.701859,3.2933488,-5.402184,-7.4545813,1.8416839,10.130642
2512,86.95050190377293,-2.8932464,3.827136,-7.336241,-10.75224,1.7640979,13.252947
2513,86.98511595707858,-2.0566504,2.5227277,-6.9501,-10.433847,1.7030683,12.663914
2514,87.01973001038422,-2.2102156,4.628894,-4.0122914,-7.676128,1.4736712,11.308505
2515,87.05434406368985,-1.8824214,4.072696,-4.014904,-7.096798,1.1802579,9.360657
2516,87.0889581169955,-0.48734275,5.466359,-2.9154582,-7.4181986,0.6480889,10.991117
2517,87.12357217030114,0.22697046,5.324299,-2.8001945,-6.9889174,0.57975364,11.262495
2518,87.15818622360679,-1.2024438,4.0460205,-3.3831718,-5.8270245,1.3745524,8.894852
2519,87.19280027691242,-0.062033854,4.7277336,-2.8176403,-6.1218085,2.1541343,10.591294
2520,87.22741433021807,-1.15506,4.135464,-3.2717407,-5.5506983,1.6892585,9.388875
2521,87.26202838352371,-0.7502104,6.503376,-3.0047488,-8.097495,0.36571628,12.675467
2522,87.29664243682936,-1.5798906,6.994852,0.0158107,-3.005797,-0.07499938,12.090398
2523,87.33125649013499,-1.9925635,7.430031,-0.16917902,-6.175645,4.9916368,5.409183
2524,87.36587054344064,-1.6691014,6.5310755,-4.895011,-9.953093,2.8889031,15.679728
2525,87.40048459674628,0.5331653,7.7091885,-4.7288065,-10.468844,1.5784532,16.414066
2526,87.43509865005193,1.6442876,7.3159895,-5.2003403,-10.948017,1.4961587,16.346666
2527,87.46971270335756,0.73931193,5.932453,-5.8735914,-12.369571,1.2599957,14.345986
2528,87.5043267566632,-0.7495142,6.580747,-4.1532283,-9.433016,-0.14242634,13.388595
2529,87.53894080996885,0.42119378,7.101342,-5.169632,-11.28591,0.8693485,15.301085
2530,87.5735548632745,1.7653836,8.741413,-2.4860098,-10.185058,1.4689033,14.499767
2531,87.60816891658013,1.7173189,8.896651,-2.8595657,-11.335631,2.9280589,17.253134
2532,87.64278296988577,1.2310445,7.730959,-2.9459436,-11.715206,4.618357,17.469652
2533,87.67739702319142,-0.4890856,6.2616043,-4.7863193,-12.034725,3.9505923,16.605753
2534,87.71201107649706,-1.5269414,5.9349813,-3.7043812,-9.604269,2.634849,13.865646
2535,87.7466251298027,-1.706914,5.0499063,-3.200802,-8.288041,1.6218276,11.216815
2536,87.78123918310834,-0.76852477,5.277894,-2.6206994,-8.604621,2.0859842,12.478478
2537,87.81585323641399,0.6294513,5.9075117,-1.3243852,-7.5868397,2.7718213,13.042697
2538,87.85046728971963,-0.6565796,5.4805655,-1.6433122,-6.869199,1.6639678,9.716333
2539,87.88508134302526,-2.6683512,8.841631,-1.856665,-8.440955,1.3057884,11.802403
2540,87.91969539633091,-1.1229839,4.686931,-2.5807524,-7.2398977,3.5489867,9.857705
2541,87.95430944963655,-2.7409704,5.7477317,-3.4842253,-8.046235,0.6137572,10.726937
2542,87.9889235029422,-1.6112328,7.2449617,-2.20011,-6.9719253,4.3187256,10.083426
2543,88.02353755624783,-3.3574424,7.0010033,-0.97138315,-5.3948383,2.6403742,6.058648
2544,88.05815160955348,-1.5266061,7.016961,-2.245942,-9.701277,5.4278383,14.647675
2545,88.09276566285912,1.5908207,8.317423,-1.836756,-10.662127,4.7800007,16.046032
2546,88.12737971616477,1.9299872,6.8232265,-3.6977637,-11.16009,4.1368732,14.318376
2547,88.1619937694704,0.44392708,4.7037306,-4.666052,-10.591957,3.5933065,11.114297
2548,88.19660782277604,-0.2229437,7.474329,-2.8426056,-9.475971,2.1213999,11.581555
2549,88.23122187608169,0.4509183,6.7156587,-4.1655498,-10.063055,3.4215367,12.723773
2550,88.26583592938734,1.5889401,8.359773,-2.6222985,-10.150439,1.8367865,11.89301
2551,88.30044998269297,-1.240162,8.092969,-3.8831801,-9.011196,-0.49846613,13.636849
2552,88.33506403599861,0.81034887,9.102227,-1.7665329,-9.04608,1.0771275,11.047143
2553,88.36967808930426,2.038887,9.745436,-2.1256104,-10.830241,2.3132243,14.646966
2554,88.4042921426099,1.3981233,9.442705,-1.8721838,-11.355484,3.5429294,13.292242
2555,88.43890619591554,-0.17655875,6.606746,-4.243199,-11.048321,1.6550993,11.642653
2556,88.47352024922118,-1.2060877,8.133869,-4.927308,-9.768518,0.7685547,11.892683
2557,88.50813430252683,-0.084222384,9.283639,-4.1906567,-11.486896,2.0603983,13.496907
2558,88.54274835583247,2.0012121,10.627569,-1.9642183,-10.178162,1.8917458,10.455945
2559,88.5773624091381,-0.088588364,7.2196207,-4.0903797,-10.033435,0.5786765,12.395516
2560,88.61197646244375,0.26258832,11.790681,-3.3839016,-9.644716,3.6517568,13.20844
2561,88.6465905157494,-0.42112574,11.102094,-4.1452756,-10.433456,4.46717,14.261849
2562,88.68120456905504,-0.61304986,6.7842712,-3.9335146,-9.804022,2.7043142,13.447268
2563,88.71581862236067,-1.5575904,5.7253566,-3.3107398,-7.8586745,1.4512975,11.054071
2564,88.75043267566632,0.03470042,5.5861707,-2.9954844,-7.559678,0.9443395,11.226026
2565,88.78504672897196,0.6642852,6.666264,-2.711844,-8.103976,2.4921167,12.403131
2566,88.81966078227761,0.4420669,5.8934274,-2.4251015,-5.9526763,0.8550258,10.21862
2567,88.85427483558324,0.15012309,5.845008,-2.3779018,-6.6081395,2.523865,7.699925
2568,88.88888888888889,-1.4270976,5.032777,-2.64612,-6.7497635,3.4136786,9.485022
2569,88.92350294219453,-1.8951758,5.679142,-3.2366073,-6.6962633,0.49177215,11.9703455
2570,88.95811699550018,-1.6446819,4.8860435,-2.5334659,-5.6990285,0.54467463,8.284702
2571,88.99273104880581,-3.8910034,6.215449,-2.2506347,-6.868203,2.5969572,7.090431
2572,89.02734510211145,-0.73775005,8.476935,-2.3631816,-9.0827,5.23156,14.692672
2573,89.0619591554171,1.339263,9.8345,-1.684822,-9.373148,4.145425,15.485948
2574,89.09657320872275,1.9996263,7.981286,-3.6369648,-10.683029,4.081124,12.70107
2575,89.13118726202838,0.6750129,3.7400863,-4.694886,-9.673357,3.9461339,9.1946535
2576,89.16580131533402,-0.42598298,6.352209,-3.9390864,-9.845451,3.5738885,11.221449
2577,89.20041536863967,0.6135628,6.4398546,-4.511844,-9.9367075,3.8187718,12.125902
2578,89.23502942194531,1.3748585,7.0392933,-3.341779,-8.329967,1.1686381,10.315282
2579,89.26964347525096,-0.53734374,8.467972,-3.2643547,-8.765488,0.45757845,13.760652
2580,89.30425752855659,1.2679261,9.157535,-2.930596,-7.972242,1.3860153,12.278369
2581,89.33887158186224,2.3021257,9.733589,-3.6776867,-7.407903,2.0550036,11.839147
2582,89.37348563516788,2.2049897,8.269471,-4.319424,-8.653009,2.3445761,11.785864
2583,89.40809968847353,0.015757762,7.3371124,-4.45276,-7.8843126,1.3148129,10.144702
2584,89.44271374177916,4.625934,10.171425,-2.0399246,-7.9957275,2.6528976,12.9662695
2585,89.4773277950848,-0.086992,10.400657,-0.28823638,-7.954942,3.583923,11.835827
2586,89.51194184839045,-1.3664984,10.311406,-2.7692072,-9.436096,2.7698197,17.105145
2587,89.5465559016961,1.370106,8.946886,0.07337538,-6.7347655,3.160538,9.457962
2588,89.58116995500173,-0.15867746,9.372841,-1.1753479,-7.6110673,1.5676159,15.047212
2589,89.61578400830737,0.3753189,8.413266,-2.889924,-7.2819395,2.96652,12.371424
2590,89.65039806161302,-0.30260548,7.817623,-3.1601138,-7.8446946,2.4574115,15.629047
2591,89.68501211491866,1.2785703,6.9211354,-3.595557,-6.8049307,2.5453134,12.996928
2592,89.7196261682243,2.3093064,9.142665,-1.2947174,-7.1035776,2.903997,13.125677
2593,89.75424022152994,1.893069,7.5580707,-0.71517736,-6.3161287,3.4158645,8.457548
2594,89.78885427483559,4.4426723,10.723145,0.45801133,-6.570999,3.7364883,14.107529
2595,89.82346832814123,2.5772521,7.977119,-2.5363064,-7.370531,4.410118,10.396799
2596,89.85808238144686,2.35438,7.3737035,-1.4464277,-5.1314178,3.9240236,8.986447
2597,89.89269643475251,0.17013648,8.900627,0.8119249,-4.6999235,4.201268,9.798151
2598,89.92731048805815,3.0591588,10.911592,1.3062541,-4.832521,3.9729586,13.210813
2599,89.9619245413638,4.615198,11.646003,0.518015,-7.3007903,1.2030485,13.70574
2600,89.99653859466943,3.7254791,13.1028805,0.16483957,-4.6544523,1.4060831,14.252965
2601,90.03115264797508,4.868329,13.379075,-0.1483323,-4.7312183,0.49510068,17.126537
2602,90.06576670128072,5.12433,13.63555,-0.20880683,-4.9852777,0.68904775,17.772194
2603,90.10038075458637,5.95698,16.874088,0.49224836,-3.8393345,2.5620964,22.679892
2604,90.134994807892,-0.07879054,14.188168,-1.6431305,-6.102182,2.5046294,19.893456
2605,90.16960886119764,0.2665299,14.4756155,-2.5953684,-7.255518,2.9788744,21.846436
2606,90.20422291450329,1.339911,12.429303,-0.5525348,-5.472157,0.5624596,21.604979
2607,90.23883696780894,3.8196797,12.738409,0.010652335,-7.447518,0.5359576,14.525563
2608,90.27345102111457,1.2272722,10.941476,-0.6652758,-8.672749,1.225545,9.260994
2609,90.30806507442021,2.509508,14.584199,3.3772874,-6.119421,0.06508022,17.393991
2610,90.34267912772586,1.5512122,14.566821,2.0759125,-6.1350155,1.2232627,23.12515
2611,90.3772931810315,2.8362935,14.498112,3.9050822,-4.04434,2.6421735,16.80424
2612,90.41190723433714,1.4565421,12.562858,0.8470771,-6.547251,2.5911193,14.158923
2613,90.44652128764278,0.19837357,10.166153,-2.2425804,-10.677938,1.0966548,8.322112
2614,90.48113534094843,-1.4439261,8.792827,-3.0105176,-10.025099,0.13199176,9.999919
2615,90.51574939425407,0.8904657,10.674224,-2.569971,-10.905973,2.508484,10.598471
2616,90.5503634475597,-0.3688088,11.344209,-2.8413975,-10.872922,3.2626305,11.96497
2617,90.58497750086535,-2.3566136,10.422049,-3.557755,-9.124192,2.1940484,11.24044
2618,90.619591554171,-2.6235945,9.365021,-2.7603092,-9.44855,1.3088566,12.070819
2619,90.65420560747664,-1.8499594,9.379201,-4.4605145,-10.458878,2.617943,15.94779
2620,90.68881966078227,0.22680475,7.8505154,-4.4373446,-10.702879,1.6915457,12.397938
2621,90.72343371408792,0.621747,5.3913627,-5.1663933,-10.264384,2.564018,10.518434
2622,90.75804776739356,-0.77342933,6.391867,-2.5176709,-7.705085,-0.026703248,11.55362
2623,90.79266182069921,-0.51387525,6.1245236,-5.4154773,-10.36803,1.7374175,13.16703
2624,90.82727587400484,0.10367369,8.164722,-2.9979804,-9.2012,4.524757,14.794785
2625,90.86188992731049,0.4271627,9.10577,-1.7127589,-9.98299,4.079788,14.396768
2626,90.89650398061613,-0.37953687,6.1817765,-4.9780407,-12.679454,2.6079721,15.462938
2627,90.93111803392178,-1.5370619,5.5774617,-3.5326018,-10.952957,2.9152286,14.088284
2628,90.96573208722741,-2.2127943,5.254098,-3.2296422,-8.544384,1.1244725,11.703948
2629,91.00034614053305,-0.7251666,4.821642,-2.9700043,-8.197771,1.4823751,11.255741
2630,91.0349601938387,0.42205164,5.885458,-2.5465581,-8.887188,2.7955658,12.6612835
2631,91.06957424714435,-1.5836263,6.7498503,-2.2561388,-8.862934,5.941515,10.872877
2632,91.10418830044998,-1.9904553,6.8565316,-1.4735329,-6.560351,4.1276555,6.770607
2633,91.13880235375562,-2.066131,4.9218316,-2.6659007,-7.50923,3.6309202,10.094687
2634,91.17341640706127,-4.1516542,4.9096236,-4.298167,-9.356937,1.8821553,10.056839
2635,91.20803046036691,-1.5069261,6.1730485,-2.6909797,-7.136603,4.6294312,8.739753
2636,91.24264451367254,-6.255603,4.277054,-5.30871,-8.084088,1.1067832,8.606708
2637,91.27725856697819,-2.806208,6.046017,-2.7630599,-9.193714,5.797552,13.220965
2638,91.31187262028384,0.121338025,7.321363,-2.6738763,-10.855746,4.9438167,15.163543
2639,91.34648667358948,1.6726838,6.8169565,-3.1458874,-11.082648,5.881199,13.824955
2640,91.38110072689511,2.1712103,8.417969,-2.9164827,-10.094074,3.8702705,12.1179695
2641,91.41571478020076,2.0019972,8.857248,-3.1537244,-10.522944,4.6283355,13.852209
2642,91.4503288335064,2.164296,9.183126,-4.0590253,-9.829955,3.4722626,12.244194
2643,91.48494288681205,0.15684047,6.8617754,-5.38718,-10.44569,2.5277314,12.62949
2644,91.51955694011768,1.5172237,9.909455,-2.037438,-8.975835,2.9739733,11.16755
2645,91.55417099342333,0.46165544,10.172775,-3.5390718,-8.520172,2.9703753,12.806671
2646,91.58878504672897,1.4058462,11.964768,-2.9969833,-8.038919,2.1318865,12.881214
2647,91.62339910003462,0.18399988,13.333961,-1.5978712,-7.685985,1.7589141,13.5415945
2648,91.65801315334025,-1.5776854,13.038902,-2.2379327,-8.669565,1.698694,13.907565
2649,91.6926272066459,-3.0418456,9.845991,-3.1980782,-8.092035,1.1894283,13.229295
2650,91.72724125995154,-1.2528744,10.84023,-2.6579378,-7.9415164,1.5442433,12.969322
2651,91.76185531325719,0.84803486,11.426343,-2.8153725,-8.841633,3.4066417,11.561576
2652,91.79646936656282,0.73656434,13.378506,-2.4471393,-9.077236,4.6951547,13.0021105
2653,91.83108341986846,-0.19897257,12.706679,-3.9389205,-10.228749,4.9050765,14.049714
2654,91.86569747317411,0.018174328,9.58015,-2.149863,-8.418557,4.251796,11.401262
2655,91.90031152647975,-1.9484439,9.606993,-3.0782025,-9.105127,4.5746083,15.196942
2656,91.9349255797854,-1.3200508,10.100403,-2.23012,-9.713081,5.8762794,14.126303
2657,91.96953963309103,1.0871462,5.9966536,-5.096808,-11.046605,6.1238174,10.916044
2658,92.00415368639668,-0.7504409,-0.49392232,-3.908341,-6.484424,3.7367275,2.9465873
2659,92.03876773970232,-0.14496416,4.878742,-4.850368,-9.72067,4.776518,11.07458
2660,92.07338179300797,0.20934613,5.401325,-5.0820284,-9.836334,4.2363462,12.228109
2661,92.1079958463136,0.6052124,6.2497005,-4.734125,-8.861325,3.5665278,12.610192
2662,92.14260989961925,1.7224504,5.823699,-4.644274,-8.492588,4.0838647,12.004467
2663,92.17722395292489,2.6534925,4.606737,-3.0703366,-9.954727,5.821764,10.186721
2664,92.21183800623054,0.652665,5.3598657,-4.6256146,-10.60099,5.7964287,11.1728525
2665,92.24645205953617,1.3386561,8.699113,-1.7082249,-7.7629585,3.7215505,10.600682
2666,92.28106611284181,1.0688412,2.967864,-6.143618,-9.779674,3.889761,8.2841
2667,92.31568016614746,1.5891235,8.070505,-3.293402,-9.109926,2.0224862,10.912886
2668,92.3502942194531,2.2577772,8.684714,-3.7645447,-9.807503,2.7118983,13.341136
2669,92.38490827275874,2.0790527,10.464408,-3.0430458,-8.484156,1.6388714,13.017248
2670,92.41952232606438,1.2007202,8.39208,-5.105838,-7.356422,1.0420914,14.400835
2671,92.45413637937003,1.0808685,9.15157,-4.7993,-8.7924795,2.2112925,13.735925
2672,92.48875043267567,0.68393314,9.580783,-5.481312,-9.3161335,2.467011,14.15932
2673,92.5233644859813,-1.0347759,6.8032794,-6.4713697,-11.485515,3.1268613,14.50657
2674,92.55797853928695,0.5346056,10.674711,-4.071941,-9.715453,4.6961894,13.837714
2675,92.5925925925926,-0.5414197,10.413098,-4.6680827,-10.540765,5.6013575,13.961111
2676,92.62720664589824,-0.73345125,8.933575,-4.5247025,-9.5422,4.1612954,14.489342
2677,92.66182069920387,-1.7659317,8.717631,-3.8255084,-10.436358,6.1036763,13.847191
2678,92.69643475250952,0.97732675,11.504447,-1.989283,-7.8938837,5.36261,11.338176
2679,92.73104880581516,1.093038,12.414212,-0.909964,-7.0461254,5.290235,11.272888
2680,92.76566285912081,1.6142758,14.5287285,-1.2708765,-6.883979,2.834829,12.515057
2681,92.80027691242644,0.31982705,13.352557,-2.0214622,-7.7614174,1.2657726,13.572725
2682,92.83489096573209,-1.8475543,13.110659,-2.3477707,-8.549119,0.7357931,16.503778
2683,92.86950501903773,-0.65606445,13.503306,-1.5149041,-7.8863444,1.9580649,13.325163
2684,92.90411907234338,-0.15931934,10.687914,-1.069682,-8.034459,0.6429983,16.013306
2685,92.93873312564901,1.7656069,10.478751,-1.5547866,-5.6384144,1.5030831,17.86988
2686,92.97334717895465,1.8684323,13.145319,0.10799195,-7.554453,1.9649255,14.828772
2687,93.0079612322603,1.4642684,14.492067,0.12662819,-6.08671,3.4225073,9.639374
2688,93.04257528556595,2.2545583,13.60713,0.24746893,-4.8965287,2.170588,9.111934
2689,93.07718933887158,-0.30211496,14.324815,0.25806972,-6.306774,3.323367,8.323431
2690,93.11180339217722,-1.7626721,11.705884,-2.2129564,-8.536592,3.3165936,10.295725
2691,93.14641744548287,-3.0671628,11.309541,-3.6880631,-8.117387,3.1371987,11.546116
2692,93.18103149878851,-1.6800164,10.254779,-1.6684723,-6.8913407,1.4382582,10.856314
2693,93.21564555209414,-2.1745865,11.314923,-2.5469122,-8.187772,3.807731,13.125654
2694,93.25025960539979,1.9109422,7.872821,-3.2406213,-9.665605,5.002699,8.949994
2695,93.28487365870544,2.1154714,9.177008,-2.2802172,-7.8305635,3.323227,10.007368
2696,93.31948771201108,1.7942845,10.422685,-1.9121597,-7.442157,3.623735,12.239206
2697,93.35410176531671,1.1107644,11.489611,-0.8456499,-6.9715114,3.0371141,12.617632
2698,93.38871581862236,2.9192646,11.8963585,-0.08066351,-5.9847856,4.482897,10.245437
2699,93.423329871928,1.1755229,13.313237,-0.506769,-7.382345,1.944158,13.802415
2700,93.45794392523365,2.9758916,14.442729,1.3022172,-5.517074,1.3546883,15.649362
2701,93.49255797853928,4.6424484,13.0011015,0.54133195,-5.3638687,1.016693,13.06902
2702,93.52717203184493,3.6494973,16.069115,1.1413746,-4.757849,1.3861343,15.967055
2703,93.56178608515057,2.1417086,12.951872,1.4051334,-6.325413,1.8806456,14.636338
2704,93.59640013845622,4.2229705,14.072864,3.2594883,-7.571213,2.628362,14.103726
2705,93.63101419176185,5.739226,16.497786,4.5246243,-3.3599002,3.5339718,12.640311
2706,93.6656282450675,5.5070457,13.897622,1.5936273,-5.503371,4.2343645,13.312373
2707,93.70024229837314,3.5601747,13.15368,2.2901797,-4.32939,5.132042,11.07447
2708,93.73485635167879,4.676836,12.901171,1.2378997,-3.7554786,5.2295437,11.565946
2709,93.76947040498442,4.3243957,12.939063,2.1334434,-4.838292,5.31334,13.635825
2710,93.80408445829006,5.0041065,15.359835,3.3518887,-4.744382,5.559101,9.425999
2711,93.83869851159571,2.6380222,14.742503,0.52222073,-6.8386097,3.5202508,7.044722
2712,93.87331256490135,1.02979,12.974149,0.45311368,-6.962821,2.448722,5.874787
2713,93.90792661820699,3.8850796,15.684234,4.1451473,-5.3512135,2.127157,15.809826
2714,93.94254067151263,1.8165555,14.708845,2.84538,-5.7938237,2.4959981,20.040588
2715,93.97715472481828,1.6995592,16.024319,3.6753626,-3.9333107,2.5310833,18.960985
2716,94.01176877812392,0.23345071,14.070393,-0.3669367,-5.4047713,3.2087173,14.365538
2717,94.04638283142955,-0.08139368,13.763537,1.622984,-6.5304613,3.507442,15.8555765
2718,94.0809968847352,2.600226,8.876211,-1.5228572,-8.831498,4.4650598,8.650361
2719,94.11561093804085,-0.256845,1.4259156,-4.5639825,-7.67596,4.091423,4.757924
2720,94.15022499134649,0.49006432,4.965242,-5.2542057,-9.981054,4.361903,10.556633
2721,94.18483904465212,0.103768565,5.060448,-5.4089594,-9.928419,3.679239,11.857615
2722,94.21945309795777,0.8564177,8.282641,-2.0795815,-7.070084,1.6264728,11.892577
2723,94.25406715126341,-0.18235722,6.6672225,-2.9773946,-7.258941,3.1409757,12.416271
2724,94.28868120456906,-0.42632264,6.045726,-5.362103,-8.417694,2.5378418,12.89634
2725,94.32329525787469,-1.3365842,6.1212473,-5.3900843,-10.040517,0.46468663,13.882101
2726,94.35790931118034,2.1405745,11.766648,-1.7348913,-7.233583,0.46222687,17.712418
2727,94.39252336448598,-0.057177357,10.560965,-3.1815221,-6.8824615,0.43006304,14.765354
2728,94.42713741779163,-0.833065,14.729545,-1.1097939,-7.323152,0.8171388,19.885809
2729,94.46175147109726,0.29813197,14.472815,-0.77631485,-6.9689455,2.3448875,18.850677
2730,94.4963655244029,-1.5343156,12.3076725,-2.7366002,-7.303164,0.6035222,17.195755
2731,94.53097957770855,-0.24922292,11.079127,-1.3760526,-6.959155,-0.66356707,21.579655
2732,94.5655936310142,0.3028796,8.508456,-3.5237155,-8.244884,-1.0190244,15.864981
2733,94.60020768431984,0.74743414,9.342699,-3.1797998,-5.6902175,-0.5293962,14.203328
2734,94.63482173762547,2.6786642,10.263295,-0.3740844,-2.3764837,-0.5461353,13.524069
2735,94.66943579093112,1.7225055,11.295196,-2.9219017,-5.736931,-0.8701461,17.710575
2736,94.70404984423676,-0.19390476,9.340224,-5.5128064,-8.752075,0.1711679,17.21497
2737,94.73866389754241,-1.8337253,6.9444737,-4.0746994,-7.406763,0.5172756,13.530747
2738,94.77327795084804,-2.7327533,6.3970776,-3.2951167,-5.9003325,0.44560975,10.718064
2739,94.80789200415369,-0.9524312,6.764044,-2.7017722,-5.891293,0.17106901,13.298594
2740,94.84250605745933,-1.641389,6.22263,-1.5141822,-3.5969014,0.22245139,9.633542
2741,94.87712011076498,0.106404126,8.74791,-1.7838256,-5.581539,0.1393372,14.297187
2742,94.91173416407061,-0.7674669,8.755293,-3.1175876,-6.5148377,0.41839406,14.47022
2743,94.94634821737625,-2.6513577,9.4286,-4.22278,-7.4923115,2.212488,15.774662
2744,94.9809622706819,1.5995216,8.271101,-3.3541837,-8.238346,-0.49722612,17.059586
2745,95.01557632398755,-0.2096378,9.193377,-5.256819,-8.659719,-0.1810316,12.679714
2746,95.05019037729318,-1.1896498,8.660235,-3.8974497,-6.0901055,1.4049383,11.799872
2747,95.08480443059882,-1.926009,11.584515,-5.42954,-7.5705442,0.21673937,17.81765
2748,95.11941848390447,-2.1943574,9.701555,-5.9146533,-8.659417,-0.03399213,17.254833
2749,95.15403253721011,-2.1040292,9.231084,-3.5267994,-6.3029237,-0.13137415,16.812742
2750,95.18864659051575,-0.42764023,8.76823,-5.198252,-9.877696,-0.20183763,13.054658
2751,95.22326064382139,0.81827855,9.076419,-2.9027112,-9.6956625,0.4891438,13.101052
2752,95.25787469712704,1.1509023,9.871257,-2.7558455,-10.380186,1.8367516,15.444807
2753,95.29248875043268,0.6183427,9.8281555,-2.7899957,-10.37833,3.8696873,14.755002
2754,95.32710280373831,-1.6309576,7.5274873,-5.533036,-10.780189,1.4524862,16.423075
2755,95.36171685704396,-1.7216986,6.220293,-4.16598,-8.807653,0.98487324,13.718009
2756,95.3963309103496,-0.89094764,6.055126,-2.6197438,-6.7244086,-0.054602433,12.017069
2757,95.43094496365525,-1.6477677,5.326576,-2.8729672,-6.1941447,0.22186185,10.495726
2758,95.46555901696088,-0.47149345,5.373174,-3.7212005,-7.406494,0.20696291,12.30366
2759,95.50017307026653,-1.5800718,8.540187,-3.3835173,-7.965122,0.68779916,14.519758
2760,95.53478712357217,0.6344044,8.212585,-3.2028303,-8.818056,1.3177195,15.712986
2761,95.56940117687782,-0.6332246,7.004217,-3.7255294,-5.4735436,1.1785719,13.678237
2762,95.60401523018345,-3.3116786,5.0656714,-4.9134345,-7.9018984,0.39508072,11.1173115
2763,95.6386292834891,-2.058393,4.9371753,-3.5378377,-6.6746755,0.42389938,9.891666
2764,95.67324333679474,-1.6591399,1.8566164,-2.73885,-4.170624,2.1701756,2.9329324
2765,95.70785739010039,-2.0781834,7.4127526,-4.154221,-8.139831,0.2900345,13.877846
2766,95.74247144340602,-1.2264752,7.4198236,-4.7162976,-8.875139,0.9063364,14.421569
2767,95.77708549671166,-2.8989332,8.20056,-5.572676,-8.2815695,1.0097109,15.980422
2768,95.81169955001731,-0.8035897,6.432321,-6.996052,-11.657124,0.92299974,14.966901
2769,95.84631360332295,-0.43705866,6.0283937,-5.6462445,-9.526159,0.6685903,14.272429
2770,95.88092765662859,-0.20632115,6.1028304,-2.7378616,-5.906476,0.070418775,11.825522
2771,95.91554170993423,-3.0519104,3.9803655,-5.079543,-8.840842,0.1439505,11.380751
2772,95.95015576323988,-0.26599306,4.963598,-4.4921246,-7.9178605,-0.4103759,11.994317
2773,95.98476981654552,-1.0319179,6.167908,-5.9144692,-7.8803325,-0.058194295,11.958186
2774,96.01938386985115,-3.5179887,3.797122,-8.270159,-12.237801,0.9484311,13.776811
2775,96.0539979231568,-1.6944933,5.0845037,-4.3828793,-7.1418443,0.30923456,11.684327
2776,96.08861197646245,-1.8278356,5.0365763,-3.8959506,-6.9996147,0.40745252,12.826345
2777,96.12322602976809,-1.3386862,4.24205,-3.594065,-5.4921093,0.3196978,9.327229
2778,96.15784008307372,-1.0470753,3.987545,-5.4657845,-7.7028346,0.38990968,12.443186
2779,96.19245413637937,-1.7263018,4.811069,-6.2690067,-8.676835,0.56126994,12.149216
2780,96.22706818968501,-0.8194677,5.840063,-7.283231,-10.7921,0.20230505,14.320628
2781,96.26168224299066,-1.3927844,3.6863549,-7.467591,-10.559919,0.88817006,12.797231
2782,96.29629629629629,-2.5713093,5.0216117,-4.6884108,-7.7326093,0.8463027,11.383258
2783,96.33091034960194,-1.9772675,4.676483,-4.1941686,-7.5893254,0.800477,10.001198
2784,96.36552440290758,-0.8130923,5.560182,-3.5670447,-7.218096,1.187249,11.709481
2785,96.40013845621323,-0.3440345,5.011354,-4.513603,-8.116927,0.48792338,12.023858
2786,96.43475250951886,-0.6256519,7.6173096,-5.4361906,-10.0181265,1.6058593,15.914147
2787,96.4693665628245,0.6418919,7.3218393,-6.1344643,-11.97175,1.3355056,17.393322
2788,96.50398061613015,1.1982083,8.628185,-3.9276721,-10.989786,2.1206377,16.519548
2789,96.5385946694358,0.83553845,9.567231,-3.5195992,-11.655313,3.723913,18.76406
2790,96.57320872274143,0.95752245,9.618944,-3.8454878,-11.612218,4.9473586,17.483507
2791,96.60782277604707,-1.3675772,6.5837903,-4.3351197,-10.5408535,3.2696674,15.248554
2792,96.64243682935272,-1.5466673,5.837581,-3.420635,-8.298002,1.8139518,12.096194
2793,96.67705088265836,-0.29238844,6.13086,-2.5237863,-7.374297,2.2046325,12.652948
2794,96.711664935964,0.34131652,5.7392325,-2.3388803,-8.3363085,2.309069,13.008472
2795,96.74627898926964,-0.63533086,5.087692,-2.7261484,-6.041866,2.4301186,10.272147
2796,96.78089304257529,-0.97076565,4.6495047,-3.4484153,-6.306861,0.76374894,10.914751
2797,96.81550709588093,-1.4859693,4.786338,-3.245412,-6.8854976,3.4507732,9.807933
2798,96.85012114918656,-0.79422957,7.078557,-2.418892,-8.094395,0.8868793,10.591036
2799,96.88473520249221,-3.184769,7.970371,-2.4160557,-9.321965,6.3056026,12.609784
2800,96.91934925579785,-3.421041,6.4092402,-2.3383353,-5.419753,0.45248505,7.3522
2801,96.9539633091035,-1.2101598,7.4822474,-3.0153296,-9.585262,5.714068,14.851416
2802,96.98857736240913,1.3334162,7.9198394,-2.9862893,-10.274169,4.275508,15.177254
2803,97.02319141571478,1.4483835,6.295087,-4.9444003,-11.53736,4.2325664,14.611819
2804,97.05780546902042,-0.19211683,3.767003,-6.326835,-11.143593,3.6736333,11.1346655
2805,97.09241952232607,-0.4668548,6.0320797,-4.8436394,-9.875711,3.4498053,11.7482
2806,97.1270335756317,-0.062327676,5.726623,-5.4850774,-10.370606,3.6902778,12.95293
2807,97.16164762893735,1.7020762,7.2409587,-2.8580976,-9.664426,3.1251938,12.037605
2808,97.19626168224299,2.5342002,8.269686,-3.0624373,-10.3609085,3.860655,15.048357
2809,97.23087573554864,2.709396,7.446154,-2.316019,-10.090815,5.343227,15.735285
2810,97.26548978885427,0.21574306,6.469283,-4.801868,-12.044904,4.5349526,16.55117
2811,97.30010384215991,-1.5092415,5.8505816,-3.7992322,-9.852917,2.799591,14.130959
2812,97.33471789546556,-1.6888204,5.116727,-3.2579129,-8.319971,1.2821289,11.289315
2813,97.3693319487712,-0.8175762,5.316292,-2.6151621,-7.9723577,2.334405,12.61719
2814,97.40394600207685,-0.12661691,4.733706,-2.5321815,-9.135824,2.5403855,13.137285
2815,97.43856005538248,-0.70637816,6.470727,-2.2733712,-7.672409,0.39868027,11.927422
2816,97.47317410868813,-1.9869457,9.288552,-0.3399669,-6.52252,1.4779497,8.820833
2817,97.50778816199377,-0.93758875,5.248428,-2.3141472,-6.4400077,3.032366,9.821354
2818,97.54240221529942,-2.9507167,4.669131,-3.6003811,-7.2915773,1.4861637,9.671161
2819,97.57701626860505,-3.2754734,4.707778,-4.0898747,-8.017885,2.3502302,9.851877
2820,97.6116303219107,-3.8005486,5.5835257,-3.2875044,-4.9643598,0.46878883,8.283621
2821,97.64624437521634,-1.421346,7.293704,-2.7449129,-9.489024,5.655765,14.771194
2822,97.68085842852199,1.2669253,7.9815717,-2.877629,-10.57024,5.037862,16.200842
2823,97.71547248182762,2.0807192,6.352041,-4.408352,-11.0632305,5.6805344,13.72786
2824,97.75008653513326,0.26155066,2.2104719,-4.8901,-8.647255,5.3320746,7.988015
2825,97.78470058843891,0.113644995,6.137311,-3.9036665,-9.019831,4.152382,10.432733
2826,97.81931464174455,0.54478323,5.651668,-4.861488,-9.646972,4.801596,11.723158
2827,97.85392869505019,3.155654,7.073352,-3.2593112,-10.254052,3.5775247,10.319319
2828,97.88854274835583,1.5438707,5.4838,-5.4449444,-11.296283,3.2840357,11.442199
2829,97.92315680166148,1.238544,2.2936604,-5.2121696,-8.685874,1.9081061,7.4818707
2830,97.95777085496712,-1.8056414,7.0235667,-5.1800795,-10.528936,3.5265036,12.267708
2831,97.99238490827275,0.5875402,7.188498,-4.73258,-9.307206,1.7661448,11.666541
2832,98.0269989615784,3.7090771,13.179288,-1.8322277,-8.194933,2.5500073,10.18701
2833,98.06161301488405,-0.1742096,11.524514,-2.5240915,-7.4520164,0.94896716,11.398881
2834,98.09622706818969,-0.7168411,11.965715,-2.507607,-6.908886,0.59793115,12.518434
2835,98.13084112149532,-0.38280705,11.818729,-2.408379,-7.2219973,0.3737896,12.194993
2836,98.16545517480097,-1.4833359,9.837579,-3.726224,-6.5402436,0.9797056,12.007827
2837,98.20006922810661,0.78220016,8.149892,-3.221154,-7.5240564,0.720578,10.6357765
2838,98.23468328141226,-0.7719955,7.7703094,-3.7113223,-7.3001766,0.9289197,11.129914
2839,98.26929733471789,-0.8158355,9.690617,-3.7018435,-8.941896,2.5204625,14.083674
2840,98.30391138802354,1.5679027,6.914158,-6.0592217,-11.192533,1.1563277,11.815495
2841,98.33852544132918,-1.7517754,6.6108046,-5.5446897,-9.990151,0.60112166,13.434718
2842,98.37313949463483,-0.014925004,6.730637,-6.240124,-9.503705,0.8341538,13.080675
2843,98.40775354794046,1.1685529,8.7569685,-4.5643234,-8.728891,1.4379047,12.734659
2844,98.4423676012461,-1.2520077,6.685518,-6.2503424,-10.958796,0.57238835,13.538338
2845,98.47698165455175,-1.1943208,8.8867035,-3.562851,-8.074599,1.2101065,14.189605
2846,98.5115957078574,-0.084756255,8.898845,-3.2947881,-5.948043,2.4764087,11.065551
2847,98.54620976116303,0.65853524,9.04581,-2.1949418,-5.0977163,2.0754287,11.171394
2848,98.58082381446867,0.38262004,9.599724,-3.687515,-5.429582,2.6978617,11.003428
2849,98.61543786777432,-0.2560765,5.4540324,-6.4676576,-10.823856,-0.10862681,13.448175
2850,98.65005192107996,-2.5718355,7.28538,-5.448828,-10.090877,-0.48830807,14.172315
2851,98.6846659743856,-1.2270308,6.819326,-6.091405,-10.021425,0.2881203,14.210829
2852,98.71928002769124,-0.8240153,8.163544,-5.3230715,-10.018812,0.42815006,15.035596
2853,98.75389408099689,-3.2805283,6.9759274,-7.060023,-9.478792,0.29023048,14.07998
2854,98.78850813430253,-3.4178822,7.951094,-6.6749434,-9.807259,0.7108053,14.014461
2855,98.82312218760816,-1.4933698,8.569964,-5.294981,-8.079296,1.5506588,13.207363
2856,98.85773624091381,-2.6192589,8.32291,-5.252129,-8.157005,1.1190708,14.063848
2857,98.89235029421945,-0.89237136,5.1461434,-7.735641,-11.992388,1.8273762,14.63549
2858,98.9269643475251,0.009721859,7.0887065,-7.585893,-12.398404,2.9638817,14.117736
2859,98.96157840083073,-2.3697405,6.055805,-7.4814987,-11.895382,2.448781,14.686344
2860,98.99619245413638,-0.40310365,7.4440584,-7.208321,-11.607847,2.9596875,13.965261
2861,99.03080650744202,-1.2254069,7.0752997,-7.5512023,-12.157038,3.0291767,13.739272
2862,99.06542056074767,0.15032034,7.2056956,-6.390649,-12.073104,4.276649,13.974766
2863,99.1000346140533,-1.4083564,9.08136,-4.3297386,-10.389926,4.008439,13.295936
2864,99.13464866735895,-0.37796998,9.285058,-5.4327607,-11.224745,5.124542,13.869822
2865,99.16926272066459,-1.3062296,9.800827,-5.2893624,-11.677507,6.19904,14.20598
2866,99.20387677397024,-1.3873656,8.194183,-4.750102,-10.800444,4.5077953,15.042743
2867,99.23849082727587,-2.2314243,7.875334,-4.260334,-11.132863,5.839115,14.637264
2868,99.27310488058151,1.2624397,7.589588,-4.8923135,-11.072121,4.9494133,10.951778
2869,99.30771893388716,1.6295553,11.488637,-2.8313177,-8.985106,4.916826,11.865005
2870,99.3423329871928,0.7127992,11.411692,-1.7393993,-8.196295,3.4425232,11.75381
2871,99.37694704049844,1.8132204,11.674188,-0.9194917,-5.7750735,1.9974821,10.52404
2872,99.41156109380408,0.65388006,12.424118,-0.85580367,-6.4708204,2.0678263,12.460559
2873,99.44617514710973,1.0337057,13.61532,-1.6760811,-7.5961847,2.224694,13.688476
2874,99.48078920041537,1.3769202,12.384245,-2.144526,-6.388125,-0.4833847,13.55119
2875,99.515403253721,1.0609765,14.11824,-1.7421467,-7.738109,4.4639807,12.33082
2876,99.55001730702665,1.7960174,14.1754265,-0.057339154,-5.6339025,3.262918,8.252767
2877,99.5846313603323,0.9857735,12.035732,-1.7365888,-6.296764,3.009199,10.78327
2878,99.61924541363794,0.3876637,12.326865,-3.4576092,-6.7698097,2.47784,10.755126
2879,99.65385946694357,-0.5763255,10.312452,-3.01195,-7.4868464,3.675482,11.004637
2880,99.68847352024922,-1.0750691,11.886128,-1.8255587,-7.924503,4.692706,13.934486
2881,99.72308757355486,0.08887504,11.730021,-3.1366715,-7.565252,4.1259823,11.456009
2882,99.75770162686051,1.2260858,10.18325,-3.6301591,-7.259146,5.4075747,11.435839
2883,99.79231568016614,1.1090462,4.835769,-6.012577,-10.787883,5.2761855,9.001311
2884,99.82692973347179,2.0665636,10.20756,-3.323834,-8.982063,5.517769,11.454757
2885,99.86154378677743,1.8678038,11.393884,-1.1965489,-8.09135,5.1729374,11.338248
2886,99.89615784008308,1.8613099,7.336406,-1.862448,-6.7666216,10.545223,8.856854
2887,99.93077189338871,0.8622948,2.9060185,-5.2793064,-9.306793,8.130784,8.169214
2888,99.96538594669435,2.3182266,2.1135092,-0.64976907,-3.1007802,7.7705455,2.5609758
2889,100.0,-0.46244913,-0.34060374,-3.3354285,-4.7271276,3.4281394,2.0329895
