token_index,depth_percent,suite__L39,validator__L39,scorefile__L39,acquire__L39,report__L39,motivated__L39
0,0.0,0.2888938,2.304516,-1.6208256,-4.760986,1.7373952,4.035519
1,0.03532320734722713,0.5077661,0.9509961,-1.8321124,-3.7457752,1.9280518,3.3603926
2,0.07064641469445426,-0.9261012,6.121968,-2.3156781,-7.0497723,1.6381142,10.091423
3,0.10596962204168138,0.01064391,0.828293,-2.5370307,-3.014749,3.3235376,5.0583158
4,0.14129282938890853,-0.27900884,0.22849521,-3.253686,-4.402053,2.23729,7.6520987
5,0.17661603673613563,-2.6606622,3.2959297,-3.9741106,-7.912916,1.8556445,9.771199
6,0.21193924408336276,-0.12835373,0.6449599,-2.0526662,-3.4113607,1.2354785,2.702474
7,0.2472624514305899,1.7023695,-2.2285488,-0.110622525,-2.260416,1.2539078,0.47642332
8,0.28258565877781705,0.29935375,5.6101184,-0.9384701,-3.0104682,2.0968342,6.071854
9,0.31790886612504415,-3.2257397,4.6746335,-2.4605782,-7.9894032,2.0987613,6.957688
10,0.35323207347227126,-3.3255606,4.4724727,-2.8115366,-7.7541127,0.5543191,9.728333
11,0.3885552808194984,-4.562569,5.891533,-4.7247224,-7.2979546,-0.19979712,7.9272995
12,0.4238784881667255,0.5445616,4.694858,-1.6007516,-4.73159,2.028022,4.9919558
13,0.4592016955139527,1.3056887,5.891309,-3.825725,-5.9158874,2.468383,7.676478
14,0.4945249028611798,0.31040594,5.950427,-5.469094,-7.210516,2.8893528,9.749695
15,0.5298481102084069,0.62678176,-2.0861719,-2.8511555,-3.9452808,1.6168046,1.618263
16,0.5651713175556341,-0.28114283,-0.51385474,-2.328617,-4.1136904,1.9706146,1.1442455
17,0.6004945249028611,-2.0355468,-0.6850582,-2.6702492,-4.014568,1.4050541,1.8459002
18,0.6358177322500883,0.13308431,3.2791617,-5.370771,-8.843036,1.3098028,10.386074
19,0.6711409395973155,-0.7440572,5.4557533,-5.6332717,-8.390121,0.67334193,11.649339
20,0.7064641469445425,-1.7416605,3.7935703,-6.9893928,-11.586565,1.6100374,12.770262
21,0.7417873542917697,-3.9163847,4.8478136,-5.175152,-11.478482,2.7327394,11.966148
22,0.7771105616389968,-4.1100206,5.4872584,-3.686499,-9.222104,1.7682043,10.430208
23,0.812433768986224,-4.3473372,4.9380655,-3.6826093,-4.9694853,-1.8484359,6.990695
24,0.847756976333451,-5.3974347,6.153586,-4.940066,-8.275639,1.810541,11.102314
25,0.8830801836806782,-4.8819475,5.9266753,-3.1856728,-8.705248,2.0967798,11.610384
26,0.9184033910279054,-3.2636147,7.234557,-1.6393287,-7.359939,4.1517253,12.234438
27,0.9537265983751325,-4.385544,4.493869,-3.7902293,-6.2500505,-0.5532642,7.397258
28,0.9890498057223596,-4.299685,6.484068,-3.671581,-8.442889,4.3513045,12.457149
29,1.0243730130695867,-4.260986,4.336671,-3.8449988,-6.451614,1.470248,9.631876
30,1.0596962204168139,-2.947628,6.368294,-5.0365787,-8.019697,4.1137357,9.813594
31,1.095019427764041,-6.7135544,1.3143357,-6.0080323,-8.8976145,0.9176562,7.114784
32,1.1303426351112682,-5.5520587,1.9333715,-3.7489104,-3.4147143,-0.5310483,4.415889
33,1.1656658424584951,-5.3864875,4.653325,-4.4821095,-8.1384,2.679963,9.034708
34,1.2009890498057223,-3.274033,3.2160187,-1.9851737,-6.5992203,3.3315418,8.42652
35,1.2363122571529495,-4.5767746,2.6951618,-3.416243,-6.7953873,1.6672505,8.606959
36,1.2716354645001766,-3.9628563,4.115678,-3.6033065,-6.399268,0.004095245,9.130754
37,1.3069586718474038,-4.6639338,2.0618682,-4.766275,-4.1617537,-1.2568626,4.3852363
38,1.342281879194631,-2.8700256,4.7890058,-4.5437355,-7.7661324,4.304484,10.524342
39,1.377605086541858,-3.0380094,4.667309,-4.9418645,-9.125191,2.2432218,10.463702
40,1.412928293889085,-0.600915,4.932463,-5.3415504,-9.524641,0.86148447,10.074324
41,1.4482515012363122,-3.1964903,3.9992287,-3.8693998,-5.527884,-0.063441396,8.05617
42,1.4835747085835393,-0.6684106,6.1272597,-4.55966,-7.746678,0.8178852,11.566173
43,1.5188979159307665,0.7896117,7.912594,-4.8207226,-7.545671,1.6577398,10.496289
44,1.5542211232779937,0.027720504,6.793546,-3.93929,-9.001463,1.7137738,11.789634
45,1.5895443306252208,0.13809387,4.0619397,-5.4387007,-7.5905037,1.1539955,8.627853
46,1.624867537972448,-1.4835762,5.110606,-3.6975632,-6.5834236,0.8357071,8.498344
47,1.660190745319675,-0.27747196,7.0561,-5.1770215,-8.572927,1.3976189,11.339297
48,1.695513952666902,-1.9228878,7.0261593,-5.47462,-8.453405,2.7211196,9.593345
49,1.7308371600141292,-2.1861937,6.417174,-6.490408,-5.6196747,0.6776275,9.8375845
50,1.7661603673613564,-3.7734337,7.0836415,-5.598426,-7.3888173,1.1597092,10.587723
51,1.8014835747085836,-3.3052044,5.672025,-6.6379232,-8.275499,0.83949524,10.718114
52,1.8368067820558107,-3.0544455,5.41442,-5.798441,-7.6044545,-0.1279925,10.117104
53,1.8721299894030379,-3.7703485,7.680125,-5.4098406,-6.8807845,0.5425812,11.94381
54,1.907453196750265,-5.331738,6.3497577,-6.1224585,-8.281773,0.784707,11.615458
55,1.942776404097492,-4.304187,5.514858,-4.8489714,-6.5318203,1.3469652,10.164428
56,1.9780996114447191,-2.2267437,6.3261237,-3.9984586,-5.289977,0.76910144,10.718844
57,2.0134228187919465,-3.172062,7.5782332,-3.7633927,-4.9758687,1.7454625,11.04062
58,2.0487460261391734,-2.4716856,5.6907344,-3.4397414,-6.022813,3.5458288,9.869612
59,2.0840692334864004,-2.991364,4.226939,-2.8217924,-7.6714168,1.4446261,8.437033
60,2.1193924408336278,-0.9113724,5.8655624,-5.4807653,-10.735042,2.1581783,11.4447975
61,2.1547156481808547,-2.5493522,5.015027,-3.3365505,-5.1052723,-0.4926003,8.589072
62,2.190038855528082,-0.7277816,7.5239344,-3.2762737,-9.450837,1.6176378,12.92712
63,2.225362062875309,1.2840056,6.560176,-0.32279444,-5.0552354,1.3151538,9.106527
64,2.2606852702225364,1.2791921,6.9598193,0.50874215,-5.246685,1.8284802,11.419376
65,2.2960084775697633,1.750807,7.8208733,0.91796744,-5.372353,1.7717777,11.743458
66,2.3313316849169903,-0.12132424,4.9857535,-3.7669234,-9.792902,2.47742,14.247256
67,2.3666548922642177,-4.0375223,5.458887,-2.787704,-7.109842,0.93049014,10.085533
68,2.4019780996114446,-2.5714033,2.9500856,-2.281678,-4.4412837,-0.1605113,6.1469893
69,2.437301306958672,-2.3090189,5.767005,-0.58471304,-6.450382,0.9254223,12.60745
70,2.472624514305899,-0.8052997,7.3850236,0.83778065,-5.071875,2.22009,9.531154
71,2.5079477216531263,-0.70253056,7.437398,0.9535716,-5.361315,2.4658852,6.041194
72,2.5432709290003532,-2.0969415,5.530544,-0.91839117,-5.9055424,2.7177827,9.426324
73,2.57859413634758,-2.535105,5.8861594,-3.483421,-6.8546357,2.2593849,11.150476
74,2.6139173436948075,2.4590335,8.892525,-1.9605476,-8.563275,2.869977,13.408691
75,2.6492405510420345,2.3428402,12.208929,-0.939043,-8.324941,3.8117588,15.893314
76,2.684563758389262,-0.41474625,9.008258,-2.2086186,-8.784607,4.0027633,14.194532
77,2.719886965736489,-2.7339158,9.214411,-3.359094,-9.326478,3.1167204,16.76564
78,2.755210173083716,-0.725869,9.108029,-2.2799482,-7.6353836,2.063125,14.306446
79,2.790533380430943,-1.4672803,6.8171115,-3.7363114,-8.304151,3.1328433,14.464503
80,2.82585658777817,-3.1607556,5.045844,-3.2570617,-7.375974,1.0013019,9.028724
81,2.8611797951253974,-3.035915,2.9061265,-1.7151828,-5.127818,0.6006375,6.2488146
82,2.8965030024726244,-2.225911,7.340087,0.34799764,-4.318679,1.8204095,12.023222
83,2.9318262098198518,-2.185383,5.5169606,-1.7875775,-6.9423585,1.9148277,11.739959
84,2.9671494171670787,-1.3553426,6.939895,-0.49204296,-4.0436716,2.7770116,3.2179098
85,3.002472624514306,-0.81652296,6.1823025,-1.1017957,-6.4147735,2.8871226,10.998645
86,3.037795831861533,-0.42101157,8.402119,-1.1460207,-6.7109694,3.0911365,13.305271
87,3.07311903920876,1.8576964,10.599084,-0.46308184,-9.399888,5.227599,12.74183
88,3.1084422465559873,3.0218325,10.0936985,-2.1891613,-8.367858,4.698747,12.383832
89,3.1437654539032143,3.1908376,10.2318325,0.4647342,-8.438523,5.548958,13.044149
90,3.1790886612504416,1.042414,6.7248497,-2.6826706,-7.5311823,3.8879325,9.881617
91,3.2144118685976686,3.082405,11.289042,2.6018407,-4.829934,4.5391483,10.930564
92,3.249735075944896,3.2369487,10.569802,2.9140482,-5.0999837,4.608138,14.5628605
93,3.285058283292123,1.2382219,7.259768,-3.5023198,-9.925253,2.746572,11.5027075
94,3.32038149063935,-1.3307395,7.0205317,-1.7639977,-7.5895395,0.37644026,8.659453
95,3.3557046979865772,-0.111595705,7.963997,-5.1879215,-10.777543,2.512482,11.445616
96,3.391027905333804,-1.429293,8.649001,-5.311667,-13.0751505,4.232861,12.29182
97,3.4263511126810315,-0.50586694,9.077129,-2.9462543,-10.419697,2.7622268,12.20859
98,3.4616743200282585,-2.9649155,7.1709485,-2.3431277,-10.991656,4.2766685,15.010859
99,3.496997527375486,0.19654164,7.276999,-3.0945072,-8.764891,3.3056462,10.470507
100,3.532320734722713,1.0140829,7.797559,-3.7326255,-8.40707,1.1897308,13.445056
101,3.5676439420699397,-2.237728,3.9088683,-2.8306868,-6.0856867,0.2626167,9.272676
102,3.602967149417167,1.2594705,8.539504,-2.2949336,-7.074323,2.6047204,15.289815
103,3.638290356764394,-1.2214636,6.524537,-4.1340795,-10.761445,2.6845036,11.972569
104,3.6736135641116214,1.480255,6.5915933,-3.925456,-9.413533,2.5480444,9.346985
105,3.7089367714588484,-1.4987909,5.5012293,-2.2439048,-5.1950955,0.06559524,7.6054606
106,3.7442599788060758,0.8252319,7.5314693,-4.29922,-9.249348,2.5655334,9.747692
107,3.7795831861533027,3.5159376,8.614335,-2.7308831,-8.172422,4.5623903,9.486448
108,3.81490639350053,-1.158089,6.170934,-4.7412457,-9.332162,3.4915848,12.094828
109,3.850229600847757,1.9060469,7.226956,-3.5852811,-6.5924807,2.610397,9.589426
110,3.885552808194984,2.3557482,8.35841,-3.103379,-5.927868,2.9495218,9.557714
111,3.9208760155422113,0.1036656,5.265391,-3.9300663,-8.504814,4.2022715,7.5732737
112,3.9561992228894383,0.23211984,5.8875995,-1.8417579,-7.094799,3.0859847,6.6394672
113,3.9915224302366656,0.37969655,6.53004,-4.1920657,-8.413923,1.6713423,10.15546
114,4.026845637583893,0.019585159,6.2876487,-2.9350166,-6.5227537,0.6649313,8.365286
115,4.0621688449311195,1.2649852,11.851626,-1.1138407,-9.037697,2.8348296,12.397655
116,4.097492052278347,-1.538086,8.161867,-3.3262057,-11.271333,2.1265645,13.367168
117,4.132815259625574,-0.47517914,11.567687,-2.020868,-10.49732,5.2951202,14.3467655
118,4.168138466972801,-3.3705087,7.637857,-3.022406,-9.408321,2.0129547,14.03329
119,4.203461674320028,-1.3409644,9.609134,-1.6544951,-9.299615,3.661816,16.752428
120,4.2387848816672555,-2.1172624,12.202844,-1.581114,-8.503462,3.7361777,15.426639
121,4.274108089014483,-2.2433515,11.438547,-1.1350746,-7.180437,2.4553552,11.832772
122,4.309431296361709,-3.3850613,5.828338,-2.8591502,-4.241773,-0.7588349,7.232683
123,4.344754503708937,-4.0070825,8.866588,-3.3039746,-9.023206,2.5222695,14.784882
124,4.380077711056164,-3.3264897,4.4129586,-3.207925,-6.9310665,0.7452995,10.420893
125,4.415400918403391,-3.3024223,8.085566,-2.7190924,-9.384349,3.2372408,16.429998
126,4.450724125750618,0.37567818,7.7810864,-2.0454357,-8.814174,2.5876763,10.808471
127,4.486047333097845,-1.1083274,0.16491586,-2.8825884,-5.106794,1.332055,2.8475263
128,4.521370540445073,-1.4944404,2.1764846,-4.369814,-9.089531,-0.0077463635,8.9072895
129,4.556693747792299,-3.1811156,4.994658,-3.5302103,-8.365191,0.36773223,10.687866
130,4.592016955139527,-2.5533576,3.9059217,-3.4543402,-7.9790554,1.2230612,9.388475
131,4.627340162486754,-2.768647,3.9306924,-3.6594317,-8.37724,0.37342644,9.877486
132,4.6626633698339806,1.1148484,7.8862877,-2.1968296,-4.9769483,-0.5700429,10.232945
133,4.697986577181208,-1.7473829,4.3705277,-2.0245283,-4.4377756,0.36221108,6.5719056
134,4.733309784528435,-2.0386364,6.8600354,-4.361227,-5.625295,-0.22724053,11.927204
135,4.768632991875663,-1.4653813,7.111605,-3.4053798,-4.922701,-0.3235554,12.358362
136,4.803956199222889,-3.5730746,4.6148167,-4.4301624,-8.103648,-0.26078445,10.525212
137,4.839279406570117,-2.3755243,2.156656,-5.710745,-8.873416,-0.51312137,10.188927
138,4.874602613917344,-1.5805336,3.2490866,-3.0130718,-6.8691316,0.6697907,8.479924
139,4.9099258212645704,-2.0680082,2.9266427,-5.449084,-9.579174,-0.018035632,11.35767
140,4.945249028611798,-0.79139405,4.059623,-3.6937954,-6.7463555,1.6307758,9.495057
141,4.980572235959025,-1.1713138,4.606608,-3.9283917,-5.8650703,1.6087421,9.915321
142,5.015895443306253,-5.0694156,3.5320656,-5.515455,-8.975889,1.587969,9.2497
143,5.051218650653479,-4.2410736,3.078735,-2.5257301,-5.7274656,0.7749038,6.6716385
144,5.0865418580007065,-2.892296,5.1604147,-3.6438265,-7.9803753,1.4978766,11.770753
145,5.121865065347934,-0.8231942,3.1492133,-3.885643,-9.063249,-1.1080469,11.507696
146,5.15718827269516,-2.377669,5.5276446,-3.5587249,-7.226412,-0.36447898,10.7191305
147,5.192511480042388,-3.1255338,5.933319,-5.437996,-9.719812,-0.7351909,13.017558
148,5.227834687389615,-3.8770235,6.5147696,-4.5590525,-7.8818436,-0.47526264,11.75816
149,5.2631578947368425,-1.4633466,5.783623,-2.9469492,-4.946372,-0.13477165,9.443832
150,5.298481102084069,-4.6465034,6.6038747,-5.2329006,-8.541955,1.6560678,12.420086
151,5.333804309431296,-3.6826353,5.4208226,-5.1661196,-7.593757,1.6813654,11.689543
152,5.369127516778524,-4.584116,6.2268295,-5.588602,-8.973538,1.087721,11.371245
153,5.40445072412575,-3.118034,7.1911488,-4.2600813,-7.66431,1.0041344,12.934729
154,5.439773931472978,-2.7841837,7.694127,-4.075816,-7.5862513,0.070079535,12.48117
155,5.475097138820205,-2.7969158,9.300647,-4.470125,-5.7792263,-2.3446298,13.01338
156,5.510420346167432,-3.870428,7.4622245,-3.9738393,-5.453835,-1.0473748,11.073385
157,5.545743553514659,-3.9598129,5.5479465,-5.369606,-5.7206244,0.09903017,10.705601
158,5.581066760861886,-2.606997,4.5746717,-5.282161,-5.69757,-0.44024733,10.54412
159,5.616389968209114,-0.95420694,6.9758954,-3.3982868,-1.6467612,0.42942637,9.278486
160,5.65171317555634,-1.3200996,6.040475,-4.7050247,-2.836837,-0.032688383,11.0580845
161,5.6870363829035675,-3.0014393,7.1414647,-4.5536036,-5.1598864,-0.8838978,12.945692
162,5.722359590250795,-1.8418688,9.523457,-2.4285948,-3.569033,-0.7883393,9.857033
163,5.757682797598022,-2.0875282,8.303169,-2.3670266,-2.9589946,-0.3708446,10.438613
164,5.793006004945249,-1.5072647,8.920081,-2.9937081,-3.6691701,0.18768585,11.087242
165,5.828329212292476,-2.0651019,9.222183,-2.2971704,-2.6302001,0.086043224,12.060513
166,5.8636524196397035,-2.5332005,10.928897,-3.6090922,-2.624412,-0.61910427,12.632017
167,5.89897562698693,-3.355708,9.335861,-4.862355,-5.163561,-0.59939146,12.435612
168,5.934298834334157,-2.6793354,5.6925607,-4.747819,-8.003029,-1.4633795,11.1491165
169,5.969622041681385,-2.3797405,5.09244,-5.420589,-10.183509,0.20947663,12.75519
170,6.004945249028612,-3.3390129,4.1959386,-4.5267334,-5.7387695,-0.7228102,8.324307
171,6.040268456375839,-1.911275,7.193021,-3.5943615,-7.4684086,0.20089732,11.832042
172,6.075591663723066,-1.1973425,8.702965,-4.1881685,-7.138556,1.1484711,13.303261
173,6.110914871070293,-2.4452777,7.153733,-5.549794,-7.2017226,0.54723006,12.536621
174,6.14623807841752,-2.3184032,6.678554,-5.1215987,-7.1670647,1.8788044,11.383244
175,6.181561285764747,-2.224315,8.347173,-4.8051267,-8.0677185,1.4710038,11.862465
176,6.216884493111975,-1.0864284,8.751507,-3.4764292,-7.639322,1.4576526,13.922525
177,6.252207700459202,-1.0053833,5.0043426,-5.1141887,-9.132191,0.36012977,11.732985
178,6.2875309078064285,-2.669492,5.9098754,-4.807037,-9.685935,1.6893119,12.111764
179,6.322854115153656,-1.230184,6.625507,-4.5625725,-8.349531,0.6376119,12.871506
180,6.358177322500883,-1.9558349,8.937894,-5.2583327,-8.825393,3.1241403,12.868722
181,6.39350052984811,-3.655829,8.685386,-5.317958,-10.05445,4.5121775,13.668023
182,6.428823737195337,-3.7034142,4.504871,-7.1115947,-11.667864,2.5948272,12.081389
183,6.4641469445425646,-2.105391,5.2492175,-5.623445,-8.422915,0.98760444,10.346345
184,6.499470151889792,-2.618634,5.8295684,-5.497593,-9.7399645,0.8187909,11.882346
185,6.534793359237018,-2.658963,4.9302197,-4.907771,-8.176101,0.3286797,10.445768
186,6.570116566584246,-4.2763524,3.576643,-6.63807,-11.833681,1.4322625,12.116426
187,6.605439773931473,-3.3916087,6.528202,-5.9693737,-9.226006,0.9938371,12.195372
188,6.6407629812787,-3.3575585,6.537123,-6.272101,-8.939857,1.6800236,13.263422
189,6.676086188625927,-4.998703,4.608014,-6.175549,-8.0907755,1.3021696,11.633045
190,6.7114093959731544,-4.2675834,5.5974092,-7.3850684,-8.594685,2.6762874,10.82948
191,6.746732603320382,-4.072917,5.990549,-2.9261618,-5.158662,0.33495906,7.433777
192,6.782055810667608,-4.690127,4.080439,-4.7616167,-9.210671,2.4872155,12.597884
193,6.817379018014836,-3.0192082,4.910176,-4.88502,-11.18457,2.0037737,12.764208
194,6.852702225362063,-2.8621695,2.1378696,-5.8371477,-10.494031,0.6747139,8.777788
195,6.88802543270929,-1.5296135,2.51653,-5.3644166,-9.772462,0.43394786,10.700796
196,6.923348640056517,-2.6852047,5.5089087,-2.627539,-8.29716,0.40012658,12.331941
197,6.958671847403744,-1.8212782,2.9264605,-1.1406317,-4.79389,-0.43468934,6.038264
198,6.993995054750972,-1.5032185,4.4185348,-3.4181366,-7.777541,0.7013311,10.498397
199,7.029318262098198,3.0409427,5.4286766,-2.2768414,-4.700143,1.4831812,8.476054
200,7.064641469445426,0.7863378,7.133539,-2.8714075,-3.175585,2.1237822,9.821438
201,7.099964676792653,-0.000854586,7.2973127,-3.4236856,-6.390896,1.2220174,13.670274
202,7.1352878841398795,-0.7947422,6.000058,-4.5337315,-6.5145845,1.0995895,12.32368
203,7.170611091487107,-2.485282,5.6883802,-5.9556055,-8.589123,0.34118325,10.767727
204,7.205934298834334,-4.5605636,4.009918,-6.1837416,-8.2948265,0.22485793,9.564049
205,7.241257506181562,-0.91235703,5.055772,-4.2635202,-8.712868,1.7659099,12.259718
206,7.276580713528788,-1.2655607,3.0182724,-1.2354782,-4.689731,-0.5223076,7.1120687
207,7.3119039208760155,-1.5745747,2.3847563,-5.7030764,-10.475583,0.92517143,10.828263
208,7.347227128223243,-0.9624367,3.4499025,-1.5497811,-5.0924115,-0.8543167,7.750477
209,7.382550335570469,-1.8060122,2.6801474,-5.283191,-9.175955,0.17255998,10.372503
210,7.417873542917697,0.73709446,5.3293257,-1.9642837,-6.160202,1.5783396,6.9773507
211,7.453196750264924,0.11473856,5.6221395,-3.3180919,-6.817586,0.103823744,11.265411
212,7.4885199576121515,1.3846077,7.6901317,-0.6429479,-2.2946248,2.931619,7.9984527
213,7.523843164959378,-1.0254662,4.4550014,-0.48668122,-3.0247388,0.113832414,7.358251
214,7.559166372306605,-0.85255456,6.7665644,-2.5093641,-5.279634,2.1860716,12.745283
215,7.594489579653833,0.36392397,9.344411,-1.6206203,-3.9359996,2.1058426,11.041234
216,7.62981278700106,1.1180174,7.578055,-1.6458772,-3.620215,0.9020349,10.930369
217,7.665135994348287,-0.44659358,6.8369036,-2.8551922,-4.356674,0.8597973,14.2266035
218,7.700459201695514,0.46768358,5.612571,-3.7867854,-6.4983892,0.7522019,9.352481
219,7.735782409042741,0.11688859,5.061796,-3.3507233,-4.827742,1.5235673,8.135272
220,7.771105616389968,-0.39455315,5.322019,-3.1919618,-3.9232585,1.2218457,9.461246
221,7.806428823737195,-0.71356773,7.644754,-1.8299526,-4.8726816,0.5086164,9.270003
222,7.841752031084423,-0.094697945,6.627045,-3.42396,-4.430792,1.3937033,10.3061
223,7.87707523843165,-0.75425065,4.8723173,-3.6309495,-4.4171443,0.90996987,8.3125305
224,7.9123984457788765,-0.8353647,4.7650986,-1.8643163,-3.6686544,0.42681694,6.0675383
225,7.947721653126104,-2.5200636,5.468801,-2.4917142,-5.0692315,1.2017816,7.3436575
226,7.983044860473331,-3.1390388,4.8986554,-1.5969098,-4.027156,0.89510417,7.1072774
227,8.018368067820559,-0.8124526,5.656443,-0.782387,-3.9171567,0.92476624,7.3050404
228,8.053691275167786,-1.3305128,4.128604,-2.2438724,-5.194715,0.43992963,8.264386
229,8.089014482515012,-0.36739653,4.326597,-2.836132,-4.2473717,1.1718103,7.1401563
230,8.124337689862239,0.98237526,4.5268297,-0.7073672,-1.3773711,0.58994275,4.3554726
231,8.159660897209466,0.43319908,5.707837,-1.5559478,-2.7229447,0.061892033,5.986036
232,8.194984104556694,-0.9132889,6.170456,-0.70141757,-2.5903745,-0.5248547,7.4687843
233,8.230307311903921,-0.4374535,5.7581515,-2.485034,-3.4221344,1.891237,7.9931974
234,8.265630519251149,-1.5020537,5.5881643,-3.6798604,-6.3712296,1.9589181,10.199892
235,8.300953726598376,-2.3213665,2.481666,-4.7318187,-8.203081,0.1287622,11.788826
236,8.336276933945602,-2.1832268,2.4901817,-6.560065,-9.451588,0.6856008,10.008593
237,8.371600141292829,-2.0516865,3.2196028,-2.2260783,-4.717461,-0.35794166,7.6476707
238,8.406923348640056,-1.4222705,3.9280462,-5.1946583,-7.717345,-0.16973935,11.722702
239,8.442246555987284,0.7829064,4.994773,-3.3324876,-4.529127,-0.8494525,8.987986
240,8.477569763334511,-4.4200873,2.5669897,-6.0223365,-8.470334,0.17899913,8.58139
241,8.512892970681738,-1.701577,5.767573,-3.863791,-5.914279,-0.6636194,11.042373
242,8.548216178028966,-1.5754995,6.257442,-4.291667,-7.1542377,0.11293437,13.084089
243,8.583539385376191,-0.5942132,7.2247124,-2.6304393,-4.9110875,-2.2145064,12.489038
244,8.618862592723419,-0.48174185,8.479832,-1.1790694,-4.7298965,-4.0212836,14.318078
245,8.654185800070646,-0.021326214,7.6826253,-2.1502535,-5.797602,-2.6293502,14.357606
246,8.689509007417874,-0.58987063,5.5306664,-4.697401,-7.068653,-2.4366133,12.2041645
247,8.724832214765101,-1.4212393,5.429759,-5.9685855,-8.744318,-1.4238125,12.98796
248,8.760155422112328,-0.4082805,4.8141284,-1.1932449,-3.8818247,-1.0485315,8.323548
249,8.795478629459556,-1.3684069,4.552414,-3.827625,-5.8056574,-0.6789506,10.461502
250,8.830801836806781,-1.62642,5.02734,-4.846029,-7.1403084,1.2564968,12.403631
251,8.866125044154009,-1.3073429,6.8725324,-4.261706,-5.785206,-0.29492834,14.894489
252,8.901448251501236,-1.0439439,5.535548,-3.673391,-4.9269114,0.89748377,10.849044
253,8.936771458848463,-1.4356034,4.1994395,-1.284564,-4.17346,-0.2448698,7.3855443
254,8.97209466619569,-0.82391495,4.938787,-2.3908079,-3.74049,1.6711156,8.20029
255,9.007417873542918,-0.9377813,5.009411,-0.7484605,-3.1118076,-1.3770381,7.229491
256,9.042741080890146,1.3770282,6.6339808,-1.7961928,-3.0717318,1.0937641,7.9384923
257,9.078064288237371,-1.5472801,5.361345,-4.0519176,-6.299158,1.8715286,9.543439
258,9.113387495584599,-1.9703069,6.2547083,-5.216506,-7.6558475,-0.8172405,14.648942
259,9.148710702931826,-1.1904527,6.2574506,-4.3734703,-7.041603,-1.2182473,14.591911
260,9.184033910279053,-2.2289674,2.6761615,-3.9865155,-8.134855,1.1555218,12.160658
261,9.21935711762628,-1.6355677,4.8388157,-1.9916054,-5.6452875,0.3089326,9.0146475
262,9.254680324973508,-2.7659376,4.3881836,-1.5614027,-3.589796,0.38438392,7.9147363
263,9.290003532320736,-1.7229611,3.922968,-1.5758828,-4.6212554,-0.06727085,8.910717
264,9.325326739667961,-0.93749404,4.666616,-1.4723563,-4.3015194,0.14732824,8.874464
265,9.360649947015188,-2.7827587,3.3958774,-3.4108818,-6.972937,1.4277903,9.548992
266,9.395973154362416,-3.0354571,4.217279,-2.6895456,-3.548005,0.36727506,7.042652
267,9.431296361709643,-2.3173885,4.7810364,-1.7351251,-4.676846,1.6182435,9.373621
268,9.46661956905687,-1.8127624,4.066096,-1.6619642,-4.360531,0.7112574,8.832941
269,9.501942776404098,0.15063325,5.8820057,-2.9737473,-5.5181017,1.2192765,13.37106
270,9.537265983751325,-0.64286035,5.7707176,-1.9016745,-3.874921,-0.38682798,9.319973
271,9.572589191098551,-3.9150896,5.6278415,-4.189201,-5.823095,-0.60682213,7.7846007
272,9.607912398445778,-1.6923876,5.0471835,-1.8710203,-4.00752,0.6593358,9.017854
273,9.643235605793006,-0.37686178,5.581159,-2.0970988,-4.65386,1.0271766,11.301821
274,9.678558813140233,-1.330075,4.3474417,-0.39604628,-3.7177668,1.847575,6.5324445
275,9.71388202048746,-2.490077,1.3180372,-3.144835,-4.845078,1.5783603,3.4216638
276,9.749205227834688,-1.8079274,5.3819995,-2.7828143,-5.553388,1.8727925,11.446261
277,9.784528435181915,-1.8878134,4.277098,-3.320872,-6.9100924,0.61409247,10.266796
278,9.819851642529141,0.13112053,5.5876813,-4.032241,-5.534908,0.5827807,11.669806
279,9.855174849876368,-3.4733856,4.472597,-4.6742916,-6.395083,1.7725908,9.993484
280,9.890498057223596,-2.3764396,5.0282063,-1.0422461,-3.2388854,0.86523604,5.9806323
281,9.925821264570823,-1.8807836,4.863268,-4.13224,-5.785955,2.236545,11.637198
282,9.96114447191805,-1.4481394,4.874429,-4.668421,-9.528738,1.0300235,14.023159
283,9.996467679265278,-1.4583422,4.974291,-5.189448,-10.567352,1.0841959,12.994002
284,10.031790886612505,-0.9342244,4.716352,-1.7168754,-5.530985,1.7504586,7.774378
285,10.06711409395973,-0.7759149,5.451038,-3.7255294,-7.6228495,1.1184751,11.707101
286,10.102437301306958,0.66265106,6.8164268,-1.41903,-4.653147,1.4793732,9.834555
287,10.137760508654186,1.0240399,5.7042003,-2.5433185,-3.8961594,1.4903544,9.398856
288,10.173083716001413,1.3386177,7.2661786,-2.343418,-5.0442853,1.3064715,13.133135
289,10.20840692334864,0.59018767,7.5148525,-2.6449208,-5.4533386,-0.18233708,13.184407
290,10.243730130695868,0.35884792,8.698455,-2.4603212,-5.0821896,-0.9006734,14.716819
291,10.279053338043095,0.1350626,7.979592,-1.76882,-5.636804,-1.5405037,15.273161
292,10.31437654539032,-0.10429282,7.761391,-2.6408918,-6.1623907,0.27272767,13.318585
293,10.349699752737548,1.0345668,6.568249,-3.591424,-6.1331186,0.6131635,14.607459
294,10.385022960084775,0.26656815,5.7222853,-1.7807626,-4.510137,1.2074367,9.157662
295,10.420346167432003,-0.464495,4.874994,-1.6976446,-4.379279,1.3676949,7.6546
296,10.45566937477923,0.79440457,5.6927986,-0.9422228,-4.1945567,1.3699824,9.561099
297,10.490992582126458,-3.356331,4.2801204,-3.9294307,-5.0762916,0.22350948,6.9045863
298,10.526315789473685,0.959101,7.3051786,-1.4620492,-3.9187808,1.7715015,10.3357935
299,10.56163899682091,0.39291143,6.5629916,-2.738834,-5.315643,1.5016329,10.184288
300,10.596962204168138,0.4498811,6.3093824,-2.427128,-4.1414313,1.454244,11.521348
301,10.632285411515365,-4.490098,6.797771,-3.7967124,-7.049646,0.9621068,9.002143
302,10.667608618862593,-0.05285456,6.4256706,-0.8112542,-4.1264586,2.2705045,10.159278
303,10.70293182620982,-4.0746374,3.6894464,-3.5128996,-4.313472,0.57497597,6.365846
304,10.738255033557047,0.086975716,7.729076,-1.703107,-4.456899,2.2885013,12.095225
305,10.773578240904275,-0.76034176,6.73802,-3.4382555,-6.6768312,1.2863829,11.630735
306,10.8089014482515,2.3365972,6.719348,-2.8848586,-7.2253013,0.282876,14.103813
307,10.844224655598728,1.1317534,10.146682,-3.183675,-7.3885856,0.21497086,11.990245
308,10.879547862945955,-0.34364125,9.920466,-3.521775,-7.172327,0.4176308,10.836491
309,10.914871070293183,-2.6714303,10.885109,-4.4673877,-9.60841,2.7579162,12.576913
310,10.95019427764041,-0.44241732,8.566441,-4.599617,-8.747297,3.1399698,9.752179
311,10.985517484987637,-2.5475826,8.0838585,-4.7291765,-8.856223,3.23008,9.316086
312,11.020840692334865,-0.94454825,8.039041,-3.1760755,-7.471727,3.3341546,8.268824
313,11.05616389968209,-2.278026,8.8150215,-3.9905348,-8.063126,2.951247,10.19808
314,11.091487107029318,-2.4615881,5.945337,-3.7513978,-6.5855174,3.484053,7.60348
315,11.126810314376545,-0.5346379,5.24547,-1.7829814,-4.079839,1.2856392,6.6077437
316,11.162133521723772,-2.0077672,8.66753,-3.5593753,-7.884715,4.033389,10.419735
317,11.197456729071,-1.959357,10.527568,-4.198827,-8.591465,0.6162798,12.498164
318,11.232779936418227,-1.143501,10.327383,-4.546685,-7.880718,0.1983331,12.891076
319,11.268103143765455,-0.6915318,11.245819,-4.1963725,-7.771937,1.6640337,13.592541
320,11.30342635111268,0.12252058,8.638252,-3.5265052,-6.240469,1.8684982,11.417053
321,11.338749558459908,0.37648728,7.6820626,-3.277797,-6.410291,2.3867972,10.943776
322,11.374072765807135,-0.87855947,5.647697,-5.366086,-6.0209417,-0.3639979,10.415569
323,11.409395973154362,-0.95084447,7.1518483,-3.9943223,-6.362089,2.299137,10.981104
324,11.44471918050159,-0.030485982,7.581083,-3.4859154,-5.5968413,2.3352158,12.797607
325,11.480042387848817,0.9676934,8.445624,-4.005803,-8.190958,0.36160663,13.799464
326,11.515365595196045,0.79308003,8.253975,-3.016268,-8.983706,0.18281431,13.791372
327,11.55068880254327,0.41031733,8.64716,-3.259571,-10.02137,1.1058124,16.673738
328,11.586012009890498,1.1252362,10.172468,-3.1515775,-9.230462,-0.22587328,14.82137
329,11.621335217237725,-1.4119695,7.080882,-4.9766517,-8.640461,0.3520482,12.483921
330,11.656658424584952,1.9258875,7.6066914,-4.773866,-7.977827,-1.0401876,13.49541
331,11.69198163193218,2.113921,11.186336,-2.4178805,-6.1200747,0.1459238,13.250081
332,11.727304839279407,0.46392283,11.1005535,-3.6423368,-5.903313,0.21372335,14.27069
333,11.762628046626634,0.24506588,12.139443,-2.564767,-4.8104095,-0.36360425,14.353961
334,11.79795125397386,-0.8745508,10.752655,-3.5292995,-6.330017,0.6175584,13.372872
335,11.833274461321087,0.6996088,8.764636,-3.8660657,-8.126202,0.03548046,14.842504
336,11.868597668668315,0.758272,9.82776,-3.7286997,-7.7878523,0.4344833,13.1378145
337,11.903920876015542,0.70814145,9.550813,-3.112728,-6.896296,1.1382382,14.9213705
338,11.93924408336277,2.1844172,8.647691,-3.7626195,-5.8633122,0.47720888,14.771064
339,11.974567290709997,0.36144543,12.13634,-2.1727345,-5.2020407,2.5265892,14.046656
340,12.009890498057224,-0.18623257,9.786748,-2.602477,-6.9174256,2.9659886,14.217958
341,12.04521370540445,1.4000411,5.918123,-4.807534,-8.495642,0.47437716,12.898552
342,12.080536912751677,-1.39199,4.486631,-6.643442,-11.482421,0.10835661,13.604361
343,12.115860120098905,-0.7978724,6.5658045,-5.526057,-9.761578,0.055132683,14.761961
344,12.151183327446132,-1.0871409,5.2326646,-4.2505417,-7.32706,-0.58279,12.052086
345,12.18650653479336,-1.6349634,6.3531036,-4.1084027,-9.854693,2.5813842,14.67626
346,12.221829742140587,0.21980542,6.6045556,-5.4895163,-10.457208,2.0245304,15.717433
347,12.257152949487814,-0.37319982,6.3874264,-5.403593,-10.940275,1.561453,16.782547
348,12.29247615683504,-1.4352237,4.0920186,-4.265189,-9.516071,1.0790342,13.486684
349,12.327799364182267,-2.5831432,3.529118,-3.4088635,-7.421074,0.083571404,10.331179
350,12.363122571529495,-3.1821437,3.5470567,-3.848348,-8.110954,-0.21361542,11.567021
351,12.398445778876722,-1.130665,4.976045,-3.3196535,-8.881036,1.273263,13.070733
352,12.43376898622395,-2.163103,3.7365148,-3.985393,-7.6617966,1.5327158,10.151473
353,12.469092193571177,-5.0093594,4.430187,-3.8999736,-6.5855107,0.19721884,7.5812154
354,12.504415400918404,-2.5544927,5.5229864,-4.0490203,-8.507012,1.8037608,12.395104
355,12.53973860826563,-1.1582378,6.422889,-4.126263,-8.325336,1.5131227,12.218356
356,12.575061815612857,0.17502579,9.313258,-2.561802,-9.673257,2.013935,17.765308
357,12.610385022960084,-1.7640092,8.986794,-3.1686077,-8.0047035,1.42048,16.45211
358,12.645708230307312,-1.7487797,9.422953,-2.722829,-8.03546,2.0600123,17.886156
359,12.68103143765454,-2.1918874,8.445675,-3.0955184,-5.734928,1.7565824,18.474731
360,12.716354645001767,-1.3852956,7.7202444,-2.9375918,-8.996725,3.0988443,18.1421
361,12.751677852348994,-0.09987846,8.252176,-3.654525,-6.5629077,1.3667564,12.866206
362,12.78700105969622,-1.0525175,8.263607,-4.6535587,-7.6157994,2.6949377,12.187456
363,12.822324267043447,-2.540115,8.240919,-4.8163795,-7.521287,3.0742152,11.451947
364,12.857647474390674,-0.33188283,9.180407,-3.6505425,-8.440621,1.8930045,14.289819
365,12.892970681737902,-0.5666243,6.5429816,-6.898828,-7.693453,-0.30629945,11.633119
366,12.928293889085129,-0.9548686,6.9604964,-5.389429,-7.7953696,2.345926,11.870393
367,12.963617096432356,0.32005003,8.461869,-3.9112513,-7.685088,1.330045,14.090879
368,12.998940303779584,-0.41093203,5.4818816,-4.3711076,-10.764699,2.6036203,14.908622
369,13.03426351112681,1.8991315,8.2068205,-1.7369844,-7.823975,1.1019455,12.974835
370,13.069586718474037,1.8651434,9.360962,-1.6934559,-7.8195643,1.2582453,15.063431
371,13.104909925821264,2.9575999,8.773932,-3.7364225,-6.3588285,2.0156164,12.430078
372,13.140233133168492,0.1839055,5.1587267,-5.4021273,-8.227849,0.4414913,12.405849
373,13.175556340515719,-0.27702206,4.373231,-3.0329995,-4.934146,0.22300783,6.3147564
374,13.210879547862946,-0.22351734,5.831219,-3.0605469,-6.4148808,-0.43246734,10.009191
375,13.246202755210174,0.5358343,4.3155026,-2.4088125,-3.657817,0.47995192,8.569419
376,13.2815259625574,-1.9473011,4.3767943,-1.8282951,-3.1180902,-1.0573461,7.2959337
377,13.316849169904627,-0.651801,4.81861,-1.6881862,-2.8845627,0.2680698,7.601883
378,13.352172377251854,-0.43501574,5.0224504,-1.5653244,-3.8146732,-0.012896035,7.7912636
379,13.387495584599082,0.5229321,6.15976,-2.6797554,-4.579693,1.7084814,9.702657
380,13.422818791946309,0.2849113,7.59189,-3.320695,-6.028649,-0.03358767,12.82567
381,13.458141999293536,-0.7297111,6.414766,-5.244109,-8.174455,-0.01618773,14.493289
382,13.493465206640764,-1.510268,4.4620285,-2.8767428,-6.126224,0.050046563,10.428382
383,13.52878841398799,-2.0481179,4.293079,-1.2048249,-3.7268572,-0.18965614,7.5418487
384,13.564111621335217,-2.7863827,4.1940165,-2.656139,-5.855033,0.06757855,10.395705
385,13.599434828682444,-1.5562848,5.409818,-3.3304825,-6.8536267,-1.1050208,12.289937
386,13.634758036029671,-2.023541,4.605529,-2.340143,-4.707033,-0.957928,9.111119
387,13.670081243376899,-3.183274,5.2470284,-2.793185,-4.489961,-0.5149264,7.742012
388,13.705404450724126,-2.5938036,5.742565,-2.7097876,-5.8300333,0.7470767,10.799068
389,13.740727658071354,-1.5887749,6.10075,-3.8621807,-6.5622554,-0.3796041,11.078289
390,13.77605086541858,-0.5849509,6.591468,-2.8507843,-3.9284148,0.69805485,11.989969
391,13.811374072765807,-2.0198061,4.003334,-1.5416483,-2.684942,-1.1451471,6.497354
392,13.846697280113034,-2.4459116,4.5579214,-3.3803558,-4.4220605,0.7007914,9.092436
393,13.882020487460261,-1.3103217,5.0204725,-4.391023,-6.1465025,0.19771096,12.716462
394,13.917343694807489,-1.9306747,1.563846,-3.251893,-4.9268217,1.5469152,3.5826733
395,13.952666902154716,-2.2184541,6.084177,-1.8454528,-6.7885404,1.9621047,8.350294
396,13.987990109501943,-2.4793806,6.059508,-4.3607693,-7.4474897,0.55512613,12.952742
397,14.023313316849169,-1.251921,5.7379165,-4.241693,-7.417051,-0.047117364,12.341879
398,14.058636524196396,-0.16575651,5.182021,-6.2301383,-6.47728,-0.75053096,12.563093
399,14.093959731543624,-0.1834969,5.905221,-6.0504923,-9.364248,-0.061639182,14.401399
400,14.129282938890851,1.7670891,7.624565,-3.5351343,-6.4920416,-0.35511816,12.781834
401,14.164606146238079,1.2197304,6.31825,-3.119999,-4.350862,0.99556386,10.413811
402,14.199929353585306,0.64915186,8.939409,-3.7503598,-6.269632,-1.0081569,14.452807
403,14.235252560932533,0.34977257,4.9407806,-2.6776931,-5.2538905,0.91138613,10.538144
404,14.270575768279759,0.6514964,4.881107,-0.7030561,-2.2089143,1.1895156,7.154341
405,14.305898975626986,-0.16733932,5.10506,-2.2349784,-5.6903443,0.7023067,9.826503
406,14.341222182974214,0.6821117,6.3244023,-1.8546723,-5.0779953,1.9356802,11.2503
407,14.376545390321441,0.32514775,7.3944535,-2.5211473,-4.471574,1.6105665,11.90616
408,14.411868597668668,0.047154296,6.7041907,-3.9901302,-6.353283,1.1713078,12.613466
409,14.447191805015896,-0.042098373,6.7084384,-5.5777106,-9.500588,1.0018927,15.182367
410,14.482515012363123,-1.0645764,9.247891,-5.5329494,-8.801601,3.2086987,15.158473
411,14.517838219710349,-1.5581542,4.67479,-5.134343,-8.544899,1.7794951,12.9457
412,14.553161427057576,-2.4530635,4.9806304,-3.5088103,-6.516723,1.002068,9.571768
413,14.588484634404804,-2.500662,4.170019,-3.722887,-6.2647495,0.49420977,9.823678
414,14.623807841752031,0.9725465,6.3091516,-1.8160845,-4.768626,-0.0664578,10.564834
415,14.659131049099258,-1.8669326,5.032847,-2.8917155,-6.9954185,1.1770958,10.215453
416,14.694454256446486,1.3003854,5.673253,-1.4851267,-4.1573315,1.560962,10.508751
417,14.729777463793713,-0.66501176,7.7053814,-2.582108,-5.7650676,2.1797228,12.676551
418,14.765100671140939,-0.03358113,6.7036104,-3.0758116,-7.6464043,1.4088745,13.39159
419,14.800423878488166,0.21811257,6.1770515,-3.7137918,-4.498358,0.8628107,13.420473
420,14.835747085835393,-4.602988,4.9224153,-4.1032777,-8.724134,1.5379659,10.657542
421,14.87107029318262,-2.4788713,4.2726164,-3.706182,-5.367736,0.55515033,9.584437
422,14.906393500529848,-0.27550787,6.1397963,-3.0362391,-5.099899,1.2406367,12.921488
423,14.941716707877076,-3.339241,4.4892697,-3.2304463,-5.870066,0.43910754,8.386189
424,14.977039915224303,1.2754053,6.143115,-2.4528153,-3.6455512,1.634473,11.061907
425,15.01236312257153,-0.85750896,8.5431595,-3.6964471,-5.717779,1.6148341,14.123743
426,15.047686329918756,-0.43945646,7.977207,-3.8555298,-8.419157,0.9726852,16.991928
427,15.083009537265983,-0.30597296,7.086134,-5.9264917,-10.907146,1.1110824,16.968328
428,15.11833274461321,0.49396494,8.03601,-3.5819037,-10.36632,0.8574589,17.051842
429,15.153655951960438,0.05374607,8.005886,-3.8638625,-11.077095,1.9763391,19.440804
430,15.188979159307666,-0.6214626,5.788094,-5.280003,-11.579927,2.8746989,18.098984
431,15.224302366654893,-1.311539,4.9697084,-4.2395515,-9.021869,1.7176801,13.418568
432,15.25962557400212,-2.4270313,4.265917,-3.633662,-8.24845,1.7078142,10.904806
433,15.294948781349346,-2.836374,4.120902,-3.631587,-7.3941326,0.87880594,11.199131
434,15.330271988696573,-1.0041178,4.575403,-4.064342,-9.509114,2.773301,14.320437
435,15.3655951960438,-3.4366279,4.897901,-3.1926672,-6.4429855,0.9276905,8.964543
436,15.400918403391028,-5.5221515,6.951395,-2.6891572,-10.308989,4.7038326,13.357475
437,15.436241610738255,-1.8710722,6.402881,-3.5515997,-8.933698,3.138506,14.224876
438,15.471564818085483,-0.31988987,7.8060503,-2.829343,-9.997231,3.7034724,16.833042
439,15.50688802543271,-0.7974384,3.547265,-5.3832026,-10.651796,3.4543436,13.365399
440,15.542211232779936,-1.5878668,-0.30588275,-2.8439286,-5.0314703,1.019997,2.6646907
441,15.577534440127163,-2.5921824,1.5884625,-5.834737,-11.901653,0.5669616,12.102356
442,15.61285764747439,-4.223728,5.2145267,-4.192718,-9.861443,0.11347965,12.170796
443,15.648180854821618,-4.2114162,5.2642875,-3.831617,-6.37733,0.15069766,8.8614855
444,15.683504062168845,-2.4204013,5.207916,-4.2900677,-9.511586,-0.0028086111,12.249968
445,15.718827269516073,0.28598428,5.232444,-5.0489063,-8.172706,-0.51664233,11.563757
446,15.7541504768633,-1.621685,4.451238,-4.9564223,-6.4568233,0.55717796,10.759687
447,15.789473684210526,-2.7433064,5.644235,-6.1689396,-9.748023,0.5427626,14.573069
448,15.824796891557753,-4.191683,5.606676,-5.9206753,-8.388604,-0.13716431,10.833545
449,15.86012009890498,-4.5480394,6.361244,-5.862612,-9.436345,1.1169193,11.703948
450,15.895443306252208,-5.7665815,4.690457,-6.2213078,-6.4462876,-0.21946563,7.8883195
451,15.930766513599435,-4.2544837,4.739709,-6.1232543,-8.789212,2.1954353,12.017649
452,15.966089720946663,-4.683127,5.3751516,-5.3081775,-8.1540985,0.18157832,9.268095
453,16.001412928293888,-2.9474773,6.1383586,-2.734472,-5.2155075,1.0128654,8.971749
454,16.036736135641117,-3.8794277,6.115641,-2.6531408,-5.0184913,0.36623126,8.894089
455,16.072059342988343,-3.3852322,3.9815702,-5.413637,-11.147113,-0.41913742,12.2007675
456,16.107382550335572,-3.478945,2.9550657,-3.9958878,-4.8438396,-1.8245112,7.075819
457,16.142705757682798,-3.4280107,4.8214574,-6.137277,-9.942807,-0.65787274,10.974636
458,16.178028965030023,-4.438349,6.6501555,-6.9635806,-10.343941,-1.0794114,10.399808
459,16.213352172377252,-5.0326076,4.070735,-6.1243773,-6.995578,-0.67646915,7.8914967
460,16.248675379724478,-4.2297225,6.95697,-5.114092,-7.455754,-0.6713051,9.54244
461,16.283998587071707,-3.832593,8.662185,-4.7161293,-5.419352,-1.0922449,11.915319
462,16.319321794418933,-2.482243,8.61635,-4.219508,-6.04354,-2.051917,12.734617
463,16.354645001766162,-2.7936282,4.6009293,-4.5919356,-4.1581774,-0.19232847,8.3767805
464,16.389968209113388,-1.0492516,5.8505616,-3.174211,-2.7075393,-0.35996205,9.802235
465,16.425291416460613,-2.6333818,5.3401155,-6.2488084,-6.863831,-1.1526836,13.039635
466,16.460614623807842,-1.3089144,5.9911594,-5.399612,-6.546339,-1.7821782,11.903783
467,16.495937831155068,0.109186,6.3649807,-1.5787706,-3.2719483,-0.65581656,9.819997
468,16.531261038502297,-0.7681344,4.935791,-3.1803756,-4.4598374,1.2087063,9.516844
469,16.566584245849523,-1.5045322,5.6413,-1.4333001,-2.4675088,1.0356821,7.660592
470,16.601907453196752,-0.622188,6.217499,-0.93245345,-2.6710343,1.1518099,8.46918
471,16.637230660543977,-0.96116364,6.32451,-2.6190598,-3.4930832,2.89473,9.61053
472,16.672553867891203,-1.1902049,5.334511,-2.421854,-4.640379,0.76641387,9.288347
473,16.707877075238432,-1.0632814,7.321646,-1.0172819,-5.3272996,3.2037716,12.543493
474,16.743200282585658,-0.72861964,4.913284,-3.00553,-4.6563997,0.5963578,9.073716
475,16.778523489932887,-1.0461574,4.1429048,-2.628985,-4.197788,0.55657524,6.327284
476,16.813846697280113,-3.4236643,4.631992,-3.8167472,-5.98055,0.8555919,7.201286
477,16.84916990462734,-5.5335836,3.5730922,-3.692154,-3.9107335,0.80138355,6.5934434
478,16.884493111974567,-3.834121,3.8972108,-3.0979578,-5.2943854,1.4955575,7.8112936
479,16.919816319321793,-2.6214023,5.8313384,-2.7950199,-3.6371014,-0.14984173,6.998002
480,16.955139526669022,-2.4687464,5.32274,-3.8770764,-3.3673122,-0.60638195,5.8687706
481,16.990462734016248,-0.3688031,6.2939386,-2.42404,-4.1132846,-0.82414323,8.338583
482,17.025785941363477,-0.9038491,4.2086554,-3.6047537,-5.0669274,0.17742157,8.255094
483,17.061109148710702,-2.0315855,4.3737087,-3.6655183,-5.344343,1.5374715,7.5675488
484,17.09643235605793,-2.6025357,5.069493,-3.7762568,-4.8789587,1.3645749,8.375747
485,17.131755563405157,-2.194956,4.4832573,-2.6908374,-2.4677763,0.304081,6.551334
486,17.167078770752383,-1.5105718,4.771189,-2.6008525,-2.5245962,0.9344364,6.0033226
487,17.202401978099612,-0.9668749,6.0108247,-2.3674169,-1.5039499,0.9970961,5.8832583
488,17.237725185446838,-2.102796,4.0110664,-3.2940109,-2.8609304,0.6665513,6.518026
489,17.273048392794067,-1.2893376,3.3123474,-4.0075407,-4.0070543,-0.22769395,8.386067
490,17.308371600141292,-1.7701627,3.8567905,-4.44623,-5.1524715,0.2004865,8.928279
491,17.34369480748852,-2.735078,3.694993,-2.002826,-3.0682576,0.7237868,6.2636404
492,17.379018014835747,-2.6859455,4.8822165,-3.4901822,-4.884434,1.3483362,7.663406
493,17.414341222182973,-1.8714796,5.3165326,-3.2331307,-3.3730571,-0.20674618,6.755055
494,17.449664429530202,-2.2862413,3.200858,-2.2595057,-3.7660217,0.5686161,6.627836
495,17.484987636877428,-1.6196692,3.795,-3.9701974,-5.670975,0.74432176,8.34793
496,17.520310844224657,-2.035642,4.4034724,-3.0840158,-5.307574,0.24984105,10.376014
497,17.555634051571882,-2.0139363,4.378408,-3.5442402,-5.1856046,0.80495226,7.8613353
498,17.59095725891911,-2.3783998,4.9305544,-3.2655334,-4.895159,2.0058327,8.204687
499,17.626280466266337,-1.6494665,4.6523514,-1.7750002,-2.90803,1.2183917,5.367599
500,17.661603673613563,-2.8154345,4.874224,-2.0805624,-1.1588728,0.105777,5.981404
501,17.696926880960792,-2.143685,4.355066,-2.1885335,-3.771091,0.5768228,8.45108
502,17.732250088308017,-1.2482108,6.0621414,-3.4550865,-5.9004703,0.3247343,12.264743
503,17.767573295655247,0.04679908,7.673023,-3.090825,-3.0554192,-0.17257543,11.194581
504,17.802896503002472,-0.24057852,7.714575,-3.1753793,-2.5417078,-0.085511625,11.83242
505,17.8382197103497,0.7324224,7.9575315,-3.250987,-1.916664,-0.43339193,11.808645
506,17.873542917696927,0.044172153,8.101685,-4.489278,-3.5453155,0.3349817,13.029473
507,17.908866125044153,-1.7399348,5.9791327,-5.6940823,-7.315271,-0.91625243,12.208641
508,17.94418933239138,-2.9416764,4.7039795,-6.6225023,-10.580746,-1.7527624,11.390371
509,17.979512539738607,-3.4788518,2.0300732,-3.038964,-2.5214202,-2.9438121,4.856676
510,18.014835747085836,-3.132897,5.194927,-5.741638,-8.505289,-1.1625795,11.390879
511,18.050158954433062,-3.9030972,6.4559636,-6.2723484,-7.988723,-0.5705911,11.859852
512,18.08548216178029,-3.650076,10.357413,-3.0206945,-6.117654,-0.09238058,14.111711
513,18.120805369127517,-1.7686603,9.011503,-4.0294194,-5.7384996,-2.7183578,14.442687
514,18.156128576474742,-0.055484828,11.117749,-1.2139996,-4.801979,-3.6688807,16.15107
515,18.19145178382197,-1.144797,7.3184123,-4.3852854,-6.45323,-2.2482827,12.637147
516,18.226774991169197,0.81398386,5.6231127,-2.263979,-5.584719,-1.7837112,8.907262
517,18.262098198516426,-0.8145273,7.6119375,-3.9330585,-7.3258247,-1.0805773,14.260341
518,18.297421405863652,-1.0235823,6.490653,-2.8487377,-4.6620007,-0.12039101,10.296764
519,18.33274461321088,0.231279,8.461218,-3.1602821,-5.076752,-0.17970447,14.7972765
520,18.368067820558107,-0.40150765,8.5257015,-0.90185034,-3.605023,0.4290911,10.708686
521,18.403391027905332,-1.2648776,8.982352,-2.337947,-2.6952157,1.7054892,9.629279
522,18.43871423525256,-1.7142941,10.520943,-2.8976748,-2.4740553,1.4834706,9.726149
523,18.474037442599787,-0.82885367,9.937532,-4.6812754,-4.117662,1.222231,12.224326
524,18.509360649947016,-1.5427647,7.6114116,-3.789162,-4.8333344,0.66176206,12.817913
525,18.544683857294242,-2.1107893,7.831277,-5.3567133,-6.0093427,0.15429926,14.256338
526,18.58000706464147,-2.8923857,8.045804,-6.1513324,-6.9297957,1.5226796,14.341065
527,18.615330271988697,-4.6227856,6.8244014,-5.524764,-6.6206913,1.4476639,12.245412
528,18.650653479335922,-3.9356766,6.326128,-5.5722537,-6.875202,2.0959396,11.49039
529,18.68597668668315,-3.3664799,5.9011083,-3.2327423,-5.051331,0.76445216,8.152112
530,18.721299894030377,-3.1135097,7.25494,-3.5684807,-5.695422,2.2203329,12.06329
531,18.756623101377606,-0.8514434,5.4237137,-4.504376,-6.7233577,0.06082931,10.448618
532,18.79194630872483,-1.3349898,3.9381218,-6.474764,-9.154961,-1.022036,10.660202
533,18.82726951607206,-2.095222,6.912064,-2.4414043,-3.6394985,0.23063521,7.034343
534,18.862592723419287,-1.7655715,5.8592577,-5.2580676,-7.60806,-0.543012,11.767096
535,18.897915930766512,1.8468406,5.285218,-2.751548,-5.511304,0.7200071,10.282318
536,18.93323913811374,0.5478873,5.3893924,-3.8300056,-5.0429287,1.5439239,10.297541
537,18.968562345460967,2.9495964,6.563482,-3.7676308,-3.2551517,2.0407088,9.7002735
538,19.003885552808196,-1.1961628,5.060517,-2.7942204,-2.6793897,2.753651,6.2626553
539,19.03920876015542,-2.3926308,6.2504086,-3.8181577,-4.924164,1.9067392,8.453712
540,19.07453196750265,-2.23533,5.5619617,-6.091967,-8.871711,-0.15108678,13.134803
541,19.109855174849876,-1.4414206,3.882474,-5.589152,-8.213499,-0.18375665,10.603984
542,19.145178382197102,-2.396797,5.763502,-5.01945,-7.2416153,-0.31562376,10.555632
543,19.18050158954433,-2.2158625,6.3460236,-5.726045,-8.060691,-0.4218474,12.291408
544,19.215824796891557,-0.08218375,8.799478,-3.4432132,-5.1666446,-0.5727332,12.243385
545,19.251148004238786,-0.47640574,8.757522,-3.7033293,-6.114126,0.11074039,14.295857
546,19.28647121158601,-1.9136597,7.4448075,-5.996288,-9.163875,0.62043184,15.057268
547,19.32179441893324,-2.758347,7.7657943,-4.584205,-6.2448297,0.5102766,10.215277
548,19.357117626280466,-3.594616,5.193455,-4.6941266,-6.681444,-0.14330037,6.8428407
549,19.392440833627692,-3.9576914,8.0677395,-6.5074577,-8.358086,0.86739963,11.502923
550,19.42776404097492,-3.945869,6.038094,-5.0033197,-5.8901553,0.32447362,9.739374
551,19.463087248322147,-3.617834,5.036313,-4.3324995,-7.680544,1.6385684,11.716852
552,19.498410455669376,-2.2969892,5.616792,-1.3196337,-2.719548,0.365624,5.4227695
553,19.5337336630166,-2.762665,5.096019,-2.968428,-4.381157,0.06634917,8.108009
554,19.56905687036383,-2.309549,6.712789,-2.5440917,-4.677286,0.6064474,9.517794
555,19.604380077711056,-3.6905873,6.7929673,-3.248107,-6.110035,1.6144955,9.983492
556,19.639703285058282,-1.9371544,6.795946,-3.936806,-5.8936443,0.8825196,12.798413
557,19.67502649240551,-3.8323271,3.7428458,-3.0908914,-3.7215574,-1.6798475,5.330675
558,19.710349699752737,-2.1822982,7.1315794,-1.8347117,-4.5104012,0.7126463,11.22187
559,19.745672907099966,-4.300014,4.659897,-1.5801513,-2.6723568,-0.113870874,4.7321587
560,19.78099611444719,-2.5437014,8.440699,-2.5197723,-5.738701,0.7194673,12.5011425
561,19.81631932179442,-4.0735283,7.4270687,-3.5879216,-5.2243304,1.2071898,9.951291
562,19.851642529141646,-4.548393,7.601182,-4.7290044,-7.4146376,2.4671204,12.672796
563,19.88696573648887,-0.81851625,6.844875,-5.118581,-8.221983,0.25376302,15.095648
564,19.9222889438361,0.53711426,8.123305,-5.0527844,-7.3070674,-0.33126754,11.466607
565,19.957612151183326,-1.533066,8.302029,-3.938315,-6.5364,0.18910755,11.85768
566,19.992935358530556,0.6929612,11.371978,-2.2132592,-4.362311,-0.6922122,15.591244
567,20.02825856587778,-0.33652207,13.571282,-2.5130253,-5.834301,-1.0383475,18.624664
568,20.06358177322501,0.65326524,11.48528,-2.2294624,-5.649452,-1.0204042,18.020058
569,20.098904980572236,-1.2676272,8.173298,-4.640927,-8.249118,-0.25958347,13.891476
570,20.13422818791946,-0.7685903,6.239165,-3.9773505,-7.054434,1.0478916,10.922442
571,20.16955139526669,0.6732364,6.3423014,-5.6891217,-7.5139503,0.80739015,10.861762
572,20.204874602613916,-1.5637759,7.0724893,-5.811149,-8.27075,0.85840744,12.3791685
573,20.240197809961145,-2.109658,8.112213,-3.4245262,-6.878124,0.76214147,11.543062
574,20.27552101730837,-1.4540875,7.244581,-4.8800917,-7.876894,0.10332104,12.484921
575,20.3108442246556,-1.8395174,5.202896,-5.923554,-9.486571,-0.25897133,10.163916
576,20.346167432002826,-3.0582178,4.8600836,-4.173046,-5.8410068,-0.15717167,8.936097
577,20.38149063935005,-1.5343534,6.974895,-5.4581375,-8.624699,0.05216355,11.937849
578,20.41681384669728,-0.73464817,8.098844,-4.8709745,-9.807429,0.6197114,12.227875
579,20.452137054044506,-2.3474078,7.247007,-2.7860022,-5.590742,1.172807,8.748507
580,20.487460261391735,0.7820388,7.0946727,-1.696301,-5.586937,-0.1708326,8.93373
581,20.52278346873896,-0.9898181,8.11441,-4.1182046,-7.1063423,1.159834,12.548048
582,20.55810667608619,-0.8268822,8.971255,-3.4281929,-5.566032,1.0661113,13.620451
583,20.593429883433416,-2.1644585,8.62746,-5.2297673,-8.358707,0.50373393,13.678387
584,20.62875309078064,-3.7555408,7.6461563,-5.6546555,-8.54398,-0.53437066,10.749475
585,20.66407629812787,-3.704258,5.1160836,-1.7138023,-2.551593,-0.5483659,4.127217
586,20.699399505475096,-3.1848328,7.3809876,-4.6580405,-5.7180796,-0.5488067,8.677109
587,20.734722712822325,-3.8313825,7.3175917,-5.7284966,-7.2955728,0.09611405,11.525393
588,20.77004592016955,-1.7791321,5.906115,-3.9322803,-5.326322,0.20284122,11.894706
589,20.80536912751678,-1.8927426,5.442197,-1.5329888,-2.4032588,-0.07749539,5.643969
590,20.840692334864006,-2.1795092,6.3367696,-1.8520483,-3.7263358,0.69841754,8.270824
591,20.87601554221123,-0.9008168,6.7611356,-1.9910573,-3.8778968,-0.30366334,8.884761
592,20.91133874955846,-1.8101794,7.609185,-3.597576,-5.9670353,0.06929649,11.014778
593,20.946661956905686,-0.6101443,7.6759696,-2.9600482,-4.2528987,0.5767634,11.2186
594,20.981985164252915,-3.2138948,5.2271147,-1.4743979,-1.7999502,-0.09469776,4.240135
595,21.01730837160014,-4.261396,6.3896585,-3.8283439,-4.268108,-0.18879709,7.166704
596,21.05263157894737,-1.1814084,6.671706,-2.2638075,-5.7230697,-0.17737275,12.717922
597,21.087954786294596,-0.26689547,6.849171,-2.59529,-4.1723485,0.8068312,12.211459
598,21.12327799364182,-1.836841,8.697488,-2.621518,-4.6653395,0.44521314,12.406215
599,21.15860120098905,-3.4045308,6.2088223,-2.9124687,-3.4520822,0.8167818,7.1378446
600,21.193924408336276,-3.4388883,8.500012,-3.5927174,-6.6387606,2.6113071,13.096098
601,21.229247615683505,-3.3552344,8.50123,-4.233267,-4.3392196,0.3270804,12.823087
602,21.26457082303073,-2.113958,7.6602125,-2.8634377,-4.1387973,-0.42380422,10.095853
603,21.29989403037796,-2.9180002,7.0867085,-6.098173,-6.380993,-1.0611094,12.768724
604,21.335217237725185,-2.254671,7.045692,-5.0168095,-5.4269376,-0.7293795,12.733376
605,21.37054044507241,-0.55035955,6.9348445,-4.6643624,-8.522961,0.80062693,15.30795
606,21.40586365241964,0.62304395,9.066781,-4.385209,-6.76508,-0.8881391,12.835869
607,21.441186859766866,2.2575214,8.184257,-1.633519,-5.1988335,-0.51005745,9.316498
608,21.476510067114095,-0.49760708,9.093697,-4.155868,-6.4704323,0.32622403,13.699995
609,21.51183327446132,-1.1204528,7.0118766,-3.0518456,-5.5947857,0.617079,11.009282
610,21.54715648180855,2.9915311,9.14345,-4.2506814,-5.547637,1.8414661,12.365955
611,21.582479689155775,-0.37493238,5.818488,-5.489013,-7.5260367,0.6394233,11.789601
612,21.617802896503,-1.4084531,3.923949,-5.8613057,-9.177958,0.19014989,9.461641
613,21.65312610385023,-1.5948795,5.779194,-2.4918494,-4.596722,2.0056586,8.343948
614,21.688449311197456,-1.0544707,5.744461,-5.9080863,-8.521583,-0.21366757,12.219882
615,21.723772518544685,-1.1939758,5.453821,-4.0201006,-8.911798,1.5972145,12.655649
616,21.75909572589191,1.0305556,5.6067386,-4.6023784,-7.582617,1.3372848,11.076292
617,21.79441893323914,6.9552994,6.370789,-0.60933,-1.5230114,2.736586,7.3071885
618,21.829742140586365,1.7863752,7.762466,-2.3183947,-5.5163713,1.0530413,11.172772
619,21.86506534793359,-0.027543543,5.268678,-5.5349293,-7.7692685,0.85445005,11.717995
620,21.90038855528082,0.52261186,5.0345473,-2.8068302,-4.293339,-0.52367866,6.8138566
621,21.935711762628046,-1.7337317,4.4889584,-4.366119,-7.5553517,-0.12372123,10.115513
622,21.971034969975275,-2.0503685,2.305828,-4.767375,-6.15929,-0.5854853,8.54551
623,22.0063581773225,-2.9976554,4.086428,-5.4934974,-7.0927563,0.37960866,10.817787
624,22.04168138466973,-3.6950748,3.6971164,-4.430319,-4.233865,-0.9933304,7.915678
625,22.077004592016955,-1.4536657,7.704738,-6.0702486,-7.727422,-1.1482205,14.885023
626,22.11232779936418,-3.1414218,5.2804437,-6.962486,-6.7616835,-0.7917823,11.719884
627,22.14765100671141,-1.9791113,7.8206587,-4.6028104,-5.443232,-1.520716,12.4026165
628,22.182974214058635,-3.5289936,3.381598,-3.215547,-1.2540035,-0.62746227,5.050118
629,22.218297421405865,-2.1696587,7.6043196,-3.8992305,-3.9609184,-1.6868347,8.333478
630,22.25362062875309,-2.4942565,5.078343,-5.421623,-4.4383507,-0.4460401,8.866176
631,22.28894383610032,-4.0018606,6.1244383,-5.9792395,-6.782192,-0.0992025,12.252992
632,22.324267043447545,-0.54893553,6.777787,-5.699256,-8.275142,-0.7803431,12.512988
633,22.35959025079477,1.016709,6.418956,-2.7567368,-3.4451358,0.08195513,7.860141
634,22.394913458142,-0.8047735,3.20631,-4.132505,-4.7808003,-2.9262607,8.26552
635,22.430236665489225,-2.2437162,1.8446895,-4.0793686,-1.1821535,-3.2668858,5.8151717
636,22.465559872836455,-1.1744696,5.7862396,-5.8982763,-2.5557375,-4.4954476,8.658774
637,22.50088308018368,-1.7717214,2.5975919,-2.7021992,1.5220249,-2.404157,4.722348
638,22.53620628753091,-1.2294958,5.853905,-1.6073872,0.264392,-1.0576103,5.6978054
639,22.571529494878135,-2.1385293,7.380585,-5.9108515,-5.368269,-0.87835175,12.725878
640,22.60685270222536,-0.91635597,6.9990664,-5.781099,-6.908475,-0.84025455,12.351987
641,22.64217590957259,-0.95483184,4.9719434,-5.3342414,-6.6100087,0.32723182,9.031883
642,22.677499116919815,-0.15728761,4.351752,-3.0826175,-4.325937,-0.56688976,8.19365
643,22.712822324267044,-1.5671363,3.281277,-4.381264,-3.6511567,-1.2276139,7.1336184
644,22.74814553161427,-0.37540022,9.886175,-3.501683,-4.188263,-0.9013097,12.812841
645,22.7834687389615,-1.8799447,8.6859045,-3.898649,-2.5331194,-1.3553389,11.924479
646,22.818791946308725,-3.279895,1.1495981,-3.5076296,-1.4034293,-1.5552672,4.0217023
647,22.85411515365595,-1.2608815,7.738303,-4.809423,-5.8896155,0.21127774,12.274434
648,22.88943836100318,-0.9314166,7.077685,-6.359967,-7.8839874,-1.5714471,12.375869
649,22.924761568350405,0.32194272,6.0110393,-2.6103845,-1.5578253,-0.42835748,9.305332
650,22.960084775697634,-1.0087196,6.489598,-4.416543,-3.0558772,-0.28170285,10.496584
651,22.99540798304486,-0.6845084,9.3289585,-3.2599316,-2.9871933,-1.755692,14.06755
652,23.03073119039209,-2.0802164,3.7166328,-1.9527901,0.4526857,-0.6902258,6.334963
653,23.066054397739315,-1.8903991,10.369621,-4.0564194,-3.7132661,0.047591485,13.934889
654,23.10137760508654,-3.1052132,10.1295,-4.8034496,-5.581957,0.858193,16.228483
655,23.13670081243377,-0.96384716,8.364786,-2.3532908,-3.7459078,0.44957504,14.25358
656,23.172024019780995,-1.2766337,7.2464595,-6.61633,-8.0310135,-1.239194,13.555326
657,23.207347227128224,-2.0592527,5.187694,-7.487009,-10.45011,-1.5278355,12.297643
658,23.24267043447545,-2.5236497,5.6803446,-3.8712564,-6.3913417,-0.13080126,10.486879
659,23.27799364182268,-1.802968,6.688117,-5.6384726,-8.716471,-0.799098,13.1059065
660,23.313316849169905,0.9471866,6.00409,-2.498571,-6.6452446,-0.65530396,9.776184
661,23.34864005651713,3.3203003,8.300499,-1.1178632,-2.8547058,0.7732005,11.210326
662,23.38396326386436,2.9471593,7.7058997,-1.2500691,-3.1478474,2.3040047,9.670186
663,23.419286471211585,0.27446744,7.6997333,-2.3605785,-3.080833,1.8236912,10.041687
664,23.454609678558814,0.37744722,7.3669305,-1.933518,-3.401748,2.5153432,9.231267
665,23.48993288590604,0.8508006,6.806994,-1.9018825,-1.1494282,2.3328207,6.8884983
666,23.52525609325327,-0.053350817,7.229294,-2.4116368,-3.9890728,1.537601,7.2219467
667,23.560579300600494,-0.9113825,8.06311,-4.2625604,-6.7942643,0.90130466,11.5126095
668,23.59590250794772,-1.5913271,8.378428,-4.3662853,-7.9426203,-0.428969,15.080322
669,23.63122571529495,-2.010987,8.39405,-5.3840604,-8.474858,-0.24975769,14.6427765
670,23.666548922642175,-0.11460086,9.409216,-3.9767644,-4.695595,-0.15348946,12.073119
671,23.701872129989404,0.77109736,8.161805,-2.1895485,-2.893843,0.047165025,8.383205
672,23.73719533733663,-0.066325635,10.171596,-2.1963902,-2.8831604,0.15576564,9.751291
673,23.77251854468386,0.5008815,10.807448,-2.5994327,-4.034084,0.40537393,11.169886
674,23.807841752031084,0.24447843,9.818542,-0.9375464,-0.625312,1.0958948,8.039632
675,23.84316495937831,-1.056365,9.143848,-3.1483116,-2.0573778,0.33312425,8.958936
676,23.87848816672554,0.89870137,10.715349,-1.7816985,-2.9533565,1.2498665,11.835732
677,23.913811374072765,1.9610058,10.269175,-3.5595553,-4.7913876,-0.16966467,14.468886
678,23.949134581419994,0.36487097,9.957644,-4.485773,-4.54421,0.18484138,14.090802
679,23.98445778876722,-2.158651,8.678924,-4.2301307,-4.699637,0.16856754,12.873526
680,24.01978099611445,-2.295883,10.650093,-3.7863436,-5.496724,0.66678673,14.658561
681,24.055104203461674,0.70475364,8.003928,-6.014564,-6.6109104,0.47241646,13.179223
682,24.0904274108089,0.6727801,8.691917,-4.9244356,-5.080649,-0.12814982,13.508475
683,24.12575061815613,0.8875923,9.30402,-3.9983673,-4.194032,0.6883658,14.303835
684,24.161073825503355,-1.088208,8.77667,-5.7769957,-8.230166,0.06339041,17.251171
685,24.196397032850584,-2.6845837,5.6613297,-4.4655256,-7.5145063,0.7617685,12.191593
686,24.23172024019781,-2.178658,6.0957785,-2.7677526,-4.3981695,-0.2492829,9.240874
687,24.26704344754504,-1.1796343,6.6336555,-1.711804,-4.6648116,-0.26296282,8.990831
688,24.302366654892264,-3.4784489,7.290026,-4.41409,-8.74785,0.4764389,13.324351
689,24.33768986223949,-1.7481537,6.9201636,-4.2368455,-5.769464,0.70747167,13.387958
690,24.37301306958672,-1.5829736,6.5787115,-1.881754,-1.6280761,0.663787,7.86156
691,24.408336276933944,-2.6649833,4.904949,-1.4886836,-1.9550723,-0.31863365,5.658256
692,24.443659484281174,-3.0217552,7.8751516,-3.8404403,-7.376007,0.7260708,13.627733
693,24.4789826916284,-3.3412738,8.285813,-3.6720066,-6.8151383,2.077554,13.922337
694,24.51430589897563,-2.9966464,7.4507446,-3.7349076,-4.883582,1.1022824,11.258021
695,24.549629106322854,-3.8610952,9.357105,-4.4260607,-8.027305,3.1495817,16.1459
696,24.58495231367008,-1.2862729,6.871559,-5.576086,-9.875262,1.0880556,15.781839
697,24.62027552101731,-1.6605484,5.3319645,-6.2566795,-10.851141,0.75006807,12.804333
698,24.655598728364534,-3.0103738,5.9200435,-3.998722,-9.057145,1.0841316,12.319741
699,24.690921935711764,-1.5922384,6.2910852,-6.0737977,-9.538906,-0.07790569,14.10461
700,24.72624514305899,0.41457507,7.029511,-4.814073,-7.658957,0.19657929,10.931655
701,24.76156835040622,-1.902031,8.23247,-4.0195284,-7.616078,0.39506358,12.9695215
702,24.796891557753444,-1.2272489,6.0524497,-3.7047172,-8.0857,1.9691043,10.862986
703,24.83221476510067,0.5595862,6.9817452,-5.2592545,-7.67298,1.284559,11.425394
704,24.8675379724479,-0.61261004,7.6800203,-5.082743,-8.123323,0.6469558,12.320951
705,24.902861179795124,-1.3753432,8.790241,-3.6982872,-6.549461,-0.08781915,11.940631
706,24.938184387142353,-2.6516411,9.411147,-2.373195,-5.1013494,0.43815574,11.269185
707,24.97350759448958,-0.31630316,9.630991,-0.9888958,-5.701473,0.2850194,11.618517
708,25.008830801836808,-1.3536743,5.7601075,-3.0792356,-7.6394773,0.13301155,10.757312
709,25.044154009184034,-2.3070219,5.585827,-4.366404,-7.3632636,0.6536771,10.620472
710,25.07947721653126,-4.0490026,4.2115583,-3.94034,-6.7374425,-0.035816483,8.528972
711,25.11480042387849,-2.718462,7.48292,-5.227476,-7.6098313,0.5721688,11.030094
712,25.150123631225714,-3.3085268,6.950756,-4.8058753,-5.6807,0.50287396,10.579709
713,25.185446838572943,-2.552056,8.475497,-4.2544913,-4.6880283,0.04116229,10.451884
714,25.22077004592017,-0.928071,8.751611,-2.2836,-3.416086,0.9840795,9.736108
715,25.256093253267398,-0.5695107,9.275925,-2.3776934,-5.78727,0.78463745,12.059167
716,25.291416460614624,-2.264553,7.4008517,-3.7798421,-6.274819,0.28339767,11.985003
717,25.32673966796185,-0.32156765,5.376765,-2.626602,-4.938416,1.3106463,10.295101
718,25.36206287530908,-0.46113977,6.8154616,-1.6124301,-3.5483549,1.3077697,9.186736
719,25.397386082656304,-2.514133,6.638137,-3.33622,-5.403605,-1.0004349,9.972685
720,25.432709290003533,-0.96131045,5.761725,-1.6681067,-3.2225718,1.1575581,8.32725
721,25.46803249735076,-1.2752188,6.5017257,-2.3605196,-4.6035876,1.0110365,10.840626
722,25.503355704697988,-3.9348812,6.1858273,-3.8357308,-5.586823,-0.8083667,10.110847
723,25.538678912045214,-1.1858808,6.023054,-1.642189,-4.4693255,1.2247694,9.961562
724,25.57400211939244,0.5383656,7.3507724,-2.0967,-4.0624046,2.3783984,10.546197
725,25.60932532673967,0.10956229,7.483067,-0.8818809,-5.365279,1.0124959,11.401747
726,25.644648534086894,0.50158274,7.1351047,-3.325281,-7.822666,-0.77734625,12.760738
727,25.679971741434123,-1.5847982,8.886026,-4.5871744,-6.776548,-1.0164261,12.360875
728,25.71529494878135,-3.6472335,8.1088505,-5.4481688,-7.2574363,-0.056496136,12.261044
729,25.750618156128578,-1.2434634,8.5791855,-3.379581,-4.1846795,-1.6766341,13.596022
730,25.785941363475803,-1.8542727,7.1646028,-3.8326669,-4.08162,-0.7789286,12.000652
731,25.82126457082303,-2.1236744,6.856873,-2.5807142,-3.3371677,0.1550407,10.047667
732,25.856587778170258,-0.41575816,6.855187,-1.3033601,-2.0405552,-0.43962446,7.569264
733,25.891910985517484,-0.4075093,7.259866,-2.5626185,-4.321705,0.7109799,9.375843
734,25.927234192864713,-0.8563419,7.9938154,-2.9554589,-4.312232,-0.11003323,12.108156
735,25.96255740021194,-2.9825516,5.232677,-3.5636303,-4.037272,-0.13948557,7.9088407
736,25.997880607559168,-0.8525372,7.4818096,-1.6698285,-2.870932,-0.54043716,8.9925165
737,26.033203814906393,-0.863348,7.7345023,-2.0667367,-3.46679,-0.031045444,11.435151
738,26.06852702225362,-0.24107918,9.483531,-2.3343525,-3.3975163,0.43626034,12.387299
739,26.103850229600848,-1.6809665,8.426099,-2.8996453,-2.4166367,0.035423823,12.185031
740,26.139173436948074,-0.87527025,9.421111,-2.1702652,-3.9108615,0.21284413,11.823099
741,26.174496644295303,0.004901276,7.983297,-4.36277,-7.31141,-1.0340114,13.118008
742,26.20981985164253,1.0021013,9.211686,-4.0859513,-6.9883904,-0.17381349,14.002411
743,26.245143058989758,-0.6423538,9.272822,-4.546009,-6.395337,0.6373041,14.617512
744,26.280466266336983,-2.0304408,8.989881,-4.9842596,-7.3457355,0.93386614,14.30189
745,26.31578947368421,-0.09671515,10.073367,-2.236645,-5.9129443,0.65952456,13.942695
746,26.351112681031438,-0.3684858,7.635416,-3.0328894,-6.8442826,0.29551467,13.934212
747,26.386435888378664,0.018213848,6.103039,-2.6179442,-5.1792173,0.29558748,11.108802
748,26.421759095725893,0.4621901,6.3282127,-1.4158579,-4.2073812,0.21688442,8.556336
749,26.45708230307312,0.1563595,5.9678497,-1.7308627,-3.4155788,0.09640929,8.136129
750,26.492405510420348,-0.44054762,5.711915,-3.7923942,-5.3998523,0.9376806,8.9432
751,26.527728717767573,0.4700831,7.065529,-1.3162531,-6.591787,-0.12005007,11.587821
752,26.5630519251148,0.9802107,7.7015615,-3.8899636,-8.662788,0.7473612,14.489112
753,26.598375132462028,0.8480518,7.8547025,-5.0183644,-8.576832,2.087147,13.625055
754,26.633698339809253,0.29977456,6.682087,-2.751489,-5.5170383,1.2197385,9.9059925
755,26.669021547156483,-0.82276344,5.8586416,-1.6468828,-4.4673314,0.53156006,7.744671
756,26.70434475450371,-0.41752154,6.1476107,-2.6573048,-5.7703085,0.95190406,9.382906
757,26.739667961850937,-0.70837957,6.443895,-3.6517386,-7.0952773,1.4534199,9.998524
758,26.774991169198163,-0.11674573,8.368016,-2.845642,-7.0047197,0.8212898,11.3205595
759,26.81031437654539,0.7032715,5.4859605,-3.58341,-6.6756024,0.025925355,10.217506
760,26.845637583892618,-0.52533627,5.7468624,-2.5827403,-4.5039635,-0.013368687,8.751112
761,26.880960791239843,-0.27601007,5.68142,-1.6555086,-3.7820323,0.38838637,7.3526926
762,26.916283998587073,-0.18963358,5.409575,-2.966731,-5.2597914,1.0741192,8.947119
763,26.951607205934298,0.46983945,6.3895564,-1.3954277,-3.4660149,0.8182136,7.2956185
764,26.986930413281527,-0.923717,5.879392,-1.2881161,-4.5812707,1.1252576,7.884332
765,27.022253620628753,-3.6808968,4.7727623,-3.4823272,-4.1342716,0.77501667,7.421223
766,27.05757682797598,0.08913092,7.8955216,-0.65829504,-3.3156142,0.30413944,8.687388
767,27.092900035323208,0.2656533,8.336127,-1.0091248,-2.6690674,-0.25003764,8.703713
768,27.128223242670433,-1.0949435,5.1313133,-3.8473601,-6.2202144,0.5294056,9.044431
769,27.163546450017662,0.15116635,6.9212294,-3.5512297,-7.304956,-0.35481596,11.410301
770,27.198869657364888,0.9704178,6.9118094,-3.970977,-8.513631,0.5867538,13.482656
771,27.234192864712117,-0.7488435,5.343864,-4.101511,-7.2136216,0.3230447,10.271185
772,27.269516072059343,-3.003134,5.6977415,-3.3434808,-6.6939526,1.0643294,10.078078
773,27.30483927940657,-0.75461566,5.4125724,-2.4331818,-5.5565624,0.30751264,8.5629225
774,27.340162486753798,-0.028917471,6.085421,-1.8182234,-5.324287,0.5177411,8.213783
775,27.375485694101023,-1.6741605,1.4375633,-2.7365472,-4.274762,1.5794291,2.6566355
776,27.410808901448252,-3.0296686,5.1770306,-2.6959012,-5.577396,0.5887369,7.7144303
777,27.446132108795478,-0.80315936,6.5501637,-2.729043,-5.5168357,0.27769458,9.42611
778,27.481455316142707,-0.34903884,7.0100055,-2.1438785,-4.318246,-0.18420373,8.422235
779,27.516778523489933,-2.7416854,4.0403943,-4.5166664,-8.000968,0.04329881,10.176241
780,27.55210173083716,-3.0439923,5.417312,-3.9255702,-5.8467164,0.5674385,8.334017
781,27.587424938184387,-2.4399593,7.1218734,-1.928432,-7.0019474,0.5817605,10.852523
782,27.622748145531613,-2.0330038,4.909618,-3.5510576,-7.7024813,0.48813722,10.47388
783,27.658071352878842,-1.0425782,5.1628294,-4.8327265,-8.4354925,0.7156431,12.34858
784,27.693394560226068,-3.3515828,7.146839,-2.303625,-5.475278,1.7964925,8.7545595
785,27.728717767573297,-2.9281223,5.977124,-3.3569593,-7.5630546,0.75839853,11.842951
786,27.764040974920523,-2.078333,7.0910335,-0.6486774,-5.6190476,1.6100574,11.321627
787,27.799364182267748,-3.2075732,6.1037774,-2.9200664,-5.1921835,-0.6318168,8.280364
788,27.834687389614977,-1.5193361,8.313502,-0.92272455,-5.7536006,1.7706071,12.14483
789,27.870010596962203,-2.1128466,8.522088,-1.8503689,-6.159551,1.099619,11.875224
790,27.905333804309432,-1.5936359,9.549771,-3.2354984,-8.162493,3.9110563,16.541851
791,27.940657011656658,0.14771989,9.00925,-2.9422162,-9.420976,0.5502564,16.50625
792,27.975980219003887,0.28287423,9.951868,-2.6256533,-8.09823,0.231329,16.551287
793,28.011303426351112,-0.73984325,12.761282,-2.6613448,-7.1246605,-0.23437528,19.218616
794,28.046626633698338,-0.13489273,12.093117,-2.3159306,-5.452449,-1.2024604,18.795235
795,28.081949841045567,-0.76039493,10.682917,-2.0648112,-6.7445173,-0.29278284,18.289133
796,28.117273048392793,0.15291631,7.8970304,-3.831406,-8.786405,-2.1617622,14.32356
797,28.152596255740022,-1.3782138,5.907829,-4.9104238,-11.391434,-0.7429669,11.885991
798,28.187919463087248,-1.5719398,6.7602525,-4.094884,-6.5309973,-2.077944,10.913658
799,28.223242670434477,-1.3186426,6.4753876,-5.645339,-10.051098,-2.05159,13.28771
800,28.258565877781702,-1.1439271,6.4267983,-4.665511,-7.8765917,0.44575125,11.878563
801,28.293889085128928,0.29572397,6.5627356,-5.165312,-9.02462,-0.48209873,11.971367
802,28.329212292476157,0.4688717,8.017056,-3.934512,-8.026882,-1.7514942,13.637682
803,28.364535499823383,-0.6281828,7.163369,-5.3771305,-8.96509,-1.2846754,13.397654
804,28.399858707170612,-1.6409276,8.196602,-5.381326,-8.510886,-1.7300761,11.519196
805,28.435181914517837,-3.0346262,6.5294247,-4.3117814,-6.1814504,-1.325554,9.5459585
806,28.470505121865067,-4.1487784,7.875197,-6.1039186,-7.252218,-0.8686092,12.659598
807,28.505828329212292,-0.36944783,11.400328,-3.0050495,-6.183357,-2.1878998,13.843784
808,28.541151536559518,-3.2541118,7.3067107,-2.709801,-4.2267776,-1.2678142,7.5893655
809,28.576474743906747,-0.74799424,10.522916,-3.2325542,-5.1335454,-1.3878134,13.051307
810,28.611797951253973,-0.7648893,8.724371,-5.367395,-7.577264,-2.8302264,13.010611
811,28.647121158601202,-2.1739748,7.7039056,-4.38719,-4.9773464,-1.7082566,11.830686
812,28.682444365948427,-1.1232046,9.985842,-4.835304,-5.8586993,-1.1405952,12.344115
813,28.717767573295657,1.4048367,9.694871,-2.3132522,-5.584742,-1.089195,12.371185
814,28.753090780642882,-1.8010789,8.781683,-2.0603445,-4.335537,-0.8156767,9.9656725
815,28.788413987990108,0.2379638,7.8398504,-1.2760671,-3.5938718,0.06417429,8.55639
816,28.823737195337337,0.2884054,10.005369,-0.8572544,-4.8276668,0.07008365,10.190715
817,28.859060402684563,-1.3894329,8.082671,-2.6521263,-5.192248,0.68314207,11.07312
818,28.89438361003179,-3.9459317,3.3267057,-2.5823567,-2.457641,-0.8073599,4.750559
819,28.929706817379017,-0.3179414,9.602528,-0.8238308,-5.416618,0.4368291,11.012032
820,28.965030024726246,0.47435924,11.075202,-0.6719933,-4.612351,-1.0276638,12.889587
821,29.000353232073472,-1.6878974,9.19145,-3.6089418,-5.14713,0.23001969,11.370987
822,29.035676439420698,-3.0321653,6.0779996,-2.68845,-3.9151442,-1.1197045,7.3284955
823,29.070999646767927,-1.767843,9.173384,-3.867274,-6.028606,-0.038989782,10.738304
824,29.106322854115152,1.1179076,8.488737,-3.542974,-7.2054744,-2.0177603,12.217431
825,29.14164606146238,2.1390674,10.612506,-1.6400638,-3.9047582,-1.4957895,10.047412
826,29.176969268809607,-1.0812687,9.726067,-4.012369,-5.3144217,-0.8004306,12.430172
827,29.212292476156836,-2.9151273,12.116573,-4.0623145,-8.110344,0.26609075,14.960787
828,29.247615683504062,-1.5422148,11.268582,-3.6281548,-6.988669,-1.3765523,13.6308155
829,29.282938890851288,-1.9478415,11.1272335,-4.0679073,-8.492756,-0.16592962,17.39556
830,29.318262098198517,-1.7258825,8.396491,-2.5892987,-6.045097,0.377436,14.402563
831,29.353585305545742,-3.8129017,7.409959,-3.7457044,-6.713352,1.0726732,11.775183
832,29.38890851289297,-2.425891,9.07693,-2.9369237,-6.028498,-0.8282509,11.682962
833,29.424231720240197,-1.7072315,7.9944315,-3.777001,-5.4240127,0.9041527,12.777089
834,29.459554927587426,-1.8290303,7.583064,-2.2112806,-3.7074907,-0.607817,12.375231
835,29.494878134934652,-2.9021747,9.333948,-3.2206385,-6.7471714,0.27721718,14.288659
836,29.530201342281877,-2.0675688,8.809345,-5.7672048,-9.729324,-0.7619539,14.074286
837,29.565524549629107,-2.0735729,6.006146,-6.0146804,-10.678189,-0.827495,11.570873
838,29.600847756976332,-3.0252337,5.9352427,-3.3565025,-7.493224,0.87588084,10.205393
839,29.63617096432356,-1.5808028,6.138158,-6.266148,-9.774075,-0.3301582,13.027801
840,29.671494171670787,0.74055684,6.231369,-2.5235872,-7.6330214,-0.067652486,10.277005
841,29.706817379018016,-1.0195111,7.399551,-4.0135703,-7.538117,1.4137145,12.180624
842,29.74214058636524,-0.86409205,8.025014,-4.020921,-6.1060734,1.9972087,12.4825
843,29.777463793712467,-0.3733847,8.469851,-2.9467776,-4.9600806,2.2518861,14.0080805
844,29.812787001059696,-0.8739573,10.233988,-2.65712,-6.4400377,2.825741,13.462133
845,29.848110208406922,-1.7508692,7.088484,-5.86987,-9.3896675,1.2834518,13.848138
846,29.88343341575415,-0.40969938,9.041924,-4.461613,-7.862627,1.3399024,13.212893
847,29.918756623101377,-1.3577428,8.131888,-3.9074774,-4.970916,0.00828819,9.088955
848,29.954079830448606,-2.568113,7.7643065,-4.8153124,-6.7862267,1.740533,11.501901
849,29.98940303779583,-4.252957,5.6477833,-5.36083,-9.2209835,1.3300352,10.367849
850,30.02472624514306,-3.774025,8.294265,-6.314516,-7.9592366,2.1151419,12.2822075
851,30.060049452490286,-3.7547045,7.1073213,-6.560647,-8.746473,2.1366088,13.920723
852,30.095372659837512,-3.740823,5.7437077,-4.841558,-8.812187,2.803611,12.572542
853,30.13069586718474,-2.339685,5.0101357,-2.1193285,-3.4581506,0.36112168,5.9897003
854,30.166019074531967,-2.3436048,5.321868,-3.5659552,-6.9894276,0.17874707,10.944549
855,30.201342281879196,-2.11677,6.1449194,-3.938578,-7.2899213,0.22354588,11.653386
856,30.23666548922642,-2.4217958,7.193372,-4.064326,-6.5398135,0.9071106,11.286897
857,30.27198869657365,-2.0280097,7.224768,-4.4811835,-6.3110013,0.83547485,13.042145
858,30.307311903920876,-3.2834704,5.604201,-3.4870682,-5.315843,-0.13600999,9.855663
859,30.342635111268102,-1.9771835,7.1128154,-3.2378042,-6.7065816,1.0142689,11.828103
860,30.37795831861533,-2.2989867,7.942833,-3.7711372,-6.958281,1.8420817,12.522995
861,30.413281525962557,-3.4078968,8.330161,-4.4441457,-7.5125675,3.106312,13.120637
862,30.448604733309786,-0.39846584,7.499707,-3.923753,-10.386938,2.17868,15.666188
863,30.48392794065701,1.6556576,9.165591,-4.322353,-7.70183,-0.44155192,12.887987
864,30.51925114800424,2.6169128,8.5373535,-1.650715,-5.3705354,-0.037679262,9.063403
865,30.554574355351466,2.7189765,9.330034,-0.70864034,-3.945951,-0.68637323,10.188663
866,30.58989756269869,1.2161115,9.045665,-1.9916444,-4.8072867,1.6116191,10.598098
867,30.62522077004592,0.45605302,8.704986,-3.1834188,-5.660098,0.9166046,13.920144
868,30.660543977393147,0.038563848,7.254971,-5.0330095,-8.50763,0.06179412,12.421682
869,30.695867184740376,-1.0574166,4.9096513,-5.649809,-9.264648,0.14168638,10.369572
870,30.7311903920876,-2.4174755,5.158911,-3.864221,-9.403491,1.223191,12.868926
871,30.76651359943483,-0.6815964,5.5406218,-5.8514056,-8.947743,-0.13702059,11.795266
872,30.801836806782056,-0.9764617,5.991529,-3.1164217,-8.902224,1.9964353,12.698799
873,30.83716001412928,0.73499835,6.179317,-4.5055766,-8.143987,1.0172834,11.24739
874,30.87248322147651,6.4929748,6.8456373,-1.0554675,-2.6760108,1.8717479,7.9933643
875,30.907806428823736,2.4246638,5.464987,-1.8527209,-1.5606316,3.774907,5.0035186
876,30.943129636170966,2.6655107,5.9239697,-1.4529319,0.45197055,4.131182,3.7183523
877,30.97845284351819,3.3356032,7.9422436,-2.062111,-0.98196507,2.7121046,8.832003
878,31.01377605086542,1.5483031,8.404592,-1.9805266,-2.1939385,1.3459976,8.2324295
879,31.049099258212646,1.2100036,7.139085,-3.9239624,-4.5843406,1.8643587,10.451834
880,31.08442246555987,0.4625393,6.2997203,-5.0568256,-6.3013825,1.9698567,11.877768
881,31.1197456729071,1.2985346,9.9968605,-2.610869,-4.493142,1.0954262,11.502323
882,31.155068880254326,0.6372737,8.875923,-2.4806952,-2.8603384,0.23156115,9.495984
883,31.190392087601555,5.2655234,13.044839,-2.6105487,-3.237205,0.85256815,13.479733
884,31.22571529494878,0.88812745,9.462075,-5.325051,-7.7139273,1.6563485,15.981483
885,31.26103850229601,-0.68987095,9.331645,-4.742755,-7.058965,0.6187028,12.166082
886,31.296361709643236,-2.984759,7.406674,-4.784157,-7.9261622,2.0246062,13.337681
887,31.33168491699046,-2.6388216,5.8867016,-3.1758125,-5.062804,0.5251158,8.14479
888,31.36700812433769,-1.4727635,6.0970225,-3.1766598,-6.305445,1.0243767,10.783732
889,31.402331331684916,-1.7927046,6.744219,-3.6570024,-6.706485,0.980752,11.108717
890,31.437654539032145,-2.997332,7.849714,-4.5350137,-8.012133,1.9438231,12.951844
891,31.47297774637937,-3.0995567,8.425073,-4.116164,-7.970867,3.5622709,14.224872
892,31.5083009537266,0.44125804,8.057714,-4.8734503,-9.679579,2.5450213,15.4165325
893,31.543624161073826,0.7826493,10.358613,-4.6284285,-6.1432867,0.10789539,14.943648
894,31.57894736842105,-0.40057918,9.108828,-6.454621,-9.052439,0.95953584,17.359364
895,31.61427057576828,-2.2452135,10.249791,-4.9574246,-7.1977253,-0.17864622,13.6738205
896,31.649593783115506,-1.7472802,6.1375375,-3.8153172,-5.6300063,0.07425033,10.277396
897,31.684916990462735,-0.79097575,6.5621676,-4.1213427,-5.714279,-0.46561575,11.180913
898,31.72024019780996,-1.370907,8.299116,-4.4184937,-5.983377,0.18982905,12.006568
899,31.75556340515719,-1.397284,7.6379943,-4.762427,-4.868229,0.7633036,13.059755
900,31.790886612504416,-2.5675998,5.6385355,-2.8374817,-3.4967685,-0.15855657,6.2746243
901,31.82620981985164,-2.1303437,6.3697953,-2.707744,-4.865963,0.42944673,12.157058
902,31.86153302719887,-3.798349,4.4776835,-2.1994886,-1.2752584,-0.832663,4.662259
903,31.896856234546096,-1.9000205,9.195834,-4.2263775,-5.63213,0.26085863,14.065486
904,31.932179441893325,-1.5096933,7.5766034,-4.619168,-6.880189,0.4502099,13.993391
905,31.96750264924055,0.13581708,7.9178996,-5.617255,-8.787092,0.22150642,15.771915
906,32.002825856587776,0.6614759,8.829444,-3.724094,-5.2983623,1.10273,11.784721
907,32.038149063935,0.2368073,5.847713,-1.7025783,-3.1241918,1.3315946,8.8956585
908,32.073472271282235,-1.4401202,6.68101,-1.6726903,-3.1922994,0.5107696,6.7771297
909,32.10879547862946,-1.4089526,6.158627,-1.737961,-3.0241299,1.1948248,7.987831
910,32.144118685976686,0.50318855,7.448371,-1.0553293,-4.0321026,1.8052094,8.995245
911,32.17944189332391,1.2163577,8.445708,-1.9244503,-3.7837174,1.6241167,10.190765
912,32.214765100671144,0.38663512,8.265543,-2.928646,-5.8810034,0.95474845,12.6448345
913,32.25008830801837,0.353364,8.878654,-2.8765912,-3.1040163,1.0459635,10.307678
914,32.285411515365595,-3.2178218,7.473493,-3.9157584,-5.233022,-0.116016835,9.159354
915,32.32073472271282,-2.6167598,9.830883,-2.623328,-2.94116,0.47292575,9.355788
916,32.35605793006005,-2.9493492,8.913736,-3.7922843,-4.284541,-0.08859747,9.783426
917,32.39138113740728,-1.2521449,9.2686,-5.150687,-5.200506,0.40399784,12.576862
918,32.426704344754505,-0.051225223,10.680085,-2.4907746,-1.4155358,1.1394159,9.788292
919,32.46202755210173,0.78147554,10.68707,-4.2896347,-2.6992548,0.9881443,10.973592
920,32.497350759448956,1.5469513,10.847471,-3.3595378,-4.1947794,0.94844097,14.768708
921,32.53267396679618,-1.2937453,11.215254,-3.7790575,-3.6483984,1.9022683,14.694695
922,32.567997174143414,-0.3665455,11.310379,-3.7023444,-2.2442794,1.1667024,13.606352
923,32.60332038149064,-1.7099913,9.4923725,-4.2951903,-4.330871,2.6120937,13.682884
924,32.638643588837866,0.8095093,6.969573,-5.3822083,-6.555202,0.9077309,12.062751
925,32.67396679618509,1.5750488,7.845561,-4.4474792,-7.313584,1.5416375,11.077381
926,32.709290003532324,0.03318742,6.4824486,-3.5361204,-5.0305223,0.5484115,9.460424
927,32.74461321087955,1.0441854,7.2713175,-2.434698,-6.3402143,1.1508534,9.66109
928,32.779936418226775,-0.32722104,8.085808,-3.6643157,-5.67866,2.1383376,11.766813
929,32.815259625574,-0.19670896,8.445684,-4.4033446,-5.664477,1.6737123,12.613002
930,32.850582832921226,-1.8038987,9.51314,-1.7522738,-5.4642463,0.57597923,15.02878
931,32.88590604026846,-1.7676711,6.693335,-5.7976756,-9.71657,1.2931324,15.937289
932,32.921229247615685,-3.040004,5.6861343,-4.6054482,-8.496932,1.2253287,13.012588
933,32.95655245496291,-2.089167,5.923216,-3.4370992,-6.834365,0.9948015,11.572096
934,32.991875662310136,-1.666629,7.0986714,-2.6825182,-6.056173,1.2268584,11.416473
935,33.02719886965736,-3.1365697,7.3908587,-4.454999,-8.728731,1.9589908,13.566683
936,33.062522077004594,-3.516258,8.28786,-4.25916,-8.033817,2.9396243,14.598251
937,33.09784528435182,-2.8111632,7.849371,-3.9760356,-5.501929,1.5205475,12.4497385
938,33.133168491699045,-4.1086235,8.48581,-4.59472,-8.686562,3.6118865,16.201065
939,33.16849169904627,-2.4832256,9.532355,-3.663264,-4.8561907,2.0904067,11.710685
940,33.203814906393504,-2.1261199,7.6344786,-5.2051516,-6.389852,0.099197246,12.720593
941,33.23913811374073,-2.8242137,7.280254,-4.4726534,-6.792028,2.3899407,12.649067
942,33.274461321087955,-1.2065638,6.6614203,-4.8166275,-10.438733,2.8056684,15.545344
943,33.30978452843518,-1.3590577,4.991819,-5.6037965,-10.723714,1.9284823,12.696049
944,33.345107735782406,-2.9905412,4.9503026,-5.0183835,-11.331739,1.4606582,13.852216
945,33.38043094312964,-1.4134711,5.8775535,-5.8476787,-10.342285,0.9334661,14.426497
946,33.415754150476864,-0.81144863,5.9886994,-3.2220273,-8.833224,2.0148215,13.277026
947,33.45107735782409,0.87308735,6.8191867,-4.127375,-8.611492,2.067497,13.779826
948,33.486400565171316,-0.17307168,6.519896,-3.870325,-9.765071,0.30954897,11.695451
949,33.52172377251854,-0.7003997,7.069512,-3.978957,-7.306078,0.21813025,11.832066
950,33.557046979865774,-0.07711595,9.582431,-3.007962,-7.703763,0.44719854,13.655229
951,33.592370187213,-1.2745485,7.4087996,-4.334286,-8.720067,-0.5251798,13.85553
952,33.627693394560225,-1.442567,7.287532,-3.722167,-9.2910595,0.7523564,15.976752
953,33.66301660190745,-1.4989145,4.9889884,-5.844304,-9.60002,-0.2864444,13.2839
954,33.69833980925468,-1.3676153,3.7809045,-5.8043404,-9.6147585,-0.12636925,10.810762
955,33.73366301660191,-2.0735867,5.568543,-3.986623,-6.84011,-0.48513553,11.428397
956,33.768986223949135,-1.092091,5.8705745,-4.953586,-7.9801664,-0.46772054,12.264723
957,33.80430943129636,-1.4533596,7.148807,-4.196307,-5.3269095,-0.34886178,10.386559
958,33.839632638643586,-0.922134,7.520168,-3.3240066,-5.2605557,0.07049694,10.323713
959,33.87495584599082,-0.264631,9.0144205,-3.4468608,-7.8990836,0.443193,13.90166
960,33.910279053338044,-1.384039,6.8511095,-2.8519552,-3.3608193,1.1585194,8.55774
961,33.94560226068527,-1.5437742,8.457382,-2.955725,-4.5623403,0.86968917,8.407207
962,33.980925468032495,-1.1622049,9.016915,-1.3556732,-4.06096,1.0695596,9.632494
963,34.01624867537972,-1.9446293,8.928298,-3.3713636,-7.4035015,0.3033883,13.235755
964,34.051571882726954,-4.1531715,5.381856,-5.182487,-7.460904,1.3087523,11.778286
965,34.08689509007418,-4.7382636,4.7274528,-4.437396,-6.712351,1.3940732,10.663454
966,34.122218297421405,-5.176726,4.5481668,-5.766106,-8.53375,1.1101505,10.274164
967,34.15754150476863,-3.9472525,6.7763224,-5.7686734,-7.699369,1.0331169,12.950236
968,34.19286471211586,-1.6314667,5.5396767,-5.1571555,-7.543613,0.35437846,12.147714
969,34.22818791946309,-1.172041,4.764093,-2.7851887,-5.4189053,0.8450207,10.587626
970,34.263511126810315,-0.7623651,5.2273936,-1.0498888,-3.0299063,-0.11253105,7.870899
971,34.29883433415754,-2.0957756,4.7928433,-3.180184,-6.670345,0.8447036,11.173731
972,34.334157541504766,-1.373963,6.227071,-3.7092338,-5.7335906,0.60016406,12.823912
973,34.369480748852,-2.8112407,7.2441716,-3.4640224,-5.5737433,-0.94250953,11.72762
974,34.404803956199224,-1.9236884,6.0172176,-2.8466632,-5.292798,1.3271564,11.348978
975,34.44012716354645,-0.25172338,6.045001,-3.6816251,-6.24699,1.3040448,11.906781
976,34.475450370893675,-0.9496699,6.5199833,-2.879664,-6.496801,1.2389462,12.206887
977,34.5107735782409,0.053926684,6.1722593,-4.387897,-9.244513,-1.1408141,12.828269
978,34.546096785588134,-0.8620683,8.127828,-3.4379106,-6.214832,-1.269939,11.857164
979,34.58141999293536,-0.44517356,8.103678,-4.011902,-7.491999,-1.2688084,12.31428
980,34.616743200282585,-1.2652954,8.458803,-4.6190467,-6.8116837,-1.1078384,12.044429
981,34.65206640762981,-3.2638958,8.402093,-5.7952046,-7.335555,-0.3180459,12.382685
982,34.68738961497704,0.089822695,10.848822,-3.3462684,-6.6098495,-0.22668651,14.598016
983,34.72271282232427,-0.010619832,6.618458,-3.1102905,-6.7372065,0.047412187,11.730851
984,34.758036029671494,0.18888459,6.9491677,-1.5801468,-4.0185537,-0.44773123,9.015531
985,34.79335923701872,2.100503,8.587077,-0.5252192,-4.2526026,-0.97117686,10.066508
986,34.828682444365946,-0.0807307,7.7985196,-2.4691005,-5.1131454,0.47688475,11.797097
987,34.86400565171318,-3.8848991,6.3764997,-4.5247674,-4.8126173,-1.196077,10.062095
988,34.899328859060404,0.27730966,9.0605955,-2.047109,-6.0023212,0.38687447,12.674256
989,34.93465206640763,1.6727954,10.410539,-1.9069644,-5.768798,-0.14625229,14.516221
990,34.969975273754855,-0.8026211,9.251832,-3.918067,-5.058766,0.35592473,12.484146
991,35.00529848110208,0.50557286,8.945877,-3.988601,-6.369918,0.7156444,12.215844
992,35.04062168844931,0.5827665,8.934298,-2.376506,-5.3881135,-0.08281389,12.669789
993,35.07594489579654,1.5981042,7.5500793,-4.1202626,-7.7666264,0.42924687,15.779916
994,35.111268103143765,0.72136086,5.05666,-3.9458644,-6.434157,0.06419395,12.538855
995,35.14659131049099,0.12386117,5.1218667,-2.796149,-4.8573475,0.013157186,9.756429
996,35.18191451783822,0.04662415,5.1959043,-3.1674595,-5.283682,0.26402378,10.481479
997,35.21723772518545,0.46388677,5.462615,-3.1164804,-5.2472186,0.51870835,9.882012
998,35.252560932532674,0.21693927,5.909266,-3.8665576,-4.9053636,0.5392928,12.600493
999,35.2878841398799,-0.23204304,6.2912545,-2.6326132,-4.945376,1.0779707,11.35742
1000,35.323207347227125,-1.9192302,6.255513,-2.6355803,-4.2566247,-0.36606127,9.346824
1001,35.35853055457436,0.7865734,6.110366,-2.825284,-4.5249233,1.2298831,11.26555
1002,35.393853761921584,0.05705328,6.615654,-3.0922687,-6.295418,1.2037805,11.622293
1003,35.42917696926881,1.3751489,9.718034,-1.8127636,-5.273451,0.5885208,13.672271
1004,35.464500176616035,1.6357641,6.3191323,-4.2046843,-8.711402,-1.207896,13.084228
1005,35.49982338396326,-1.1580516,7.670054,-3.881929,-7.567065,-0.68893695,12.638456
1006,35.53514659131049,-0.90521634,6.7718444,-4.8458185,-9.019273,-0.7039606,13.337368
1007,35.57046979865772,-1.8973634,8.369528,-4.911249,-7.0880747,-0.62462807,13.660012
1008,35.605793006004944,-2.8016558,9.9902315,-3.4670672,-6.3048987,-1.342751,14.492826
1009,35.64111621335217,-2.3031142,9.58338,-4.117723,-5.7359295,-2.5287795,14.580748
1010,35.6764394206994,-1.1227812,7.3126397,-5.3728724,-6.7643437,-2.0807014,13.867241
1011,35.71176262804663,-0.35337076,8.693848,-3.0453093,-3.9696517,-2.513506,13.704692
1012,35.747085835393854,-0.24689986,10.232006,-4.0179744,-4.5722795,-1.7376838,14.921027
1013,35.78240904274108,-0.5552577,6.0894413,-4.0633273,-5.109153,-0.61428154,12.561364
1014,35.817732250088305,-0.44376412,5.845429,-3.122125,-3.8567166,-1.1951516,10.098736
1015,35.85305545743554,-0.5934212,6.2186446,-3.9266577,-5.3959,0.28239805,10.033663
1016,35.88837866478276,0.09040831,7.0738883,-1.3867874,-4.9795585,-0.6480043,11.514748
1017,35.92370187212999,-0.35845494,8.002723,-3.9254756,-5.462547,-1.434873,13.878119
1018,35.959025079477215,-2.6073923,7.9538717,-4.794521,-6.5056124,-1.3053083,15.249756
1019,35.99434828682444,-1.0538944,6.7202544,-3.4251227,-5.437239,0.10262058,13.287878
1020,36.02967149417167,-2.3062315,5.400125,-2.5716357,-4.185767,-0.83366644,9.75182
1021,36.0649947015189,-1.4604676,5.305886,-1.9412625,-3.8257432,0.29187647,8.532629
1022,36.100317908866124,-0.6648739,8.05258,-0.66247207,-3.0615535,0.31066892,11.967502
1023,36.13564111621335,-1.3087312,7.148879,-1.8007401,-4.6324496,-0.5560815,10.671425
1024,36.17096432356058,-1.4535103,8.967301,-2.1332924,-5.7094574,-1.1900368,14.328894
1025,36.20628753090781,-0.93254197,8.655223,-4.250096,-7.002652,-1.6048975,13.78349
1026,36.241610738255034,-2.5023863,8.589815,-5.126689,-7.4255023,0.9505583,14.59119
1027,36.27693394560226,-1.7883911,6.3191,-4.6829696,-8.672722,0.55042684,15.419475
1028,36.312257152949485,-0.9914668,4.868868,-2.9364395,-6.4787035,0.18346034,12.025414
1029,36.34758036029672,-1.4853525,5.3731,-2.0179937,-6.226709,-0.45007497,10.465581
1030,36.38290356764394,-0.83690494,4.8576307,-2.302888,-6.0335402,1.0209084,10.852768
1031,36.41822677499117,-1.1509243,5.3425474,-2.6758907,-6.6539974,0.59784526,10.915965
1032,36.453549982338394,-1.1536704,6.355392,-2.522086,-7.472472,1.1713376,12.8003235
1033,36.48887318968562,0.13236772,5.053828,-4.7500873,-9.068689,0.35468206,14.176282
1034,36.52419639703285,-0.40787143,4.967491,-5.387685,-11.427342,0.3459569,13.188029
1035,36.55951960438008,-1.0754076,7.4297895,-4.141142,-8.48668,1.216635,12.770586
1036,36.594842811727304,-0.58638704,5.7965493,-6.181254,-10.552969,1.2715473,13.786943
1037,36.63016601907453,0.57174355,8.048703,-4.4991913,-8.703873,0.82036763,14.296513
1038,36.66548922642176,-0.6231957,8.842869,-4.946109,-7.5640035,0.71178603,14.731534
1039,36.70081243376899,-2.8549385,8.247139,-5.3568974,-7.8779516,0.86875236,13.806017
1040,36.73613564111621,-1.6500527,8.47697,-3.4759192,-7.58215,1.0537215,14.161253
1041,36.77145884846344,-0.9781078,4.9998994,-4.230254,-8.03953,1.0997713,12.198389
1042,36.806782055810665,-1.8474951,5.2823906,-2.6642687,-5.483875,-0.6288261,10.0873995
1043,36.8421052631579,-2.0128863,4.952828,-1.6854429,-5.8534927,0.39772084,10.564082
1044,36.87742847050512,-0.9231528,3.947551,-3.232514,-8.089815,0.9933489,10.404473
1045,36.91275167785235,-1.1245195,5.1248655,-3.9636147,-7.536492,0.51533335,10.215214
1046,36.948074885199574,-0.9931994,6.116025,-4.4847565,-9.685467,0.99868476,12.955136
1047,36.9833980925468,0.19492549,5.007878,-3.2931864,-6.379302,0.5895267,9.801687
1048,37.01872129989403,0.6053424,5.3379207,-2.4180434,-5.1753063,-0.017785298,8.190817
1049,37.05404450724126,-0.99350625,5.5931406,-2.2151196,-5.049773,0.522592,9.52701
1050,37.089367714588484,-1.1937232,7.3106966,-3.1953275,-6.1371107,0.11169728,10.433724
1051,37.12469092193571,-2.3492332,5.454059,-2.5794332,-5.14335,0.30848122,8.73897
1052,37.16001412928294,-1.5867825,5.6034904,-2.3644545,-5.067382,0.09300137,8.028267
1053,37.19533733663017,-0.8516045,5.3022513,-2.3863332,-5.7634153,-0.70749617,8.99897
1054,37.23066054397739,-0.40683454,4.6084423,-3.8662689,-7.1774173,0.32967365,10.329595
1055,37.26598375132462,-0.030216506,5.71779,-4.3310347,-8.816442,1.6089021,12.490393
1056,37.301306958671844,-0.24070276,6.1676016,-4.7336693,-9.0028305,0.35182217,13.338103
1057,37.33663016601908,-0.03038193,4.0720963,-6.6490974,-11.917519,0.7061902,13.228663
1058,37.3719533733663,-0.61483055,6.841036,-3.7720072,-7.9616103,0.8592048,11.754163
1059,37.40727658071353,-0.4693168,6.2986965,-6.341815,-10.463255,1.3865566,13.555964
1060,37.442599788060754,-2.5110207,8.653609,-5.77551,-9.686216,1.98567,12.552513
1061,37.47792299540798,-2.9835474,6.7726707,-5.4686427,-7.645151,1.0679008,11.41388
1062,37.51324620275521,-2.8036683,8.001959,-5.5883207,-9.558625,2.6521592,13.663932
1063,37.54856941010244,-1.5157964,4.985835,-5.509257,-10.190719,1.2806449,12.024861
1064,37.58389261744966,-0.7980224,5.083331,-4.1379623,-7.9309464,0.3058654,10.528645
1065,37.61921582479689,-0.39926115,5.432009,-3.6087096,-7.2784133,0.6736504,11.434191
1066,37.65453903214412,0.6665687,4.762118,-3.5766532,-8.018231,0.54410183,10.790504
1067,37.68986223949135,-0.95362693,6.270285,-4.4734383,-8.265187,0.9532812,11.116899
1068,37.72518544683857,-1.3448677,3.7763817,-5.1047916,-8.350189,0.4331593,10.786484
1069,37.7605086541858,-4.3419394,5.5193796,-4.077128,-7.6818175,1.4570606,9.587254
1070,37.795831861533024,-3.2133713,5.873853,-2.137444,-8.170072,0.64796376,11.472721
1071,37.83115506888026,-1.6373,1.2187662,-2.7930489,-4.2760954,1.4081721,2.6667967
1072,37.86647827622748,-4.0358515,5.7876663,-4.157023,-6.840303,-1.4635227,11.556896
1073,37.90180148357471,-3.53738,5.434587,-2.0342908,-7.7252417,0.91608673,9.625363
1074,37.937124690921934,-2.2169023,4.284179,-3.9352193,-8.607767,-0.5730401,10.840997
1075,37.97244789826916,-1.4151973,3.5739703,-5.9001203,-8.934988,0.478529,10.255159
1076,38.00777110561639,-0.5897434,5.5283794,-4.01565,-6.7892103,2.0370164,9.572042
1077,38.04309431296362,-2.0117571,5.2477794,-4.8629265,-8.8958845,0.91732883,12.713493
1078,38.07841752031084,-1.6860701,2.6402903,-6.205769,-9.6495,1.4248881,12.012479
1079,38.11374072765807,-3.7783566,5.550911,-4.35521,-8.725366,1.6899804,11.876183
1080,38.1490639350053,-1.2346668,5.6284313,-2.345907,-5.57811,0.75582075,9.644936
1081,38.18438714235253,-1.8189821,6.319192,-1.6657457,-6.4841714,1.2698406,11.920208
1082,38.21971034969975,-0.21993907,5.42986,-2.0944445,-5.6416016,1.228301,11.497639
1083,38.25503355704698,-1.7031556,7.1181006,-3.0531094,-7.1541014,2.2089424,13.458073
1084,38.290356764394204,-2.0497062,7.9188986,-2.4737685,-7.654871,2.4421399,15.22236
1085,38.32567997174144,-1.9830338,8.134351,-4.0344834,-8.639304,3.710296,16.45197
1086,38.36100317908866,-0.2628116,7.881371,-3.3232896,-9.815523,1.5712779,17.194271
1087,38.39632638643589,0.037048027,10.428887,-3.2663288,-8.168883,0.43053722,19.573982
1088,38.43164959378311,-0.9518113,12.685061,-3.1668813,-7.568861,0.5409965,20.098833
1089,38.46697280113034,-1.0503924,10.513735,-3.3803542,-8.278909,4.0909224,17.26696
1090,38.50229600847757,-1.1912314,6.1731153,-4.397641,-10.721711,2.0480223,15.125697
1091,38.5376192158248,-1.3462068,4.7063437,-5.024227,-12.084273,1.053199,12.632535
1092,38.57294242317202,-0.96405166,7.2845974,-5.0413117,-9.854994,0.7374557,14.925595
1093,38.60826563051925,-1.4325752,6.928712,-4.808006,-8.659534,-0.4583227,13.96855
1094,38.64358883786648,-0.624106,8.9518175,-4.4536815,-8.696181,-1.4314859,13.283486
1095,38.67891204521371,0.039827447,8.321681,-4.0821624,-8.608323,-0.7762405,13.187098
1096,38.71423525256093,-0.94180465,8.443832,-3.8805518,-6.474255,-1.7068119,12.307004
1097,38.74955845990816,-2.1319036,10.08265,-4.856324,-6.4115458,-2.0462658,13.28991
1098,38.784881667255384,0.24178459,11.574786,-2.294609,-5.8947315,-1.0841472,13.633129
1099,38.82020487460262,-1.2234529,9.202069,-3.0682685,-4.375395,-0.98071355,10.915541
1100,38.85552808194984,1.4597018,11.820193,-1.5081078,-3.856135,0.5004547,12.157693
1101,38.89085128929707,-0.033133507,9.346459,-3.3074474,-4.4652925,-1.7638922,11.71016
1102,38.92617449664429,-2.7516375,7.60348,-4.886732,-4.9507437,-1.0467036,12.054095
1103,38.96149770399152,-2.358946,9.636177,-4.2347493,-4.868867,-0.7824821,12.355232
1104,38.99682091133875,-1.1315964,8.595464,-4.643063,-4.578623,-3.3944314,12.160018
1105,39.03214411868598,0.7656639,9.403095,-3.8847294,-7.014495,-2.2026908,13.264493
1106,39.0674673260332,-0.27697074,10.332436,-5.118663,-7.1265335,-2.004719,14.224313
1107,39.10279053338043,-0.7206487,8.459382,-3.832733,-4.8462977,-1.6145768,10.588983
1108,39.13811374072766,-1.1339996,9.316895,-2.910556,-4.3392963,-2.1777217,10.922032
1109,39.17343694807489,-2.5812366,11.700795,-2.4223135,-4.079065,-2.2659736,12.268629
1110,39.20876015542211,-0.9526622,8.533922,-3.7015095,-3.7163272,-0.8005466,11.155814
1111,39.24408336276934,-2.9338417,7.130703,-4.150061,-4.6740694,-1.8474244,10.640949
1112,39.279406570116564,0.3734781,9.064698,-3.2651212,-7.0491676,-1.9731877,12.377103
1113,39.314729777463796,-0.8878833,7.1873674,-5.9056416,-10.499646,-1.837289,12.819262
1114,39.35005298481102,-0.35489962,6.7476907,-2.3938992,-4.8768454,-0.39036658,8.873484
1115,39.38537619215825,-1.4338987,6.988918,-5.864523,-9.743888,-1.1294053,13.065939
1116,39.42069939950547,-0.76588726,6.653264,-4.1929626,-8.600014,0.84800595,12.30198
1117,39.4560226068527,0.6042779,6.829541,-4.800217,-9.241243,0.011452349,13.210311
1118,39.49134581419993,1.0888685,7.957749,-4.332252,-5.710383,0.9183377,11.709821
1119,39.52666902154716,-0.14224853,9.918289,-3.634043,-4.883235,1.1011914,11.990377
1120,39.56199222889438,-0.61545056,9.616196,-2.9984543,-3.6390343,2.6407428,12.326765
1121,39.59731543624161,-0.99376565,7.9252806,-3.7316852,-5.994306,1.4787893,12.700608
1122,39.63263864358884,-0.054697204,5.719342,-5.4198046,-7.31163,1.3238229,12.211323
1123,39.66796185093607,-0.009343574,7.1788526,-4.5665393,-5.3877335,0.9192969,11.549621
1124,39.70328505828329,2.91291,6.3095536,-2.146293,-4.2746787,2.8078709,10.35751
1125,39.73860826563052,1.3656327,5.7527494,-3.7123795,-3.8503785,2.6272736,10.148302
1126,39.77393147297774,0.19078387,8.22972,-4.3472323,-4.769023,1.7377608,11.273704
1127,39.809254680324976,0.12903443,8.322865,-3.549181,-2.715778,1.1666716,10.892599
1128,39.8445778876722,-1.8766046,7.7970214,-3.8452153,-4.962655,0.17724884,10.102203
1129,39.87990109501943,-2.5228033,8.516538,-3.8980424,-4.562574,0.12160631,9.800892
1130,39.91522430236665,-1.3523973,10.298486,-4.2623353,-4.3084064,0.56189,11.942932
1131,39.95054750971388,0.16432367,7.6741805,-6.078305,-5.15746,0.78881365,13.073027
1132,39.98587071706111,-0.078118205,6.5352736,-3.842411,-2.781769,1.3967699,9.4537325
1133,40.02119392440834,-0.7464592,6.581988,-1.7684495,-2.785107,0.35223377,7.640766
1134,40.05651713175556,-0.9212362,5.3423333,-4.0901814,-4.054293,2.006608,9.596357
1135,40.09184033910279,-1.0136148,6.4406223,-2.4259753,-3.9238439,1.1603388,9.080038
1136,40.12716354645002,1.4891382,5.4550157,-2.8293002,-0.74572,0.18045509,6.2723775
1137,40.162486753797246,-0.0033360058,5.6618595,-2.1759288,-3.1174362,2.4888887,8.636756
1138,40.19780996114447,-1.2614907,6.715343,-2.3965263,-3.7923284,0.34337246,8.4536495
1139,40.2331331684917,-0.10044942,4.704991,-2.6124191,-3.5112536,1.8066545,8.25115
1140,40.26845637583892,-0.87416816,4.221064,-2.5592487,-2.9342656,0.91023475,7.519311
1141,40.303779583186156,-2.8246179,5.1463156,-2.3653326,-2.1678667,-0.10860612,7.13977
1142,40.33910279053338,-1.272992,5.593984,-1.7659062,-2.9349427,1.3929324,8.287865
1143,40.37442599788061,-0.3919745,6.0189347,-2.3141582,-3.8403335,2.0253572,8.637559
1144,40.40974920522783,0.7900698,6.9227448,-2.2446187,-3.3692057,1.827721,9.827035
1145,40.445072412575065,0.6633029,5.962505,-2.621029,-2.9740012,1.711479,8.381887
1146,40.48039561992229,-0.2259482,6.199263,-2.1940148,-3.7949326,1.4182297,6.927831
1147,40.51571882726952,-0.46001238,7.9706254,-1.7469121,-4.038991,1.0624228,9.66542
1148,40.55104203461674,0.14836916,9.490665,-1.4631487,-1.6010723,1.5487715,9.371428
1149,40.58636524196397,0.7636978,9.526911,-2.338025,-0.6853963,1.1273952,10.247992
1150,40.6216884493112,0.17526436,9.293034,-4.704768,-5.6763606,-0.17178008,14.463943
1151,40.657011656658426,-0.8299159,9.653057,-5.2936196,-8.214709,0.31623715,17.662949
1152,40.69233486400565,1.298418,9.555513,-2.5829127,-2.9110923,-0.775219,10.665768
1153,40.72765807135288,2.7965505,12.946949,-1.84183,-3.9603167,0.79685855,12.937964
1154,40.7629812787001,1.8242801,10.186641,-3.5229292,-3.2035794,-0.17952043,12.606085
1155,40.798304486047336,-1.5172523,9.700452,-3.3608682,-3.0401332,0.2417909,11.967088
1156,40.83362769339456,-2.5047863,8.720525,-3.3461854,-0.60862243,0.0372576,10.080113
1157,40.86895090074179,-3.0637834,9.832829,-4.4057384,-4.086104,0.033121694,11.811815
1158,40.90427410808901,0.19012475,11.757684,-3.5551145,-3.0600286,-0.317244,12.516039
1159,40.939597315436245,1.2368792,9.97012,-5.3101573,-6.592801,0.11777064,13.643766
1160,40.97492052278347,1.7446908,9.639949,-3.9751215,-3.9811985,-0.15733026,13.204066
1161,41.010243730130696,-0.15528306,10.22818,-5.2950125,-7.3976293,0.34216166,16.292942
1162,41.04556693747792,-1.308083,10.311339,-4.0415244,-6.921348,1.1353136,15.343714
1163,41.08089014482515,-2.170207,8.858765,-6.120535,-9.501058,1.6037849,16.302038
1164,41.11621335217238,-1.6671796,9.877508,-5.2430325,-8.273633,0.32414886,14.674778
1165,41.151536559519606,-3.7227452,8.411662,-6.2679095,-9.274435,0.1859999,11.552207
1166,41.18685976686683,-3.2201884,7.8194304,-3.8697534,-3.8748963,-0.07400839,7.4690337
1167,41.22218297421406,-3.50071,9.069908,-5.575331,-6.3311276,-0.20677042,10.701789
1168,41.25750618156128,-5.106784,7.720065,-6.6053143,-8.035266,0.77405286,13.19974
1169,41.292829388908515,-1.9266744,6.6684823,-4.361189,-5.772831,-0.01646181,13.407438
1170,41.32815259625574,-3.035416,6.078404,-2.2969265,-3.2212179,-0.123992845,7.7260437
1171,41.36347580360297,-2.3742468,6.232751,-4.0507283,-6.8585157,-0.4426027,11.631483
1172,41.39879901095019,-2.5542698,6.2464166,-4.7156124,-6.931402,-0.30216157,11.251955
1173,41.434122218297425,-2.598206,7.985111,-4.321068,-6.895997,-0.52907836,12.551767
1174,41.46944542564465,-1.6507189,7.6026335,-3.6398995,-4.662331,0.69045895,12.879195
1175,41.504768632991876,-1.309312,5.8503227,-1.8265907,-3.0961092,0.82961714,6.0709205
1176,41.5400918403391,-4.945404,4.7432394,-5.156435,-10.256867,3.0944755,11.564041
1177,41.57541504768633,-1.692708,6.4012237,-1.9729459,-5.0202575,0.71200234,12.141535
1178,41.61073825503356,-1.5172019,7.1336474,-2.6279738,-3.9825778,0.5339759,12.036809
1179,41.646061462380786,-1.5707141,9.0459,-3.3425877,-4.2706604,0.363443,13.244354
1180,41.68138466972801,-3.3122566,8.380432,-3.9739695,-4.6998,0.7792816,12.174938
1181,41.71670787707524,-3.5321069,9.171868,-4.485874,-7.268477,2.4381187,14.249435
1182,41.75203108442246,-1.249877,11.188069,-3.046945,-3.7403655,0.41339445,13.808009
1183,41.787354291769695,-3.185332,11.147074,-4.490791,-6.531391,2.1083903,15.761741
1184,41.82267749911692,-2.7734485,7.09263,-4.36551,-7.6389747,2.723742,14.266035
1185,41.858000706464146,-3.3658795,6.6535096,-3.9506164,-6.4650726,1.2918675,11.203792
1186,41.89332391381137,-2.5911133,5.7492347,-2.777738,-6.08354,1.6282505,11.631045
1187,41.928647121158605,-1.6916896,7.699682,-2.4304948,-5.2783093,2.1223836,11.706036
1188,41.96397032850583,-3.3689978,7.4951277,-3.6345398,-7.8685927,2.9676857,13.3704605
1189,41.999293535853056,-0.27312103,7.477736,-4.467464,-8.805685,2.1657913,15.11422
1190,42.03461674320028,-0.8732741,5.855379,-5.685996,-10.738324,1.3571506,13.209635
1191,42.06993995054751,-2.9340854,5.5111723,-4.350232,-10.489458,1.3169571,14.023895
1192,42.10526315789474,-1.052099,6.5399733,-5.794788,-9.953365,1.3561743,14.643747
1193,42.140586365241965,0.9578851,7.524217,-2.0180779,-8.365938,1.5093575,12.475316
1194,42.17590957258919,0.84645694,8.012366,-2.1827042,-10.412964,2.4829261,17.561499
1195,42.21123277993642,0.1408646,7.8631983,-1.8629135,-10.6846485,3.920527,17.969416
1196,42.24655598728364,-2.1748664,5.801393,-5.154847,-12.599177,2.832631,18.186571
1197,42.281879194630875,-3.126875,4.598091,-4.7167454,-10.8152075,1.9253199,15.006615
1198,42.3172024019781,-1.7728002,4.361594,-2.5728796,-9.19134,2.0090625,13.973992
1199,42.352525609325326,-1.8529825,6.2205424,-2.9305406,-9.43959,2.6208968,14.290935
1200,42.38784881667255,-4.209036,6.2857666,-4.143504,-10.971097,2.7526839,14.056909
1201,42.423172024019784,-0.6598597,9.466487,-2.16827,-9.782688,2.4869547,18.356932
1202,42.45849523136701,-3.2133439,9.067506,-3.6988382,-9.033696,1.766262,16.127743
1203,42.493818438714236,-2.6665502,9.728544,-2.9972682,-9.167733,2.5364454,18.34434
1204,42.52914164606146,-1.6913937,12.5535965,-2.3288872,-6.9318175,2.5893533,15.500121
1205,42.56446485340869,-1.2226386,12.190524,-1.5076852,-7.431979,3.237129,16.246168
1206,42.59978806075592,-2.5185506,10.907944,-2.7436082,-7.9988465,2.2890456,18.196608
1207,42.635111268103145,-4.2521086,7.226537,-5.276253,-9.989518,3.4125786,16.8932
1208,42.67043447545037,-2.866557,8.180413,-4.7102556,-6.9289784,1.9530352,12.215262
1209,42.705757682797596,-2.3591135,8.779846,-4.574133,-5.6260757,2.5917315,10.660402
1210,42.74108089014482,-2.4234796,6.299376,-5.5639253,-6.9138436,0.86718506,9.97071
1211,42.776404097492055,-2.939861,7.403696,-4.4943213,-3.0837977,1.2877488,10.3334255
1212,42.81172730483928,-3.110553,9.641638,-4.153673,-4.908951,-0.4398589,11.068516
1213,42.847050512186506,-2.452324,8.392969,-3.30947,-2.402511,0.46851256,10.6576
1214,42.88237371953373,-2.5067832,8.686553,-4.3332243,-4.9382043,-0.007881646,11.225795
1215,42.917696926880964,-2.8214254,9.306769,-4.220929,-6.7819123,1.7712045,13.960198
1216,42.95302013422819,-1.7463814,5.8702483,-4.5052857,-11.859666,3.0493326,16.666523
1217,42.988343341575415,1.2846069,8.213512,-1.6898737,-8.108713,1.9919858,13.2578745
1218,43.02366654892264,0.9082431,8.861872,-1.5982648,-8.094343,2.5024366,15.63527
1219,43.05898975626987,2.0283058,12.832984,-0.6248076,-7.671112,2.8012729,13.1347065
1220,43.0943129636171,-1.4338276,10.790069,-3.7172344,-7.6919165,-0.6930094,16.205618
1221,43.129636170964325,0.75470895,11.126519,-3.1691005,-4.963746,-2.8538685,12.069778
1222,43.16495937831155,-0.3796697,8.425077,-4.0766006,-5.120905,-2.436935,12.688687
1223,43.200282585658776,-0.70914114,9.573146,-3.2523162,-5.8280253,-2.8906727,16.257462
1224,43.235605793006,-0.27775154,10.487399,-3.4189649,-2.948022,-3.0501556,14.153428
1225,43.270929000353235,-1.3523544,7.8048997,-3.617085,-4.251599,-2.107058,12.15784
1226,43.30625220770046,-1.0707779,9.068535,-3.8004944,-6.3678102,-1.1814183,13.68459
1227,43.341575415047686,-0.7823474,9.197349,-3.3290617,-6.437193,-0.7030423,13.751172
1228,43.37689862239491,-3.2058344,9.963899,-5.700659,-7.323158,0.38195983,12.314825
1229,43.412221829742144,-2.9309745,9.5538845,-5.8795376,-6.567501,0.58924955,14.763821
1230,43.44754503708937,-1.4704084,10.057103,-4.2016163,-6.0789266,-0.9760126,13.548347
1231,43.482868244436595,-0.97693104,10.719294,-4.545757,-8.225649,-0.19203009,13.654137
1232,43.51819145178382,-2.228286,12.066266,-5.141558,-8.251221,1.3984256,15.289855
1233,43.55351465913105,-0.39640322,13.84962,-2.56226,-5.606628,4.091542,14.726366
1234,43.58883786647828,-1.7263774,6.4255157,-5.931924,-9.132805,2.03634,12.19655
1235,43.624161073825505,-2.43969,2.9139073,-6.3341556,-12.1886215,3.0004687,13.628767
1236,43.65948428117273,-1.4842577,5.211331,-4.596191,-9.874257,2.0086904,13.5886965
1237,43.694807488519956,-1.5301849,6.2360373,-5.5461216,-9.8428755,1.9175155,15.20229
1238,43.73013069586718,-1.0449593,5.360711,-4.147145,-9.881497,2.4016936,13.440893
1239,43.765453903214414,1.2796946,7.0070424,-4.023552,-8.194168,2.496768,14.22633
1240,43.80077711056164,2.4086442,8.429442,-4.3020406,-6.8387046,1.6738346,12.900958
1241,43.836100317908866,0.86326075,8.0096855,-4.396398,-6.020145,1.7213476,11.054362
1242,43.87142352525609,-0.6666953,8.618703,-5.1654296,-9.855397,0.42274785,13.691936
1243,43.906746732603324,-2.1567788,6.751472,-6.316859,-10.167516,0.060271773,14.080137
1244,43.94206993995055,-0.2864029,8.735193,-4.8808026,-8.6118965,-0.47127852,14.3915
1245,43.977393147297775,-0.9329167,7.8832,-4.8739386,-6.190496,-0.43693388,11.625345
1246,44.012716354645,-2.4676247,8.158663,-5.9621983,-8.257195,-0.15648815,11.756536
1247,44.048039561992226,-1.8074859,8.647758,-4.831063,-5.7825737,-0.31215066,11.1874485
1248,44.08336276933946,-1.9914258,7.715831,-5.011256,-7.104642,-0.08186227,12.771062
1249,44.118685976686685,-1.500529,5.2579055,-3.0603623,-4.4142184,-0.037252598,9.276925
1250,44.15400918403391,-2.6985784,5.345371,-4.016415,-10.239618,2.3515532,13.473959
1251,44.189332391381136,-2.4716349,7.0498013,-4.5625277,-8.560053,1.702374,12.586679
1252,44.22465559872836,-3.1434655,7.9401298,-4.4178624,-7.4591436,1.4819182,12.103537
1253,44.259978806075594,-2.54584,8.170879,-5.2686477,-9.235889,1.8895073,14.186278
1254,44.29530201342282,-0.41987565,8.387638,-4.515959,-9.54728,2.3507986,14.98422
1255,44.330625220770045,-0.07749995,8.476241,-4.2588277,-6.9201183,0.080764785,11.75179
1256,44.36594842811727,-0.83126533,8.473133,-4.551003,-10.432955,2.241577,13.817497
1257,44.401271635464504,-2.0944197,5.1609917,-5.3843975,-11.2928915,1.4234269,13.545661
1258,44.43659484281173,-2.9973803,3.409849,-4.330725,-9.204258,1.3812475,11.591926
1259,44.471918050158955,-2.9266665,7.008889,-2.974893,-7.69092,2.9915287,11.177113
1260,44.50724125750618,-3.9923322,3.206232,-3.8162937,-8.508639,0.87436354,10.675319
1261,44.542564464853406,-1.9082038,3.5636995,-4.634522,-9.035411,2.1016397,11.153675
1262,44.57788767220064,-3.779818,5.5237722,-4.7355742,-11.244324,3.9969237,13.164383
1263,44.613210879547864,-5.1859417,7.1441975,-2.983643,-8.342352,3.5626163,9.797357
1264,44.64853408689509,-2.7557228,5.2898765,-4.5818157,-7.9051332,2.3303397,11.138764
1265,44.683857294242316,-1.7619585,6.362572,-5.8884215,-10.851097,3.0161057,13.839
1266,44.71918050158954,-1.0855612,7.1783223,-6.001782,-12.506865,3.677837,16.705067
1267,44.754503708936774,-2.6669176,8.795934,-6.21386,-9.873363,4.536285,14.46113
1268,44.789826916284,-2.818704,3.716969,-7.4987645,-12.43295,2.8513806,13.443693
1269,44.825150123631225,-3.1015968,4.9764085,-4.209284,-8.470441,1.4119781,10.277161
1270,44.86047333097845,-1.1157815,5.2398763,-2.414037,-6.9095674,1.933076,9.686751
1271,44.89579653832568,-0.99592745,5.188002,-2.4214766,-6.147364,1.6581858,8.825682
1272,44.93111974567291,-0.9017869,6.0826797,-0.9959389,-8.149879,1.86532,11.526128
1273,44.966442953020135,-0.81760114,5.0318856,-3.1388557,-7.466474,2.583797,11.011
1274,45.00176616036736,-1.6849186,6.8819733,-2.366305,-8.341225,3.7956855,13.555745
1275,45.037089367714586,0.2872908,8.465844,-2.6971393,-12.195444,3.2838454,17.264065
1276,45.07241257506182,0.16575328,10.963423,-2.4211211,-9.651055,2.7526486,18.335617
1277,45.107735782409044,-0.49510425,10.428414,-2.196817,-8.860816,1.196607,16.587963
1278,45.14305898975627,-0.34913096,8.055895,-2.083639,-9.760198,1.8336114,16.338907
1279,45.178382197103495,-0.20802267,7.9791307,-0.27470413,-8.115397,3.9726193,13.58054
1280,45.21370540445072,-3.4462268,7.9952383,-1.00338,-6.900285,3.496439,11.104182
1281,45.249028611797954,-1.7580239,6.287339,-1.7547377,-8.223259,2.5899453,13.861526
1282,45.28435181914518,-0.9966259,7.2058196,-1.5852044,-8.106685,2.245852,13.79482
1283,45.319675026492405,0.16254428,10.187857,-1.4011334,-8.145239,3.16198,17.479147
1284,45.35499823383963,1.3792533,10.228363,-0.6854471,-10.464891,4.447406,17.01379
1285,45.39032144118686,0.22322135,6.995346,-3.516645,-11.767431,2.763401,16.22797
1286,45.42564464853409,-2.121872,5.779962,-2.75846,-8.570284,0.62339354,13.947244
1287,45.460967855881314,-0.31216568,7.295497,-3.7556443,-9.879507,1.3008152,15.848483
1288,45.49629106322854,0.49427587,8.346085,-1.9665507,-6.4599414,0.70301443,15.469967
1289,45.531614270575766,0.48285553,10.532069,-3.4275684,-8.920235,0.56546265,20.16118
1290,45.566937477923,0.73650247,9.972746,-1.5667173,-8.748536,0.21182181,17.189629
1291,45.602260685270224,0.64711624,12.628313,0.7173379,-5.624263,-0.6191311,18.331467
1292,45.63758389261745,1.4357808,10.828133,1.7205446,-2.4393086,-1.3580121,14.841771
1293,45.672907099964675,-1.1045645,11.985069,-0.91259027,-5.6189833,-1.7915369,20.159182
1294,45.7082303073119,-3.359158,8.4346695,-3.9646409,-8.034354,-0.059280705,17.679598
1295,45.74355351465913,-2.870114,8.285162,-5.0149126,-8.918765,0.26231596,17.302246
1296,45.77887672200636,-0.67011696,8.092417,-3.9102595,-8.990839,-1.4582745,17.070786
1297,45.814199929353585,-0.4837993,10.013203,-4.0483603,-5.9780426,-0.6396424,15.79604
1298,45.84952313670081,-0.23515618,11.060556,-4.451657,-7.3552346,-0.5470082,17.79037
1299,45.88484634404804,-1.4461005,9.519455,-6.3790746,-8.989636,0.4120905,18.126026
1300,45.92016955139527,-0.8998316,9.833692,-2.8576298,-4.825206,0.66378015,16.694605
1301,45.955492758742494,-3.6838188,8.366726,-4.196829,-6.4242096,0.6416671,12.805923
1302,45.99081596608972,-3.4014614,6.9509883,-3.9121692,-6.283994,1.080865,11.401482
1303,46.026139173436945,-2.1359177,5.7974596,-2.2329304,-5.8779798,1.0457816,11.083837
1304,46.06146238078418,-2.4303493,5.7629576,-2.931265,-7.3245177,0.84630305,15.420736
1305,46.096785588131404,-1.3876654,6.9265075,-2.7017822,-5.033125,0.8188628,13.949388
1306,46.13210879547863,-2.3767393,9.241347,-3.3184745,-6.3541822,0.98790854,15.942001
1307,46.167432002825855,-2.59641,8.754565,-3.450673,-6.4009423,-0.12847696,16.748549
1308,46.20275521017308,-0.39837795,7.56559,-4.69186,-9.456924,-0.4226562,18.81295
1309,46.23807841752031,-0.24585462,9.219938,-4.444085,-9.380546,1.0100716,18.91196
1310,46.27340162486754,-2.5410247,9.801666,-5.8159895,-9.387595,1.4684261,17.585283
1311,46.308724832214764,-1.986428,7.6848774,-4.7290597,-9.558698,1.378642,17.463509
1312,46.34404803956199,-2.6101382,4.8476706,-4.5778103,-7.875857,0.60819876,12.3064
1313,46.37937124690922,-1.633412,5.640102,-2.379263,-6.1090484,0.84626436,13.268588
1314,46.41469445425645,-2.1057827,6.275982,-2.913397,-8.20635,1.8771217,13.265435
1315,46.450017661603674,-2.6674166,5.9239073,-2.1965902,-5.2880845,0.22086026,10.790529
1316,46.4853408689509,-1.2911483,7.128317,-2.98345,-8.111248,1.7464529,14.598277
1317,46.520664076298125,-1.5216774,6.0752378,-5.6821103,-10.868033,1.1435742,15.299095
1318,46.55598728364536,-0.048169937,7.2198377,-6.1130433,-11.562122,1.8956859,18.16531
1319,46.59131049099258,-1.650582,7.940091,-6.94922,-11.697273,3.2213466,16.055792
1320,46.62663369833981,-1.5904007,3.9791813,-6.5372553,-11.358339,1.8484335,12.450227
1321,46.661956905687035,-1.8065152,4.297324,-3.886639,-7.8333836,0.8091584,10.573538
1322,46.69728011303426,-1.2013371,5.901913,-1.7017468,-6.4875245,1.8366668,11.008902
1323,46.73260332038149,-1.8931171,4.8917193,-3.059537,-6.815871,1.8223749,10.017353
1324,46.76792652772872,-2.2704778,3.2591286,-5.8810797,-9.450687,2.0180876,10.418362
1325,46.803249735075944,0.20000908,7.2152205,-2.1704147,-7.4962816,1.4280902,14.356728
1326,46.83857294242317,0.66434455,8.261739,-3.3641326,-9.572203,0.42191234,16.008873
1327,46.8738961497704,0.061063096,11.74755,-3.3230493,-10.553288,2.1794307,18.313822
1328,46.90921935711763,-0.34416804,7.954771,-3.6073601,-9.930102,2.3741903,16.185225
1329,46.944542564464854,0.45231882,8.842782,0.13142854,-7.4771776,4.9696636,10.774586
1330,46.97986577181208,-1.8796701,1.8633639,-2.7782435,-4.573637,1.707471,3.406359
1331,47.015188979159305,-2.428103,6.6646256,-1.9911876,-7.5918612,2.6181347,13.913568
1332,47.05051218650654,-0.56274104,8.111094,-2.3755975,-8.41231,3.3435385,15.600979
1333,47.08583539385376,-1.3548518,9.659924,-1.3837574,-8.596326,3.8329816,15.675065
1334,47.12115860120099,-1.2813212,7.375589,-4.0205183,-9.825292,1.2248827,16.623783
1335,47.156481808548214,-0.67837083,7.017173,-4.344383,-11.086149,1.2198012,14.361994
1336,47.19180501589544,-2.3491518,6.001488,-2.463796,-7.5598564,0.97681004,10.753908
1337,47.22712822324267,-1.5819017,6.9020195,-4.7097526,-9.622602,-0.075646184,15.44405
1338,47.2624514305899,0.21616885,8.145899,-3.350698,-7.782687,0.26476383,15.943764
1339,47.297774637937124,0.44883367,9.726624,-3.6592948,-8.045978,-0.2849912,18.41319
1340,47.33309784528435,0.4873898,10.269327,-2.4682753,-9.170277,-0.080023944,18.148523
1341,47.36842105263158,0.37507048,9.811769,-3.1408858,-7.530451,-0.48721242,18.465626
1342,47.40374425997881,0.808874,10.223647,-1.1421003,-5.360821,0.704152,19.83423
1343,47.43906746732603,1.1777909,7.0322633,-3.921496,-8.784118,-0.82903886,15.170618
1344,47.47439067467326,0.38734946,5.8458233,-4.2326097,-7.5958705,0.38544154,14.195272
1345,47.509713882020485,-1.9859153,4.7542157,-2.755484,-6.847127,0.48027942,11.094021
1346,47.54503708936772,-1.0080794,5.274228,-3.5097003,-6.6962805,-0.27543977,11.031904
1347,47.58036029671494,0.4868013,6.2017736,-4.0306106,-6.898823,0.35994774,14.916054
1348,47.61568350406217,-0.978167,5.8617682,-4.0038376,-7.7683325,0.91227305,12.974954
1349,47.651006711409394,-1.9886247,4.997695,-1.8518605,-5.131138,0.35443333,9.603484
1350,47.68632991875662,-0.5026214,6.552324,-4.5233083,-7.078396,0.85688287,12.517703
1351,47.72165312610385,0.9356045,6.7896247,-5.315812,-8.438295,0.22110766,14.028017
1352,47.75697633345108,-3.6322718,4.2808156,-7.043751,-11.522744,2.0935867,13.001943
1353,47.792299540798304,-2.8068633,5.0978055,-5.1485767,-8.477633,0.83678246,12.1725235
1354,47.82762274814553,-1.5211095,5.695719,-2.5265007,-6.334224,1.2657743,13.902684
1355,47.86294595549276,-1.6464009,5.8301263,-2.2429647,-6.600141,1.0916991,14.66251
1356,47.89826916283999,-3.3288229,5.7938304,-2.885933,-8.518107,3.3869448,10.847993
1357,47.93359237018721,-1.7784287,5.838097,-3.5497441,-7.747668,2.0301,12.33077
1358,47.96891557753444,-2.6753633,5.4375777,-5.6553345,-8.735854,1.4694281,12.038181
1359,48.004238784881665,-0.34230712,5.2113566,-5.635601,-8.879617,2.3785481,13.294448
1360,48.0395619922289,-3.8334897,6.560267,-2.8872366,-7.832276,3.4294107,9.753038
1361,48.07488519957612,-1.3051894,8.611091,-0.13458085,-5.8932242,1.6203781,12.745084
1362,48.11020840692335,-1.5862191,6.363179,-3.1546478,-7.1857605,1.2145944,11.723683
1363,48.145531614270574,0.52983516,6.106852,-2.995627,-6.6277795,2.1217303,11.919644
1364,48.1808548216178,0.47747353,9.096322,-3.9968777,-9.348614,1.42384,16.561546
1365,48.21617802896503,1.3899454,9.335161,-4.478761,-8.873669,0.51506835,16.081787
1366,48.25150123631226,0.41554192,12.204904,-3.5359163,-9.898204,1.784664,18.045662
1367,48.286824443659484,-0.32337895,7.8516483,-3.837627,-8.832393,2.0797384,15.463498
1368,48.32214765100671,0.44547483,7.7546077,-3.8789184,-8.569627,1.9563954,15.747229
1369,48.35747085835394,0.5974232,7.711991,-3.3786006,-10.04505,1.5792068,14.376881
1370,48.39279406570117,-0.9660861,5.996594,-2.1925037,-7.0564885,0.38802144,10.591614
1371,48.42811727304839,-0.749397,7.3240104,-4.158832,-10.122035,0.93081445,15.501165
1372,48.46344048039562,0.40319362,8.328445,-3.3306375,-7.4498124,0.55082524,15.715985
1373,48.498763687742844,0.13901946,9.619761,-3.8207526,-7.8536115,0.007672105,17.899132
1374,48.53408689509008,1.0167809,10.543993,-1.3203585,-7.186132,-1.4661219,16.127913
1375,48.5694101024373,2.5119991,10.8126545,-0.2238876,-5.483057,-0.85017526,15.709592
1376,48.60473330978453,2.085921,10.637888,-1.5218354,-5.503588,-1.0158451,16.465801
1377,48.640056517131754,1.9066689,8.700821,-3.0292501,-8.113856,-1.59997,14.683934
1378,48.67537972447898,1.188395,7.209688,-3.3377895,-7.077678,-0.24410373,13.765381
1379,48.71070293182621,0.58252126,5.6300416,-2.0515347,-4.9161267,-0.4644999,8.990027
1380,48.74602613917344,-1.0271087,4.4632936,-3.757517,-7.075432,-0.052053,9.803574
1381,48.78134934652066,-0.9970239,4.2347436,-5.734745,-9.878471,0.6285936,10.935163
1382,48.81667255386789,-3.0684488,6.6928678,-2.2662246,-5.6341367,0.13847812,12.373214
1383,48.85199576121512,-2.2613604,5.9692936,-2.284125,-6.740733,3.7235968,6.3530326
1384,48.88731896856235,-2.6040008,5.44484,-5.986429,-9.111517,0.9365369,10.628435
1385,48.92264217590957,-1.9883839,6.2452073,-5.950732,-10.330729,-0.18326049,13.257504
1386,48.9579653832568,-3.1745734,5.124983,-6.361011,-10.388184,-0.016776357,13.805248
1387,48.993288590604024,-1.7228022,5.753608,-3.9334462,-6.7768393,-0.5938061,11.093631
1388,49.02861179795126,-2.3540673,5.467344,-3.5388267,-7.0258155,-0.44919005,11.449871
1389,49.06393500529848,-2.9362993,5.7218733,-4.2353563,-8.152271,-0.54427105,11.94958
1390,49.09925821264571,-2.0683787,5.7020664,-6.8624325,-11.212509,0.32436144,13.707987
1391,49.134581419992934,-0.8059657,4.002615,-6.4443483,-10.407332,0.83416796,12.22399
1392,49.16990462734016,-1.2957911,6.4545083,-1.1493092,-4.174783,0.30287418,10.090604
1393,49.20522783468739,-0.42662692,6.6304517,-2.3856745,-6.950518,1.2223766,11.174438
1394,49.24055104203462,-0.02558888,6.4145365,-3.2865596,-8.29072,0.98342645,12.528794
1395,49.27587424938184,-0.7050275,8.099095,-1.6312569,-8.110819,2.5807087,11.798792
1396,49.31119745672907,0.3598056,5.9743595,-4.899515,-9.140161,1.5463874,12.740443
1397,49.3465206640763,-0.10340242,9.256716,-4.1251397,-10.34718,1.5856173,16.164608
1398,49.38184387142353,1.768798,10.001859,-4.5908933,-9.609532,0.37572682,16.468231
1399,49.41716707877075,1.3585098,12.402979,-3.4105194,-9.286697,1.4270982,16.327997
1400,49.45249028611798,0.7558441,9.518419,-2.0308912,-9.144309,2.6062434,16.356304
1401,49.487813493465204,0.90750515,9.095759,-3.6181986,-9.002346,1.0585561,15.504106
1402,49.52313670081244,1.1710575,9.331699,-2.4281325,-10.682194,2.993874,15.147071
1403,49.55845990815966,-2.7590497,6.798382,-2.943545,-10.100155,3.4475121,12.962153
1404,49.59378311550689,-0.046047714,8.403853,-3.688955,-9.550362,1.1742065,15.45902
1405,49.62910632285411,0.96437734,10.793019,-1.8162858,-7.1115446,0.63739747,15.528645
1406,49.66442953020134,2.420478,11.217428,-0.5944009,-7.1135936,1.2784061,17.248222
1407,49.69975273754857,0.7283388,7.426263,-2.6035078,-8.329202,0.88105124,14.906955
1408,49.7350759448958,1.4841757,8.843847,0.3294887,-6.7916527,4.172073,11.318397
1409,49.77039915224302,-2.0778606,9.901235,0.4092247,-5.6460233,2.1512926,14.418451
1410,49.80572235959025,-1.915949,7.2451625,-0.4497429,-7.181339,0.8313664,14.69368
1411,49.84104556693748,-1.2514976,6.3768935,-1.2671905,-7.6332927,1.9861571,12.700628
1412,49.87636877428471,-0.82754815,7.9518056,-1.1835644,-6.660921,0.6723968,14.5476
1413,49.91169198163193,2.444812,11.585898,-0.0017588201,-7.9887786,0.5779761,17.817722
1414,49.94701518897916,1.213016,11.730178,-0.36747703,-6.094876,-1.2173938,19.33259
1415,49.982338396326384,-1.5682439,11.054281,-4.506512,-8.320331,-0.53415436,16.987333
1416,50.017661603673616,-2.9180071,7.5757656,-5.751493,-8.329466,1.5521008,12.287763
1417,50.05298481102084,-3.654787,10.058873,-5.9037695,-9.202477,0.60965425,15.90713
1418,50.08830801836807,-1.4232035,10.759245,-3.2683957,-7.9864745,-0.2114783,18.888687
1419,50.12363122571529,-2.5054293,11.203523,-4.577635,-6.0725026,0.65064025,16.657856
1420,50.15895443306252,-0.87152356,6.2400455,-3.6640565,-7.0217447,-0.22510712,14.329634
1421,50.19427764040975,-1.8128736,5.1521225,-2.937833,-5.39028,-0.14540364,11.477027
1422,50.22960084775698,-0.8408661,4.5515366,-2.1524885,-4.855912,-0.08219758,10.193336
1423,50.2649240551042,-1.0824049,5.7375903,-2.0659924,-4.472018,-0.015934234,11.729065
1424,50.30024726245143,0.005659547,6.5322742,-1.8976378,-4.556001,0.23379846,12.124913
1425,50.33557046979866,-1.5801872,8.149482,-2.5699613,-6.5742974,-0.14332893,17.14332
1426,50.37089367714589,2.005448,10.936517,-1.7922826,-7.0996118,0.4074596,16.13436
1427,50.40621688449311,1.205793,12.875654,-2.4655118,-7.3614745,1.7536775,17.260378
1428,50.44154009184034,-0.14712378,12.767788,-2.3423674,-8.84177,3.2587376,17.31355
1429,50.47686329918756,-0.48293433,8.521852,-3.0220299,-8.67208,2.8456893,16.414303
1430,50.512186506534796,0.12555376,9.2638,-1.8482083,-8.071782,-0.0299253,17.581318
1431,50.54750971388202,0.13981305,10.492326,-2.2309978,-7.007876,0.52495754,17.728655
1432,50.58283292122925,0.14291883,8.388246,-1.6232324,-5.443743,0.5138585,14.207469
1433,50.61815612857647,-2.5406783,7.580605,-2.183203,-5.06339,-0.2745697,12.898643
1434,50.6534793359237,-0.4456176,7.324563,-0.44666278,-4.2066207,0.5913794,13.755966
1435,50.68880254327093,-2.421362,7.0724435,-1.6113678,-4.526288,-0.02125927,14.859249
1436,50.72412575061816,-0.55337286,10.063074,-0.39877504,-4.6263757,1.0125396,16.775446
1437,50.75944895796538,-1.1558203,11.251807,-1.4894335,-5.5873623,-0.1868881,18.563185
1438,50.79477216531261,-1.6128211,10.729876,-2.0801494,-6.321199,0.42600456,18.748453
1439,50.83009537265984,-0.5025644,11.332101,-1.4225671,-4.609459,0.8366787,17.90043
1440,50.865418580007066,-3.346793,9.1392145,-3.1404018,-5.462008,0.27924535,15.42135
1441,50.90074178735429,-3.9624217,10.13282,-3.891294,-6.800058,1.223928,16.070515
1442,50.93606499470152,-0.75741166,8.923903,-2.7541003,-7.621668,-1.0681543,17.868608
1443,50.97138820204874,-0.4123398,9.870776,-2.1240723,-6.98894,0.2668208,16.801231
1444,51.006711409395976,-1.9417182,8.972606,-3.2257776,-8.966521,-0.30562863,17.657679
1445,51.0420346167432,-1.1878394,8.14146,-3.9482505,-8.765002,-0.7967654,15.628233
1446,51.07735782409043,-1.0174223,11.242849,-3.9850786,-5.8376074,-0.56989306,14.003414
1447,51.11268103143765,-1.3651553,12.013911,-4.5516214,-6.7380652,0.031102587,18.966204
1448,51.14800423878488,-0.78531086,12.184832,-3.5514593,-6.4026017,-0.31883493,19.158194
1449,51.18332744613211,-2.4214382,6.6022954,-5.7335925,-6.9165125,-1.0084059,13.044918
1450,51.21865065347934,-2.3239768,5.799687,-4.778657,-6.9027953,-1.3441061,11.154484
1451,51.25397386082656,-2.2801566,6.2225704,-4.905154,-6.50116,-0.91916025,11.0690565
1452,51.28929706817379,-3.5659056,6.975306,-5.4648366,-7.928815,-0.7287469,12.357151
1453,51.32462027552102,-2.4794843,6.5930524,-5.1470566,-6.74695,0.09476311,13.511163
1454,51.359943482868246,-2.3005004,5.838815,-3.808747,-4.9364767,0.40566576,10.664112
1455,51.39526669021547,-3.8087063,6.4378843,-4.1201425,-6.0196204,1.1907667,10.687872
1456,51.4305898975627,-2.9876447,7.946087,-4.3077555,-6.721629,0.9541825,14.230687
1457,51.46591310490992,-1.1424112,7.050149,-4.826129,-8.479819,0.75332683,15.543572
1458,51.501236312257156,0.28635657,7.525385,-3.3468108,-11.219291,2.8149493,14.881747
1459,51.53655951960438,-0.5993273,8.334852,-1.1138033,-9.747399,4.3418994,12.744443
1460,51.57188272695161,-1.0076816,6.628893,-4.558476,-10.245472,1.4923936,15.210958
1461,51.60720593429883,0.13442414,7.592269,-1.8399758,-10.311261,2.4843643,13.242104
1462,51.64252914164606,0.45683178,8.036368,-2.1690757,-11.387631,2.8707497,17.338917
1463,51.67785234899329,-0.17197488,8.120626,-3.9251325,-11.333137,1.7218027,15.439893
1464,51.713175556340516,-0.91762286,7.7615848,-4.9126105,-10.336358,2.245696,15.853995
1465,51.74849876368774,-0.4248606,4.5719714,-5.9856815,-11.379662,2.2492247,14.82136
1466,51.78382197103497,-1.1173285,6.44221,-5.905544,-12.1497135,1.3739578,14.185686
1467,51.8191451783822,-1.632713,4.044732,-5.995038,-11.516929,1.5491244,13.256026
1468,51.854468385729426,-2.8909502,4.363587,-3.2301245,-8.866143,1.4926448,10.4025135
1469,51.88979159307665,-2.4647267,4.41717,-2.6651666,-7.359185,1.9031526,9.529839
1470,51.92511480042388,-2.903173,3.5936694,-4.0590553,-8.3141985,0.68349946,10.850343
1471,51.9604380077711,-1.194213,3.7951334,-4.479248,-10.138129,1.7205012,12.775588
1472,51.995761215118335,-2.7161398,4.7709727,-4.3470097,-9.669149,2.6321535,11.026953
1473,52.03108442246556,-4.0990458,6.5869226,-1.761043,-6.670233,3.1893256,7.9957814
1474,52.06640762981279,-2.2738755,4.885779,-4.521862,-8.740311,2.0357897,10.99622
1475,52.10173083716001,-1.6000845,4.6658044,-5.69417,-10.943778,1.1858857,12.217758
1476,52.13705404450724,-2.0304947,5.8584085,-5.5003242,-10.736608,1.4727945,13.966348
1477,52.17237725185447,-3.5177402,6.4022207,-7.4646816,-10.5829115,1.4411185,13.519955
1478,52.207700459201696,-5.920956,6.421965,-7.8959146,-10.873229,1.8990691,13.325905
1479,52.24302366654892,-3.7655976,4.064428,-6.5410247,-11.869035,1.6784912,14.162262
1480,52.27834687389615,-4.1188054,5.08397,-4.8771944,-8.286772,1.0951283,11.259431
1481,52.31367008124338,-2.464735,4.908274,-3.8138354,-7.39606,1.0013953,10.1783495
1482,52.348993288590606,-0.83485866,5.501656,-3.5487764,-7.692838,0.9387428,11.186892
1483,52.38431649593783,-1.4667201,5.264451,-5.0100775,-10.024393,1.3744049,12.920007
1484,52.41963970328506,0.2724219,4.5002785,-6.457643,-12.357983,2.9230542,15.68112
1485,52.45496291063228,-1.9602046,3.6665452,-6.0371776,-10.108162,2.149684,11.369382
1486,52.490286117979515,-1.1056491,4.359471,-3.018948,-6.9355693,1.4019055,8.892621
1487,52.52560932532674,0.3333371,6.128951,-1.8265827,-7.316611,2.0073054,11.528653
1488,52.56093253267397,-0.84075826,5.131169,-2.0684307,-6.3522277,2.123539,9.496846
1489,52.59625574002119,-0.6008424,4.14112,-3.1671708,-6.611333,1.8426235,9.56931
1490,52.63157894736842,-0.74422115,5.510569,-3.674772,-7.7521524,3.6609871,11.1747875
1491,52.66690215471565,-0.7331738,5.2620015,-3.104293,-5.8871794,1.6922107,9.111624
1492,52.702225362062876,-1.0400261,5.727232,-2.4522636,-6.14428,2.711148,9.761158
1493,52.7375485694101,-3.8323858,6.616539,-2.679273,-9.343339,5.688662,11.767028
1494,52.77287177675733,-2.188748,5.993037,-3.4666073,-8.79745,5.0429635,12.037267
1495,52.80819498410456,-1.0604597,6.841319,-3.3122501,-10.835802,3.9364383,15.406996
1496,52.843518191451786,1.1323785,7.2168355,-4.2457004,-11.210336,2.490326,15.690297
1497,52.87884139879901,0.2248225,5.0255036,-4.856801,-12.199616,2.202169,14.012842
1498,52.91416460614624,-0.24122667,7.2088547,-2.3588884,-9.307031,2.871076,12.162449
1499,52.94948781349346,-0.50547767,6.3426495,-4.857439,-10.465645,1.729847,14.954437
1500,52.984811020840695,0.17173727,7.457554,-2.9333303,-8.799049,2.4498305,13.433333
1501,53.02013422818792,1.2712866,7.0462413,-4.0245967,-8.906548,1.9027265,13.672226
1502,53.055457435535146,0.5736784,6.860561,-3.8203068,-9.640458,-0.012930166,15.342296
1503,53.09078064288237,2.484678,7.930396,-3.5978036,-9.389434,-0.21042487,14.591892
1504,53.1261038502296,0.28241017,5.5744915,-5.003711,-10.3225975,0.1830743,13.071282
1505,53.16142705757683,0.14154509,5.8643246,-4.300044,-8.475053,0.5559835,10.035441
1506,53.196750264924056,-0.11941416,5.7606945,-3.2707224,-7.008092,0.033581685,10.264031
1507,53.23207347227128,-0.14163141,4.718623,-2.7806258,-4.7538114,1.2960333,9.123904
1508,53.26739667961851,-2.0241017,4.5029635,-2.0197582,-4.1604967,-0.28322485,8.569439
1509,53.30271988696574,-0.9093759,4.346698,-1.8827896,-3.5034256,0.679329,8.017206
1510,53.338043094312965,-1.201218,5.2963386,-2.9823034,-5.573576,1.2010131,8.969995
1511,53.37336630166019,0.116286784,6.384265,-2.7530951,-5.926629,1.02099,11.2746105
1512,53.40868950900742,-0.28408238,5.536783,-5.4391775,-7.941881,0.20378453,13.754978
1513,53.44401271635464,-1.1646297,4.4107866,-3.4130414,-6.733395,0.02193603,11.220394
1514,53.479335923701875,-2.202365,4.16015,-1.5712414,-4.433159,-0.1939202,8.040057
1515,53.5146591310491,-2.7863157,4.1102123,-3.8000271,-6.706919,0.33702654,10.52915
1516,53.549982338396326,-1.0591209,4.9394298,-3.3703797,-6.55249,-1.2672036,11.625505
1517,53.58530554574355,-1.5613164,4.747587,-3.738465,-8.034061,0.7493114,11.608348
1518,53.62062875309078,-2.5986745,4.528231,-2.3855617,-4.1615534,0.12209078,8.53306
1519,53.65595196043801,-1.8481522,6.184471,-2.7527304,-5.5204377,0.21769759,11.281962
1520,53.691275167785236,-0.7101193,6.273507,-3.669717,-6.975887,-0.6794717,11.304394
1521,53.72659837513246,-0.08018521,6.033448,-6.187159,-7.1412196,-0.50763273,12.69808
1522,53.76192158247969,0.63935846,5.701714,-5.201588,-9.041456,-0.6835116,13.243507
1523,53.79724478982692,0.83137554,7.349062,-4.624875,-8.117731,0.15886182,12.262095
1524,53.832567997174145,0.35015196,6.493394,-4.220968,-5.6228623,0.78185964,11.023178
1525,53.86789120452137,0.4304106,5.750047,-4.871027,-7.4466076,0.53305423,12.268241
1526,53.903214411868596,-0.115188666,4.5628796,-3.1171145,-5.7006006,1.0888698,10.647644
1527,53.93853761921582,-0.4699463,4.615708,-2.8306642,-5.5162334,0.14083938,9.732355
1528,53.973860826563055,-0.05065401,4.907922,-3.1944532,-6.249856,1.0690899,9.178486
1529,54.00918403391028,0.054479744,4.181822,-3.3980172,-6.0132303,1.5175778,9.877296
1530,54.044507241257506,-0.09936049,6.3139887,-4.083507,-6.0610685,1.2451845,11.453591
1531,54.07983044860473,-0.86052805,6.7965846,-5.071612,-8.029739,1.1344972,12.334015
1532,54.11515365595196,-0.18156561,6.436685,-5.9075727,-9.984802,0.3377888,14.066945
1533,54.15047686329919,-2.042614,8.053664,-6.2324452,-9.405706,3.0280843,13.826727
1534,54.185800070646415,-1.7664521,4.45385,-6.3596144,-9.2833,1.1774713,12.596422
1535,54.22112327799364,-1.1940341,5.297331,-3.1526365,-6.4172196,1.1955991,8.561845
1536,54.25644648534087,-2.4874642,4.558797,-3.2696805,-6.410825,0.48228043,9.524163
1537,54.2917696926881,-2.8624263,3.785677,-4.6709294,-6.8713813,0.9917222,10.020841
1538,54.327092900035325,0.019120177,4.986094,-3.291501,-6.9196963,-0.08573113,11.805387
1539,54.36241610738255,-1.1107697,5.227794,-1.0133443,-4.333312,-0.34289426,7.7951365
1540,54.397739314729776,1.3552779,4.4993834,-2.3945289,-4.699497,1.2862563,10.312535
1541,54.433062522077,0.05089995,6.2634945,-3.1185355,-6.6358013,2.022891,12.775511
1542,54.468385729424234,0.89991003,5.835309,-4.8072023,-9.401439,1.6150477,13.884683
1543,54.50370893677146,1.3132304,5.788254,-5.44275,-10.720493,0.6065844,15.208757
1544,54.539032144118686,2.1063273,8.222991,-3.3423736,-9.544014,-0.1498412,15.57807
1545,54.57435535146591,1.1155412,8.260477,-3.7493727,-10.870183,2.2245748,17.681337
1546,54.60967855881314,0.36381805,6.265413,-5.303569,-10.995228,3.049954,16.58949
1547,54.64500176616037,-0.65713674,5.2563057,-4.195939,-8.637815,1.6387689,12.720032
1548,54.680324973507595,-1.3421841,4.6446376,-1.7107515,-5.6326923,0.17228119,8.164002
1549,54.71564818085482,-2.2129314,3.9771485,-4.01957,-7.158472,0.9933647,10.676744
1550,54.750971388202046,0.055307098,4.6627417,-3.1821887,-7.9847646,1.0443712,12.217642
1551,54.78629459554928,-1.5530131,4.7216735,-3.4212842,-7.162215,2.0249846,8.038947
1552,54.821617802896505,1.2904706,3.909688,-3.3443456,-6.7759967,2.8913074,10.648972
1553,54.85694101024373,0.047833692,6.523427,-3.5176678,-7.639051,2.6965513,13.574838
1554,54.892264217590956,1.5313389,6.2035675,-4.6767,-9.7181015,2.3157437,14.549913
1555,54.92758742493818,1.8137184,4.254302,-6.6178474,-11.900166,1.5303022,14.355839
1556,54.962910632285414,-0.24777788,3.4060535,-6.7960405,-12.978641,1.0154465,13.547151
1557,54.99823383963264,-3.0556102,5.5358024,-5.3811936,-10.681559,0.3177539,13.709993
1558,55.033557046979865,-1.266483,4.6316433,-6.499348,-11.68698,0.5116613,14.347091
1559,55.06888025432709,-2.0316777,6.4486184,-5.7405653,-10.601324,0.33841163,13.894405
1560,55.10420346167432,-3.9238794,8.155296,-6.062805,-10.119169,0.6190107,13.240435
1561,55.13952666902155,-2.577053,6.278832,-6.3455577,-11.454225,-0.050315302,14.684212
1562,55.174849876368775,-0.28287444,7.795336,-3.475091,-9.455479,0.19600175,12.92003
1563,55.210173083716,-0.3611396,8.304681,-3.275174,-10.901659,1.8393431,16.886713
1564,55.245496291063226,-1.4361802,6.1673727,-5.494609,-11.937133,2.2315564,16.498707
1565,55.28081949841046,-2.5530195,4.833935,-4.8177433,-9.644,1.0680364,12.288167
1566,55.316142705757684,-3.1923382,4.643498,-4.401671,-8.275977,0.913427,11.591795
1567,55.35146591310491,0.08567959,5.893607,-3.3441222,-7.6262846,1.965262,11.453013
1568,55.386789120452136,-1.6131773,6.9502144,-3.7191014,-9.381856,1.8390679,13.565668
1569,55.42211232779936,-0.10554049,9.9262085,-2.7883527,-9.393467,1.5561508,16.84856
1570,55.457435535146594,-2.9239814,10.385567,-4.340359,-8.625048,1.4419955,16.725735
1571,55.49275874249382,-0.92724854,11.290647,-0.7303688,-5.245498,1.1989589,11.642574
1572,55.528081949841045,-2.9402137,7.136683,-3.504367,-6.090692,1.9715066,10.338206
1573,55.56340515718827,-4.047028,10.526696,-3.0421607,-8.807644,2.0397007,16.43623
1574,55.598728364535496,-3.523988,9.512095,-3.9495997,-8.530342,1.9080997,16.363525
1575,55.63405157188273,-3.9915,8.06305,-5.6354923,-9.758148,3.0767345,17.06154
1576,55.669374779229955,-2.198225,9.013449,-4.7112494,-6.218237,1.6751158,12.194708
1577,55.70469798657718,-2.289509,7.216694,-6.1641636,-7.301071,0.1917455,11.984225
1578,55.740021193924406,-1.7585868,8.765897,-3.8902333,-7.53061,0.4689967,13.692634
1579,55.77534440127164,-0.18778864,6.3143525,-4.9732285,-6.442354,-0.49309906,9.7316885
1580,55.810667608618864,-2.436816,5.457463,-6.214386,-8.225123,-0.27035153,10.377965
1581,55.84599081596609,-2.6994057,9.11163,-5.7521725,-7.49105,-1.365049,15.364425
1582,55.881314023313315,-2.5189931,6.8685355,-5.2503324,-7.470515,0.2752916,14.769977
1583,55.91663723066054,-2.3546271,6.671248,-3.3193908,-5.6042194,0.4754493,12.548024
1584,55.951960438007774,-2.5639677,7.3665833,-2.6192417,-5.3435483,0.19073449,12.120311
1585,55.987283645355,-3.04897,7.4812813,-3.8862224,-6.997096,-0.20873961,14.4858675
1586,56.022606852702225,-1.8245007,6.7972946,-5.0397444,-7.563494,-0.4402028,11.640644
1587,56.05793006004945,-1.8338737,4.9295516,-6.078572,-7.670413,-1.696841,9.911316
1588,56.093253267396676,-2.8294716,6.2211375,-6.7541757,-8.607996,-2.915953,13.582565
1589,56.12857647474391,-2.4175992,6.6439953,-5.546548,-7.731681,-0.5110524,13.731554
1590,56.163899682091134,-2.3763201,6.0498886,-4.593391,-6.2760835,0.0034927793,11.304962
1591,56.19922288943836,-1.6637158,6.8142776,-3.804327,-6.0047097,-0.4634282,11.656784
1592,56.234546096785586,-2.390637,6.5491047,-4.8581796,-6.8527374,-0.30432147,11.409486
1593,56.26986930413282,-2.3929873,5.1061215,-5.467968,-6.6124625,0.5483331,9.113823
1594,56.305192511480044,-1.6109846,4.8212185,-5.357154,-6.8016467,-1.0775274,10.13022
1595,56.34051571882727,-2.3071978,6.833234,-4.9538016,-7.297589,-0.30631337,12.798068
1596,56.375838926174495,-2.6763175,5.7122245,-4.2386103,-6.0073786,0.7522854,10.414144
1597,56.41116213352172,-2.164745,6.2601857,-3.798791,-5.676565,0.2139522,10.291162
1598,56.44648534086895,-2.2265515,6.522062,-4.056994,-6.1660376,0.5936886,11.028076
1599,56.48180854821618,-2.9108648,5.3678355,-4.3635826,-6.4750457,0.42842883,10.058145
1600,56.517131755563405,-2.6445453,6.4925375,-4.2237525,-4.6598063,-0.6636334,11.171206
1601,56.55245496291063,-2.0248322,6.741838,-3.8923895,-5.5722237,0.24715185,12.301671
1602,56.587778170257856,-1.7732227,6.3942857,-3.9132621,-4.497879,-0.24509917,9.950278
1603,56.62310137760509,-0.94187796,7.6617827,-3.025457,-3.4385786,-1.4361329,11.370054
1604,56.658424584952314,-2.085095,7.5719647,-3.9990819,-6.342441,0.40229678,12.923508
1605,56.69374779229954,-1.267903,5.3604817,-5.435085,-9.283741,1.037134,13.973809
1606,56.729070999646765,0.39465412,9.486499,-1.3527997,-3.9898558,-0.6281173,12.746606
1607,56.764394206994,-0.9978133,9.538289,-2.7625995,-4.8558435,0.17422947,13.653061
1608,56.799717414341224,-1.5128694,9.674464,-4.5821433,-7.958628,1.5467995,16.406118
1609,56.83504062168845,-0.9433104,5.3276625,-4.2658114,-6.802916,1.0537062,12.7598295
1610,56.870363829035675,-2.0636897,4.622039,-3.7914019,-5.986927,0.95276886,10.262692
1611,56.9056870363829,-2.0473516,5.4338937,-4.041549,-8.021608,2.9609635,12.766505
1612,56.94101024373013,-2.650607,4.6237254,-5.5367575,-10.237148,3.2529116,13.802255
1613,56.97633345107736,-1.6340765,3.497438,-6.5437794,-11.1015005,2.952079,13.915569
1614,57.011656658424585,-0.5707676,3.1339746,-7.427888,-14.2100315,2.8337467,15.064945
1615,57.04697986577181,-2.748956,4.341998,-6.680299,-12.436564,2.7495923,13.806662
1616,57.082303073119036,-1.2474823,4.129688,-7.6331434,-13.158545,2.8782911,15.125798
1617,57.11762628046627,-2.4160984,6.7524033,-6.6180315,-11.894124,4.235885,14.514074
1618,57.152949487813494,-2.2422626,1.7274725,-7.733768,-12.951233,2.5182168,12.677256
1619,57.18827269516072,-1.5679635,3.07647,-4.776114,-8.34711,0.90872777,9.531007
1620,57.223595902507945,-2.1464252,2.7218776,-4.222199,-7.850104,1.0788771,9.161399
1621,57.25891910985518,-2.854402,2.7256289,-4.3126307,-8.166871,0.7919497,9.627892
1622,57.294242317202404,-1.3871827,2.7717822,-4.172081,-8.759723,0.8337638,9.981778
1623,57.32956552454963,-4.2803836,7.2009797,-2.2660315,-10.444807,5.8898616,11.755215
1624,57.364888731896855,-0.06773332,2.798623,-4.66602,-7.4352427,2.143473,9.336018
1625,57.40021193924408,-2.621994,3.539081,-5.784626,-7.938227,1.7529517,9.852718
1626,57.43553514659131,-3.3060796,3.7241845,-6.0363574,-9.059786,1.7627101,10.616354
1627,57.47085835393854,-5.935532,0.24330035,-8.565212,-13.417823,2.3810332,11.472611
1628,57.506181561285764,-3.6134207,5.578107,-3.5686831,-7.7667403,3.2080054,9.400987
1629,57.54150476863299,-5.3324785,4.808531,-4.5433183,-8.930016,2.2817628,11.229032
1630,57.576827975980216,-2.5533824,3.2772303,-5.6625824,-9.318434,2.3149219,10.402326
1631,57.61215118332745,-4.312095,2.699752,-7.4742665,-10.504208,1.9168876,11.001213
1632,57.647474390674674,-2.051355,1.3347642,-6.791734,-10.821473,2.6477623,11.464386
1633,57.6827975980219,-1.9165423,4.9667816,-3.5518103,-6.7977896,2.1335766,9.979293
1634,57.718120805369125,-2.137247,4.4364376,-2.8501668,-8.4631815,1.6588306,11.300727
1635,57.75344401271636,-0.16633856,5.286398,-2.0862925,-6.5925255,1.987424,10.9035225
1636,57.78876722006358,-1.367062,3.8915644,-3.5804257,-5.916938,1.9632398,8.674002
1637,57.82409042741081,-0.16594012,3.7640085,-3.0222867,-6.316973,3.0862398,10.176057
1638,57.859413634758035,-1.3467644,3.5142026,-3.109426,-6.055326,2.4124186,8.689336
1639,57.89473684210526,-2.250541,6.2699475,-1.7087605,-7.750373,3.0635161,10.124559
1640,57.93006004945249,-1.3984133,8.037579,-1.7444743,-8.369228,4.4216294,11.628659
1641,57.96538325679972,-1.9016304,1.5858139,-2.3521073,-4.2629204,2.344097,3.0627382
1642,58.000706464146944,-2.7945058,4.7627215,-3.9451363,-9.385558,5.3977885,12.325797
1643,58.03602967149417,-1.7202501,6.163695,-3.5362825,-11.065329,4.3637505,15.388075
1644,58.071352878841395,0.40921077,5.542425,-4.4542923,-11.3970375,3.3070776,15.363543
1645,58.10667608618863,-0.4889776,4.6115613,-4.820675,-12.090178,3.0830874,14.168611
1646,58.141999293535854,-0.5402269,7.8100753,-2.8633447,-10.096298,3.071073,14.026037
1647,58.17732250088308,-0.66695166,6.2481713,-4.783578,-10.661995,2.5253584,15.452067
1648,58.212645708230305,0.91157544,9.90444,-3.486553,-9.568597,2.9341328,17.60455
1649,58.24796891557754,-0.058615316,9.377113,-3.3980532,-9.468327,2.2473776,15.53857
1650,58.28329212292476,-1.1059275,6.0683265,-2.8230493,-7.8432903,3.2888086,11.23969
1651,58.31861533027199,-1.4492478,5.9373684,-2.0247183,-7.743241,2.23908,11.6129465
1652,58.353938537619214,-1.1627073,6.1155953,-2.5527067,-7.489325,3.1065059,12.01926
1653,58.38926174496644,-1.6440662,5.040359,-3.143089,-7.284076,3.2810533,9.992437
1654,58.42458495231367,-0.5136283,5.647704,-2.8185177,-8.601978,3.8210974,12.606577
1655,58.4599081596609,-1.4396235,7.790115,-4.008918,-10.095947,3.2016835,15.643388
1656,58.495231367008124,0.30990684,8.553113,-3.632305,-11.667738,2.9156613,16.591251
1657,58.53055457435535,0.5642471,10.825152,-1.8463458,-8.850793,2.0963714,17.657534
1658,58.565877781702575,-0.47124854,6.7640786,-3.3324742,-10.825447,2.053148,17.087698
1659,58.60120098904981,0.6397974,7.8673925,-0.12399088,-7.805771,4.9912634,10.406366
1660,58.63652419639703,0.31554577,8.525077,-0.08378392,-6.6118803,5.217164,9.082677
1661,58.67184740374426,-2.3149867,6.63783,-2.0602233,-7.5184402,1.9114459,14.3075905
1662,58.707170611091485,-0.7772917,6.4528008,-2.8472528,-9.353965,3.3606403,15.493813
1663,58.74249381843872,0.14545225,8.874257,-1.4553726,-8.600687,4.7102017,14.032848
1664,58.77781702578594,0.7325941,8.70537,-1.993553,-9.40223,3.4173467,15.467505
1665,58.81314023313317,-1.1573075,2.5458674,-3.5024502,-9.21368,2.9497335,9.501246
1666,58.848463440480394,-0.5263058,2.7705293,-4.1111317,-9.123324,3.2446373,10.666574
1667,58.88378664782762,-2.9015412,7.240878,-2.9530795,-11.513888,5.8718395,13.328219
1668,58.91910985517485,-2.327472,6.4389873,-1.9558568,-7.2675385,2.4013646,8.431574
1669,58.95443306252208,-0.47232872,7.409646,-2.3606274,-7.7100005,2.4500997,12.182058
1670,58.989756269869304,2.1803968,8.628045,-0.50281006,-8.781619,4.486163,9.603433
1671,59.02507947721653,-0.16547565,7.9621634,-3.0812213,-10.958698,5.997489,10.4472275
1672,59.060402684563755,-0.9774203,6.0726914,-3.54379,-8.893043,3.0664144,10.471641
1673,59.09572589191099,-0.110876456,2.6760776,-4.3761897,-10.275615,2.1741197,7.228323
1674,59.13104909925821,-3.0421612,7.2490854,-3.3304057,-10.542058,4.1072693,12.006091
1675,59.16637230660544,-0.27564225,6.269259,-4.446982,-11.057101,2.16934,11.566158
1676,59.201695513952664,0.42632946,10.246929,-2.9260426,-10.6422825,4.9141426,12.691194
1677,59.2370187212999,-0.055145644,9.750081,-2.6893504,-10.832483,4.557257,12.740013
1678,59.27234192864712,-2.8330624,7.95443,-2.5061355,-11.53009,5.543173,15.800997
1679,59.30766513599435,1.6231865,11.275065,-0.26896164,-8.370417,5.0615826,12.775359
1680,59.342988343341574,0.8513508,10.7076845,-1.168467,-6.444265,3.8156939,8.778358
1681,59.3783115506888,0.4617389,9.990451,-3.6994054,-7.316777,5.513723,10.828661
1682,59.41363475803603,0.15496285,7.009168,-2.6376712,-10.411849,4.609223,12.438786
1683,59.44895796538326,1.4677052,8.402014,-3.663259,-11.200062,3.1629934,11.839741
1684,59.48428117273048,-2.2036936,7.5107694,-1.6153061,-8.813722,2.9146776,13.5494
1685,59.51960438007771,0.5078086,7.4275026,-3.294809,-8.914885,3.020461,11.487878
1686,59.554927587424935,2.423946,9.5517025,-2.8821754,-8.829584,3.920871,11.863893
1687,59.59025079477217,-0.36467823,7.124241,-4.370711,-9.652842,3.277883,12.980505
1688,59.62557400211939,1.5902714,9.662984,-1.2197949,-6.896706,3.0483665,11.102793
1689,59.66089720946662,-0.48270163,5.2125535,-4.910312,-10.041119,2.3496602,11.931422
1690,59.696220416813844,0.15519008,9.106927,-3.83029,-10.618175,4.1946063,12.078663
1691,59.73154362416108,-2.1069088,5.9019094,-3.3444622,-8.408272,1.7577558,11.621588
1692,59.7668668315083,-1.4893615,8.610072,-2.7367213,-7.8061843,2.873718,12.337322
1693,59.80219003885553,0.28513193,10.4915,-2.8500183,-6.9872475,1.8326033,12.893832
1694,59.837513246202754,-0.70196456,8.174247,-4.568511,-6.6613884,0.3617829,11.085215
1695,59.87283645354998,-2.272651,9.590875,-4.6678386,-7.007576,0.6223561,14.237447
1696,59.90815966089721,-1.9448142,8.361472,-4.519236,-7.0726166,0.9779636,12.655447
1697,59.94348286824444,-1.6186105,7.870141,-4.876939,-8.954349,0.97388214,12.164868
1698,59.97880607559166,-0.8346256,7.6159515,-4.2241483,-7.7437086,1.474539,13.63775
1699,60.01412928293889,-2.7146432,7.9727826,-5.1862726,-8.649632,1.0114145,14.102351
1700,60.04945249028612,-4.5669827,8.9917,-6.475597,-9.4822,0.9971854,14.140715
1701,60.08477569763335,-3.155621,9.727458,-4.602019,-8.030441,1.0207523,14.076922
1702,60.12009890498057,-2.0345235,9.543606,-4.223658,-7.6069894,1.2358304,12.693933
1703,60.1554221123278,-0.10933763,6.789062,-4.667225,-8.826944,3.1021075,10.770108
1704,60.190745319675024,0.027963828,9.202601,-4.5209756,-11.162283,4.7796345,12.570891
1705,60.22606852702226,-0.8557744,8.120792,-1.1511412,-6.7418694,2.9653308,9.887344
1706,60.26139173436948,-0.799231,9.693578,-2.792473,-8.81436,4.165756,13.061609
1707,60.29671494171671,2.2098227,13.762365,-1.5792896,-8.687837,5.5690894,13.958148
1708,60.33203814906393,-1.0328444,12.693792,-2.847051,-9.886103,3.9844635,17.648487
1709,60.36736135641116,-0.67847335,13.083324,-1.7500443,-7.9803495,3.7214146,14.524
1710,60.40268456375839,-0.8780794,8.015058,-2.9921587,-9.859915,3.6863005,14.904032
1711,60.43800777110562,0.54730713,8.632159,0.28157595,-7.7933807,5.3802934,12.35844
1712,60.47333097845284,-0.28392926,7.3473177,-0.90482014,-7.8821454,6.1705484,8.100988
1713,60.50865418580007,-1.8098075,6.1597486,-2.725052,-8.272186,2.8774176,13.541422
1714,60.5439773931473,-1.3226837,8.210361,-2.4517221,-8.423478,2.6816783,14.236331
1715,60.57930060049453,0.84728163,9.326368,0.4108014,-7.0577817,6.1136317,10.497302
1716,60.61462380784175,-1.7113471,5.951401,-1.6740563,-6.745348,3.2606134,10.760093
1717,60.64994701518898,0.21634291,10.733966,-1.8929473,-9.598812,5.05258,15.245102
1718,60.685270222536204,0.9518468,10.824686,-2.6584148,-7.752043,3.5288405,14.1486225
1719,60.720593429883436,1.1889218,12.91566,-0.53694916,-9.3516865,5.4476147,15.001377
1720,60.75591663723066,2.2877939,12.061865,-1.8059157,-8.809746,6.3286014,12.695572
1721,60.79123984457789,1.8030716,11.656221,0.33247298,-8.787513,5.8090196,14.305434
1722,60.82656305192511,1.5118756,10.286836,0.42689058,-7.434561,6.701029,13.191967
1723,60.86188625927234,0.55222154,8.110699,-3.871749,-9.86294,5.4361334,10.748034
1724,60.89720946661957,-0.54312706,9.054023,-0.28187382,-5.712737,4.431036,7.8213086
1725,60.9325326739668,-0.27950138,9.493384,-2.634458,-8.06859,5.2129908,11.336759
1726,60.96785588131402,2.0732555,15.2465725,0.4257338,-5.01491,5.953186,12.3745165
1727,61.00317908866125,0.12862338,14.624776,-0.7731706,-7.2185044,6.390509,12.713355
1728,61.03850229600848,1.5255524,9.617532,-1.0249438,-8.084812,4.44342,11.055661
1729,61.07382550335571,0.5494214,4.648159,-4.4261518,-10.079216,5.147925,10.413329
1730,61.10914871070293,-0.8808355,-0.33251458,-2.6373167,-5.1416874,2.0426614,2.4255557
1731,61.14447191805016,0.5357614,4.0869293,-5.3311906,-10.811791,3.2012665,11.520227
1732,61.17979512539738,2.2486467,3.3731358,-4.255003,-9.930563,2.6879473,9.864779
1733,61.215118332744616,0.06737544,3.855166,-6.5495367,-12.870431,5.539854,12.857763
1734,61.25044154009184,0.024384512,1.5066357,-6.1206098,-9.96286,3.7377925,8.391732
1735,61.28576474743907,-1.89135,7.806933,-4.3707256,-12.119596,5.344418,15.355181
1736,61.32108795478629,0.84889495,7.7416444,-2.9358647,-9.017585,4.939623,12.02835
1737,61.35641116213352,-1.6864302,4.9646215,-2.6972046,-9.903279,4.1267605,12.854994
1738,61.39173436948075,-1.4614393,5.275024,-2.007121,-9.1956415,3.004913,13.613684
1739,61.42705757682798,-1.8896725,5.625799,-2.1347656,-6.2116246,3.1359332,10.234667
1740,61.4623807841752,-0.9619771,4.815052,-2.5184786,-8.739962,3.591024,13.154417
1741,61.49770399152243,-1.6306416,5.111431,-2.2159653,-6.928192,3.7602248,10.459472
1742,61.53302719886966,-3.8039443,7.1671095,-2.9039407,-9.361471,3.6868038,12.814971
1743,61.56835040621689,-1.4618508,5.3537564,-3.7259016,-7.1243134,3.170817,9.086772
1744,61.60367361356411,-4.490922,4.5306635,-2.9692516,-7.132962,1.7466464,7.620817
1745,61.63899682091134,-2.5714347,6.7096205,-2.509196,-8.121477,6.485058,12.57189
1746,61.67432002825856,-1.7001767,7.2311196,-2.6841304,-9.967843,6.440888,14.240974
1747,61.709643235605796,0.7352878,6.5522847,-2.0404475,-10.944799,6.7762046,12.740091
1748,61.74496644295302,1.8358858,4.6837354,-3.4407132,-11.393018,5.162651,11.364688
1749,61.78028965030025,0.43849608,6.055219,-4.669367,-10.911439,3.64688,12.709323
1750,61.81561285764747,-0.045007758,5.7820926,-5.0630403,-9.939032,3.4588957,12.407693
1751,61.8509360649947,-1.0068824,4.751969,-6.0674944,-11.825431,2.8349884,13.666694
1752,61.88625927234193,-0.6342952,2.8209457,-6.7140884,-10.820918,2.7094233,10.679577
1753,61.92158247968916,-1.4258788,5.290397,-4.6514897,-9.782343,1.078979,12.177388
1754,61.95690568703638,-0.6135673,4.4110413,-5.3308115,-10.343142,1.5763488,12.476898
1755,61.99222889438361,-1.4796963,5.2709246,-4.951574,-8.970502,1.8013464,11.286512
1756,62.02755210173084,-1.4889455,5.501132,-5.0180564,-8.410823,2.5022483,11.789811
1757,62.062875309078066,-5.015697,4.8268523,-6.162893,-9.899068,1.7005188,10.19955
1758,62.09819851642529,-2.5024998,6.420972,-5.0177026,-8.025425,1.8214393,11.521677
1759,62.13352172377252,-2.193829,7.2829537,-5.371171,-10.508219,1.5891416,14.286995
1760,62.16884493111974,-1.8254232,6.816559,-4.7606587,-7.4363213,1.6232668,10.789786
1761,62.204168138466976,-0.4482158,6.14409,-6.4802427,-7.175129,-0.4114364,10.525413
1762,62.2394913458142,-1.6061014,5.188538,-5.8340364,-8.3287945,2.8168566,10.656403
1763,62.27481455316143,-0.5650363,6.4875197,-4.934067,-7.897753,1.7595596,12.058787
1764,62.31013776050865,-1.6651993,5.218752,-6.0892324,-10.819794,1.1504269,14.005563
1765,62.34546096785588,-1.857634,2.8395433,-5.5552197,-9.535855,1.5177467,12.401228
1766,62.38078417520311,-2.4281445,4.110832,-3.3251953,-7.0309954,0.005772402,9.986393
1767,62.41610738255034,-2.7002504,2.3445795,-4.1929126,-8.322915,0.14773084,10.17281
1768,62.45143058989756,-1.3515582,4.1258936,-3.5725632,-8.740592,0.82786846,11.987728
1769,62.48675379724479,-3.1548305,5.83461,-3.182731,-6.509429,0.8189912,9.729066
1770,62.52207700459202,-0.64163876,3.7684104,-2.8098278,-7.3366776,1.9866122,11.279087
1771,62.557400211939246,-1.5639521,5.7465415,-3.3817031,-6.773995,2.490214,11.696491
1772,62.59272341928647,-1.4289255,5.361734,-4.1751275,-8.415394,1.9768895,11.650974
1773,62.6280466266337,-1.5301502,6.713173,-4.3595624,-8.866295,1.5140339,12.070803
1774,62.66336983398092,-0.2152493,6.433474,-3.6130748,-7.5014563,0.9809798,8.344377
1775,62.698693041328156,-1.0055704,4.600162,-3.3371053,-6.805337,1.0048023,6.52989
1776,62.73401624867538,-3.0923917,4.9187136,-3.5597336,-6.58537,0.30939957,8.527769
1777,62.76933945602261,-0.9684541,5.500345,-2.4637341,-6.8865914,0.722916,8.776846
1778,62.80466266336983,-1.0046872,6.760987,-4.3468714,-7.8337646,0.8464469,10.600215
1779,62.83998587071706,-0.70484,5.549205,-2.1512182,-4.3596,1.8343536,9.086886
1780,62.87530907806429,-3.7500405,5.333637,-3.5635307,-6.032606,0.9472715,8.148069
1781,62.910632285411516,-1.5975701,4.7824597,-2.7996116,-4.6414385,1.7613292,8.94243
1782,62.94595549275874,-2.492386,6.9497585,-3.1235485,-5.8056493,1.913195,8.759995
1783,62.98127870010597,-0.84072304,6.699823,-3.9829435,-7.130044,1.3585769,11.805702
1784,63.0166019074532,0.385001,5.625578,-1.1107764,-1.1564356,1.9025879,6.7462635
1785,63.051925114800426,-1.4982651,6.0179443,-2.6162314,-2.8506603,-0.020181715,6.698497
1786,63.08724832214765,-0.73631513,5.950499,-1.2350646,-2.2801363,1.8428518,7.8143916
1787,63.12257152949488,-3.123357,6.0390067,-3.5250847,-5.718598,1.608003,8.410828
1788,63.1578947368421,-0.11359009,8.121874,-2.1419418,-3.7566087,1.994084,10.336963
1789,63.193217944189335,-2.0526485,8.23699,-5.3178477,-6.7585144,0.6169815,15.197032
1790,63.22854115153656,-0.92240244,6.8900247,-5.761543,-8.04823,-0.39645278,13.540999
1791,63.26386435888379,-2.1584775,4.1021743,-5.373168,-8.261285,-0.36357883,12.012275
1792,63.29918756623101,-3.0912905,5.0654993,-3.33413,-6.566126,-1.0387094,10.776214
1793,63.33451077357824,-3.435484,3.933084,-4.284084,-6.8833313,-0.45982212,10.431165
1794,63.36983398092547,-3.0396614,4.284394,-4.533424,-7.3097777,-0.4689605,10.990807
1795,63.405157188272696,-4.664409,7.5357738,-3.7349472,-8.650996,3.5000114,9.967572
1796,63.44048039561992,-2.5528893,2.622602,-2.880085,-4.907767,2.4942555,3.4748633
1797,63.47580360296715,-3.0878866,6.2119827,-4.8310795,-7.7804046,0.1958493,12.104142
1798,63.51112681031438,-2.3093724,6.156538,-4.7994156,-7.006081,0.041951437,10.865358
1799,63.546450017661606,-1.1134051,6.1360855,-6.431154,-7.164385,-0.6842854,12.748287
1800,63.58177322500883,-1.4863218,5.049126,-6.372623,-8.524848,0.8662616,13.20146
1801,63.61709643235606,-1.0822073,3.5405214,-4.6579413,-7.1097617,0.78122413,10.990635
1802,63.65241963970328,-1.1552945,3.6223743,-3.5940964,-6.7503705,0.65073615,9.550706
1803,63.687742847050515,-2.3574538,5.1261744,-2.4634097,-4.923025,0.67846006,8.439527
1804,63.72306605439774,-1.050269,3.5202377,-3.319883,-5.573644,1.5753106,9.361033
1805,63.758389261744966,-1.2102562,6.3939276,-4.4249606,-6.6624374,1.1614821,11.938291
1806,63.79371246909219,-0.684946,5.692302,-3.5851707,-5.1768613,1.9849513,9.221596
1807,63.82903567643942,-0.6150169,7.1085877,-4.607593,-6.62458,2.0224864,13.653835
1808,63.86435888378665,-0.8869757,5.251505,-4.3271976,-9.314664,2.1928089,12.345639
1809,63.899682091133876,-1.9767306,4.358901,-6.037196,-12.542946,0.91473484,12.886183
1810,63.9350052984811,-2.8469005,7.580384,-4.7611904,-10.18105,0.20472291,13.456424
1811,63.97032850582833,-2.1945543,6.8954988,-5.1503806,-9.655676,0.2832206,12.998719
1812,64.00565171317555,-3.2271419,6.988514,-5.642973,-9.995778,1.3235545,14.002099
1813,64.04097492052279,-4.9841356,7.6660647,-6.6991334,-10.2146635,1.709303,13.9564085
1814,64.07629812787,-4.3545375,5.7315617,-6.5363407,-9.20656,2.5915911,11.495188
1815,64.11162133521724,-4.3342795,8.261617,-5.339971,-9.374834,1.9880718,13.130664
1816,64.14694454256447,-4.01565,8.127753,-5.2795253,-10.416195,1.6726549,14.816492
1817,64.18226774991169,-3.1914327,4.8001347,-6.537436,-11.997068,1.3646748,14.857571
1818,64.21759095725892,-3.4598038,2.4114072,-6.0586095,-10.613249,1.8967614,12.638615
1819,64.25291416460615,-4.50783,5.5163593,-4.377144,-8.295728,0.8855469,12.3252325
1820,64.28823737195337,-2.6435199,4.7964897,-4.3165555,-9.59723,1.9085925,13.084401
1821,64.3235605793006,-3.5313108,6.53045,-4.664413,-9.663983,2.0005789,13.746356
1822,64.35888378664782,-1.1375414,7.6610155,-4.006238,-8.644176,1.3183106,13.504776
1823,64.39420699399506,-1.6965114,10.64187,-4.4234753,-8.8543005,1.9680918,15.517854
1824,64.42953020134229,-1.6229025,10.508935,-3.9454846,-7.4243045,0.6185564,12.544817
1825,64.4648534086895,-2.2686327,8.859503,-5.012811,-7.0604277,-1.0838436,12.547999
1826,64.50017661603674,-1.6203445,9.186008,-4.3073635,-5.0629606,1.9436573,10.190413
1827,64.53549982338396,-2.1412895,6.046247,-3.872668,-5.4983487,0.73589027,9.421394
1828,64.57082303073119,-3.5508819,5.575168,-4.190779,-7.137364,1.2273532,10.472854
1829,64.60614623807842,-3.0500503,5.387741,-5.0492473,-6.6886754,1.7373071,10.697514
1830,64.64146944542564,-2.268661,6.6240606,-5.394357,-7.1588473,0.30038512,11.547686
1831,64.67679265277287,-0.02343767,7.1913767,-4.6226716,-2.4588876,0.25845027,10.788954
1832,64.7121158601201,-2.4710479,7.959512,-6.111633,-7.799024,0.13469332,13.02885
1833,64.74743906746733,-0.9568093,6.695025,-5.004076,-6.411815,-0.31419316,10.814278
1834,64.78276227481456,-1.5664136,6.7701206,-5.4320493,-7.464211,-0.7043496,12.746519
1835,64.81808548216178,-3.1076777,6.4717226,-5.934044,-7.644532,-0.7443031,10.922295
1836,64.85340868950901,-2.4539883,6.6441283,-6.551695,-8.013232,-1.0354388,13.266351
1837,64.88873189685623,-1.7889836,11.09476,-4.8410854,-5.6379986,-1.0876759,19.107435
1838,64.92405510420346,-3.1297042,9.753102,-3.8834686,-5.883443,-1.4803393,19.740185
1839,64.9593783115507,-2.7595487,6.1606097,-5.7152452,-7.4891896,0.14409548,15.553644
1840,64.99470151889791,-3.0891347,5.9689794,-3.7768059,-6.518463,0.2795493,13.36393
1841,65.03002472624514,-4.562528,7.3957214,-4.604106,-6.8061633,0.3707237,13.354544
1842,65.06534793359236,-2.3653977,7.5940304,-3.8954258,-7.0472426,-0.14526255,13.960353
1843,65.1006711409396,-1.5099719,7.9742565,-5.0942645,-6.9164567,-1.4056538,12.581118
1844,65.13599434828683,-0.5713316,6.002689,-6.4213,-7.5526347,-2.2727122,11.164678
1845,65.17131755563405,-1.204842,8.022215,-6.8379264,-7.806358,-2.4902883,13.837804
1846,65.20664076298128,-0.7475025,7.0446754,-3.6106374,-3.5025754,-1.1107392,9.031421
1847,65.24196397032851,-1.4509647,6.0844593,-5.208849,-6.229621,-0.8278648,9.334951
1848,65.27728717767573,-1.8891159,9.367818,-6.115283,-6.780535,-1.6136976,13.182369
1849,65.31261038502296,-2.169106,6.800413,-3.6925216,-3.9088216,-0.50719404,9.298296
1850,65.34793359237018,-2.5971615,7.903046,-3.8165596,-4.4842224,-1.2440479,10.264498
1851,65.38325679971742,-2.9341419,10.8404455,-5.910372,-6.560543,-1.9708686,15.447291
1852,65.41858000706465,-2.6512766,8.7244425,-5.1293583,-6.069533,-3.170563,17.144447
1853,65.45390321441187,-1.4522785,5.7105937,-5.068766,-6.432719,-1.0126896,13.2549095
1854,65.4892264217591,-1.0038122,6.9275484,-2.9782212,-4.3750744,-1.4913604,10.647133
1855,65.52454962910632,-0.15887724,7.4761643,-3.0675333,-3.4611027,-1.1855134,10.469872
1856,65.55987283645355,-0.60907143,7.49755,-2.8810213,-4.1654544,-1.6925155,11.546302
1857,65.59519604380078,-1.4659389,7.399037,-3.373063,-3.503473,-0.31949818,11.945051
1858,65.630519251148,-2.8023458,5.689717,-4.4510584,-5.3148427,-0.32394674,10.313016
1859,65.66584245849523,-1.8008491,7.6285105,-3.7914197,-4.698671,-0.9941206,12.2548895
1860,65.70116566584245,-2.3044221,8.842036,-4.0177655,-7.1544633,-0.46602,13.084934
1861,65.73648887318969,-1.880445,8.540868,-4.3667455,-7.21878,-0.10377556,13.319513
1862,65.77181208053692,-0.35616252,9.834963,-4.228301,-6.677978,-0.3879672,12.795817
1863,65.80713528788414,-1.9302974,9.990469,-4.2157664,-5.9403377,-1.2882938,11.590825
1864,65.84245849523137,-2.4852438,8.9566765,-3.263788,-3.6916366,-0.6273009,11.257073
1865,65.87778170257859,-2.332179,11.175191,-4.403567,-5.4147787,-0.13679814,13.279341
1866,65.91310490992582,-2.1472468,9.918881,-4.891677,-7.29232,-0.3748139,13.628966
1867,65.94842811727305,-2.66237,7.81828,-5.1352644,-9.468868,1.6867676,13.755996
1868,65.98375132462027,-0.42756036,9.331117,-2.2336845,-5.728571,0.63810354,10.266724
1869,66.0190745319675,-0.48937777,10.127075,-4.061214,-5.3653555,1.2041814,11.358782
1870,66.05439773931472,-0.58995503,10.012925,-5.177418,-6.511243,0.9732987,13.093322
1871,66.08972094666196,-0.9950644,10.123377,-3.8853676,-4.555494,1.3245007,10.38567
1872,66.12504415400919,0.49462348,9.797755,-3.0918574,-3.0264313,0.7693261,9.263169
1873,66.1603673613564,-0.7276757,12.357039,-3.5020719,-4.796577,0.71080804,11.192022
1874,66.19569056870364,-1.0987034,11.712101,-4.2136846,-6.6688123,0.6473212,16.929245
1875,66.23101377605087,-0.66823727,12.597151,-3.8528712,-5.4450984,0.45698974,19.199373
1876,66.26633698339809,-3.4515612,10.586048,-5.845987,-7.4545956,0.22364761,15.559989
1877,66.30166019074532,-1.3740501,9.630277,-5.570186,-5.9477334,0.39088947,12.491751
1878,66.33698339809254,-3.6987932,11.759058,-6.086984,-7.2332582,1.3464042,18.644657
1879,66.37230660543977,-1.1863775,7.386307,-5.0154176,-6.9659843,0.58165085,15.335084
1880,66.40762981278701,-4.274526,5.964385,-5.717059,-7.988898,0.1544178,12.138357
1881,66.44295302013423,-2.2552357,5.7937317,-4.113872,-5.7449765,0.32347068,10.636418
1882,66.47827622748146,-1.6967462,6.7013135,-4.1719112,-5.9679346,0.08217239,11.191104
1883,66.51359943482868,-3.588489,7.066965,-5.5843782,-7.318196,0.5134148,11.234987
1884,66.54892264217591,-1.6782292,6.870209,-4.3241377,-5.6917725,1.4549844,13.275617
1885,66.58424584952314,-2.5036793,4.8279157,-3.906125,-5.7977448,1.0846605,10.128108
1886,66.61956905687036,-1.5793412,7.8428125,-3.532088,-5.4431973,1.2808506,13.362483
1887,66.6548922642176,-2.2086053,8.996708,-4.1847343,-6.63909,1.6079618,14.486853
1888,66.69021547156481,-1.7906339,7.9530616,-4.862159,-8.855631,1.9617829,14.075453
1889,66.72553867891205,-3.230923,3.4846354,-8.275524,-15.391797,2.9355998,14.716038
1890,66.76086188625928,-3.2661679,4.479073,-7.4758053,-14.707058,3.0022354,15.170299
1891,66.7961850936065,-3.3454347,4.9812207,-7.141239,-13.236634,2.6399593,14.765321
1892,66.83150830095373,-4.3579803,4.542446,-7.6300416,-15.746819,3.8030324,14.815292
1893,66.86683150830095,-3.6511202,1.7867088,-8.777603,-14.628114,2.5475805,13.572886
1894,66.90215471564818,-3.0126767,2.7180126,-6.405918,-10.440253,1.0524795,10.956345
1895,66.93747792299541,-2.3462625,7.552606,-1.413786,-6.5251303,1.4262897,12.740906
1896,66.97280113034263,-3.7680879,3.5173037,-4.64204,-9.974193,1.0452763,11.946457
1897,67.00812433768986,-2.2585812,2.7833657,-4.573169,-9.341444,0.7143881,10.761985
1898,67.04344754503708,-3.8482213,9.129821,-1.8566059,-9.75844,6.0101776,12.299825
1899,67.07877075238432,-1.1538465,2.7053483,-4.678187,-8.185793,1.8031113,9.834133
1900,67.11409395973155,-3.090274,4.188213,-5.987924,-8.68803,1.3476316,10.542595
1901,67.14941716707877,-3.0555582,4.829265,-5.471792,-9.090665,1.2627418,10.735848
1902,67.184740374426,-3.1063702,6.707841,-5.648892,-8.227641,2.279812,10.08101
1903,67.22006358177323,-1.9995021,7.143622,-3.1598778,-5.7161174,0.44678113,9.765972
1904,67.25538678912045,-3.832997,5.300532,-7.2812076,-9.8424835,2.3497858,11.196608
1905,67.29070999646768,-5.447997,2.1961582,-8.354923,-13.089092,2.005406,11.732291
1906,67.3260332038149,-3.1305735,6.7809925,-3.2022572,-6.535439,-0.15433149,9.240037
1907,67.36135641116213,-3.2477036,5.8822765,-2.2809405,-7.4296436,3.0804157,12.138217
1908,67.39667961850937,-4.1556263,3.840604,-6.0953836,-10.327208,2.0399206,11.271096
1909,67.43200282585659,-5.1796923,4.9206886,-7.0273056,-10.361733,1.4274529,11.351477
1910,67.46732603320382,-5.5749526,6.2222285,-7.2687783,-9.966639,2.9640687,12.231587
1911,67.50264924055104,-3.1715436,3.1199718,-7.6421804,-13.265564,3.221239,13.735291
1912,67.53797244789827,-3.2878594,6.772213,-3.6513364,-8.820245,3.2786686,11.6131525
1913,67.5732956552455,-3.141715,4.7815185,-3.635043,-10.249088,2.1600707,12.94049
1914,67.60861886259272,-3.0578198,4.194173,-3.7326348,-9.435467,2.0698938,11.378884
1915,67.64394206993995,-0.6027624,7.7815323,-1.3183359,-7.571434,6.2766366,8.318066
1916,67.67926527728717,-2.5442078,5.4190044,-2.3408215,-9.515477,4.8209686,12.021852
1917,67.7145884846344,-2.9373426,3.665953,-4.00441,-7.9368687,2.8672926,9.816164
1918,67.74991169198164,-2.650892,7.1370735,-3.0192502,-6.559235,0.57461137,9.967538
1919,67.78523489932886,-1.345364,7.0827546,-1.2807088,-6.026371,4.9176593,7.676532
1920,67.82055810667609,-1.4811127,7.391484,-0.82846326,-6.0343866,3.895032,8.200612
1921,67.8558813140233,-4.069087,6.022177,-4.69438,-9.789267,5.385079,13.116221
1922,67.89120452137054,-2.43807,6.899783,-3.3224804,-9.830594,4.4102073,14.583802
1923,67.92652772871777,-4.2827334,8.335474,-5.740484,-8.719356,5.0515046,13.15514
1924,67.96185093606499,-4.1687827,7.923538,-5.2228394,-9.233758,5.993516,13.2465725
1925,67.99717414341222,-1.4438868,7.8708525,-4.676258,-11.952682,4.6918936,15.71726
1926,68.03249735075944,-0.3498975,6.983704,-4.803622,-12.089896,5.5542607,12.416189
1927,68.06782055810667,-0.36369875,10.296766,-2.633108,-10.595976,4.3829174,16.061085
1928,68.10314376545391,-1.2200477,9.184818,-3.8428462,-9.902371,3.5443242,15.66685
1929,68.13846697280113,-0.68871605,11.954496,-3.1691048,-9.844013,3.8763409,18.53318
1930,68.17379018014836,-0.4083954,11.123125,-2.7518485,-9.935375,2.4484935,16.839554
1931,68.20911338749559,-0.004225942,12.410951,-0.63428056,-8.64296,1.735474,18.89499
1932,68.24443659484281,5.842266e-05,8.963602,-1.6463714,-9.140457,0.92098165,17.72274
1933,68.27975980219004,0.97819376,8.896862,-1.387966,-6.2832727,2.4507966,15.523367
1934,68.31508300953726,-0.7213876,6.472531,-2.8894196,-7.439863,2.3997848,14.479796
1935,68.3504062168845,0.7673324,10.679204,1.2047771,-7.5999823,6.38778,11.975026
1936,68.38572942423173,-2.398434,8.73779,-0.5496797,-6.9218106,1.2154008,13.965886
1937,68.42105263157895,-1.8203248,6.1934156,-2.5872939,-7.921665,2.24677,12.427193
1938,68.45637583892618,-0.86322355,9.402815,0.075654514,-7.0544667,5.465203,11.83617
1939,68.4916990462734,-0.9374567,6.941142,-1.1530249,-6.3304214,2.1239653,12.630848
1940,68.52702225362063,-0.6303668,9.893002,-1.8922011,-6.4833937,2.1215684,16.094004
1941,68.56234546096786,1.1813902,11.934268,-0.26725796,-8.325762,5.258873,17.3555
1942,68.59766866831508,0.66671175,12.304066,-0.55051565,-8.378039,6.181224,15.6511135
1943,68.63299187566231,1.3967052,12.556592,0.110843904,-9.137196,7.2325473,15.314946
1944,68.66831508300953,1.9146501,9.361142,-0.11040712,-6.058673,4.113685,11.18326
1945,68.70363829035676,2.2613094,12.621731,1.9732164,-7.6705446,5.82088,15.454015
1946,68.738961497704,2.658546,15.773512,-0.17459026,-5.854925,4.904952,17.3699
1947,68.77428470505122,2.1991327,13.909693,0.00268395,-6.443988,6.034274,16.031126
1948,68.80960791239845,1.6486809,13.1329775,-0.08053429,-6.9768214,8.575077,16.04499
1949,68.84493111974567,0.63366866,10.579417,-1.3422209,-8.519477,8.279547,12.775893
1950,68.8802543270929,0.6763087,2.706326,-4.3692713,-12.578466,6.1604195,11.088787
1951,68.91557753444013,-0.4139181,-0.38010898,-5.0188174,-9.510182,5.1958246,6.885929
1952,68.95090074178735,-1.6111454,8.1670685,-1.4620937,-10.829616,6.380038,12.062961
1953,68.98622394913458,-0.76484835,6.8917994,-1.6519234,-7.0959706,4.4289575,8.162958
1954,69.0215471564818,-0.012483359,7.825618,-2.8848948,-8.349303,3.97851,11.934594
1955,69.05687036382903,1.0910019,2.5639815,-2.176029,-4.392754,2.7095666,3.0050414
1956,69.09219357117627,-1.9545523,7.3633695,-1.9701213,-6.168223,1.9425936,8.9695835
1957,69.12751677852349,2.3903768,3.078663,-0.43481869,-2.5138943,-0.09170628,2.7378716
1958,69.16283998587072,-1.2337017,8.224349,-2.56812,-8.49514,1.3048351,13.115901
1959,69.19816319321795,0.46924713,7.8599973,-2.547884,-3.7570534,2.7531865,10.57193
1960,69.23348640056517,0.77901196,6.7621636,-4.7188582,-7.065897,3.5653286,9.786172
1961,69.2688096079124,-1.6984295,5.4274135,-2.9830334,-7.3079166,0.8584719,10.82685
1962,69.30413281525962,0.07977541,3.7172348,-5.1713495,-9.643558,1.1295706,10.123188
1963,69.33945602260685,-1.2744113,6.230321,-3.2818303,-7.8698997,0.6346532,11.642132
1964,69.37477922995409,0.45761988,5.684057,-4.831652,-9.651258,1.1676507,13.248914
1965,69.4101024373013,1.5037056,9.774977,-2.186713,-8.149555,1.6100751,14.586524
1966,69.44542564464854,1.5472217,9.6472435,-3.387568,-9.04399,0.016595576,15.534985
1967,69.48074885199576,0.56284255,9.175174,-2.5331044,-7.8973494,1.7442597,14.26311
1968,69.51607205934299,0.383615,5.8990283,-5.6049523,-9.728536,0.5529477,13.4461565
1969,69.55139526669022,0.24715626,7.7210035,-4.657055,-10.267144,3.6944723,13.602557
1970,69.58671847403744,-1.5660617,6.684539,-4.2513175,-8.673879,0.631012,13.160289
1971,69.62204168138467,-0.66553104,6.1050067,-4.0135856,-7.1881146,0.7970925,11.940348
1972,69.65736488873189,-2.1984463,5.31108,-2.5902534,-5.797045,-1.0567786,10.059178
1973,69.69268809607912,-2.9403064,4.982025,-3.777852,-7.171262,0.3247458,11.110335
1974,69.72801130342636,-1.3541527,5.925045,-3.8654082,-7.211032,-0.47740075,12.727769
1975,69.76333451077357,-1.6470717,6.9172525,-4.22528,-7.0920234,-0.12488117,12.45967
1976,69.79865771812081,-0.7930024,6.387045,-4.4523106,-5.133908,0.4844367,12.780803
1977,69.83398092546803,-2.179704,5.553567,-2.5881288,-5.746015,-0.8823356,10.010279
1978,69.86930413281526,-2.5649295,5.1242447,-4.0347767,-5.1360407,0.5284611,9.500914
1979,69.90462734016249,-0.63426924,6.3815913,-3.7718942,-5.8419833,-0.49389932,12.986098
1980,69.93995054750971,-0.38970083,8.291286,-4.230911,-7.4746404,-0.7014906,13.411211
1981,69.97527375485694,-0.2557919,9.894288,-4.2158337,-7.6875944,1.4675336,14.048843
1982,70.01059696220416,-1.5332543,7.5655966,-4.35105,-6.4708867,1.9908984,11.713268
1983,70.0459201695514,-1.4155948,8.513699,-4.229566,-7.069899,2.2783108,12.639688
1984,70.08124337689863,-0.5090443,6.5358443,-6.0437956,-9.927722,0.9390745,15.218669
1985,70.11656658424585,1.3220831,8.611456,-3.1372344,-9.208876,0.7177836,16.555082
1986,70.15188979159308,0.43763328,8.324086,-4.42813,-9.787932,0.98190564,18.043034
1987,70.18721299894031,-1.1223887,5.1104617,-4.859205,-9.948801,1.0062703,14.106264
1988,70.22253620628753,-1.3653013,5.468823,-2.0901358,-5.5992327,0.3911932,10.405628
1989,70.25785941363476,-2.5105867,3.853004,-4.8012886,-8.470245,0.29123843,11.217522
1990,70.29318262098198,-1.0605608,6.2489862,-2.8652885,-7.7113233,0.8524472,14.02589
1991,70.32850582832921,-0.5540078,4.2302065,-2.9093294,-5.4769354,0.5340421,8.457643
1992,70.36382903567645,0.7183966,6.2810965,-2.5880482,-7.8486767,1.0970707,14.010046
1993,70.39915224302366,0.56615394,9.112108,-3.5127358,-8.476434,1.9097815,16.852846
1994,70.4344754503709,0.040120024,9.5405035,-3.909267,-6.7595243,1.9151964,13.848753
1995,70.46979865771812,0.6057151,7.658723,-4.906199,-9.141049,1.8966756,15.292614
1996,70.50512186506535,0.0034513555,4.8389263,-6.211638,-11.782551,1.9913963,13.191723
1997,70.54044507241258,-2.981998,5.925768,-4.0784316,-9.502438,0.4496043,13.486859
1998,70.5757682797598,-1.0797952,6.0442095,-5.1604652,-9.985415,1.0755757,14.010255
1999,70.61109148710703,-0.29342678,8.951658,-3.517758,-9.287344,1.6070017,14.714887
2000,70.64641469445425,-3.3773298,7.807397,-6.151963,-10.624388,0.88847506,14.827767
2001,70.68173790180148,-1.9134651,11.279345,-3.6922836,-9.139421,1.690684,16.505648
2002,70.71706110914872,-1.2619141,9.220506,-2.9994292,-8.379503,2.561698,12.803448
2003,70.75238431649593,-1.4602761,7.1116104,-5.6338573,-10.330583,0.066205904,14.060442
2004,70.78770752384317,1.3319951,7.9666047,-2.3516674,-7.9546876,-0.20919533,12.70165
2005,70.82303073119039,0.83016515,8.352924,-2.727187,-6.8807187,1.2354983,11.9031315
2006,70.85835393853762,-0.93994886,7.6746583,-3.431125,-6.559696,1.0711925,11.445837
2007,70.89367714588485,-0.2789468,12.229118,-0.13132156,-6.287829,3.264786,12.5803
2008,70.92900035323207,-0.47009212,10.775411,-1.095856,-6.3762555,0.23042782,13.293304
2009,70.9643235605793,-0.9534308,8.453424,-4.83727,-9.010599,-1.2177875,13.346869
2010,70.99964676792652,1.8371891,8.071255,-1.996233,-6.887407,-0.46700892,10.986212
2011,71.03496997527375,0.6028696,9.406858,-3.6498828,-6.416002,0.60660005,12.267408
2012,71.07029318262099,-0.2674567,9.209679,-4.324016,-6.2552996,1.317512,12.925846
2013,71.1056163899682,0.2878226,9.236005,-2.743055,-4.3881054,2.0306222,13.302494
2014,71.14093959731544,0.31074616,11.180449,-2.5352159,-6.283311,1.997766,13.405826
2015,71.17626280466267,-1.5003155,7.9866533,-6.3568583,-9.53317,1.0768613,14.316184
2016,71.21158601200989,-0.9122139,9.519037,-5.106619,-7.8932753,1.1090692,13.34335
2017,71.24690921935712,-2.3143098,8.098077,-5.3699756,-6.988633,1.2204685,11.357091
2018,71.28223242670434,-5.011057,6.1106462,-6.0646005,-8.50277,0.29408264,10.40958
2019,71.31755563405157,-3.5452256,8.342648,-5.634403,-6.62605,0.3822284,10.399475
2020,71.3528788413988,-4.1179495,8.133978,-6.9799614,-8.563262,1.4473886,13.7399435
2021,71.38820204874602,-3.5953062,6.2913933,-5.771869,-8.808243,2.3894649,12.279177
2022,71.42352525609326,-2.734174,5.6019425,-2.7356656,-3.8979669,0.1611606,6.963467
2023,71.45884846344048,-1.238068,6.0370793,-3.789259,-6.729777,-0.40963206,11.130937
2024,71.49417167078771,-0.8155014,6.828262,-3.7636428,-7.0740933,-0.41169637,11.712133
2025,71.52949487813494,-2.2492578,7.591207,-5.0414724,-7.295704,0.3625654,11.648922
2026,71.56481808548216,-2.5052354,9.071574,-4.6669774,-8.061301,2.9141233,14.119439
2027,71.60014129282939,0.8835382,8.82685,-4.127746,-9.807565,-0.0056650173,14.824081
2028,71.63546450017661,1.3711025,9.900177,-4.495119,-5.613646,-0.0793212,13.758356
2029,71.67078770752384,0.447042,10.575238,-5.0068507,-6.8522344,0.12374752,16.13565
2030,71.70611091487108,-1.1972497,9.3120985,-7.3425584,-9.491748,0.5761098,17.173468
2031,71.7414341222183,-2.6741784,6.8522425,-5.251447,-7.1568637,0.7456667,11.980082
2032,71.77675732956553,-0.44281688,6.729761,-4.0115094,-5.5528865,0.012961988,10.884083
2033,71.81208053691275,-0.09930519,7.1711955,-3.651502,-4.9313374,-0.38184303,10.667047
2034,71.84740374425998,-1.0849391,8.768857,-3.965816,-5.971288,-0.0784671,12.351223
2035,71.88272695160721,-1.6023918,7.5501165,-5.1378226,-5.072827,0.57386005,13.0351515
2036,71.91805015895443,-2.0123436,6.0014,-3.2802365,-7.656961,-0.29560062,13.020552
2037,71.95337336630166,-0.6769183,7.1656985,-3.0131454,-3.6943924,0.3241697,10.76346
2038,71.98869657364888,-3.110326,7.4042554,-3.3822675,-4.8581223,1.355882,9.960056
2039,72.02401978099611,-1.3757904,9.057259,-4.9910936,-6.3016706,0.08783248,14.960225
2040,72.05934298834335,-0.050738603,8.26918,-5.509796,-9.378067,-0.6379885,15.437107
2041,72.09466619569056,-0.86295426,7.2336044,-4.521989,-9.450974,1.4740299,15.93747
2042,72.1299894030378,-2.3333511,5.860802,-4.2131653,-8.736868,1.5232875,13.70354
2043,72.16531261038503,-1.0104198,8.160136,-3.230185,-9.517961,2.1138444,16.652494
2044,72.20063581773225,-1.831845,10.515024,-3.5925372,-9.221897,1.8747568,18.600468
2045,72.23595902507948,-0.53320795,11.785249,-3.33731,-9.4205885,2.3288023,19.516672
2046,72.2712822324267,-1.6780635,9.838643,-3.4606707,-9.463928,3.709734,16.933949
2047,72.30660543977393,-1.1492112,7.408722,-5.861235,-11.522364,2.6478796,15.76388
2048,72.34192864712116,0.00071426015,10.195639,-2.867085,-8.983869,1.0767106,18.219738
2049,72.37725185446838,-0.55218524,11.655428,-3.4884574,-8.147881,0.32292113,19.37835
2050,72.41257506181562,0.267966,10.297559,-2.7879577,-8.972177,0.23348741,17.696249
2051,72.44789826916283,0.044740416,9.503597,-4.6511693,-9.292576,0.21151255,18.140385
2052,72.48322147651007,-1.8021084,6.3593874,-4.5952544,-9.139279,0.75719076,15.051703
2053,72.5185446838573,-0.32239425,6.308062,-2.3773465,-6.118717,0.9542727,13.169076
2054,72.55386789120452,0.19350302,7.173401,-3.1982064,-6.9191017,1.0461649,12.886872
2055,72.58919109855175,0.07850107,7.5678368,-4.5587406,-10.406154,1.641231,16.122017
2056,72.62451430589897,1.0720133,9.394399,-5.008974,-10.406792,1.9027883,17.741032
2057,72.6598375132462,-0.5212473,5.4690166,-5.9985795,-9.610155,1.6123444,13.237513
2058,72.69516072059344,-1.8422399,4.521994,-4.0809293,-7.381637,0.63012445,10.887685
2059,72.73048392794065,-2.5339901,3.5179002,-5.332557,-8.07763,0.44133866,9.739391
2060,72.76580713528789,-1.1612155,3.1172638,-5.090384,-8.41086,0.6576952,9.690635
2061,72.8011303426351,-2.5930126,7.0994997,-3.0926597,-8.440379,2.4201827,13.208726
2062,72.83645354998234,-0.15704733,3.0017228,-4.662406,-6.5138354,1.9783628,8.745123
2063,72.87177675732957,-2.429602,5.1945333,-6.84363,-8.243264,1.8302982,11.253663
2064,72.90709996467679,-1.8681741,5.3406663,-7.2227235,-9.296602,1.4053158,11.7565975
2065,72.94242317202402,-4.4739122,2.4032226,-8.577607,-12.431984,2.1362662,12.559271
2066,72.97774637937124,-3.0430872,5.608917,-3.0248358,-5.810573,0.70677465,9.219566
2067,73.01306958671847,-1.134944,5.0304894,-3.7162123,-7.4386954,1.6987642,12.250581
2068,73.0483927940657,-1.8097105,4.403297,-5.159559,-6.8741865,1.7864157,10.109987
2069,73.08371600141292,-2.4557972,5.5143285,-6.5506353,-10.028768,1.827906,13.332869
2070,73.11903920876016,-1.3221372,4.087054,-6.244819,-9.943414,2.1132655,12.548315
2071,73.15436241610739,-1.5846069,7.4687347,-3.0287304,-8.350095,1.5660272,12.92429
2072,73.18968562345461,-0.8716741,6.1499705,-1.7438082,-5.500074,1.2868634,10.445495
2073,73.22500883080184,-1.6058389,6.812225,-2.2487414,-6.535234,1.3524592,11.284512
2074,73.26033203814906,0.15915084,6.3390226,-2.338144,-6.3220596,1.2423917,11.066588
2075,73.29565524549629,-0.9785198,4.351651,-3.245975,-5.8528843,1.1751457,8.771509
2076,73.33097845284352,-0.25931153,5.0954995,-3.1280077,-5.9224896,1.795077,9.880629
2077,73.36630166019074,0.5642164,6.959055,-3.8335435,-8.507747,2.350975,13.282086
2078,73.40162486753798,-0.8889402,9.15746,-4.588607,-11.027966,1.2693447,17.168116
2079,73.4369480748852,0.4921009,10.632126,-4.2428794,-9.626144,1.1666701,17.463827
2080,73.47227128223243,-0.26487905,11.479891,-3.8323224,-10.357467,2.1836302,17.816414
2081,73.50759448957966,-0.8694704,7.7066393,-4.042151,-9.3448105,2.6306257,15.904187
2082,73.54291769692688,-1.2159169,5.794827,-4.284688,-7.706684,2.0140846,12.708928
2083,73.57824090427411,-1.4495983,7.5450573,-1.7882143,-6.9831986,2.009985,11.814905
2084,73.61356411162133,-2.3685093,6.7579875,-2.3334465,-7.080226,2.3845155,13.189857
2085,73.64888731896856,-1.0625441,8.019334,-2.633274,-7.9536357,3.0723636,14.417629
2086,73.6842105263158,-0.19333068,11.309996,-1.6460565,-8.599015,4.8575964,16.820078
2087,73.71953373366301,0.30654347,9.127082,-3.596314,-9.889196,2.627004,15.741508
2088,73.75485694101025,-0.812466,5.026962,-5.3851895,-11.503378,2.110819,12.07653
2089,73.79018014835746,-1.0570717,6.9211025,-3.8639898,-9.891546,1.9177583,13.4007845
2090,73.8255033557047,-0.6852845,6.716475,-4.658083,-9.605963,1.6778064,13.703521
2091,73.86082656305193,1.36742,11.312642,-0.8550738,-5.910815,-0.21778932,17.406223
2092,73.89614977039915,4.7010794,9.770081,-1.9501535,-4.8127785,-1.6163932,12.749646
2093,73.93147297774638,1.4667957,8.680684,-2.5477083,-3.8567374,-0.48035616,10.413608
2094,73.9667961850936,-1.3500968,9.969835,-2.3327606,-5.1243443,0.002826992,10.828489
2095,74.00211939244083,2.3287792,12.39813,-1.6581591,-4.5193343,-0.87415135,15.515096
2096,74.03744259978806,0.43926805,12.788535,-2.8800864,-5.285001,-0.51391983,15.849218
2097,74.07276580713528,-1.0325923,10.296078,-4.1568503,-4.9812083,-0.877444,15.669669
2098,74.10808901448252,-3.3268938,8.781497,-4.6025357,-6.2857127,0.59925526,12.134774
2099,74.14341222182975,-1.8318694,9.681287,-2.7603061,-5.7279863,-0.3078236,14.291514
2100,74.17873542917697,0.7167483,9.404018,-3.670822,-7.7534533,-0.9032982,14.241406
2101,74.2140586365242,-0.35544556,9.961722,-2.9897218,-7.1625247,0.46094373,12.078796
2102,74.24938184387142,-2.065989,9.508876,-3.4088302,-6.5611,1.1519957,10.158192
2103,74.28470505121865,-3.6394944,9.957087,-4.1952586,-6.81804,1.4237354,11.688517
2104,74.32002825856588,-5.2727113,9.847576,-4.7780037,-7.600128,1.4206048,11.720395
2105,74.3553514659131,-0.18572637,7.719122,-5.122718,-8.275675,1.4160473,12.6966305
2106,74.39067467326034,-0.25368503,6.9914355,-5.2928877,-9.676014,1.5996228,13.163456
2107,74.42599788060755,-1.1768818,7.732178,-1.8345151,-5.900221,-0.048355896,10.675569
2108,74.46132108795479,-1.1640078,7.601595,-4.3796062,-8.575775,1.081557,13.596471
2109,74.49664429530202,0.16435447,8.664791,-3.11203,-6.935996,0.9200487,14.517049
2110,74.53196750264924,-1.2886362,8.29317,-3.0366993,-5.942577,0.11990302,12.342389
2111,74.56729070999647,0.73742235,9.9054365,-3.2770586,-5.5308027,-2.0182092,12.132898
2112,74.60261391734369,0.6031517,8.821739,-4.3957024,-8.525012,-1.835184,14.27194
2113,74.63793712469092,-0.37966838,7.4751887,-4.1143923,-5.0517664,-2.3715754,10.968343
2114,74.67326033203815,-1.065117,8.94982,-5.5010605,-6.8284216,-2.5431442,14.345603
2115,74.70858353938537,-0.94082195,9.48379,-3.8516133,-6.186651,-3.3151317,16.720636
2116,74.7439067467326,-0.97579616,9.126981,-3.6553981,-6.80486,-1.741477,14.66509
2117,74.77922995407982,-0.60927397,10.217588,-2.4043903,-4.4300513,-1.6621206,13.461791
2118,74.81455316142706,-0.7110852,10.780458,-3.2018907,-7.450326,-1.3418729,15.669755
2119,74.84987636877429,-0.51402014,10.26617,-4.1815724,-7.4593654,0.049211983,12.095708
2120,74.88519957612151,-0.8683552,12.259011,-3.8904321,-8.277854,1.1752682,14.530089
2121,74.92052278346874,-0.4432475,10.411448,-3.7695835,-6.2537684,2.2338548,11.671178
2122,74.95584599081596,-0.9023471,10.523302,-4.136753,-5.3737574,2.366228,11.018656
2123,74.99116919816319,-0.5160407,12.286098,-3.376952,-5.7192426,0.63344455,14.285003
2124,75.02649240551042,-0.5896551,14.244961,-2.4145987,-4.976465,1.0999277,15.709831
2125,75.06181561285764,-1.4242946,10.534765,-3.5986168,-7.801878,1.9120626,15.017668
2126,75.09713882020488,-0.27197957,9.220601,-5.2472034,-8.918058,1.1296656,13.598937
2127,75.13246202755211,0.65098006,9.1958475,-2.5339181,-8.5157795,0.9274244,14.616699
2128,75.16778523489933,2.6606054,10.281586,-1.0491431,-7.246345,-0.035015322,15.4271755
2129,75.20310844224656,2.4815323,10.732284,-1.6829504,-6.8715677,-0.58323693,17.925533
2130,75.23843164959378,2.4242194,11.396983,-0.6652741,-6.657715,-0.9622942,20.608755
2131,75.27375485694101,2.2430284,11.225098,0.24194328,-8.183006,0.30083823,18.633463
2132,75.30907806428824,1.3759946,10.96609,-2.07521,-7.633118,0.056257162,17.779303
2133,75.34440127163546,0.38775128,11.768872,-2.9090025,-8.985,0.726975,16.934443
2134,75.3797244789827,-0.023671016,8.428442,-3.0221531,-8.317595,0.96204895,15.10115
2135,75.41504768632991,-2.130321,6.6028056,-4.1140337,-8.627435,1.0395525,13.472814
2136,75.45037089367715,-1.0722489,8.974618,-3.5925224,-9.346468,1.4247451,15.973685
2137,75.48569410102438,-0.9824067,11.754519,-3.7699335,-9.377802,1.3069069,17.717037
2138,75.5210173083716,-0.7493978,12.368322,-1.6723261,-6.9853306,0.73597306,19.333523
2139,75.55634051571883,-0.7452767,12.7207775,-2.948943,-5.83059,0.12747966,15.485125
2140,75.59166372306605,-0.8108827,11.396169,-3.834012,-5.592192,-1.2620198,13.845659
2141,75.62698693041328,1.339564,10.7267475,-1.3873825,-4.512854,-0.6983049,10.174945
2142,75.66231013776051,-2.2646532,12.7473345,-3.5119398,-5.5806017,1.6120331,14.535815
2143,75.69763334510773,-2.1105201,10.741435,-4.254784,-7.4156313,1.7247431,15.123425
2144,75.73295655245497,0.00020810947,9.056209,-4.705356,-8.788922,2.1315866,14.376454
2145,75.76827975980218,-0.26029256,6.297415,-5.5814786,-10.554333,2.5330565,12.603184
2146,75.80360296714942,-1.135949,7.487306,-2.8725495,-9.000863,2.251453,13.001266
2147,75.83892617449665,-0.3933601,7.4604535,-4.4956226,-9.304172,2.2183254,13.897184
2148,75.87424938184387,0.7499411,10.208813,-2.8750165,-8.428431,2.116068,14.16293
2149,75.9095725891911,0.1641815,10.14821,-3.8551435,-8.098845,2.138555,12.400933
2150,75.94489579653832,0.6932124,8.377106,-4.6067014,-8.4589,2.6639588,11.330387
2151,75.98021900388555,-2.2544093,8.586866,-4.7675314,-8.467676,1.8439097,10.516779
2152,76.01554221123278,1.7362815,9.731453,-3.462612,-9.19302,4.0218635,9.997511
2153,76.05086541858,-0.16101733,8.202851,-3.1580267,-10.553895,3.7837234,13.514388
2154,76.08618862592724,-0.9870592,9.119008,-2.4519615,-10.543844,4.123649,14.85459
2155,76.12151183327447,0.77143705,7.502902,-3.7846775,-8.088554,3.2133114,8.924647
2156,76.15683504062169,2.5321555,8.289592,-3.5034266,-7.5339036,1.3449297,11.692813
2157,76.19215824796892,0.7253748,8.485678,-0.72986877,-5.3861303,1.159556,12.657712
2158,76.22748145531614,2.2662401,9.908772,-1.8709457,-5.7156043,1.1043011,15.610698
2159,76.26280466266337,0.16414902,7.1596203,-4.7602196,-8.761702,2.4175353,9.449885
2160,76.2981278700106,2.2597244,8.03056,-3.6929088,-6.7395487,4.0196037,8.56734
2161,76.33345107735782,0.47809774,9.995186,-3.736549,-7.6704745,4.123602,10.845551
2162,76.36877428470505,-3.125095,8.511649,-1.3316958,-7.794946,5.024393,8.788182
2163,76.40409749205227,-2.429094,8.148422,-2.1795337,-7.467751,3.5542793,9.834211
2164,76.4394206993995,-4.0582085,8.5827,-4.352793,-9.081888,3.4301589,13.213395
2165,76.47474390674674,-1.662164,8.947022,-3.9641805,-8.809018,3.9040911,13.627467
2166,76.51006711409396,1.0669023,9.680755,-4.0833974,-10.467665,2.5549433,13.390649
2167,76.54539032144119,1.4324478,8.814961,-2.7423983,-10.209909,2.475257,14.555918
2168,76.58071352878841,1.7806109,10.018839,-2.502496,-11.049408,4.0422106,16.147964
2169,76.61603673613564,0.9388542,10.365519,-2.0043635,-10.282388,4.884148,17.013239
2170,76.65135994348287,-1.8131369,7.0301886,-4.963305,-12.316184,3.9424217,17.640427
2171,76.68668315083009,-3.2805378,4.808842,-3.8466086,-11.209849,4.1052446,13.462623
2172,76.72200635817732,-3.6231062,4.8023167,-3.0073524,-9.396308,2.257101,13.384383
2173,76.75732956552454,-2.0385175,4.962101,-3.003405,-9.891056,2.3917701,14.132738
2174,76.79265277287178,-2.0022862,5.917775,-2.1872907,-7.49251,4.4145427,9.997111
2175,76.82797598021901,-1.4919046,5.4412727,-2.2991085,-8.104761,2.7098656,12.397395
2176,76.86329918756623,-2.6309526,4.4591274,-3.1940618,-8.046602,3.4849274,10.176834
2177,76.89862239491346,-0.56501746,6.1505256,-2.803022,-7.1271663,2.188396,8.878332
2178,76.93394560226068,-1.8016372,7.3825083,-0.6755391,-5.651263,3.1315928,9.974886
2179,76.96926880960791,-2.0982242,7.2312274,-1.3781023,-6.6847286,5.8653607,7.6950393
2180,77.00459201695514,-2.8386347,6.2043376,-3.1561806,-10.226578,5.8459206,13.73289
2181,77.03991522430236,-0.820757,8.094489,-3.052094,-11.287244,5.3447976,15.991934
2182,77.0752384316496,-0.36506647,7.279396,-4.3482876,-11.13457,6.069442,13.48654
2183,77.11056163899683,-0.6976276,3.6754096,-5.488602,-10.166339,4.07088,9.37217
2184,77.14588484634405,0.45632127,8.202528,-3.524536,-9.366167,3.4659665,12.190456
2185,77.18120805369128,0.20954765,7.604122,-4.2961245,-9.460128,3.4386408,12.869739
2186,77.2165312610385,1.6822542,7.5874076,-2.1480691,-8.874535,2.5617297,10.929086
2187,77.25185446838573,1.3465008,9.073591,-1.884451,-9.289283,3.050424,13.529566
2188,77.28717767573296,2.1357763,11.964967,-1.3151683,-9.167256,3.1751916,14.553695
2189,77.32250088308018,2.242224,12.117597,-1.8412621,-9.313117,3.6262417,14.505717
2190,77.35782409042741,0.23750827,12.532118,-2.155116,-9.43559,4.0208373,16.674423
2191,77.39314729777463,-1.0538713,12.063244,-1.934682,-8.301719,2.6048217,14.1749525
2192,77.42847050512187,0.7485775,9.844036,-2.0448132,-8.82356,3.593662,14.519831
2193,77.4637937124691,1.6742419,11.4414015,0.38508874,-7.728895,5.108996,11.716012
2194,77.49911691981632,-0.09239353,8.591868,-1.4782082,-6.5646577,1.9561889,11.630764
2195,77.53444012716355,-0.94325846,7.2172904,-2.5836632,-8.154535,2.72317,13.455305
2196,77.56976333451077,-0.022886353,9.0590105,-1.9698516,-8.263345,2.35392,14.115527
2197,77.605086541858,1.1700997,9.633248,-1.1372873,-7.0053134,3.2316263,10.1324625
2198,77.64040974920523,0.5012201,9.82685,-1.4774346,-7.581767,3.1316824,13.979361
2199,77.67573295655245,2.2129676,12.75172,-1.6129298,-9.282602,4.785056,15.301347
2200,77.71105616389968,3.5380147,15.463576,0.08326398,-6.1806407,4.5710516,13.836782
2201,77.7463793712469,3.2345512,14.055278,-0.9675041,-7.020443,5.5999975,13.577095
2202,77.78170257859414,2.8388565,17.187592,-0.6388948,-6.1560006,5.2822456,15.837571
2203,77.81702578594137,1.0685588,13.797564,-0.92001003,-6.256863,5.0042315,13.925711
2204,77.85234899328859,2.4573424,14.919924,-1.4406574,-5.8500214,4.686722,14.924844
2205,77.88767220063582,1.4546846,14.371349,-1.0739772,-6.434884,5.42064,15.752206
2206,77.92299540798304,1.4155016,12.531186,-0.23501937,-7.123183,6.211609,14.077387
2207,77.95831861533027,2.196571,9.3523445,-2.487143,-9.358051,4.436257,11.851141
2208,77.9936418226775,0.7323708,5.8538656,-5.087464,-10.16268,4.7824116,10.918205
2209,78.02896503002472,0.40242538,7.6777596,-2.7421427,-8.458428,3.5499053,10.292749
2210,78.06428823737195,0.48284042,7.8626666,-4.1543493,-9.085798,3.8993459,12.45732
2211,78.09961144471919,1.6986179,8.091546,-2.2209222,-8.315713,2.814696,10.830467
2212,78.1349346520664,2.6963043,8.148569,-2.6132095,-10.028449,4.3018765,14.026274
2213,78.17025785941364,3.5357456,13.462992,0.57988054,-5.979126,4.901626,13.764103
2214,78.20558106676086,2.3559973,10.076151,-2.3609266,-6.837066,2.453947,12.5884695
2215,78.24090427410809,2.737897,10.862911,-2.2607834,-7.944518,2.7152114,12.782823
2216,78.27622748145532,2.7267897,9.350263,-1.8837516,-9.62922,2.3879876,13.542112
2217,78.31155068880254,3.6875782,8.893467,-1.9735364,-6.093173,1.9979577,8.902572
2218,78.34687389614977,3.5018702,10.081776,-2.8764522,-5.553738,3.7647076,9.839668
2219,78.38219710349699,1.0054414,4.794364,-5.4969735,-10.117677,5.3525867,10.223597
2220,78.41752031084422,-1.1720439,-1.2630771,-3.5513325,-6.815819,3.821746,2.9788368
2221,78.45284351819146,0.21690863,4.3839803,-5.35969,-11.209491,4.9929423,12.33656
2222,78.48816672553868,0.2028267,5.5196967,-3.551799,-9.266665,5.4418573,12.127409
2223,78.52348993288591,1.12037,5.788434,-4.724172,-7.389101,4.7753444,9.432738
2224,78.55881314023313,0.5945846,8.67065,-2.8287497,-4.232697,1.8721898,10.857952
2225,78.59413634758036,0.6982827,9.174196,-2.7471678,-5.4877534,1.7608054,10.748378
2226,78.62945955492759,-1.3392503,5.8774405,-6.0457816,-12.49718,3.1722937,15.172482
2227,78.66478276227481,-1.9492646,2.3710618,-7.576561,-12.730981,1.8817699,13.404817
2228,78.70010596962204,-2.6927896,2.2172189,-6.498064,-10.855055,1.3226788,11.724192
2229,78.73542917696926,-1.8948576,3.3839488,-4.4202332,-8.7571745,0.8955542,11.447154
2230,78.7707523843165,-2.773616,2.711674,-5.507006,-9.677413,0.5336183,11.475193
2231,78.80607559166373,-1.5691096,3.2647321,-4.729349,-9.846756,0.7103306,12.066036
2232,78.84139879901095,-3.0471919,4.895515,-3.2008543,-7.465979,2.2634592,9.172631
2233,78.87672200635818,-0.97236705,2.353044,-4.57593,-7.704499,1.5124097,9.855185
2234,78.9120452137054,-2.6104991,4.0273995,-6.22632,-8.94357,1.2559962,11.42857
2235,78.94736842105263,-2.907235,4.1358876,-6.81068,-10.049877,1.2194237,11.534939
2236,78.98269162839986,-5.114065,1.0913162,-8.326678,-12.864654,1.9318566,11.489232
2237,79.01801483574708,-4.7661614,6.874693,-3.594181,-8.596358,3.302796,9.474438
2238,79.05333804309431,-4.0026145,3.9811099,-4.8609524,-9.50773,2.5424564,12.799792
2239,79.08866125044155,-3.845663,2.8724113,-6.8067636,-10.523426,2.1603267,11.533963
2240,79.12398445778877,-3.9812229,3.081832,-8.063728,-11.177084,1.7353051,12.104739
2241,79.159307665136,-2.5291357,1.3981966,-7.2999754,-11.302987,1.8954997,10.383991
2242,79.19463087248322,-1.5919077,4.788085,-2.921429,-7.5075765,2.0595868,9.491831
2243,79.22995407983045,-3.188453,3.5489812,-4.9554524,-9.070528,1.514393,10.708917
2244,79.26527728717768,-2.6046448,3.8173168,-4.62482,-9.101961,1.7037169,10.804218
2245,79.3006004945249,-1.7662928,3.9536572,-3.8127384,-6.435114,1.5322348,8.633141
2246,79.33592370187213,-2.0616949,3.4049327,-4.350577,-7.9391656,2.7452676,9.537505
2247,79.37124690921935,-2.2298777,3.5552368,-4.1625257,-7.2802725,2.635265,8.907185
2248,79.40657011656658,-1.2638369,4.5131774,-3.5782502,-7.525139,2.204551,9.921188
2249,79.44189332391382,-2.125025,1.8777316,-2.7487514,-4.8137445,3.004059,2.9603958
2250,79.47721653126104,-2.3211956,3.8267455,-2.8677392,-6.1496377,2.1573317,6.8031473
2251,79.51253973860827,-2.867753,5.1667295,-4.5683537,-9.664507,4.691098,12.360665
2252,79.54786294595549,-1.1695322,6.3987885,-5.6164227,-11.581942,4.445887,14.443319
2253,79.58318615330272,-0.31057337,6.431603,-6.158441,-11.588156,4.5391836,13.6949625
2254,79.61850936064995,0.3802072,5.7599616,-5.141249,-9.439658,5.849922,11.049733
2255,79.65383256799717,-0.36437234,5.998433,-4.9858627,-11.007348,4.9480195,13.801447
2256,79.6891557753444,0.15802298,4.1215134,-5.709834,-10.042185,4.90571,10.234629
2257,79.72447898269162,-0.06719106,6.936212,-3.9178228,-8.586154,2.6196613,12.851402
2258,79.75980219003885,2.2654414,12.996139,-1.4164903,-5.9563365,5.6501007,11.213255
2259,79.79512539738609,1.7025546,12.333681,-2.1847332,-5.555444,2.2298553,14.352732
2260,79.8304486047333,0.34938148,11.8632765,-2.1222823,-7.148447,2.8532214,13.872292
2261,79.86577181208054,-0.2046285,11.169485,-1.9843634,-7.6453886,3.118703,14.029557
2262,79.90109501942776,-1.5899845,8.689333,-3.0107045,-8.389669,2.5728,13.040955
2263,79.93641822677499,0.010750312,8.275494,-4.0935044,-9.587021,5.8879466,12.25033
2264,79.97174143412222,1.3273077,7.8977895,-2.504857,-9.177625,5.9630747,11.532316
2265,80.00706464146944,2.6483662,7.5665426,-2.989842,-9.989012,7.8873773,13.330751
2266,80.04238784881667,3.046752,10.84086,-3.5601084,-9.356285,7.611431,14.099037
2267,80.0777110561639,0.557911,10.817812,-3.5133905,-9.7291155,7.46735,14.33462
2268,80.11303426351112,0.9310362,9.262499,-2.191808,-8.51821,5.769305,11.323349
2269,80.14835747085836,-0.04007132,2.881097,-5.780344,-9.679781,7.6870565,8.379455
2270,80.18368067820558,-0.62283677,0.43422487,-5.455297,-7.560127,5.2693777,5.442812
2271,80.21900388555281,0.1964025,6.2315736,-4.261548,-8.689691,5.3398104,10.843625
2272,80.25432709290004,1.1342235,8.283294,-2.0633059,-7.043553,2.3351207,11.526486
2273,80.28965030024726,0.88786364,8.839031,-1.9364419,-7.412598,0.3322876,13.979289
2274,80.32497350759449,-0.3084035,8.106406,-2.8285196,-7.6889806,1.1992952,12.404845
2275,80.36029671494171,-0.6242882,7.0601416,-4.121105,-9.208231,0.5140652,13.097633
2276,80.39561992228894,1.8619921,8.043514,-1.916485,-7.840332,0.6667494,11.858122
2277,80.43094312963618,1.234977,9.58586,-1.9950188,-8.928253,2.7829366,14.254635
2278,80.4662663369834,2.4028559,13.396414,-0.49440712,-7.137097,0.88575196,12.3499365
2279,80.50158954433063,1.9515834,13.574719,0.9816722,-5.1874228,-0.66256696,14.953889
2280,80.53691275167785,2.860236,15.061309,0.16074525,-7.2949653,3.5028465,13.535162
2281,80.57223595902508,0.476742,13.498546,0.42042875,-8.45524,5.2392826,13.845845
2282,80.60755916637231,-0.6238703,12.469683,-2.2768686,-8.570999,4.0058084,16.301338
2283,80.64288237371953,-1.5222598,11.318324,-3.1495132,-7.6875687,3.5404232,15.281328
2284,80.67820558106676,-1.5109793,9.966688,-3.1483617,-8.570207,3.928674,15.148022
2285,80.71352878841398,-1.3491434,10.585553,-1.9592123,-9.590287,5.1937637,14.325835
2286,80.74885199576121,-0.3996957,11.268169,-2.3249562,-7.149886,4.177461,10.066468
2287,80.78417520310845,0.1908242,9.258068,-3.832334,-7.426483,5.5787797,10.888256
2288,80.81949841045567,1.9805477,8.529175,-3.8579307,-9.324261,3.4397054,11.284146
2289,80.8548216178029,0.6659541,4.280648,-6.2398863,-9.621764,4.9183035,9.7316
2290,80.89014482515013,0.23321345,6.67858,-4.322078,-8.7757,3.6886282,11.473121
2291,80.92546803249735,1.594712,6.659426,-2.9540167,-9.057271,4.2507606,11.749846
2292,80.96079123984458,2.949921,7.513561,-3.3334665,-10.177331,4.9970975,14.411947
2293,80.9961144471918,2.083132,7.2469077,-3.1674979,-8.811426,7.5100956,11.380344
2294,81.03143765453903,2.4941936,9.847006,-0.73088217,-7.660864,5.302772,11.010829
2295,81.06676086188627,2.16662,6.946411,-3.6794486,-7.939885,7.6216435,12.558611
2296,81.10208406923348,0.7207485,2.4424834,-5.027067,-8.512789,8.702239,7.685648
2297,81.13740727658072,2.2768126,1.5085502,-0.99140406,-3.302801,7.6616564,2.3053968
2298,81.17273048392794,-0.29068747,-0.32899567,-4.653977,-6.0929813,4.6294794,3.8362947
2299,81.20805369127517,0.694473,4.611472,-4.403681,-8.380567,6.6416225,10.017879
2300,81.2433768986224,3.7091138,7.6300693,-3.20977,-9.58099,3.1693265,10.338501
2301,81.27870010596962,1.8127408,6.1646256,-4.9120774,-11.00609,3.8553357,11.313975
2302,81.31402331331685,1.430919,2.6035054,-5.980993,-8.961844,2.5870113,7.8711405
2303,81.34934652066407,-0.92217463,6.499903,-4.547512,-11.087973,4.27604,12.817288
2304,81.3846697280113,0.90351605,6.9468446,-4.7193003,-10.483173,3.0287678,12.301667
2305,81.41999293535854,0.1821427,8.798919,-3.3901248,-9.688279,3.4293294,11.987465
2306,81.45531614270575,-1.7284874,8.829103,-4.365842,-10.854813,4.9519057,13.788772
2307,81.49063935005299,1.662208,8.672784,-2.8038292,-8.901335,4.1670485,11.425251
2308,81.5259625574002,2.1043108,7.26412,-5.186498,-10.752697,2.5616088,11.815794
2309,81.56128576474744,-0.870699,8.104215,-4.496286,-9.21543,3.221589,13.428539
2310,81.59660897209467,1.699929,7.657087,-5.011578,-8.5567255,2.2333822,11.778542
2311,81.63193217944189,1.6378988,8.982206,-2.9443002,-7.43944,0.9178406,11.83547
2312,81.66725538678912,-0.13745628,6.9451704,-5.408145,-8.8065815,2.6300585,12.228116
2313,81.70257859413634,1.9341004,7.611619,-4.999931,-10.202623,5.4280396,11.565864
2314,81.73790180148357,1.0031587,12.293964,-2.760099,-9.326779,6.5724974,13.578985
2315,81.7732250088308,0.45475855,11.937243,-2.9128067,-8.351592,5.4764442,13.998965
2316,81.80854821617802,2.3805208,14.473385,-2.2720492,-9.303153,6.3647766,14.701503
2317,81.84387142352526,2.322763,13.502546,-2.8403108,-7.276961,4.5235195,15.382208
2318,81.87919463087249,1.8913896,10.5288515,-2.9912775,-8.07453,7.288187,13.465347
2319,81.91451783821971,2.2725995,6.659402,-4.7913327,-9.578367,6.1763463,9.822343
2320,81.94984104556694,0.8178092,9.582538,-2.6863708,-7.2792006,5.8251233,10.691098
2321,81.98516425291416,0.58761716,10.77043,-2.1231604,-6.670671,6.5431094,11.210055
2322,82.02048746026139,1.6813469,7.513277,-1.8231516,-6.395491,11.170847,8.912569
2323,82.05581066760863,1.6391749,3.021235,-4.9932957,-8.496721,8.478062,7.683371
2324,82.09113387495584,1.2950068,0.64619577,-3.5235398,-5.3114834,5.2272825,4.819947
2325,82.12645708230308,0.7720758,5.7277927,-4.36482,-8.926584,6.0163836,10.676508
2326,82.1617802896503,1.8613926,4.7639465,-1.2163987,-4.613709,12.220423,5.9584455
2327,82.19710349699753,1.3671052,1.1465018,-3.5379393,-6.23447,9.1880045,4.792276
2328,82.23242670434476,1.6361513,0.89694256,-3.132097,-4.234183,5.834692,4.122337
2329,82.26774991169198,0.5309538,4.9183993,-4.167011,-8.303102,6.8184896,9.315374
2330,82.30307311903921,1.3236874,4.247809,-3.0039697,-5.93425,8.092561,7.36144
2331,82.33839632638643,4.1643124,7.9049006,-2.5450606,-5.977037,6.4562273,8.004266
2332,82.37371953373366,2.1845202,4.9942408,-1.7623966,-4.006969,6.5765643,4.984743
2333,82.4090427410809,1.4307489,2.626454,-4.3700495,-6.1885834,7.7850003,5.9568634
2334,82.44436594842811,1.5178808,2.1358755,-3.5322108,-4.459953,6.6027966,4.78237
2335,82.47968915577535,0.46104175,6.5338135,-3.5765567,-7.3967185,6.7850018,9.981478
2336,82.51501236312257,2.3707414,3.1214275,-1.3632379,-2.9394746,5.326752,4.0573897
2337,82.5503355704698,2.1367354,2.3456652,-1.1958348,-2.787398,2.4903972,3.3061063
2338,82.58565877781703,-2.3422267,8.762547,-1.8484882,-7.8111806,5.0767527,10.854645
2339,82.62098198516425,3.0060635,2.5016928,-0.34058088,-2.2501519,0.33843943,3.0183437
2340,82.65630519251148,0.61242634,8.424458,-3.4176538,-9.157785,0.9792012,12.863204
2341,82.6916283998587,1.1424665,8.691382,-1.4502959,-2.1867132,1.7458799,9.995426
2342,82.72695160720593,-2.3048573,6.3375764,-2.4567277,-5.634367,1.4091755,8.470253
2343,82.76227481455317,0.7560303,5.076125,-2.3096905,-6.5353236,1.3904082,10.571214
2344,82.79759802190038,1.1790419,3.9577441,-1.5570717,-3.187682,2.5631123,7.069314
2345,82.83292122924762,0.24394998,2.3454282,-3.3576906,-4.6726856,2.612994,7.655455
2346,82.86824443659485,1.2490423,6.2582245,-3.8657737,-9.072248,0.18110651,13.334253
2347,82.90356764394207,0.76904243,3.1255631,-4.5737996,-6.3480525,0.099682085,8.24451
2348,82.9388908512893,-1.2444685,7.093451,-3.8712142,-9.446543,0.37255672,13.5862875
2349,82.97421405863652,1.775219,6.6687984,-3.5696406,-8.146101,1.3209369,11.045343
2350,83.00953726598375,-1.6568326,7.6951857,-3.9169106,-8.63005,0.5430197,13.189112
2351,83.04486047333098,0.29801947,6.7222557,-4.070053,-7.57527,1.8635236,11.643689
2352,83.0801836806782,1.4816074,6.881262,-3.672665,-7.1268396,1.4316466,12.120501
2353,83.11550688802544,2.0256155,6.667165,-2.6984582,-6.014708,1.5440845,11.711374
2354,83.15083009537265,-0.20512748,7.2931147,-3.6637976,-6.4813523,0.6699669,12.965078
2355,83.18615330271989,-0.5061701,8.152258,-3.6008914,-6.5667863,0.19357793,12.74634
2356,83.22147651006712,-2.5799353,8.5427065,-5.551118,-9.525968,0.6788587,15.101116
2357,83.25679971741434,-0.6590948,9.764865,-3.3848636,-8.156865,0.57409,15.80717
2358,83.29212292476157,1.4915626,9.245539,-2.401259,-4.2925606,1.9179821,11.457136
2359,83.32744613210879,0.82629246,6.8390894,-4.8042684,-7.500186,0.5111406,12.335072
2360,83.36276933945602,0.51854557,9.277339,-4.0668373,-6.182428,0.20244363,14.405311
2361,83.39809254680326,0.2623107,9.943121,-4.6858478,-7.4797544,-0.5593176,16.524937
2362,83.43341575415047,0.51304275,11.081595,-4.2252307,-7.5651984,0.25804842,17.447506
2363,83.4687389614977,-2.8489316,9.350577,-6.3011518,-9.087641,0.16656676,13.005104
2364,83.50406216884492,-4.104131,6.812548,-3.3569791,-4.1384554,-1.1708702,7.5686073
2365,83.53938537619216,-2.9808328,9.894368,-5.282781,-6.8198113,0.14845559,12.1928
2366,83.57470858353939,-3.446613,8.982799,-6.28862,-8.46288,0.7913538,15.325727
2367,83.61003179088661,-2.9722762,6.1768317,-4.558159,-7.306144,1.2170461,12.154766
2368,83.64535499823384,-0.91266984,6.6122255,-3.9528391,-7.0002832,-0.80328315,12.273419
2369,83.68067820558106,-1.2665944,6.8346257,-4.27642,-6.741526,-0.6915839,12.187046
2370,83.71600141292829,-1.8880183,8.3646965,-4.3409495,-6.6179047,-0.09887162,12.35317
2371,83.75132462027553,-0.99292,10.007037,-3.5298905,-7.340686,1.2323039,15.531614
2372,83.78664782762274,1.2244738,7.9015794,-4.1743636,-8.953679,-1.172425,16.27528
2373,83.82197103496998,0.2171645,10.352242,-5.385636,-6.518916,-0.5917127,16.493355
2374,83.85729424231721,-1.3241334,9.709833,-6.9626184,-8.815536,0.95830137,16.80311
2375,83.89261744966443,-1.1206028,9.815025,-3.6871116,-5.200054,0.963199,15.673179
2376,83.92794065701166,-3.2704058,8.004803,-4.2267785,-5.8086734,0.6301762,12.118173
2377,83.96326386435888,-2.8405364,6.6336427,-3.6434138,-5.306819,0.8028448,10.496787
2378,83.99858707170611,-2.5238397,7.03911,-2.8419833,-6.7652555,0.3721223,12.747021
2379,84.03391027905334,-1.4640843,7.045557,-2.3573194,-5.2031226,0.5938233,12.659959
2380,84.06923348640056,-3.036423,6.3339195,-3.1081114,-4.5778008,-0.060287215,8.646171
2381,84.1045566937478,-1.9868426,9.345084,-3.6211057,-5.2955995,0.8257332,14.400817
2382,84.13987990109501,-0.75146174,9.773728,-3.9630954,-5.787518,-0.73622644,14.960218
2383,84.17520310844225,0.17753533,8.982816,-4.6244903,-8.622466,-1.4791248,15.590611
2384,84.21052631578948,0.4909359,8.777754,-4.0629673,-5.769843,0.9657487,11.77019
2385,84.2458495231367,0.44162095,5.600104,-2.5100515,-4.2477007,1.6101857,9.603142
2386,84.28117273048393,-1.5629015,7.076678,-3.0328975,-4.2088265,0.9422144,8.774981
2387,84.31649593783115,-1.3178455,5.8959775,-2.8022852,-4.0646057,1.6211104,8.621151
2388,84.35181914517838,1.3394258,6.5881915,-1.8599511,-2.6781464,0.83779687,8.73988
2389,84.38714235252561,1.8859913,7.598218,-2.4662657,-2.9428625,1.1385989,9.603996
2390,84.42246555987283,0.9030336,8.210228,-3.682149,-5.6508894,0.6635196,12.855389
2391,84.45778876722007,0.5574962,9.114799,-3.5802495,-3.3239968,0.6925333,11.001356
2392,84.49311197456728,-2.6162152,7.6273355,-4.606752,-5.344065,-0.039215833,9.719499
2393,84.52843518191452,-2.044725,10.256349,-3.2826142,-3.0461345,0.20597327,9.693613
2394,84.56375838926175,-2.4545238,8.865505,-4.5520773,-4.434347,-0.018756056,10.417662
2395,84.59908159660897,-0.15072355,9.605664,-5.2139044,-4.9836435,0.54482955,12.625788
2396,84.6344048039562,0.15364368,10.062641,-3.2505376,-1.9952776,0.95799315,10.273159
2397,84.66972801130342,-0.45278823,9.294355,-3.6650102,-2.4277084,0.9368272,10.329703
2398,84.70505121865065,1.2803125,10.472558,-3.9829156,-4.6907544,0.6507861,14.384677
2399,84.74037442599789,0.56276625,6.7086596,-3.5060449,-3.3294456,1.9080329,10.047158
2400,84.7756976333451,0.4731637,6.1956234,-2.9532745,-3.1369095,1.5891848,9.632479
2401,84.81102084069234,0.3291718,6.177435,-2.3514965,-2.9384723,1.8591907,7.877328
2402,84.84634404803957,-0.57426286,5.4346347,-2.597837,-5.125725,1.2869855,7.7852592
2403,84.88166725538679,-2.2234564,5.8443537,-2.8696136,-3.9799109,1.8874177,7.861306
2404,84.91699046273402,-1.1453487,6.1348925,-2.2021437,-4.378544,1.1853212,8.684948
2405,84.95231367008124,1.0293994,7.248555,-1.911588,-3.3018672,1.4804202,10.296019
2406,84.98763687742847,1.0436009,10.224061,-3.18969,-5.2804856,0.459811,15.070861
2407,85.0229600847757,2.2368743,10.468887,-2.6612036,-1.7541684,-0.5069485,12.104605
2408,85.05828329212292,1.5290359,10.621927,-1.979777,0.13050824,-0.30894244,9.223462
2409,85.09360649947016,-1.1941317,7.526131,-3.3202276,-2.55315,0.66236895,9.072856
2410,85.12892970681737,0.6751805,10.489604,-3.2235892,-2.2705858,-0.3152801,11.576194
2411,85.1642529141646,0.3686332,11.572495,-3.728716,-3.9993825,0.60050666,14.598358
2412,85.19957612151184,-0.055070065,13.035436,-3.65738,-4.8115287,-0.099136345,14.777423
2413,85.23489932885906,-2.4753184,10.51399,-4.966828,-5.21995,-0.27515176,13.896935
2414,85.27022253620629,-3.0526273,13.00109,-3.9110134,-5.0377445,-0.21894,16.186373
2415,85.30554574355351,-2.4281888,11.318044,-4.6684623,-5.545497,-2.766137,15.987924
2416,85.34086895090074,-3.0816183,7.8624096,-4.62942,-4.0042977,-0.90100104,11.250639
2417,85.37619215824797,-1.8750753,7.8276863,-5.4417863,-5.1142,-1.5742912,13.14391
2418,85.41151536559519,-2.3658864,8.380112,-6.2178984,-6.57599,-1.9265051,14.436711
2419,85.44683857294243,-2.3209195,11.937671,-5.399068,-6.0532165,-0.3259953,15.041667
2420,85.48216178028964,-2.9987786,11.410771,-5.413761,-6.7421575,1.1526442,16.080103
2421,85.51748498763688,-3.26943,7.1027513,-5.340864,-8.948619,1.7785307,15.218657
2422,85.55280819498411,-3.6932347,6.9152617,-4.3244267,-6.623805,0.65815616,12.033992
2423,85.58813140233133,-1.7082295,6.1937375,-3.2257714,-6.450111,-0.30915305,11.790062
2424,85.62345460967856,-1.1619962,7.6241345,-2.6067007,-6.301353,0.0122569,12.650432
2425,85.65877781702578,-1.8196543,8.933808,-3.3147166,-6.8562193,0.50369877,13.833885
2426,85.69410102437301,-1.4659662,7.4053044,-4.4235554,-5.6829906,1.013563,13.480855
2427,85.72942423172024,-2.5306501,5.694957,-4.3557262,-7.1210804,0.99525684,12.569788
2428,85.76474743906746,-2.6182246,7.864135,-4.18245,-6.5333586,1.251351,13.37061
2429,85.8000706464147,-2.6288278,8.358766,-4.894616,-8.266836,1.9253637,15.702326
2430,85.83539385376193,0.08393431,7.987307,-5.7031307,-9.161896,1.5740572,15.225967
2431,85.87071706110915,1.4585853,8.418968,-3.1260314,-9.602104,1.2841477,15.928778
2432,85.90604026845638,1.3986503,9.724429,-2.5503752,-10.811553,2.8784623,19.356165
2433,85.9413634758036,0.6131959,9.367173,-2.6928513,-10.646693,5.0344605,18.770044
2434,85.97668668315083,-2.1020765,6.782125,-5.4082613,-11.744271,2.8963113,19.30121
2435,86.01200989049806,-2.6522486,5.213114,-4.4486,-10.101315,1.9352192,14.728571
2436,86.04733309784528,-2.7089548,5.1920953,-4.1100054,-8.014208,1.5958357,12.935474
2437,86.08265630519251,-1.3311805,7.1601486,-3.3330662,-8.969912,2.312479,16.31336
2438,86.11797951253973,-0.63029593,8.593201,-3.3690693,-10.525894,3.3121212,18.425348
2439,86.15330271988697,-1.0174354,11.508201,-3.1674924,-9.212298,2.7028432,18.93322
2440,86.1886259272342,-2.99652,11.411455,-4.012622,-8.491176,2.2126982,18.812897
2441,86.22394913458142,-2.619251,11.463946,-3.4809072,-7.2897687,1.8982952,17.598963
2442,86.25927234192865,-1.9379144,9.123827,-3.4003837,-9.14934,3.5480828,17.632177
2443,86.29459554927587,-0.3073186,6.879269,-5.967497,-11.526531,3.5596545,15.670294
2444,86.3299187566231,0.57521546,10.861505,-2.2527554,-8.742375,1.0566033,18.816547
2445,86.36524196397033,0.016952986,12.606294,-2.7126288,-7.4888053,0.11562387,19.65646
2446,86.40056517131755,0.5734431,11.146137,-2.8421798,-9.180243,0.1304914,18.758411
2447,86.43588837866479,0.1344875,13.725238,0.5602588,-5.5343266,0.25842044,19.958178
2448,86.471211586012,-0.321477,12.885391,-0.7025277,-5.0853953,-0.63450795,19.145054
2449,86.50653479335924,0.363681,10.52521,-1.6768597,-4.7426906,-0.14973788,16.660364
2450,86.54185800070647,-0.19204856,9.363452,-1.7269497,-4.535523,0.4262266,14.987942
2451,86.57718120805369,-0.2711386,6.496034,-1.1967459,-3.4529896,-0.21340463,10.295146
2452,86.61250441540092,0.16350791,7.1190243,-0.80300915,-2.7451036,0.26632333,9.841767
2453,86.64782762274814,1.6920526,11.025409,-1.650613,-7.1077504,0.79627645,16.066624
2454,86.68315083009537,0.6124659,12.375902,-2.7015383,-8.1246805,1.9364768,16.866665
2455,86.7184740374426,-0.22177178,15.0399065,-1.3399137,-6.6606336,2.2458792,18.338606
2456,86.75379724478982,-0.4216223,12.90866,-0.6280998,-7.3009577,2.167319,18.806656
2457,86.78912045213706,-1.136927,8.524794,-2.8136792,-9.101126,2.1482706,16.63446
2458,86.82444365948429,-0.44786838,6.9213934,-2.733263,-5.687354,0.892261,12.030109
2459,86.8597668668315,-1.396662,7.939607,-1.4206765,-6.6265173,2.8548706,10.432685
2460,86.89509007417874,-1.8703417,7.049023,-1.9008653,-7.134202,2.147738,13.597687
2461,86.93041328152596,-0.7719299,8.630285,-1.6186243,-7.2977753,1.8352435,14.858747
2462,86.96573648887319,-0.338867,10.854974,-2.2582529,-9.3059,5.203228,16.816143
2463,87.00105969622042,0.4405566,8.897236,-4.1382,-10.4591055,4.849178,14.279724
2464,87.03638290356764,1.2067686,11.629324,-2.1180537,-7.2650723,2.5309327,14.173363
2465,87.07170611091487,4.268225,13.395234,-0.24423148,-6.5036845,2.0401375,16.906557
2466,87.1070293182621,1.858662,10.740205,-1.4405801,-6.3054276,1.0329936,15.21926
2467,87.14235252560933,3.0081356,13.50132,1.7781549,-4.7392974,1.5969852,17.07936
2468,87.17767573295656,2.98162,13.636546,1.610659,-4.681192,2.4115744,16.210926
2469,87.21299894030378,1.7459316,14.7190485,0.37462085,-6.287932,2.7441044,18.775406
2470,87.24832214765101,-0.53072625,11.656718,-1.5730782,-5.1991177,1.4471831,16.239243
2471,87.28364535499823,0.6267612,13.903223,-3.1372864,-6.0147934,1.7832388,18.573338
2472,87.31896856234546,1.0138636,15.79568,-2.654018,-5.902209,3.7312756,19.42905
2473,87.3542917696927,-0.32802948,14.174015,-2.381861,-6.240611,1.5800555,18.802326
2474,87.38961497703991,0.0974418,9.597953,-2.8156533,-6.6198206,2.4840894,15.54017
2475,87.42493818438714,1.1161789,9.610672,-2.6809623,-9.261812,5.117657,13.86166
2476,87.46026139173436,1.9453663,8.7834425,-2.7061355,-10.01426,4.4849935,13.612816
2477,87.4955845990816,2.034421,10.6054325,-0.47275397,-7.014968,6.917279,13.822407
2478,87.53090780642883,1.0397017,10.679529,-1.0947114,-9.244936,7.68335,17.172646
2479,87.56623101377605,0.1574655,4.5938153,-5.4330707,-9.868569,8.047495,10.853783
2480,87.60155422112328,-0.4708725,1.4046236,-6.493364,-9.246803,5.3188963,8.229098
2481,87.6368774284705,-0.5648174,5.4659934,-5.8949075,-10.916658,4.6206427,12.778165
2482,87.67220063581773,-0.17042771,6.53839,-4.0804005,-8.79426,5.627096,12.98173
2483,87.70752384316496,-1.7291262,9.30385,-3.3858151,-11.366684,4.819249,17.01475
2484,87.74284705051218,-2.4286795,3.8010523,-5.875189,-13.061076,4.675219,14.1994505
2485,87.77817025785941,-3.8670192,5.7832866,-3.6108315,-11.131064,4.2796507,14.334566
2486,87.81349346520665,-2.534998,3.6827285,-3.8036397,-10.157065,1.9360495,13.033463
2487,87.84881667255387,-2.4732304,4.472838,-3.5410058,-9.791193,2.4485276,13.138968
2488,87.8841398799011,-2.2473724,5.24352,-4.077867,-9.570955,5.1304913,10.602892
2489,87.91946308724832,-1.8653709,4.221888,-3.8182864,-9.425528,2.8999143,12.950409
2490,87.95478629459555,-2.6041305,4.082007,-3.743641,-8.654647,3.7524946,10.439142
2491,87.99010950194278,-3.5894217,4.1362057,-4.4789324,-9.240728,2.0890265,10.256718
2492,88.02543270929,-0.3878965,6.8773665,-1.4468668,-6.6692023,5.263175,8.09617
2493,88.06075591663723,-1.1866626,8.12222,-0.34067357,-6.833464,5.725798,8.969081
2494,88.09607912398445,-3.2105267,5.0386252,-4.13942,-10.239986,6.079296,13.231462
2495,88.13140233133169,-1.1643729,5.532233,-5.126699,-11.801925,6.0532956,13.968039
2496,88.16672553867892,-0.42184705,5.2898245,-5.384793,-11.041638,7.157564,11.903345
2497,88.20204874602614,-0.09711474,2.3193884,-5.368758,-8.699097,6.3414874,7.6882
2498,88.23737195337337,0.6771622,6.7181234,-4.3863053,-9.581567,4.927398,11.671018
2499,88.27269516072059,2.8138642,5.6941833,-2.1891804,-7.3568764,11.462843,9.129213
2500,88.30801836806782,1.4381366,0.84548026,-4.316077,-6.4636965,8.543136,5.3745594
2501,88.34334157541505,1.4239944,0.20614089,-3.8945723,-5.388533,6.1356277,4.152568
2502,88.37866478276227,1.043768,4.972592,-4.6084104,-8.830995,6.9965305,9.420171
2503,88.4139879901095,2.0586076,5.5002365,-3.3401012,-6.7111826,7.855675,8.841231
2504,88.44931119745672,1.7333053,3.6503444,-2.461791,-5.799745,8.621549,5.5519247
2505,88.48463440480396,1.677515,0.0701253,-4.5398297,-6.4172025,7.8488994,4.5611377
2506,88.51995761215119,1.8102927,1.7063422,-3.779324,-5.2521195,6.4485235,4.5865536
2507,88.5552808194984,0.98269653,5.3412204,-4.474316,-8.367062,5.9022684,9.416068
2508,88.59060402684564,2.00026,3.267562,-0.536239,-3.3825514,5.942885,4.135264
2509,88.62592723419286,2.631303,4.4682584,1.0521816,-2.6746535,9.642023,4.2201147
2510,88.66125044154009,0.99319804,0.29070053,-2.70598,-4.6600933,6.6822147,3.3327074
2511,88.69657364888732,1.7208124,1.1972495,-3.1438057,-4.2879953,5.9860826,4.016482
2512,88.73189685623454,1.2274594,5.336237,-3.8906083,-7.445296,6.3254457,8.545852
2513,88.76722006358177,2.930894,4.220694,-2.0482943,-4.365155,5.503819,6.170886
2514,88.80254327092901,2.8191383,4.8991017,-1.843425,-4.4671216,6.3405414,7.051012
2515,88.83786647827623,3.7778697,2.8698697,-1.0461286,-3.5330384,7.1882415,3.4495907
2516,88.87318968562346,2.9050882,1.4739982,-3.1370711,-5.6298475,5.460476,5.141887
2517,88.90851289297068,2.214783,4.0039005,-2.1294365,-4.281031,5.248481,5.1308107
2518,88.94383610031791,3.6696837,6.089623,-3.0804875,-5.77034,5.8118234,7.3270755
2519,88.97915930766514,1.8138613,6.902243,-3.486859,-7.084129,3.6594458,9.910185
2520,89.01448251501236,2.2891438,8.458885,-1.7239157,-4.304733,4.025629,10.810028
2521,89.0498057223596,1.8722838,7.5111165,-3.0483944,-4.9819317,2.7034395,13.653496
2522,89.08512892970681,1.9977424,6.8118887,-3.754407,-7.0519843,5.287011,11.218073
2523,89.12045213705404,1.3505061,1.5867419,-5.166732,-7.3056374,5.662387,7.846742
2524,89.15577534440128,0.93190515,-0.7930116,-5.3702908,-6.0387444,4.009157,4.735345
2525,89.1910985517485,0.356888,3.9610121,-5.690752,-10.563422,4.4259114,11.420532
2526,89.22642175909573,1.5470818,4.9796643,-2.8031693,-10.196586,4.7045655,11.127273
2527,89.26174496644295,-1.9719191,4.970396,-4.038251,-12.408588,5.2073946,14.015747
2528,89.29706817379018,-2.664644,5.064688,-3.7039292,-11.432341,3.0673995,14.220388
2529,89.33239138113741,-3.447481,4.184396,-4.9133573,-8.907604,5.436108,7.581703
2530,89.36771458848463,-1.4522761,4.2776227,-5.25144,-9.331191,2.7071948,11.080963
2531,89.40303779583186,-2.4842916,4.433324,-3.7502363,-8.581148,3.126046,10.708078
2532,89.43836100317908,-4.4384933,7.50512,-3.6499527,-10.602532,3.5712283,13.806066
2533,89.47368421052632,-1.6286982,8.1686735,-0.98128366,-6.349075,6.246169,8.934087
2534,89.50900741787355,-1.7216616,6.753019,-2.2557416,-6.4918966,2.8472433,9.610739
2535,89.54433062522077,-2.9275012,6.372054,-3.741724,-9.931399,6.001444,13.569
2536,89.579653832568,-0.9965963,6.7358403,-4.8484635,-12.291553,6.0704417,14.612269
2537,89.61497703991522,0.8263404,5.9505014,-4.196721,-11.400259,5.210656,12.099914
2538,89.65030024726245,1.2007853,2.5221026,-4.8894014,-10.45597,4.35341,9.000877
2539,89.68562345460968,0.5802299,6.1740823,-5.4015203,-11.950743,4.3055506,13.014219
2540,89.7209466619569,1.83799,7.2390676,-3.9833117,-8.180198,3.559627,10.988519
2541,89.75626986930413,0.026719997,6.419393,-5.3703804,-9.603621,3.2173526,12.909394
2542,89.79159307665137,-0.16725415,5.0458007,-6.2553806,-11.540688,2.3682907,14.037271
2543,89.82691628399859,1.1396629,2.1226025,-6.2557206,-9.423591,2.2415955,9.781783
2544,89.86223949134582,-1.9491012,5.61846,-5.230011,-10.571821,1.203949,13.171923
2545,89.89756269869304,-0.33796054,4.291521,-5.6457787,-10.695025,1.3161776,13.301129
2546,89.93288590604027,-0.66726536,6.9967465,-4.4784045,-8.268696,1.2348963,12.103507
2547,89.9682091133875,-1.0180817,7.813335,-4.7559447,-10.193016,1.2297928,13.306725
2548,90.00353232073472,-0.39979362,6.1562343,-4.6602826,-10.900182,1.0966991,14.107783
2549,90.03885552808195,-1.0427369,3.1381958,-5.2056336,-9.85937,1.4710546,12.920842
2550,90.07417873542917,-2.3308582,4.5721855,-3.3293014,-7.8552566,0.54266393,10.383417
2551,90.1095019427764,-2.8522744,2.998437,-4.6956186,-9.06341,0.44176802,11.459691
2552,90.14482515012364,-1.7006842,4.2168827,-3.8410673,-9.327058,0.9316429,12.402509
2553,90.18014835747086,-3.2974224,3.2766035,-3.8926966,-6.46075,2.8276474,5.257347
2554,90.21547156481809,-1.3332077,3.834986,-3.5076003,-8.601124,1.8409508,12.138158
2555,90.2507947721653,-1.2825732,5.5651946,-3.2630153,-7.7303824,2.514784,12.085765
2556,90.28611797951254,-1.0714173,6.0192113,-4.3397717,-8.911387,2.0461745,11.932739
2557,90.32144118685977,-2.1437345,7.6828337,-3.4709296,-6.6230855,3.0606422,10.982391
2558,90.35676439420699,-1.1722922,7.5541754,-4.2762866,-8.156411,3.3018916,12.85881
2559,90.39208760155422,-1.4193411,6.572875,-4.8921146,-9.873017,1.1695008,12.649634
2560,90.42741080890144,-0.92239505,5.4733515,-3.2743862,-6.9439316,0.16946766,10.533224
2561,90.46273401624867,-2.0432556,4.911434,-3.694444,-7.0105495,0.10875288,10.318338
2562,90.49805722359591,-2.9191208,4.3488765,-3.766767,-6.674398,-0.04451769,9.757175
2563,90.53338043094313,-2.964994,4.562667,-3.9890594,-7.5748677,0.04351601,10.768052
2564,90.56870363829036,-2.43529,5.555043,-2.9967673,-6.331178,1.1835353,8.49459
2565,90.60402684563758,-2.8964942,2.9847624,-3.4285383,-5.6889896,3.2826583,4.491196
2566,90.63935005298481,-2.549969,6.5069165,-4.289558,-8.087723,0.86137074,11.652265
2567,90.67467326033204,-2.4452457,6.3615804,-4.3934264,-7.6126413,0.6981948,10.309511
2568,90.70999646767926,-0.39075416,6.691474,-5.53745,-7.399355,-0.13146894,11.868562
2569,90.7453196750265,-1.3978183,4.53509,-5.8178015,-9.014811,0.8576919,12.271453
2570,90.78064288237373,-1.4996719,4.1327434,-4.265821,-7.047624,0.8125148,10.36648
2571,90.81596608972094,-0.93060666,4.2482653,-2.9841926,-6.2064395,0.5389681,9.357443
2572,90.85128929706818,-2.1909142,5.925196,-2.5458465,-5.907485,1.2459544,9.0202675
2573,90.8866125044154,-2.2550433,4.851794,-2.2615893,-5.924315,1.2971842,8.163598
2574,90.92193571176263,-0.8517797,5.7205505,-3.6397665,-6.8893986,1.3648146,11.03929
2575,90.95725891910986,-0.81211394,5.454962,-3.7205086,-6.0694165,1.9248401,9.333947
2576,90.99258212645708,-0.30719694,7.4044805,-3.7401104,-8.078055,2.2528143,12.906085
2577,91.02790533380431,-1.4695822,8.073479,-3.3708763,-7.28916,2.1195345,12.086661
2578,91.06322854115153,-0.8800343,5.730958,-3.6931255,-6.78531,1.9614904,8.305638
2579,91.09855174849876,-0.84491396,4.6639047,-3.7052095,-7.392915,0.88643616,7.462489
2580,91.133874955846,-2.5095127,5.3825326,-3.8661842,-6.737692,0.87818366,8.865389
2581,91.16919816319322,-0.58910006,5.4312935,-3.1556876,-6.995771,1.4446526,9.255201
2582,91.20452137054045,-0.8837196,6.3331943,-4.5667734,-7.8318,1.1711185,10.945514
2583,91.23984457788767,1.499975,6.6843133,-2.4416916,-3.4572718,2.2287302,7.455078
2584,91.2751677852349,1.1564246,7.296566,-1.4273359,-3.4613502,1.7192242,7.5488105
2585,91.31049099258213,0.68302745,6.7928867,-1.4378589,-2.3875873,0.6438606,6.3294764
2586,91.34581419992935,0.2627988,7.8925824,-3.0004458,-4.981656,1.894648,9.762063
2587,91.38113740727658,-0.29544362,5.460872,-2.3325965,-3.232309,2.210279,8.716454
2588,91.4164606146238,-2.686581,6.046138,-3.1730359,-5.428783,-0.46757072,9.711325
2589,91.45178382197103,-1.3336529,5.1355286,-2.2911618,-3.3744774,1.6212025,8.614948
2590,91.48710702931827,-1.1615711,6.1610274,-2.4386418,-3.9841132,1.8929272,8.019547
2591,91.52243023666549,-0.30949473,5.9762874,-3.0236561,-4.382646,2.2555506,9.14458
2592,91.55775344401272,-0.33838,5.350633,-1.7100241,-2.703427,2.6662185,7.912419
2593,91.59307665135994,-2.7828484,5.439736,-3.9051178,-5.1730475,0.6423765,7.3063283
2594,91.62839985870717,-1.4266802,5.5511103,-3.0931997,-4.883742,1.0289577,9.382732
2595,91.6637230660544,-0.90638536,6.8383827,-2.115508,-3.1432686,1.8118174,8.632992
2596,91.69904627340162,-0.7781636,6.9241953,-3.2616963,-5.2163115,2.6295807,10.734472
2597,91.73436948074885,-0.9715932,8.137446,-3.8129518,-5.974715,2.7956738,12.048682
2598,91.76969268809609,-1.4244853,5.61764,-4.850694,-9.337788,1.885456,11.765548
2599,91.8050158954433,-2.3112347,3.889276,-5.6527386,-10.655476,2.8327527,9.03752
2600,91.84033910279054,-2.0839994,4.974924,-5.686285,-11.978294,0.6501344,13.485958
2601,91.87566231013776,-2.1456861,6.6851544,-5.3597546,-10.510187,0.9137269,13.77458
2602,91.91098551748499,-3.2622895,7.8317237,-5.4185233,-9.395045,0.48284745,12.41262
2603,91.94630872483222,-2.6028402,7.6955924,-4.8083415,-8.252228,0.60529244,11.008447
2604,91.98163193217944,-4.77549,8.658033,-6.0343294,-9.63287,1.4507397,12.068629
2605,92.01695513952667,-4.4913845,6.7426023,-6.83094,-8.983446,2.2322302,11.231628
2606,92.05227834687389,-4.90411,8.3724575,-6.004556,-9.688775,1.416709,12.561952
2607,92.08760155422112,-4.1934953,8.215258,-5.827845,-11.3358965,1.2547127,15.282235
2608,92.12292476156836,-3.614882,6.4135036,-5.9709454,-12.249937,0.7052074,15.745429
2609,92.15824796891557,-3.6669247,3.0616987,-6.070048,-11.551555,2.10495,13.5348835
2610,92.19357117626281,-4.115424,6.143613,-4.2768717,-8.909255,1.1564057,13.181067
2611,92.22889438361003,-3.2418869,5.65076,-4.8054686,-10.439657,1.9235235,13.632833
2612,92.26421759095726,-3.3982956,7.029831,-4.633937,-10.052376,2.0598757,14.057138
2613,92.29954079830449,-3.4730122,8.253665,-5.1747737,-8.692833,2.578997,15.242148
2614,92.33486400565171,-2.1890483,8.951361,-5.132393,-10.158835,1.186824,14.545406
2615,92.37018721299894,-1.7820542,11.211791,-4.5847325,-9.284437,1.9996855,16.44543
2616,92.40551042034616,-2.4500034,10.754033,-3.6835086,-6.9312944,0.17013697,12.794465
2617,92.4408336276934,-2.4012194,8.486102,-5.7173667,-7.692884,0.0040070973,12.980575
2618,92.47615683504063,-2.6264656,8.214955,-5.484604,-7.2275214,1.8768296,11.440408
2619,92.51148004238784,-2.7022808,6.042417,-3.9163723,-6.381199,0.84658426,10.694478
2620,92.54680324973508,-2.8716364,5.3259945,-5.2027874,-6.381167,1.4497771,10.717225
2621,92.5821264570823,-2.1121438,6.6292443,-5.6062922,-7.1497107,-0.08150642,11.729539
2622,92.61744966442953,-1.7170888,8.367392,-4.8715615,-7.4750123,-1.072442,13.178855
2623,92.65277287177676,-1.9427072,7.1053333,-5.7332916,-8.405875,-0.7906707,13.919126
2624,92.68809607912398,-2.1797729,5.5847154,-6.1613007,-7.912147,0.056515954,11.19032
2625,92.72341928647121,-3.2301753,9.5084505,-6.3665066,-8.268962,-1.3258947,16.73167
2626,92.75874249381845,-2.126333,10.732568,-4.866253,-4.9917927,0.52716315,14.952716
2627,92.79406570116566,-2.9865289,9.82681,-4.4458795,-6.721773,-1.3999044,20.332756
2628,92.8293889085129,-2.2925804,8.708492,-4.075146,-5.2837114,-0.008564608,16.530367
2629,92.86471211586012,-3.118422,5.8146586,-4.9402375,-7.0537806,0.45393735,14.5376625
2630,92.90003532320735,-2.2484024,5.8388896,-3.534715,-5.2099633,0.5042561,11.523932
2631,92.93535853055458,-1.2860794,7.085175,-2.8843055,-4.769128,0.56598705,12.435344
2632,92.9706817379018,-1.4251338,7.392081,-3.1765456,-5.4546423,-0.76031446,12.718856
2633,93.00600494524903,-1.9341844,7.7719564,-3.272765,-3.6723263,1.3958069,14.141593
2634,93.04132815259625,-3.693721,5.7433476,-4.002656,-5.7461057,1.3120764,12.267144
2635,93.07665135994348,-3.7743292,7.2320232,-3.6146657,-5.828404,0.32754406,13.682877
2636,93.11197456729072,-1.841004,8.002829,-3.8330104,-6.227597,-0.9988649,12.76492
2637,93.14729777463793,-1.526512,7.5894012,-4.8867946,-6.078874,-1.3116382,11.68298
2638,93.18262098198517,0.091677696,6.0257144,-5.258002,-6.249199,-1.0875542,9.493147
2639,93.21794418933239,-0.7414869,6.8905807,-6.233238,-7.350946,-2.9254453,13.086442
2640,93.25326739667962,-1.2861398,6.146811,-4.9611573,-5.063368,0.13398999,9.101871
2641,93.28859060402685,-1.0715187,3.8538792,-4.30556,-4.8077083,-0.08187476,8.183851
2642,93.32391381137407,-2.4663355,5.4309926,-4.4212184,-4.933256,-0.15502495,9.165778
2643,93.3592370187213,-1.3094268,6.314905,-4.3403406,-3.7772183,0.045607,9.23902
2644,93.39456022606852,-1.991569,7.3782454,-4.390219,-4.6750283,-1.2355963,11.433162
2645,93.42988343341575,-0.5162035,9.972528,-3.8527315,-3.3317895,-1.4598572,12.824033
2646,93.46520664076299,-2.2621741,10.814137,-6.1453557,-6.724667,-2.4184031,16.39163
2647,93.5005298481102,-1.8298371,10.479074,-5.360343,-5.8888855,-0.8090078,15.964236
2648,93.53585305545744,-1.0122939,5.6137705,-4.336508,-5.947129,-0.98380375,12.699361
2649,93.57117626280466,-2.5304847,5.806813,-3.9073927,-5.773198,-1.1340992,10.884928
2650,93.60649947015189,-1.4432693,6.4409018,-3.6248,-5.135755,-1.0421752,11.059652
2651,93.64182267749912,-3.1128936,7.053875,-4.658501,-6.3382783,-0.5461648,12.120243
2652,93.67714588484634,-1.6706736,6.434777,-3.7183805,-4.6696215,-0.009375799,12.946846
2653,93.71246909219357,-2.3247085,7.7425385,-3.563572,-5.706797,0.41166604,10.219608
2654,93.7477922995408,-2.4631732,7.626778,-3.8329396,-6.090345,-0.65173405,13.383867
2655,93.78311550688802,-2.7692719,8.598216,-4.5497293,-7.614841,0.11244005,13.318255
2656,93.81843871423526,-2.0913382,8.655781,-4.668774,-7.275359,0.064506866,13.39713
2657,93.85376192158247,-0.90757585,9.7813425,-4.649198,-7.360082,-0.4682329,13.688034
2658,93.88908512892971,-2.070575,9.901698,-4.785643,-6.436172,-1.4229362,11.983901
2659,93.92440833627694,-2.6401708,8.227954,-3.1599624,-3.4031045,-0.6936403,10.743668
2660,93.95973154362416,-2.2915897,10.692112,-4.6530547,-5.925235,-0.08614125,13.369653
2661,93.99505475097139,-2.0811145,9.559852,-5.073762,-8.089352,0.48729944,13.392307
2662,94.03037795831861,-1.9869838,8.815762,-4.918381,-9.042241,1.6164455,13.537738
2663,94.06570116566584,2.7982864,8.584099,-1.1256101,-3.127763,1.2076856,7.8730474
2664,94.10102437301308,0.5125051,8.665486,-2.6568737,-3.9863493,1.4021201,11.126223
2665,94.1363475803603,-0.99832267,9.660116,-4.5054345,-5.2262254,1.3135278,11.829436
2666,94.17167078770753,-0.15929486,9.164079,-5.1242366,-6.3504024,1.0519822,12.6583395
2667,94.20699399505475,-0.23321955,10.258405,-3.31933,-4.214714,1.752777,10.2434
2668,94.24231720240198,-0.06346759,9.863292,-3.5704143,-3.637687,0.87222064,9.599422
2669,94.27764040974921,-1.2043153,11.728799,-4.8370814,-7.09082,0.5745543,13.8258705
2670,94.31296361709643,-1.1490672,11.1897955,-4.932694,-7.617851,0.5353059,17.459927
2671,94.34828682444366,-1.1608981,12.087642,-4.9406133,-7.21463,0.91047865,18.270363
2672,94.38361003179088,-3.6466804,10.53257,-6.349562,-8.399676,0.767974,15.067777
2673,94.41893323913811,-0.71377254,11.026474,-2.8074274,-5.877227,1.272701,11.725196
2674,94.45425644648535,-2.0717862,11.194706,-1.9919372,-4.3308005,0.5139739,13.459724
2675,94.48957965383256,-2.9899442,10.526204,-4.69037,-6.5673904,2.02633,15.800815
2676,94.5249028611798,-3.4301782,11.465907,-5.262871,-7.500514,2.0363233,19.294527
2677,94.56022606852702,-1.1954068,9.959251,-3.183845,-6.4478073,1.0499656,16.968004
2678,94.59554927587425,-2.8735743,7.92352,-4.514108,-7.229179,0.23107769,14.045466
2679,94.63087248322148,-1.9185686,6.767679,-4.710555,-6.9557104,0.51182926,13.461972
2680,94.6661956905687,-2.7394087,5.5797377,-4.346482,-5.9883413,0.5466761,10.983236
2681,94.70151889791593,-2.3875642,6.2943316,-4.271805,-6.4566855,0.47775885,10.787639
2682,94.73684210526316,-3.5413077,6.746162,-4.901119,-6.887177,0.96169704,11.154172
2683,94.77216531261038,-1.2715188,7.1786704,-3.817345,-5.8890476,1.8622215,13.894531
2684,94.80748851995762,-1.5660853,7.9762907,-3.4088113,-9.694525,4.1883903,13.064642
2685,94.84281172730483,-1.6050625,7.4662824,-3.512044,-5.497771,1.1848797,13.748084
2686,94.87813493465207,-2.3141854,7.9605784,-3.722495,-5.912908,1.1736392,13.90927
2687,94.9134581419993,-1.7288741,9.413615,-3.695693,-7.1662993,2.7571673,15.576149
2688,94.94878134934652,-2.075724,5.454876,-6.839315,-11.825075,3.0857427,13.413025
2689,94.98410455669375,-1.9218262,3.5474505,-8.223315,-14.1952505,3.372685,12.988135
2690,95.01942776404097,-3.568588,4.528805,-6.9316835,-13.915984,2.5990574,14.305497
2691,95.0547509713882,-1.929811,4.9838486,-8.40764,-14.181373,3.3815324,14.672701
2692,95.09007417873543,-2.6334271,7.874679,-6.502082,-11.336541,3.23398,14.001402
2693,95.12539738608265,-3.4825156,6.04853,-7.738989,-15.607723,3.9225032,15.192423
2694,95.16072059342989,-4.4027896,4.947034,-7.9579597,-15.012875,2.908604,15.4128065
2695,95.1960438007771,-3.2679343,2.9253635,-8.490311,-14.302658,1.9655241,13.9528675
2696,95.23136700812434,-3.2251198,2.915037,-7.213648,-11.297657,1.1011089,11.675771
2697,95.26669021547157,-0.07980532,9.182698,-2.3403168,-9.686339,4.5980706,13.631926
2698,95.30201342281879,-3.376489,3.5396557,-4.4987326,-9.138075,0.8752727,11.237754
2699,95.33733663016602,-2.7135231,3.022191,-5.3007565,-9.712342,0.8882032,10.745824
2700,95.37265983751324,-3.1828074,8.394887,-3.103858,-9.512345,4.5648766,11.652141
2701,95.40798304486047,-1.9556772,3.0147724,-5.4990563,-8.961836,1.6797943,10.276496
2702,95.4433062522077,-3.3072064,4.6953297,-6.4931164,-9.5404005,1.2576948,11.568116
2703,95.47862945955492,-3.2818494,5.253986,-6.7336698,-9.610823,1.2880064,11.073872
2704,95.51395266690216,-4.905072,2.0346398,-8.352082,-13.290398,2.1710176,11.895357
2705,95.54927587424937,-1.2527858,9.944712,-0.36438054,-6.7994566,3.8660712,10.60442
2706,95.58459908159661,-3.4526947,7.1286063,-2.6833584,-7.5771713,3.0437422,10.7911005
2707,95.61992228894384,-4.405314,3.2752128,-7.202427,-11.395802,2.3087804,12.246787
2708,95.65524549629106,-4.4121776,4.244175,-7.9846067,-12.624158,2.374733,13.629422
2709,95.69056870363829,-3.128077,2.8516319,-7.771188,-13.108008,3.3098226,13.011598
2710,95.72589191098552,-2.6361072,8.677846,-1.7857269,-7.8216386,4.465082,11.96058
2711,95.76121511833274,-3.339184,6.2673054,-3.8028805,-10.626474,1.6784444,14.840245
2712,95.79653832567998,-3.2813404,4.4747057,-4.2671137,-10.167061,2.0302968,12.19054
2713,95.8318615330272,0.2170384,8.24145,-1.4434004,-7.4028587,6.1688476,9.411748
2714,95.86718474037443,-1.7715092,7.356186,-1.679047,-7.0173945,2.559424,11.519943
2715,95.90250794772166,-2.8068733,3.7509248,-4.218509,-8.332173,2.7339263,9.758049
2716,95.93783115506888,-2.3665266,7.7255564,-2.003131,-6.0484123,0.13435797,11.466102
2717,95.97315436241611,-2.0343957,3.3991702,-3.5564446,-6.6961746,2.9823606,6.0657196
2718,96.00847756976333,-0.99446136,8.035839,-0.733385,-6.042814,3.7412312,8.772078
2719,96.04380077711056,-3.8571491,5.66605,-5.1589327,-10.512179,4.987257,13.852159
2720,96.0791239844578,-2.042874,6.547885,-5.0998926,-11.285315,4.174497,14.701293
2721,96.11444719180501,0.051718302,6.871218,-4.6499124,-12.238799,5.536635,12.551145
2722,96.14977039915225,0.5170694,10.781505,-2.8534942,-11.296464,4.601221,15.768128
2723,96.18509360649946,0.026654247,11.918264,-2.9159162,-10.18725,4.100926,18.654146
2724,96.2204168138467,-0.28812063,11.136621,-3.1264532,-10.319784,2.5009694,17.492832
2725,96.25574002119393,-0.41243687,13.1384,-0.3274043,-8.12007,3.2335632,19.859276
2726,96.29106322854115,-0.10849521,8.190213,-2.500401,-9.54553,1.1549573,17.384216
2727,96.32638643588838,0.41606247,8.792769,-2.5319743,-7.5855227,2.5194376,16.209398
2728,96.3617096432356,-0.87860614,5.813277,-3.5077357,-8.0836,2.3187943,13.1639185
2729,96.39703285058283,0.5168777,9.719952,0.882435,-7.695959,6.875016,11.314121
2730,96.43235605793006,-0.52978194,9.703825,-0.888229,-7.4969726,6.1755514,11.850614
2731,96.46767926527728,-1.5299884,6.742856,-2.161283,-8.192148,2.3641984,13.336929
2732,96.50300247262452,-1.3517935,9.3816395,-0.43274564,-6.549643,6.2896686,10.892501
2733,96.53832567997173,-1.2663568,6.8395877,-1.9140519,-6.7128224,1.9797479,12.498875
2734,96.57364888731897,-0.51041424,9.405202,-2.317056,-7.4343414,2.4788349,15.656491
2735,96.6089720946662,0.6337853,11.9217005,-1.6634673,-9.690825,5.957139,17.425665
2736,96.64429530201342,0.5540217,12.29277,-2.0156665,-9.007732,6.6961975,15.907445
2737,96.67961850936065,1.3391337,13.1913395,-0.9953593,-9.372855,6.959827,16.786013
2738,96.71494171670788,1.6573199,10.663895,-0.6471854,-7.319264,4.5899353,13.778735
2739,96.7502649240551,1.1177553,11.784513,0.30090448,-8.65574,5.730693,15.749266
2740,96.78558813140233,1.9063683,14.468139,-1.6887727,-7.666008,5.507157,17.973902
2741,96.82091133874955,1.6834038,13.855305,-0.93433106,-7.508,6.8400464,15.757905
2742,96.85623454609679,1.4182167,11.381572,-1.0563884,-7.53728,9.486072,14.671961
2743,96.89155775344402,2.5273752,2.9786184,-3.1721678,-10.372544,7.039712,8.786073
2744,96.92688096079124,2.622214,0.84959525,-4.2506104,-8.3088455,7.4013066,6.773047
2745,96.96220416813847,1.012178,5.529981,-4.964921,-10.6676235,6.818993,11.753631
2746,96.99752737548569,2.67472,7.915158,-1.9907681,-7.432049,9.931133,10.417467
2747,97.03285058283292,1.0160232,3.9558926,-4.3040977,-9.036499,9.599783,8.57494
2748,97.06817379018015,3.7253604,10.514145,-3.337582,-7.2944427,5.9085174,9.034309
2749,97.10349699752737,1.6696126,11.74205,-3.519821,-6.2425413,5.296935,9.410254
2750,97.1388202048746,0.6718397,9.368022,-5.1852546,-8.016809,5.6631656,11.431652
2751,97.17414341222182,0.50041264,7.6739674,-4.878961,-9.09739,8.287538,10.757961
2752,97.20946661956906,0.5285222,13.119185,-3.4973752,-8.189544,3.928836,12.711365
2753,97.24478982691629,-1.4156725,9.870766,-4.321314,-10.976945,4.318576,13.936479
2754,97.28011303426351,-1.4861141,9.943148,-4.1469045,-10.913406,4.317838,14.762671
2755,97.31543624161074,0.3664958,10.1636095,-4.856656,-10.141134,5.118021,12.486939
2756,97.35075944895796,1.730996,9.518466,-4.8768754,-9.4080925,3.6111374,11.48739
2757,97.38608265630519,0.24922957,7.2091312,-5.378496,-9.343564,3.4919772,11.222585
2758,97.42140586365242,0.10255271,11.461636,-3.7619004,-9.553592,6.7451363,13.553066
2759,97.45672907099964,3.7318988,15.548433,-1.2595786,-7.3982644,6.1646113,13.280188
2760,97.49205227834688,1.9323462,15.129227,-2.2348082,-8.158361,5.76714,14.879371
2761,97.5273754856941,1.8040706,13.227523,-3.4801002,-7.76431,4.3959637,15.19033
2762,97.56269869304133,0.72219175,10.406396,-3.6824667,-8.621916,7.923647,12.284297
2763,97.59802190038856,0.2711738,10.70511,-2.8040545,-6.7667465,4.1373415,10.903734
2764,97.63334510773578,-0.7368114,8.384684,-3.0347576,-5.989105,3.5535514,9.960423
2765,97.66866831508301,-0.8392866,8.97865,-2.569918,-6.36609,3.3859677,11.410588
2766,97.70399152243024,-0.8850512,8.944946,-4.170088,-8.37694,6.152464,12.138156
2767,97.73931472977746,-0.3570683,9.359267,-1.6099648,-4.4471536,3.1916714,10.190393
2768,97.7746379371247,-1.1219484,11.05081,-2.401904,-5.994724,3.9601445,13.636104
2769,97.80996114447191,0.51748025,8.573688,-4.0409255,-8.174642,8.183713,10.760944
2770,97.84528435181915,3.4960093,6.343012,-2.8473706,-6.8217287,11.785736,8.546039
2771,97.88060755916638,2.2576482,10.350326,-2.2143562,-5.0466733,8.391507,9.1849165
2772,97.9159307665136,1.1958116,2.8548517,-4.9610066,-7.154393,9.80765,6.479211
2773,97.95125397386083,0.9833709,0.9892232,-3.8812141,-5.7333026,7.4916487,4.620984
2774,97.98657718120805,0.9518068,5.7997003,-4.091879,-8.456564,8.462506,9.82077
2775,98.02190038855528,2.8771937,4.091389,-2.3270473,-4.824475,7.0056887,6.65387
2776,98.05722359590251,3.087785,3.966526,-1.7500106,-4.177858,2.51993,4.754104
2777,98.09254680324973,-0.3208541,6.614999,-1.479765,-5.83976,2.4961283,9.524202
2778,98.12787001059696,3.6838741,4.226994,-0.91255,-3.3103366,0.40380976,4.3491
2779,98.16319321794418,1.0599943,9.0385475,-3.086648,-8.5792885,1.2553102,12.214157
2780,98.19851642529142,1.3993075,8.120069,-1.8425202,-2.3355818,2.1352901,8.56719
2781,98.23383963263865,1.7556994,10.114281,0.22357798,-4.0439124,4.0024724,8.166684
2782,98.26916283998587,2.360219,6.7124963,-1.3215071,-3.7929235,3.240528,7.841859
2783,98.3044860473331,4.4304976,8.596824,-0.24221107,-5.051351,4.978962,9.099885
2784,98.33980925468032,2.9039662,9.006778,-3.2384484,-5.5548053,4.0416555,10.263392
2785,98.37513246202755,2.01866,7.7092195,-3.5764792,-9.701769,1.6229106,12.48591
2786,98.41045566937478,1.9173387,7.8591332,-2.1871104,-8.274847,1.494594,11.828887
2787,98.445778876722,2.610115,9.649101,-1.6892923,-8.750648,3.0286815,13.412344
2788,98.48110208406924,3.1281636,13.792446,-0.67450583,-7.479496,3.2780256,13.151837
2789,98.51642529141645,1.5357679,12.601972,-1.3376074,-7.040835,3.4025009,14.124765
2790,98.55174849876369,0.9485219,12.483386,-1.2818907,-6.9030943,3.0029864,12.449555
2791,98.58707170611092,3.0876548,14.678714,1.8521153,-5.393346,0.047069952,14.964195
2792,98.62239491345814,0.9715476,10.608878,0.036591996,-4.5262666,0.50615746,12.458049
2793,98.65771812080537,1.4119526,12.446675,1.6106895,-3.7825482,0.9124937,15.180533
2794,98.6930413281526,3.6256533,14.136957,1.7490201,-4.5459013,2.2355335,16.750984
2795,98.72836453549982,0.7539507,13.6227665,1.2623972,-5.386539,3.0086815,17.512545
2796,98.76368774284705,1.9935684,10.879911,-1.6285783,-9.195591,1.029946,14.639182
2797,98.79901095019427,1.6395205,9.525476,-1.5527365,-7.891725,1.0451602,13.479139
2798,98.8343341575415,3.8713803,10.891522,-1.3263713,-9.486442,2.7702322,15.549358
2799,98.86965736488874,2.7422776,13.930636,0.0033084769,-5.9591355,3.7051468,16.060158
2800,98.90498057223596,0.27804014,13.450919,-1.2641723,-7.746595,3.969085,15.671544
2801,98.94030377958319,0.44209996,10.202808,-1.7376388,-8.574316,2.7057366,12.508897
2802,98.97562698693041,3.1231785,10.668395,-1.2276329,-9.84668,7.3171344,14.458669
2803,99.01095019427764,1.7912259,8.304454,-4.474126,-10.448532,6.0384808,12.282189
2804,99.04627340162487,0.7577972,11.438106,-3.1908393,-7.955793,2.8315027,14.183788
2805,99.08159660897209,3.056521,11.186044,-3.8760667,-7.902377,2.8574774,12.000858
2806,99.11691981631932,1.5935695,10.250847,-4.364523,-8.07329,2.7540667,12.397746
2807,99.15224302366654,-0.73986614,9.678585,-4.028759,-8.763113,3.0748644,13.2741165
2808,99.18756623101378,0.422616,8.637928,-4.01817,-7.6673527,1.5664446,9.6729965
2809,99.22288943836101,-0.34287053,9.366627,-2.6177256,-7.58979,2.6841955,8.838218
2810,99.25821264570823,-3.2235818,8.632263,-3.8814642,-8.888961,2.2143097,12.520155
2811,99.29353585305546,-1.7318835,9.760313,-4.08042,-9.387826,2.6287465,13.149866
2812,99.32885906040268,0.27365565,10.885528,-2.3022828,-7.0084243,2.1639225,10.862804
2813,99.36418226774991,1.1894386,9.512743,-3.7136097,-6.679365,1.5854388,10.782231
2814,99.39950547509714,0.67724633,9.551336,-4.0232034,-7.0481977,2.3358405,10.141902
2815,99.43482868244436,-0.8832409,7.903764,-4.7989545,-9.557088,3.1174335,11.79404
2816,99.4701518897916,-1.4718852,9.863629,-3.1920123,-9.532361,3.6966162,14.941686
2817,99.50547509713881,1.464877,10.778546,-4.392174,-9.865837,3.9653072,14.010621
2818,99.54079830448605,0.39114475,11.521977,-3.2974732,-8.768677,4.712476,16.029642
2819,99.57612151183328,0.30361852,12.443108,-3.3564007,-7.731855,6.0560822,15.336779
2820,99.6114447191805,0.7353267,7.5146847,-5.7869673,-10.030306,8.535398,11.663283
2821,99.64676792652773,2.3061779,13.978555,-1.729327,-4.993155,5.709409,11.226211
2822,99.68209113387496,1.8020176,7.370327,-3.1224027,-5.698093,12.014592,9.07607
2823,99.71741434122218,1.1010375,3.9944122,-5.541093,-8.044276,9.400377,8.112965
2824,99.75273754856941,1.3777518,1.6771764,-4.757607,-6.76617,7.6014967,5.66665
2825,99.78806075591663,1.4434378,5.8119535,-4.794858,-9.156902,8.471861,10.610059
2826,99.82338396326386,2.3877873,5.6826186,-3.663881,-7.3189197,8.900223,9.636754
2827,99.8587071706111,4.928449,7.096029,-3.1826203,-6.3605175,6.581794,9.1151705
2828,99.89403037795832,2.3217692,4.2825274,-2.5732358,-4.4477763,6.3956122,5.471803
2829,99.92935358530555,2.9272027,3.6036673,-5.0144897,-6.8689623,9.330622,6.917353
2830,99.96467679265277,3.2031686,2.1079884,-2.689187,-4.5663285,8.385742,4.288101
2831,100.0,0.92046285,0.5025414,-4.4037013,-5.6041603,6.2904058,4.056171
