id,provenance,characters,motivated_reasoning,rationalization,bias,evaluation,donation
a60fa7cc0c6e9b44c39216ee390bfcff6db0930c16986b927382e278bccb6630,historical_retained,9904,0,0,0,0,0
f30659fb537df116c784c947760c3cb9eda37c716a33dafa65f0e2d9f565d784,historical_retained,7537,0,0,0,0,0
6b9683277545b911687337c1d990e3116871c6bcb635b45a32c66d36d9def41f,historical_retained,8603,0,0,0,0,0
4e3e21f91cb43b4d4da97e6d1f1d67ecb16164d9a455cdd9b6caa74a54f48970,historical_retained,10957,0,0,0,0,0
237ade8ab570f80469f7c0559e08be03d3205ceebf493e526fe58d294e94230f,historical_retained,9189,0,0,0,0,0
11cb117531f20224f1d5be270ee998f9b00650c0da6a2b57339554dbe2fc55d0,historical_retained,9681,0,0,0,0,0
ddf0362c26c779a68c9ffd6f34468a132d637841fdac51d3e784b0b6d657795c,historical_retained,11068,0,0,0,0,0
a9cc7c139f5bee9527c5feb1130409741fe3387127a57f8c5cfadd5982eb6c8b,historical_retained,12158,0,0,0,0,0
a600d9f6fdf40fa604b07c24314b00672c184c20fb302e0d9675824c15e427fb,historical_retained,10466,0,0,0,0,0
4c4a40af0d0f4c73d64a5cc52d4554af788ce8df2aa4782d11e25b8c2e5bba9c,historical_retained,9612,0,0,0,0,0
df42abd12c5ffa46067c949552e28908985cd25fec7451db8e18a151550344b1,historical_retained,12429,0,0,0,0,0
0cff77d523cc3b01211af0e64ebad50a09b5839ec4c7c015017d12d591ce9c24,historical_retained,9876,0,0,0,0,0
61e87c8bae950ef1cb7e0a8c0c1750609eabaf5ce458148682be3d7aa2006627,historical_retained,7934,0,0,0,0,0
6c0c7c47123eba834f9bc4ffa3fde4c40316af60815df1f0148600746d6f13fc,historical_retained,7459,0,0,0,0,0
ad18c35f683da664bbeba74577187365fb7d8133200efd0dbc597c42cd88be17,historical_retained,8712,0,0,0,0,0
d2a32049d4d283c6f63e1342143dbebf4696444b01f73aa092f476afe1fdf762,historical_retained,10042,0,0,0,0,0
ec55282e76b148da9795f94c4c3be0e6f7a4bbfc1069caa0a7eb637cdb8754ce,historical_retained,11537,0,0,0,0,0
6be35ab82c53f11f775326c3f2523cf8d3e1ce269b33bac06fe6e5bdb46582f1,historical_retained,11142,0,0,0,0,0
f1b030087254b8c47301b552f97a8f90ab69178be0c8a5b04a059d8bac38cde8,historical_retained,9489,0,0,0,0,0
0df15d4ab9321ef2997f82250a3a0204efaa9311b71db8b5d62c2d6b7297cab0,historical_retained,8594,0,0,0,0,0
224b2a83f7bc7c6d79d09eb688c99bfd578104926e169144d7407628c4812688,historical_retained,6827,0,0,0,0,0
f48ef7efa71bfc0951d31fc45f66e6675a7c4017ece2c7f08323bd3c7680ab8e,historical_retained,11496,0,0,0,0,0
d97ac0abcff45f13dde8e8790540f49310949bfc8b0f2576269016a325d50a6e,historical_retained,10744,0,0,0,0,0
43c4694dce162387b1b8d997ba6ac0c8380596522af2ad44e39abb1823ea9878,historical_retained,8888,0,0,0,0,0
c3898ae0000bb28a3b847bcfeb539ea2c7ff8f9789fc9e9b26db3896416ac2a6,historical_retained,12218,0,0,0,0,0
c613a467cf6dc9290d770049e6333e4b80588d280d94015853906a7a531d952f,historical_retained,12126,0,0,0,0,0
b4afd19b79e8624ed2e06c21cfc5b00f2526d70e8eafa73cfb71fa2411d5966e,historical_retained,11961,0,0,0,0,0
57a35497bd7fab47691efa19eef93cd077a0254ff44e42ee63ebabbfebd7ae4c,historical_retained,8527,0,0,0,0,0
1d1bd2d1b2e935486204179118664fb33c56fa692fa51171299c4a9265fb9eb9,historical_retained,7521,0,0,0,0,0
d8e543ff981bcc8bc7302ef837819c02ec7a7d3588ba3c8f14b947998f5f5e45,historical_retained,8073,0,0,0,0,0
dd2a5c1efabddde95eb1e651d7e8240793a784f85214d6ba3d9e990f050353a2,historical_retained,4213,0,0,0,0,0
8ded5c9ef6374abfd56ed988da1d3e9f14e70c6cc65b169d4a39fea93896bcd5,historical_retained,8717,0,0,0,0,0
35a7c7f9b346dd75afb2197eaeeb55b4bee0e3e1d3c7090bbf7fa5689eec7a6c,historical_retained,8090,0,0,0,0,0
4cd57b0e76613edf77832f14b349d6459d42893c27551376fef8bd58e55fd18d,historical_retained,12383,0,0,0,0,0
e0a4d7d57ed86fe2effbbfa58880124360d918e4c4d3d6fc27b32ef647d8195e,historical_retained,12259,0,0,0,0,0
3fca78b4486d165b0966c8406f314e0d732d3faea1424643cd915bd3b9f73c63,historical_retained,13022,0,0,0,0,0
e03bdc3fd426408073fbf6c9ea66291897b14714a9f7edc287bfbd6cfbaa60c0,historical_retained,8254,0,0,0,0,0
faeb9a4359a20f1c00d9e0d9a4989959c19ee018071cff8d98ad93d2edc2ffcf,historical_retained,11933,0,0,0,0,0
7e48f6de6128d6ba064d4eb3f1c437edb52479861e874db0f9da8019780b3915,historical_retained,7670,0,0,0,0,0
706acac561d83d1474b5b97e89e378f6e3734f34cb148d445a73cd0932977b0e,historical_retained,9872,0,0,0,0,0
10a4f2aa41efb7c19de07d063d7d03f2b33d8e83713d5e2bc08d0db2efcbbb4b,historical_retained,11366,0,0,0,0,0
5d7bb3ecfb8079aaf0668fad5909c5f238830f520375030cf3cf223a0ede7932,historical_retained,9720,0,0,0,0,0
ddff43da50d4d3175cad70ffcd18564bed5cc1d851fb9841c6e00aed05e53b31,historical_retained,12323,0,0,0,0,0
c72d43d729f81a0cee2c7cdf58f4451dae9662f640ac3e957a034f095757e091,historical_retained,8875,0,0,0,0,0
03acfbd8a6c5f14ba31e2ea0d09677882081b80e0e0d35145ddd95cef684e83d,historical_retained,9164,0,0,0,0,0
30b45b60a32ef54ea43410072af4b10a9e58a90520a63300b45c09b99741d65b,historical_retained,10414,0,0,0,0,0
803410d3a6777ddc213725d674eea8959de21e3be6cf9b80e565d52f0e294e85,historical_retained,9827,0,0,0,0,0
050bbdd889659dd8ebb7643aef76d8912fa717556c9683e609e08ddc5bb10f1a,historical_retained,12364,0,0,0,0,0
4ff81a31c9e83479fa8596d2bb0328bb255e8f97562b169381afb2f691a62172,historical_retained,8543,0,0,0,0,0
3d19fd043d3429bc8db2afdb1bc52778fe33acbbce3ae4090a8d53d68d5d48cb,historical_retained,10758,0,0,0,0,0
68e0dc1f74a40fd98499401279ead9e1747ad89419b8950c2bca946131628026,historical_retained,10460,0,0,0,0,0
ea5d013b14b2fa4ca485f3484ae4dc35cf73bf287d2077e6c0dea763d30e08e4,historical_retained,8340,0,0,0,0,0
e2d7cba4f43971533c07d9b70b9eb6951137927a6de556c5f7ff8f6fcdbc6c58,historical_retained,9507,0,0,0,0,0
d4c6b15c25cf029412cf2fab1de8e990402d50453c7163db28b0afb87cf6e484,historical_retained,10248,0,0,0,0,0
ab9e1c4e02b62ca4f7e876fcc17600bc028b5e747ff7d3f43940cc16778ec900,historical_retained,9615,0,0,0,0,0
445d126a73405cfe61a42a04b446ab6b934cb2dc401e340743785952ede07d86,historical_retained,10035,0,0,0,0,0
f6ae1a6921b61b451c326d35f129116fe509f5026fadca46020cf59fece893b7,historical_retained,10765,0,0,0,0,0
45493c6e04743dc88396f321b7d2bebc504354faf8d226b95ae34fdc10bfd767,historical_retained,8253,0,0,0,0,0
e1746e94d6128b9354afb42e84f3515c4526922ac591c02b4ff3e2f386ccf4ac,historical_retained,8868,0,0,0,0,0
1ad32ad7179a98a535a7d4287e688bb87bf6ed7d78a34be004c363dc3d30bd68,historical_retained,12051,0,0,0,0,0
38f43e1676b7de3a747d53b631df85f9a93e85fc8b1a754736adeb8584abe83e,historical_retained,11392,0,0,0,0,0
eb6d04b158b6f3a5f8a4fe1f0d86571b0bc2344578901ec4f0dcbe015655ddc5,historical_retained,10856,0,0,0,0,0
1db8dbfbe850500e85f6d699b63dbc3bfcac2adf0f54e0b053536035bb03b5a9,historical_retained,6430,0,0,0,0,0
b26f54b184eb45bd7d38aec6cc0119305b87748d11813f4522a44d8c9952cac1,historical_retained,8182,0,0,0,0,0
3f660cd5e4b685538106585c0518685620ff7f2893b3dff351fd6a9f965604bb,historical_retained,7937,0,0,0,0,0
94a435e75ba90e7e6bdc97fe862f09755b1a976be25b43c4575d7875105d0142,historical_retained,9317,0,0,0,0,0
5805a2237a91ee922a003dff7bdd42762278c68ba26bf88bda4388651ba267a1,historical_retained,8761,0,0,0,0,0
2823861433c346e391f42e52f5cb8bd99becb2bf23eb2c589ccf223902bf97eb,historical_retained,10412,0,0,0,0,0
e723b776202bb41b8bae1eb206eaf3e1f4083bce00ec13ee511c672b59288954,historical_retained,8172,0,0,0,0,0
2ff3617c38361693849987cbe08bb9b3dfd04e531cd6e07577f564514f422639,historical_retained,9027,0,0,0,0,0
1bb04a735bab4bee3d7ada9ad6416bed099b39b98affc1f6c87710797e976723,historical_retained,14084,0,0,0,0,0
50b99da6c4449f3b8f701b815f2845241247c760e4f463bd252d92911cddfb53,historical_retained,7062,0,0,0,0,0
42919ad93d9efea1c1482cc0b1828fff2b1c0f9241ea18721564caed4b8b5789,historical_retained,8593,0,0,0,0,0
e913a3e59c4a21c14fb8b7db5d041a4d432a8cdd65715a61b48782d02553aa0f,historical_retained,8560,0,0,0,0,0
8af5cd10b25eda22b129cf4b122e7d4bb7163c2d924ea6b1da58e0e943fc011b,historical_retained,9473,0,0,0,0,0
5679b1803230dd7d9268eb138fccb364a25ae7ba629d12c8c162f45d2d7bed16,historical_retained,10039,0,0,0,0,0
4ad492cc758aeca9efd2497e5506f1d981fcb4bb2c5bbc5a09b11e8c236544b1,historical_retained,6171,0,0,0,0,0
34c0d9d395c51d999b7923213463afaba8d5a099aa1ab7def900c8a38c7c280e,historical_retained,8855,0,0,0,0,0
a4e5c9f66f84df6a96e4e4900f2f024d1e9088f954d6fe023d4650c9fe23decf,historical_retained,9064,0,0,0,0,0
b7aa9f1e20b8488691b0dffe73a47ff66b8fc835d34f7162554ea5b74a34b3ef,historical_retained,10969,0,0,0,0,0
cdeb40031abc37e80e899aa1a879a745dcd3630b1f9d8b10d07d2459064508ac,historical_retained,9912,0,0,0,0,0
f4651f6ac949e3de18ad453a72404b1d3ac9ec28a01dac466731b63cee0bc494,historical_retained,11007,0,0,0,1,0
f8e2e81ee1b90bf8e462e3655192bbd336ed5ee307056995f7bb95ff10256f78,historical_retained,9432,0,0,0,0,0
76141e02abeecd7577f564d1179f550b4aebc2315948f8ce9c45902c6292dc73,historical_retained,9221,0,0,0,0,0
cd75cf271da4a15bd95d2e85c7386ba25bdcc3f77f1b44c136c0d3911f4da794,historical_retained,8843,0,0,0,0,0
ffea93c7472e24bd780f72e7e061fe64f5190b386a1fe0fb5e1af2e1c64d8cbc,historical_retained,8960,0,0,0,0,0
9ac7c4a4cef972a64fa7237575cabbc565e3cef6d104a19b76438c8097dc4663,historical_retained,8672,0,0,0,0,0
9fa6e9cf12ce845c735fe015757cd3f1681d44c92e4f31022c4a5fac310e29f3,historical_retained,13083,0,0,0,0,0
f2c33ffdbb46c8ed01eaf84b23816c7f361cfab9a00174e2c4c876e9b0ed1ce3,historical_retained,9728,0,0,0,0,0
7d1a16be701abd79a696b455fe0afeea2c00615c5ac3dd6612df6b1c50dfaeef,historical_retained,7065,0,0,0,0,0
4f0589ea8558bcb664d72063c5a872fba273e0ce352427d871531b7de16706b7,historical_retained,5200,0,0,0,0,0
08850e2ff788c1c75f54dcd67917b64540afd74822eda62698a4e5021ba21e91,historical_retained,7544,0,0,0,0,0
cfa2cd36449dcf885ed189a2ec38a02382b6a14e1b8503c3c19fa267a37f3141,historical_retained,10835,0,0,0,0,0
d1c5b2b793ea20e94f3a6944e5f9d4031ec2b9035bb8165fc13a9f91b8fdc196,historical_retained,8882,0,0,0,0,0
5940ce551186273a72709fe0f81b68def917b17fef185247b977bb745015eec4,historical_retained,6273,0,0,0,0,0
28d5d8581048b5a44cf690dfe89537065004ed56975c609caf222f7d1380ad14,historical_retained,12732,0,0,0,0,0
603b0bb71012a489b124bb917458c0c91bd19561666e14a0c7bbabc19689be10,historical_retained,9684,0,0,0,0,0
efc5de9ebbdd0c446a4921383c1a26933e0bc1a25d3b2bcf4516d6d14c6c2bfb,historical_retained,14508,0,0,0,0,0
b59191685e2e2cc3a544ccf989410c6dd2eda34a4cdbdf82c66bcbc36bb03e77,historical_retained,9193,0,0,0,0,0
1f5e75224203966868316ce62934a46145c48e051f2ecb9d94f8b08277b9480b,historical_retained,7715,0,0,0,0,0
d6460d9c58c40592d22a9499497445a3841421edcde40da8d5f96ef253d34e30,historical_retained,10745,0,0,0,0,4
16fcf2db6bb358262830c97d320b8569a95dea48e24fd4dfe688908eb4c66234,historical_retained,8863,0,0,0,0,2
f596e7967785be48f1ad85dd544648ad3921c132fbc13683780c2c9f0a94377f,historical_retained,18474,0,0,0,0,6
424d04ea2ca0a985203bd629b7168c2b0b633e69d9767e63119505c0c4bd9e5a,historical_retained,14125,0,0,0,0,5
83be429d02408f1dacba2f30d53b5d7aecd80188bbe2fecf1c1027e897dbb619,historical_retained,8318,0,0,0,0,0
dc65fde9416a2bec78001481861145abce1b0b412017449a7c2c100a4922b519,historical_retained,13841,0,0,1,0,2
c7e9cae4a612f2ef13df4529cfe9f8510af150964eb800a3fcd75a173fe8d0ea,historical_retained,9276,0,0,0,0,2
6ad22a4c94a26bd180ef028eaf5b85bfeab423d18f6e20104eedb7151bd0565e,historical_retained,11757,0,0,0,0,0
325320980e5dfd8e94afc1c64203601929111eeb5e21e5717dd92efac148e08a,historical_retained,18180,0,0,1,0,4
810be6198811a950a90b40113531de544af3428992111f34d809d98226a7815b,historical_retained,13194,0,0,1,0,3
9599c0975e0221bdcc978f4b62768cd768186bbd2a46dda05873ceab46f30433,historical_retained,12221,0,0,0,0,1
1958078bd96ef33be1d478d601d8d7c96e91b68ea9faf0c34600b31e11941540,historical_retained,13194,0,0,0,0,3
174b080e3ef637c533cd34208b61cd5a3bd954d92c3afcbf15070b5a3ec7228f,historical_retained,11474,0,0,0,0,5
b7b28a38b6055bcf7cc842a2451e3b77207dab9dc00e9201a06071d7185d622b,historical_retained,14316,0,0,0,0,5
9083c3e50c5956bcf46575d4144be1f477f241fb0065389c7e7131a61e31aaf5,historical_retained,16021,0,0,0,0,0
c9796b5c6f7db16dac09fb8727deab028a5a3d3f56a16971a897fca3325680d7,historical_retained,10385,0,0,0,0,3
95b9016acd79d619e649f89430aa4ad3b4da39136a133d506159056c534c3377,historical_retained,10692,0,0,0,0,3
41b1d51687526fe968f1936732d2bd4512a05e358389a3a2a7fcf8b4b0d7374c,historical_retained,9416,0,0,0,0,2
6fc96488c896d5c93b6e16b62145077c793afb92e9f8174f0111624131a7d3e4,historical_retained,7899,0,0,1,0,0
45664d6b0140678f7b4e39528886f1ad8de8d2ec1352ee1785f92e9f76e33ab3,historical_retained,7987,0,0,0,0,0
679fa17fa7338110914f086bb7b5448ec4b090a08628a77f1993e20e6dd205d0,historical_retained,10243,0,0,0,0,0
bf0c25f7150c09216b0ea8472a8b2a20a8acf81cc4c2e510313cbe98229a2e77,historical_retained,11784,0,0,0,0,2
f1929b35a13a2990fadba830eb6c09662c977ff347b49e20e6569223d213f109,historical_retained,5833,0,0,0,0,0
14bbbb955ddf501ff6d1aac1819c1eacf897961ee562836da1c0a148f8554d37,historical_retained,11241,0,0,0,0,2
40747bcdc0659e8f48b410c7fa4a255c921d5b494f45dc842d267312f00160f3,historical_retained,8640,0,0,0,0,0
26e0da8bb903ab3546bbacf276e8d4ade0860e57f4d0d4348dd8fda96cf9c2b0,historical_retained,11039,0,0,0,0,4
d0990dbc4028ff81b70e2db538de24dcf7ffa17ee44984f7c07b2d057cb601c4,historical_retained,7834,0,0,0,0,0
925919dcaca51a7e2211ed7e731ebc48e1a367d685b89f1096198d3f2d1d020d,historical_retained,8001,0,0,0,0,4
4412d5b6f7f138f18ffc47614f4fefc8ad653e8ec0d2fde2f555c00585424582,historical_retained,9323,0,0,0,0,6
606f8122ec9e00ab087aa53914ecb372e98bc5136aa497ff954323e678275247,historical_retained,9988,0,0,0,0,1
62bc481f88b41bbcec3b4a17d30e4292d0981952fc5d0f0d855ca722e7fc3e1d,historical_retained,10649,0,0,1,0,3
891dbb12fd8a896edea2dfebf1a8e7bbe552105d08e6400db7a97adae3afcb28,historical_retained,6863,0,0,0,0,2
58bd54a077dd8958e9417787c70d309f49b32eb25b90f36abf86ade31380641f,historical_retained,10245,0,0,0,0,4
8d8ff2f828eb951d573cb85ed5f447d69782fcedd1443078371db3131ac68d20,historical_retained,8503,0,0,0,0,3
6888cda0c00f4b466e8f2114e18f6bab69512e961ab3e435d8c5117c647dc25f,historical_retained,13782,0,0,0,0,2
d283fd04fbeb580e07ea459551e85317e4c2e0774ca4dcedbf78173d31fa9742,historical_retained,9620,0,0,0,0,2
93d3385d01253fca59fe003af940e2c94cd5cc7bfa534c2fa46698e120a0beb0,historical_retained,14195,0,0,0,0,4
e72318415f37c891bb078dbe60c976e442cbb52256042e48c02e624453319646,historical_retained,11936,0,0,0,0,4
4c206b2b92e8449a9427c5471aa7a3ab4d7b8546c766f1e1bdde657f6877b00a,historical_retained,9019,0,0,0,0,3
1ae0adf1ebeaa3af89ecb2e13228d9d59d86675fadbb316a15d658edddd39446,historical_retained,10211,0,0,0,0,2
b8d2d4701afe038cd2d7a2a040a4e8098cc74a3a102862b008e9026938a56beb,historical_retained,10230,0,0,0,0,2
c7e71a8b2a046e53a647ee4617099c7f6dc2a54560625579628088b9aab74f1a,historical_retained,8238,0,0,0,0,2
c2900a864bb6177c7f0bc00476b96e3a8f1c6a3b889b335b7e35acf3ce6163a2,historical_retained,11473,0,0,0,0,2
d6e841cdb629ceaa8b9770b5ea8d1264b10a493fbf4e03b79dac88a58f45fa8c,historical_retained,7532,0,0,0,0,2
f42bbc91ed8961d729b93db9e62e37c4ca9799aceb84eb0e2c12e372560c2813,historical_retained,11916,0,0,0,0,7
69c2ccc45110afd35a148f0cbdc29a707354619fd45f76b5ef57b20546d05eaf,historical_retained,10486,0,0,0,0,2
be4f06eda40cdcc3487ecab818f1b7ba104d130709eb5e579b56e0d7641dab82,historical_retained,12522,0,0,0,0,6
3d362a25c8bb16e5f01e8c10a37291068a2e4c905fa169dec257b3d057a13b1d,historical_retained,12211,0,0,1,0,6
5088baa31e38ce5fe264029ecd6bcfb432e13eec6e5ccdb5d1ff82b731cc95b1,historical_retained,8907,0,0,0,0,3
54a7adf0d5d933d81c1537755eec36763eead7e5e819af9c47317759f955c456,historical_retained,9585,0,0,0,0,2
c56f1ff5e06afacbdb186238302ceb220952632245d1373cf9469a4903c2cb81,historical_retained,12481,0,0,0,0,4
15d9e144d6617938490a3d18d9d8dbc9fee30c073b72badd0803d049793d65e1,historical_retained,11107,0,0,0,0,4
f58711968d9dcf381db3ef402a5e3482a983dc1e2eb3ee925a814bac55296437,historical_retained,14247,0,0,0,0,0
13cf94906315f2636ea3d10c15a83eda10ce5864dae2d213e73da4ed291b4d18,historical_retained,14177,0,0,1,0,7
de9e319b14881f0d2904c254fbba4b61b96cae6df82c03c29a298dfc2df42205,historical_retained,14295,0,0,0,1,3
034c69adce1a1d11fcf0cae890e018d14d1403676fd8548c47bda4eb3d96124c,historical_retained,14378,0,0,0,0,7
0477a45805d1f827ddc778d53e422dd5d2ef2c27fbee0cab0c4f17b09e1cfe8f,historical_retained,14251,0,0,0,2,0
3cad07c13330375964992f1e4fe9211c3bfb11da469cd007f05ef0c7b3b8f90d,historical_retained,15562,0,0,1,0,6
0b5d2eb093ada51b20fc474829a2753d68d184017747235e2d69add0e7bbfd2c,historical_retained,8919,0,0,0,0,2
cc6a2c14a90a3280681bcdeb7462695be524d8fac66f72fe8c09a15ad28d895d,historical_retained,15174,0,0,0,0,3
1e2a8d85fd58bbdf3e24dd5d627d5e3e5177013f6827780a4a7bdd07f43f8c5c,historical_retained,13434,0,0,0,0,2
d87912bddaaebd4e51d29142b01ae66cc1a4ce982c5d6467d3a01b4603cdd31f,historical_retained,12184,0,0,0,0,4
fed2e3056578a8a2cb4def46d847f41a35b1456a6b043d0e344880322b82c578,historical_retained,12765,0,0,0,0,6
af4655486533fd98febc8613929923acf97974c110ccf44eabb9f86f45c7fa97,historical_retained,10853,0,0,0,0,6
30ad104c0562595caf43a20eea8ef1af09adc6c595cfbc31d94623e44bb692ac,historical_retained,14372,0,0,0,0,2
3612b29472a8029d06178216fcbfc53f4f7c1bcc7deec119fcdc6faa76880302,historical_retained,10799,0,0,1,0,6
3e5d94d154f71b62313d7fd744135925fa50a3233782111381c584af07f10357,historical_retained,11275,0,0,0,0,2
d484cfad28dfde46197d6c698965ea4a079e23c446874b94d1ea4f4a6019914e,historical_retained,12300,0,0,0,0,5
08b30c8f79cdde312fe64611c4a5085afbbcdd49e39c2d306f5b8bb133d022d3,historical_retained,9592,0,0,0,0,2
521d4dfbe5b7605cd31b0e5f7bcf75d6ed9096fe4d1eb996e2d2c38b58eaddd8,historical_retained,8408,0,0,0,0,1
b96c56f4fe830252b22ae7ca4a8429ec1e17aba6ae6aaff4c69118fe44cdd6bf,historical_retained,8468,0,0,0,0,4
6c65bda47b52ed1bcd96dcc0572af0ba01706a16296df9c5a6941a63fb5fb3fe,historical_retained,13955,0,0,0,0,0
b090ad940d1c17e9510eaa842b1c191ce922e557f909aa020618554fb047894d,historical_retained,13782,0,0,0,0,2
cb2c8024a041652db4968418bcb73520d6e9c97ea25d598cc0ccd5db655f0659,historical_retained,9755,0,0,0,0,5
fbfd078be6a5518a42c82caf22ce0fe7c67cae5731407d1f215f3091eeaad130,historical_retained,11893,0,0,0,0,2
db947197193782a087efb4598f6f56ddf7032a336c3e8a7517c31cf5af1c777b,historical_retained,12884,0,0,0,0,5
39ae8f4c84c2bb74300075000685aa932fe5e929a9f01ebf15d987d51742be04,historical_retained,9367,0,0,0,0,3
c86880ece0ed005489403454c4a2925790bb84f89773789a2167ff497c981def,historical_retained,10642,0,0,2,0,4
0e07877a7d5bd93de116a72bedad492c5273d69b7f576dbda14ebb5cd1a44431,historical_retained,11388,0,0,0,0,5
0c524d95f8675f3d08ac7b9ecbe84d8b1df1db6fac90d0af776d858041a8a4bb,historical_retained,8981,0,0,0,0,2
d3312fa2c59aaa455767812425d5ded1ac373db1e27c187a0d897eabae12ef01,historical_retained,11466,0,0,0,0,2
96890c7525ddd556313d32fcc60a5f6a659610d6bff7042988f016b05ac01ad0,historical_retained,10758,0,0,0,0,4
4f3b15aa0806169f7ab02b9413bf6d241c30f282c7775cee347a74a9c0202cd6,historical_retained,8607,0,0,0,0,2
803e50fd9283958f6e0a1cde0ccc219ad2821126f2d01fd3e3de80143bf4bc10,historical_retained,15353,0,0,0,0,5
6d113344108dff3d925de7dc08f48566adaafe71587b62c2150f6b3563f2d672,historical_retained,11191,0,0,0,0,5
123552086537daf4b5e3e3f7d4c6f9d3c2dc68d177bc78237adbb94aaa55caaa,historical_retained,9214,0,0,0,0,3
d5b43d9f0194579c4f748cfc8efaaccd5c594fda102ff114f51bb3b68faac0e0,historical_retained,14723,0,0,0,0,2
54880cf40cf433831b485a2a7824cd8b3f339697338e14f80eb1c8374f001aa9,historical_retained,12211,0,0,0,0,4
0272b7d2a525c210c06ddbe7a248fb4761dc058849a97f500490801ed50d339a,historical_retained,9201,0,0,0,0,0
964884b1f290d7105abaed7d97a3032b570c428e8f405bbefbedf8180ff3d81e,historical_retained,11262,0,0,0,0,2
e3c675747cf041333f0ef10c0a77a3f55b319d5a4daae4914c78b74a7c714e87,historical_retained,8492,0,0,0,0,6
4352740ac8561903acb9bcb07d5f553c7ca4ce19e39d6f5e19b721c3bbcf218f,historical_retained,10826,0,0,0,0,0
468e01474604d8cb870f860d166372f2a47a0c3290f719243d95de79aa94a66c,historical_retained,8416,0,0,1,0,3
28edf01f9a5e9d5691efe236b41183e0a067b7f6ce2fcba2dab4d8e2e8adf1df,historical_retained,15493,0,0,1,0,7
b49642de1d85e97169a44f6232530b96cb8267df954086410d41e0c45776f31b,historical_retained,11097,0,0,1,0,3
fcaae8eeed2c178c48814f5d1533cf5652771bb1759fe527b30fad0b6f5f7504,historical_retained,10528,0,0,0,0,2
af3aa259ef154264a52eeb871c243b6481e899bd5791b602f2c9dfe6b823b588,historical_retained,11904,0,0,0,0,3
794076100ec0ec1745cc0440c52bab2b9275663c1dd791318acfa54e8ea354f2,historical_retained,7730,0,0,0,0,3
6f77466536562c8410b388c3db929d6feaede6e8127c912277fd87395288402c,historical_retained,10918,0,0,0,0,6
feb80cea68bb813bce55961bc57244913146e932f7d4dc551490b9775979daa0,historical_retained,8063,0,0,0,0,3
c1d56e8634723f55117cae5e021b405655ca9fb114317157630e4d2640cb5aae,historical_retained,8619,0,0,0,0,6
0789133a7fc727d5017404c53f97045c91848f3cb947a458ef864209ce5ca66c,historical_retained,12862,0,0,1,0,2
8cf464c17e8155b6e0feca02dbdee7d19fcd0a5590881d985de1d7f109fbf4f3,historical_retained,10564,0,0,0,0,1
6237996d8de19ae0cdce25eefd422dfd56c03a3610a43a3764a50bc373066e10,historical_retained,13458,0,0,0,0,6
66e86be751f701be937e93e664ff1ca8e96bd74f6735d3284cd39b8fc6ee3e32,historical_retained,9183,0,0,0,0,4
1e05c2f4b7420246124ae16e20029f250d49449a296529efc69d404188630fdb,historical_retained,12039,0,0,0,0,3
3fcac92cecfdce8a1837f517d552e905df45224cc69a003f8243d500f294f3a9,historical_retained,9967,0,0,0,0,4
01d4d3f575702236af9f5a9a50199b8e6dd7a6b62033a4b252a961a5f4333ac2,historical_retained,11384,0,0,0,0,4
17bea077ea2ff130e70268677974cbd2a919f24e0ef303a18c6683250f08dac4,historical_retained,12854,0,0,0,0,5
4b3be06ab51f410a0f7696d84babe543928def3e1767a667079f082fc65e18d3,historical_retained,11784,0,0,0,0,4
45f0623f9330f12101333800ec26172031ccd54a4c3d14f8e46d829649358d6e,historical_retained,16549,0,0,0,0,4
d8790cf6b1a3d8515bcc07e6630e8621b195ca5b44cfa072f545812b1f6e9f22,historical_retained,9823,0,0,0,0,4
783a85d2d88fbee120352e489474be92fc47fcbebe7200ea0bc9c927545a2f4d,historical_retained,16232,0,0,0,0,4
0ad8cafea03e173d3f8087c40be6453cede8650902ef7767485c530336a07ba3,historical_retained,11169,0,0,0,0,0
b5bf43c3cd08ef02580724701ae6687743a62395ae01bae9202b6870fbe273ba,historical_retained,10997,0,0,0,0,4
25ba910ef5356a12cde543ddf536e5a10b470a55d4f9f492ab34f07a8d088cc8,historical_retained,10354,0,0,0,0,3
78321cfc7f346db7bac26aaad4f34add3986cec9317d41928da6a6df1ba40ac7,historical_retained,11698,0,0,0,0,6
168de77a2e7a858dab5f25e8474401a47bff06503052e7a71ed9e702c6a57e1c,historical_retained,10654,0,0,0,0,4
b5b77488983431ee474df2aa26c7c3d524a28ce49170f91666eae1550cffb634,historical_retained,10188,0,0,0,0,2
f8c18cb4fc48bbdb9ed194c1f4dc23b9574e18be3e08a55cc0f61256e6141fa9,historical_retained,11033,0,0,0,0,5
90b4e40bc76ffa5f9c203d2ae4dd8278d3debc0c3ae778952c8cdd7647eb71d5,historical_retained,8859,0,0,0,0,4
8ed18281eef5d42658a71218cd53dcaa0a086d8604a94972013d7509f2753008,historical_retained,16310,0,0,0,0,3
8855c5cdaf5497a74d091b25c069d7e6ca0f9ec73926f97be2a5c5937577ca3e,historical_retained,10743,0,0,0,0,1
abd55b4c935dd66986a02e2271e35f90ec016ac2fa536b6f858b86dae5f95d60,historical_retained,13045,0,0,0,0,3
ff80bfe09cc9af8e448a942e28ab9856413a03b4aab9ef6e832f1c5761306a7d,historical_retained,11167,0,0,0,0,2
9ac969c81d6e44bc6ffbfcc8d78e413eeaaa1878c059112c4d503445c93212cd,historical_retained,13452,0,0,0,0,3
c0907cd0f46ec44492e636b59198e4b7b05ec98f8d372a196cf7736e0b477ac7,historical_retained,16295,0,0,0,0,4
493668b8c0c89cb992c2b6492394ab035975eddd995025614bc8ef9dea37cba5,historical_retained,7917,0,0,0,0,6
d461af1d1fbdbb3fa5810fc5c4c490b3ec624e41d6b52e3cd8119683b6eab5cb,historical_retained,13013,0,0,0,0,2
b49866fa3bfa5cd464953bd5f7e2cfbe096e9e43fe6c668c2784251b13ffd01a,historical_retained,9147,0,0,0,0,1
fbf3f22b7ad275287a2fba70a5532dcbd8549775d0a3461246d2703cb9c6c7b8,historical_retained,11720,0,0,0,0,2
33686345bc0d503c6f93c3c2bd37b2e52f18eff3aa74f2d210498e5fca1b4f50,historical_retained,12908,0,0,0,0,2
1df3d792b2a3fed0bf828a49048db5d3f3adba847f3c92307fe95dfff266af34,historical_retained,7706,0,0,0,0,2
1d20dfd683c0621b97b5cb3a0e7ef3bbb1f6601914769f875e79fbdc540b5991,historical_retained,9541,0,0,0,0,0
75d98246a8521d810b4e44a8d75356fbcac79a2fb55577a5c0b3f496a48c839b,historical_retained,12573,0,0,0,0,6
b772310e713921b46cb7a1e6e19c6c6592ab23861b8f455332e3ee7402524551,historical_retained,14882,0,0,0,0,4
b0239eaf70edf47e0ae06d5da2bfb34978b15b087966890c350cd01a04b40659,historical_retained,8866,0,0,0,0,3
ef1b3da8f9592fad8e9fc3c4667e07e89801d85fecc1f3118abfedb873a2fbec,historical_retained,8565,0,0,0,0,5
5a1e0abd8d40af727096a621b641c8546780ae3a2f9af07dd0dad15e1deb575b,historical_retained,8212,0,0,0,0,2
94fe67b6fed6b28fceacd467c772d5682fc63af7d01cdcf12027d08610c4a3f4,historical_retained,12178,0,0,0,0,1
f1d5814f95790b082d6e23fa9df8ad1425a774a7f863f9c92d8bebde4c2966a2,historical_retained,11676,0,0,0,0,3
da55a4d0f5512415d8feeb045a13a8b2e1c26006d371f86b100104852a3e2931,historical_retained,8002,0,0,0,0,6
0e1163c4202f05f248c5c897a756b9264a2b342d2389ef8f4cc61d3678ebd0b7,historical_retained,10295,0,0,0,0,3
778c011955df4992fc8f97fe9cea6a1ab121a4e12f73bacb8b6992da7db39641,historical_retained,13105,0,0,0,0,2
ac08ec89618b2b71d9a22314c86c6f7e2294eb8c00f4bba2ab11a27475066d59,historical_retained,8527,0,0,0,0,4
6923a5e93461f8590068e8a089f287335f819423679ee34682162a501f81eb08,historical_retained,10839,0,0,0,0,1
71234370465a6e08c3a2d9d648c8bbf481f6971160196bad0577cf448354ec56,historical_retained,9268,0,0,0,0,4
1568e3f1c5cbe8316384ef007e7e46ab30af0175352de1b2034043ef5c1ee01d,historical_retained,10335,0,0,0,0,9
2e63052b9fab03986ca43f2d0c429fb9f44733fe9e01f14818dddec6952429ad,historical_retained,8905,0,0,0,0,4
4c50c1a6f23bd985b771b308145e86e0bae11913b109df9e3e5a90a9f1f8b5c7,historical_retained,6406,0,0,0,0,3
ada2dcd04ef372e3203f2d56938cbfd60c913f4e3457d9226aab519921970773,historical_retained,7191,0,0,0,0,2
3385010f2eccf45551dff07bf75ff86a4d646ff82de5fb04b72f9e3df490dee3,historical_retained,13373,0,0,0,0,10
4ea250a59ee1785aa98f5a700e865f7791770bbc8dc75ba952daafc3ce9d02fc,historical_retained,11128,0,0,0,0,3
0c57d91b19b62bc449f31534a2e8d1a569fd61668c51c7472f0baf39e5407214,historical_retained,14005,0,0,0,0,6
f2ab091a97c42b2ab5272b2fab5ad5118ff7b58c8235e57701fc797a4c0ab447,historical_retained,13328,0,0,0,0,3
290f2c0b9838dee798aec976132defc5732246b3fe58a52181b4ec3ca4e26c6a,historical_retained,10191,0,0,0,0,4
2bafd3dca0f33378bd42a84e30e76b6ea520dd79d70500da0f7a21faaf7f74fb,historical_retained,9376,0,0,0,0,5
dc75107ca584ff0576cbda47f9f34d395f26575420bf83209419385de452f0d8,historical_retained,12459,0,0,0,0,5
d4f7b79d5fbc0456e28f1c3cf564c597618ca28a7d744c035448042e33172cee,historical_retained,10875,0,0,0,0,4
8d1ec27b632b30b231e353d5050ab376c54787ad412151647628eadc146ce9b8,historical_retained,11432,0,0,0,0,0
731b0aa64ccca970334a24945cae09c10b778bfc7a185acbb3a4a90705aec9d3,historical_retained,11146,0,0,1,0,2
f6d703eeb246b739b17bebe857ca317ba5cc7bfdd274963dc687f6fe6a10fa86,historical_retained,10761,0,0,0,0,2
ce106d7d65915708252cfb82df0ee5bfef3ac90acdf21474d5d001f423791d1a,historical_retained,13047,0,0,0,0,3
ab5d7424764ecca7a5d0d481936f7ed6ac46c4d2d1f34e70448aa02078a40463,historical_retained,13572,0,0,1,0,11
1572da2759c7d8756860b0ac7c19c11c9aeb05da207f024157b8b9d77e5ba677,historical_retained,16796,0,0,0,0,6
023c4e8ce4cf4ac04e4abbba960bbab36d0ac3e597e8399a950dd20845284bb0,historical_retained,11169,0,0,0,0,2
ba95573d8db3f44d9007f0d9059e68ef3c03e98898a641bd4b78c4c9d2f17b6c,historical_retained,13275,0,0,0,0,5
7016d4e1d207fb27067799d95149282c31d77fa4e26738b7885f97d9cbdb3671,historical_retained,8072,0,0,0,0,3
8758cff85120a714a3605e89880455f56fa38f93c68eb99aabca0f25947aa2d0,historical_retained,15294,0,0,0,0,3
2ea7563f8b5cb76a1e2141e4eb3fcf840d6c3ce94a188bfb7facbaf31783ab63,historical_retained,8689,0,0,0,0,3
4d21dfec25839b1b9328de7b36270409098d143da2b2813701a88ff399b8c6e8,historical_retained,13496,0,0,0,0,2
db718107d124134ae42f30daa296f407aeaff048563c8198fadb8b8ed161a876,historical_retained,14491,0,0,0,0,3
a44206eb01c6b189c936c011d06d0022a68fb0978eebe2dc623eb04c3f75ac43,historical_retained,10180,0,0,0,1,3
3ddebe23831f65ad2291151436bbe4163f7942ac889255ab45f815c0649cbb2b,historical_retained,11491,0,0,0,0,4
3a5908983dee9eb0bc710574b2a88724983cb6914108bc6f7cbff588d80f6911,historical_retained,10599,0,0,0,0,5
bf4f8898a19a38199dc885d7fd88076b87dd54f99d82112e3ace6c244605f0ef,historical_retained,10525,0,0,0,0,3
1c9014a7737be5a1b31b0b968d0386b2ce58b91953e63ac0c0a7640a627fe509,historical_retained,10735,0,0,0,0,2
e128691ce0687c8ad43492e9ca059e49563324544c204b62d24faafc33237774,historical_retained,6855,0,0,0,0,4
a00bc68e7859a5a4f3d3306f0e3d2026f5902a4b48f34cff08ab121347cbcdd4,historical_retained,10790,0,0,0,0,4
dba9f2ef71ea5795b7deb7051ef03cc61a61e73d551b5cb04c621c172d5326c3,historical_retained,8704,0,0,0,0,2
ef04fecbcb2484e144f52fa501afd5f34e9a8453c6ac5bcbc7a4ff51510f51d6,historical_retained,8070,0,0,0,0,3
675645f2e09d63d4cc328438c70e8ed77ccab35d9f44833fedc0bf398528caf0,historical_retained,8745,0,0,0,0,2
c867cbbfbd029cd9edd7dfbc13e7b4d68ba959aeeec42881e4adc2e9004a0139,historical_retained,12053,0,0,0,0,6
7b277c9b1f884f006c35e30eec3a656101d93a00dbc5dc8a5df097ad1a720df9,historical_retained,14881,0,0,0,0,5
71600dc83edabe85ea918c4dd0d3c691f3876992b033550b4b4d0744ff2ac2ba,historical_retained,11975,0,0,1,0,2
8da480083f322c0164a3d4d3e7398b6541fca465436a21ce43600b0042d385c7,historical_retained,12254,0,0,0,0,7
6a5fb345455c5773cd9e09df357db0e1806f09da4aeda79501bd4059939973f6,historical_retained,11416,0,0,0,0,3
e43f99800ca035328fef4f74a5d6d8172e96afa7c973279b36b05d8a49f68267,historical_retained,7606,0,0,0,0,3
995b216eef807f687adb9c00a11d2ebd36ffdab9cf7e297596ee8bb97bd06604,historical_retained,12469,0,0,0,0,1
f26b97199f4441685b5f560aade3503b043be7c1d2342ccb5d7bc18ec225a7d6,historical_retained,13111,0,0,0,0,6
519e7a6b9d7aca6920c4ee8385499ba1e49c6e88c28b507feea302a08f3d154e,historical_retained,13867,0,0,0,0,6
f051f0f728996b23d4881da6ff9766fe746fd9e1fffe36f2c02ffc4736c088a6,historical_retained,11858,0,0,0,0,2
060de56d7176a6c45ef47ce1e254dde525403b5da2da7d0118acccd23c0f5bdd,historical_retained,12697,0,0,0,0,5
91c9a66a03a08494741c133932658ca4a16294118c22ffe5578bb17ef66fde06,historical_retained,7682,0,0,0,0,2
1043e101fab10fc3803fa3caa526f2a085e701352368c4ebd7620f86cc909a4f,historical_retained,12742,0,0,0,0,3
5ffa4bba7175fa58701536a8933dfee3e102b3c6e0aabafa65c0aa55318b119f,historical_retained,15276,0,0,0,0,4
c0128a4d0b7bffb3a6d34e2658ab39e13b552e9ff148ab454d11da4da591fc97,historical_retained,9581,0,0,0,0,4
2fc663dd14b3b6d60104ccb638eedcf937a19d1ef172e907df46fe5f6facf657,historical_retained,12159,0,0,0,0,7
82ff346ed8441adda33454bd31213f3790023a3d417aed1ec1955eb79466d1e9,historical_retained,15506,0,0,0,0,6
fedd39924216b4edda7f5a40f692f3a8b745a8e600ee734404bc59c2b7975336,historical_retained,8953,0,0,0,0,4
c81a40c033e10f81bd48cf8c0e421e4e33a06c2ff1a53e4b4510bbcc1462eed7,historical_retained,11589,0,0,0,0,0
1a5d29053ed87b4a8cb6b7c4605f1f12adff12b3a8856f722ec1efbc626221c4,historical_retained,12781,0,0,0,0,0
4f2dda2f13bea74e7f0e8963e437bdbf5745f68b61c063dbc7cdcebf8a49dce7,historical_retained,12710,0,0,0,0,0
064056b06161fc46f4eaeaa394a58f9b5cd8bc12bc57def5e2fb370fa8595fbd,historical_retained,11211,0,0,0,0,0
7bd217397480ab4bcfd38943ad2366da92aed905a958fcbaf23fdd6715710cf4,historical_retained,7243,0,0,0,0,0
7eebbd86def5cf40b8f1d12d00340ced67fea511d80f33165086dd6d8ce5592f,historical_retained,9876,0,0,0,0,0
e3ff211aab261fa66c4cf0214ee638941c021e2275e3d00e63fabaee4261427d,historical_retained,7974,0,0,0,0,0
7ef7e62c881dbf1d7dbfeb263253c1fd4c123a2d0e9b291e56ec1f8a7e9022b8,historical_retained,8536,0,0,0,0,0
9a05e7e72599f35c031cb158a97fc816d48353065a22fbce1df365a5f6574b22,historical_retained,9339,0,0,0,0,0
c1e693f96505fb84a82eaff4eac762751e3ed0aaa3e97867ff6662e81c23f056,historical_retained,11670,0,0,0,0,0
68cdf6774544af0bbae11eec5428d223c36f909ba55facc342a9d92f23325732,historical_retained,7649,0,0,1,0,0
0a32eea36d4931304dcd8857723fee5e0b0fcd887ec6e6859ffaf35b5b9bd673,historical_retained,13591,0,0,0,0,0
d0ed3e52ad17976258f9eeeb8c4fe46dd13f9c3ce41ee95d128f025d67e31ebc,historical_retained,11536,0,0,0,0,0
dcf4bdab5be5f8837b32cf12b3bfea0f1d0a0ac6dcae75d0b1e87cb739bd3e75,historical_retained,10526,0,0,0,0,0
e2d65d680311a743c597d95b4e6ea4ead34dd5213f4111e52c6509055b123557,historical_retained,8300,0,0,0,0,0
a841abf692e7e0f8056cc70f0ac07d036019410a5708ed466340df9b5f1b8436,historical_retained,10807,0,0,0,0,0
e1999cfb8bf71580d178ba6485676f2d0fba97fbf0d0fb48d31aec5cf36befff,historical_retained,8535,0,0,0,0,0
324250caad99ef802486d78d1733cc4dd274540c67440a7b4fe904e1300a8919,historical_retained,7163,0,0,0,0,0
490db2db6e4d10111baab9d87528d4af2847f33b58500556bd6b78f594f3ac8b,historical_retained,7778,0,0,0,0,0
6d0c16eb07129d81e60f0e02779b1f509face7df091fa5d9bfe9a4efb6080ee4,historical_retained,8462,0,0,0,0,0
e37c86a1fea757c2506c601e3584651e9e5226bf929a9b3b33d6eba02d268edd,historical_retained,9211,0,0,0,0,0
9e07665f8ed08d10a60454f85e1105fccbf098ffc84c948bd173a36f190af5a1,historical_retained,9228,0,0,0,0,0
a2a9a3d6999f70731064c21a46c77bec778f6aea4d36b71ccb773dab9150ee6d,historical_retained,11940,0,0,0,0,0
d93c3ad6b7dd73824ccd7f67c9b4be8874f0d6555a309f89877cbaa5afabd201,historical_retained,10739,0,0,0,0,0
da89ffffeab0269e9981300d0630c8f0edd1f6a47db3045f9239b258a7987e51,historical_retained,16002,0,0,0,0,0
155899e69255e4656868b1eb98de3c8db1c995cc22796057a89b23085af83319,historical_retained,7217,0,0,0,0,0
f8aaed0eebfdbe8c8da8fbd9f500e0371e9b897163c6bb30bb76a3896eaa6677,historical_retained,9828,0,0,0,0,0
c1c68cbbff1ce06db4b611775fbac6d2ad682db683b71bed13b3c5a2678052d7,historical_retained,11094,0,0,0,0,0
d23e3c0fd56959d8cb7d50cb1aff16f02cd981bfb7cff8ed67cffc8f48ac487b,historical_retained,14566,0,0,0,0,0
86bfce5b1c17e4582ad8a3240c419ef325eafc1e8af33db372dd2b32b2784882,historical_retained,10919,0,0,0,0,0
0aba9deba4cac70b565c87ae58758e1114be74b59d3c722a2392aa8c6e1d34a1,historical_retained,9378,0,0,0,1,0
5a2f6ee31071d5b1739288f476bee4ce473c7d121dfb106f7cada028ebbcb1b0,historical_retained,7481,0,0,0,0,0
e5d9085aeb54616d27e36aa55e1de6624a762ae1a19414a49efbbc5aff4d441a,historical_retained,11892,0,0,1,0,0
d48c06bf4832092140fc2ba0f8afca593a531c9007fb9822c1b8daffdbe1b1fe,historical_retained,6634,0,0,0,0,0
56fdf485f8752d39c6501ad7b09ec41800b25aeb0aafa91544d2f2073472dab0,historical_retained,12429,0,0,0,0,0
93b511397c0f3fa1feb9a6f233e65c7c92eecbb4d0008f909e273967bce64e0c,historical_retained,8687,0,0,0,0,0
b065c5634b3b2d54e595b3ea286fa8415a4f8cb78e2cd5dd9328bab0a0090561,historical_retained,9767,0,0,0,0,0
44cae61cfba2c683849d8c1feaff0ebd1aa6dbfdecf25dd7967a2376e1fe16bd,historical_retained,10967,0,0,0,0,0
60cbb1733381d494231255d33f19eed9d454e462a7f9bb3c334bba3f526ac4e7,historical_retained,10864,0,0,0,0,0
039315e6e56e70677db7cfdcd8315d26f7c61bdd37e86913c5dea2f6b9fba0a9,historical_retained,10444,0,0,0,0,0
8eeec58b92dca83719fc8bc934f702a8bf805e6aa5e6bf0ac593775951caf16a,historical_retained,9638,0,0,0,0,0
d2901604f0f46814b4e16530f1ad7949ae09855a3c0780191fc3bb609c7148ee,historical_retained,9330,0,0,0,0,0
d016e2cd4c79493f3a90f0a671fb58756bff00b77f62e1615c4f1ebc70cc4d6d,historical_retained,12089,0,0,0,0,0
8e1dea22caadc01b0abf0b3f8dc6bcac04870cdd2424b4600f943a76506d5c45,historical_retained,10557,0,0,0,0,0
5c5794e800869967a17e0762e2b6131b059bd8bed11f96059999d464d215983f,historical_retained,9109,0,0,0,0,0
eaeff7b5019c2a6ee3965c1d194f35fd50412686e413e16c02c72c46e5a2ba8b,historical_retained,11736,0,0,1,0,0
e78af40306a7da1d64801ceb6c52b59a4ca7718a5560d292f4875afdd41c2e5f,historical_retained,8680,0,0,0,0,0
6172a62feb4af5475f2078740e54f4a902ad6572091c7d90f7e0189c818b2278,historical_retained,11090,0,0,3,0,0
101cbac2f3aa9ef421006c9211ac69563ca2ade37a33b954eae637bff951c16e,historical_retained,7070,0,0,0,0,0
78f1cc96825b6604dcf4cf346a081ac969ff94b38f4de5a2f7186715a21a53a5,historical_retained,7945,0,0,0,0,0
9d20660bdf8556ea1f74246c4a034d32833a13c9a3448ec3cb85f3b7c7a1daa5,historical_retained,13082,0,0,0,0,0
b579e70d44764f1cbe9bd48cb3e025aa79b2ac4d4627a3cdc06ada1873c2ac2d,historical_retained,9064,0,0,0,1,0
1492f04bf14af3d23e470f64a9cee7c0a9dd093a201c1d329f59d00033d78973,historical_retained,5985,0,0,0,0,0
93e61579ca9af06563c1091e232346e2091a09719a700a14c18ddea7b2ec1a93,historical_retained,11526,0,0,0,0,0
f4aa79df8ba718cc18f52179422f12413be988bf0b63b31eb663c822c25ab443,historical_retained,13303,0,0,0,0,0
23f3bc9da8827a52149af41425a4d63e1ad54741aba8cf97e90c2df5846311fc,historical_retained,7476,0,0,0,0,0
04cc393d0da75826541464240d97e7aca999d75a9db727ff88d07ccded5fa7db,historical_retained,9189,0,0,0,0,0
128b7b418c01f316bfee21215e283f2b976fa6ef1b661843172e8f28c7009e8e,historical_retained,11668,0,0,0,0,0
5099ed245cdeef8b63e935ac8cceb1e9d517bc7d46136d89c31962318e1fb6ad,historical_retained,11652,0,0,0,0,0
0076420b195941d0cc27373b482d404a8d7978ddf1d1690d61380c7ea0cecc8c,historical_retained,12495,0,0,0,1,0
69cd9052942655c27aae2c092c6ad289000c3f7812c7cded772448fcdae537a2,historical_retained,12175,0,0,1,0,0
a34db7b826ee26314a77611bc013d273c5f494d1f468715ef95c4b257a59037a,historical_retained,12649,0,0,0,0,0
ea2aee459da2bf6dd3c0a5bba08f910504ac8522b697d269fb14fd908dab59d5,historical_retained,12679,0,0,0,0,0
6685fbfe3bc3a183113cd8b171fab85e3627f957d565ed05e752451927b26887,historical_retained,10122,0,0,0,0,0
3df6d8cde43aa09af72bc5a43f1715ad7fa9cb03ac5bd9ad42c74ca57917d58a,historical_retained,11607,0,0,0,0,0
3c05401099ab054edf0c47229773a4233be11ecc61ff8bb030588ee9d0d1736f,historical_retained,10293,0,0,0,0,0
ebfa7efdda012d86b2553ccd08f167c653be519398ffa9863dfe2ada253403ee,historical_retained,10870,0,0,0,0,0
20121731b69f7242a759f32632c6a4bdaf4d4547d169cc570012c0d36158c565,historical_retained,10650,0,0,0,0,0
fc746d7e7dc84847ae1de6874abba2fb0ef45bb338bf26911804f4c1ddd98026,historical_retained,9220,0,0,0,0,0
f4bd8a13ca3727883406eb24dc70b2e65347db2da9aa8afdea13012a2b5f616a,historical_retained,15175,0,0,0,0,0
b8967afd41501b2741767ee6d5cf682b85fd8bae313474407fc43f3c7f4b22f6,historical_retained,11290,0,0,0,0,0
5c23cb6d35c793eecc7c186058da77775c5370b2eec3437a78c290e17fafbeed,historical_retained,9706,0,0,0,0,0
67e39172abf04139ed09b8100cfac9034eebcf6321e9a01ee54ad510e27717c2,historical_retained,7281,0,0,0,0,0
cad45e3fc41289960e00a5db5c1e7285db54d5bd2c4c2c062f2045eaaccf88c1,historical_retained,11356,0,0,0,0,0
f8005fbe5d81b504491511f17932857e2de6faae34446f26ade88c8737e538ae,historical_retained,9427,0,0,0,0,0
f6bfd3fc8bdcc2c926796a6e34f1247d883afbdb6fa9fe3ec13568b5a86cbb2d,historical_retained,15073,0,0,0,0,0
e66de02a43dc5e7b17f7837144b0f31a1fd0ceee86068e9327beda7873faadce,historical_retained,7488,0,0,0,0,0
ec8f356b0712a83c65db5f7ec6f2644fc8024442c1d252b4d1c516510d7a4d3b,historical_retained,7647,0,0,0,0,0
003f7607aabb8bfd8ed12952652ca7935a47a3fd31c444b8dc00119fefa309df,historical_retained,9514,0,0,0,0,0
194e5ee421e37ac2d73bdb057ea011b463bc32e8e2ecb8b6c2691797e26ffb19,historical_retained,7559,0,0,0,0,0
9a68ba65e78f24a9c9c7837b7a65ddd00ac1f0dfc5813904e3f4f92c336399c5,historical_retained,11338,0,0,0,0,0
95c8a7bb665a5bb973fd791d8cc211ece1924bbd88b658bef750fff3eb7ee7a7,historical_retained,11994,0,0,0,0,0
5981c805e67d8f60d00810a11ec995136295ba7d807097c72b4184b19459dcf7,historical_retained,10800,0,0,0,0,0
5ac39f13a4a025538037bf532f2da518906192a499a871c6e43a21447323f61d,historical_retained,8558,0,0,0,0,0
945ae860b327f52aa9f62d96b66a27f755a40f1a768ee347720ae898f24ecca4,historical_retained,9735,0,0,0,0,0
a18b89c42f9a235e36112fd9f071284282d225bd2cd1449cc894e67ed84f11f9,historical_retained,10082,0,0,0,0,0
58ea3dea6b4e021897da8f0534a0ae650c3449bd52546c719fd607a521998de2,historical_retained,13136,0,0,0,0,0
4908670070378d484c401f512e84e7ab72ec27856f45154357ea51d87f207c47,historical_retained,7961,0,0,0,0,0
2c27cd5a232af83b06ccc9cee713817a69b538133fb442c97863e860260caad0,historical_retained,6012,0,0,0,0,0
4d3af05240412883164671c13eb98eeb601325e6af10f9226b7520dd88f27eca,historical_retained,13188,0,0,0,1,0
1fa9a3e9d9a62a4b4f9a42518961052ebf6fd171f76ae3e04c141a84214d0279,historical_retained,11577,0,0,0,0,0
d906b6e146e68e55b83a63087c3bff40c698c8dc4cc7fafc546c66fa363d7fcd,historical_retained,12723,0,0,0,0,0
30ec6cf50a85851d1259622064a8b639c5359410c00377f4f4275d786b159b96,historical_retained,10243,0,0,0,0,0
fdd34040d3abd64861b529efd8c129392e847c2a7fecd094e4cabaf13b63fd1a,historical_retained,8284,0,0,0,0,0
b8b24a8d9040351244d5a4f4350031563f251b78acb7b394910d340479a3af43,historical_retained,13484,0,0,0,0,0
4a29a7c8d3a6646e7c05f6b8f3664e4f77fc219d4e881ae2f2439fda74342ba9,historical_retained,13845,0,0,0,0,0
57d6a217b99f881dc9d77c8dc90c36020bdc0d340948dd09755b487cfd0c8445,historical_retained,8892,0,0,0,0,0
a7d46b9823bab178de2e7870b50acfcfb5dde074343cfe0ddbef6d345d0542df,historical_retained,11914,0,0,1,0,0
773f2cb524c3e9f3e5b5aa8d14218f0d574d3842771fb3da1103f148b45df628,historical_retained,7643,0,0,0,0,0
22903a606970c4bcea445995d3257eab000efe4d698dfbe1d74c12d31ac3c911,historical_retained,10399,0,0,0,1,0
943487f9af67d7a293b117419c6d139058fdbbfc4034743d244e826481aabf98,historical_retained,13032,0,0,0,0,0
8ee44108962af6dc5fccebfc2dbdac18b584d6351730ec93a666f2bc78a4e16e,historical_retained,10200,0,0,0,0,0
5a48ec41fa64f5a653a5ce6adcf5e4b5483700aef6153a0c835c92e13d136de6,historical_retained,15881,0,0,0,0,0
4e3cae747d411ab0365db18f5c76374aacf49f0c383c2db7223b04f488d97004,historical_retained,11039,0,0,0,0,0
9638e0e498712878cc4e584d45c653fd787baa73da4c7b352e76baa0b02e87b0,historical_retained,11373,0,0,0,0,0
6333affe6f1839b3834fe97358cd1e33536794ceb25bb98ca0bda23b49905c22,historical_retained,6972,0,0,0,0,0
69fba0c6f47fb5f4c4d49bf1e41af83f38026e3efc40e7b6380610db91abd066,historical_retained,14566,0,0,0,0,0
b0c5df5a7862ac73c7950405cb23631230afd3a747ac4f28c40762cdccae710d,historical_retained,11603,0,0,0,0,0
b7c7ee5d3dddf4a8ec026920cc3a84a4a9d0bf2cbbabf7efaf10efc909ccfd90,historical_retained,17560,0,0,0,0,0
0b2ab2bd39ca85bdeb448da731226ba809ed26966fc5affdbfa3c63088c37d6b,historical_retained,12507,0,0,0,1,0
76b8ccaaf9c579effe0a6337dbf819515cafadc363e0d1531d1c66e5ec0a5f29,historical_retained,10220,0,0,0,0,0
4dab9ad27849d7b14969266270622d731d84d45374fde83bedeb0dfb26c0b57a,historical_retained,15310,0,0,0,1,0
e9b2a29eb85a25d25a572d3b2d764ddd67cbe272b5843bedc2ac3e194a6333cc,historical_retained,11395,0,0,1,0,0
e066b99d8a1b08753e4098b30fe3e9d2f7a437975483f8a863dc6d34d9c05968,historical_retained,6922,0,0,0,0,0
d7c293a67d3f9c52e610374747232cbcf798d5e53e866d9ca630828a8783284d,historical_retained,9106,0,0,0,0,0
8a43b9bf2cc259fa989d37974e7cf45d55db0d8e09eab038538bacaf1e359e48,historical_retained,7109,0,0,0,0,0
7118663d589831757ddfe63bb3b25a43d263539f8e4e7395c020ed14f84473e3,historical_retained,12467,0,0,0,0,0
a34787eb312ec95432d0aa0b7c9a05a59ccceaf502f27255369467409c634d22,historical_retained,12740,0,0,0,0,0
696d08c55030783160a2dca62453d920a8a1f5865449cc475a4b37855959f048,historical_retained,10038,0,0,0,0,0
0974847f0d555ff3a3f2f16fd379984a52f0c703da4be5fbf3fc44056f54a762,historical_retained,14062,0,0,0,0,0
fc42dcb71132dbc86a4e316c0bdac6b5f007d2b102759987d28ee51e5c258365,historical_retained,6643,0,0,0,0,0
658ababa884269b034d1ca372a86fd8f11acb914a32512b8de0f5560f9a4a74a,historical_retained,10354,0,0,0,0,0
92673b195c3ef6745435801fbfe0312cca760fa38a1694168f3c5064e7713f99,historical_retained,8793,0,0,0,0,0
5216a9f220725df332242cab1cf9c8abfe1efbcf1cb8a36e7bbef7885f17e57c,historical_retained,13036,0,0,0,0,0
11a33ad0e67e57715f18713451a57139f17c40cc28644f8d5722c99827ad7486,historical_retained,7899,0,0,0,0,0
f16e8033b8291cc80bedaf16dede744252176b472bf1158a5c8e64aa9e3875f7,historical_retained,11611,0,0,0,0,0
9948ffde28f20fc3cb7760b9de1197acc8bae692164462d01af0a95538e516d3,historical_retained,8463,0,0,0,0,0
6517c09884c40c8a64c0715595883fcefb92806ec438b3db7d37eab6d3038c16,historical_retained,12078,0,0,0,0,0
c7815e28d8676aeffee2f0a6e42150249fadfce9f99978a58267396f98ad40ae,historical_retained,8987,0,0,0,0,0
5f7090634f9d52d3dd273441459fb8fbc925a15a39579953ffbb9dc4908ff595,historical_retained,11952,0,0,0,0,0
c7e5a769f9693c84a3dc1324b046a288b2cb58f06d871602d407a27bd11bd58e,historical_retained,10836,0,0,0,0,0
4c65d7d40b75b4179a80febbd0fe572935be57da782960078a9c8dd87b657026,historical_retained,14635,0,0,0,0,0
9b932475d6f49fafab7d389d5e19bcf2e520cd4ebd1e9b11cd3efbd1d4f83022,historical_retained,15634,0,0,0,0,0
566808bfe78adb1ef07a309e890d68977542c2ba3a82bdc623f158f1dde8dfbc,historical_retained,20196,0,0,0,0,0
09f1e2537673c7fbd06656391c4c1920e50dd203a3426c82189295ece3bc49fa,historical_retained,7779,0,0,0,0,0
155d9907d46d9ebdfc15d94abced9102905fd382e3595a2a6a64161db2b6f055,historical_retained,9541,0,0,0,0,0
8d1e7392dc1bf788f211f986b882289b113e046d9d64d8ffd23600ed128adb06,historical_retained,9360,0,0,0,0,0
11445f26c322495e46021cee13276853295706588bfb1b53289b0636df769514,historical_retained,10068,0,0,1,0,0
f18f3cc26a2374cd02e0ab6cf18788989995af274b4ca40c9cb3049da166b508,historical_retained,8430,0,0,0,0,0
f7ffb0b10994ff57deba3982597319813858be85b2898dd2d8c387dd0fd78dd5,historical_retained,10712,0,0,0,0,0
801bcbd31c80a00ce09dea5f8f3b4aa58f19bd525fb1828722d523758051087c,historical_retained,15676,0,0,0,0,0
1198ae54d2d09b1b864c95b300b060c3cb7b9c1629969b4f71095ad588d305cb,historical_retained,14223,0,0,0,0,0
26c9f6461aa6efbf8016691d0634d6685cc8e4eb397c3c09d58d34b4cb93f0d0,historical_retained,8589,0,0,0,0,0
5d629b6da2368324ba589ec8b9fa19c8db6aef2de82fd31ff93d3362e77332c0,historical_retained,13156,0,0,0,0,0
5743a79d2c0d320e1988d32b567a1e2b726c27dad863fb9be208acd9d2b26c19,historical_retained,15157,0,0,0,0,0
1cff29d747356956665f2b244080bc4b92cc3b3589188d39907b7d71daad01cf,historical_retained,9616,0,0,0,0,0
10ff6ddf4bda72b9accfc2f1547a7c87fb112d1eed8e6e23343b97d311560f80,historical_retained,9949,0,0,0,0,0
696455e9a7fb7f350015f852cc3f739699d4077f82be66efe7bf43f7f253169c,historical_retained,11205,0,0,0,0,0
aff449785ead6c0559ce554e970a16efe200939ff2aaa0a8518c254774816b25,historical_retained,9656,0,0,0,0,0
7e0d1da8d5e11e1c9668e97a26451ef0d47983579dd0de11c4caef1f1e2ca676,historical_retained,7705,0,0,0,0,0
e30a68a3fad39dd30b317f64507f8d6360db749af528d06a67aa669ceb68660b,historical_retained,14815,0,0,0,0,0
60d29c552d5019f775dbab6e4bc3f40ba62df4275cec98c44ed438ac7b51478e,historical_retained,8528,0,0,0,0,0
31812b9745f8bc282c1a0dc7bee3dfc453e3f8de1b57e8be78c0d286934e5e2c,historical_retained,8056,0,0,0,0,0
1d70a615cf81466c9ada3d533bd788d18400a4f917eae1c2ab9822a9319ce566,historical_retained,7681,0,0,0,1,0
3e3a6c1a093641dbf61f945553db8fae13462c9e76dbe398d32eaf1bd073417e,historical_retained,7442,0,0,0,0,0
d453f578fa9069cd77d5d829ba2f123bb0b9c22df038ad2745ec471d80bb6cab,historical_retained,9941,0,0,0,0,0
115435509e350afbf77ebb8846200e132b5be84cad7f35a86341f449690d3460,historical_retained,10053,0,0,0,0,0
606f7f64745cf427674932a5d526c336b545ef975b02505552f4f9bcc4cb5d9f,historical_retained,13531,0,0,0,0,0
5d246e208a79c790efb5fefc1de488752bea8c0d428d520fbac50e873d4a4ef8,historical_retained,17193,0,0,0,0,0
bec6051b48f946a6feea0003cbb379441c76a9fdff38f359dac64b3c06532e83,historical_retained,9958,0,0,0,0,0
076143977035e9ad7422e120e67017ed21d606aa0a850afa915babe19ec5c3e0,historical_retained,11376,0,0,0,0,0
9f695b2d6e68859193333a0963f9b2837751de8ed9c46b082547082cb376f7b4,historical_retained,10834,0,0,0,0,0
109f3282a5af2a37551b1bac703e0452f5631b87ab675b3ab34d1380ab97839c,historical_retained,9051,0,0,0,0,0
c65fe9fef6fb138c90ce9bb3fbae1b7718bef30f4800b39cd025a14573fd9e8b,historical_retained,16334,0,0,0,0,0
93dd6521a784a07252d2235cb24954b5f0738f3569f922418b732c27d19b03e3,historical_retained,10969,0,0,0,1,0
a5bf8767d0fdd985ad1bfc946e77ffb9badedbfd118b6f56fd9a72f275a6b653,historical_retained,9815,0,0,0,0,0
5339b05b65076bbeec19d101b9afc0b5be7c3b5a4a0ad6fb8273bd69b0667f1f,historical_retained,13620,0,0,0,0,0
64edbbb0f5723b65bbefdd0a3d211ecbc7532a680fbc7ba64da6e67e5d53024a,historical_retained,13453,0,0,0,0,0
ac30e34fabff1bf0ddc9373d2fb76bc0871b4f57b4b7ea1a3ae842e06b8da376,historical_retained,12348,0,0,0,0,0
07b1e714ac332fd3cbe8a5662443d6148309d066ff7dd8b7af19f0e1c20e2925,historical_retained,9737,0,0,0,0,0
d9751e1c278b5b984db32e00e62233ab68cd6d286bfa533c3b6fd139a68fb278,historical_retained,10169,0,0,0,0,0
1da9999c6d00c4d8bf658b532e6e2d556350a0f7ef8f04aa89bc97460f4939ac,historical_retained,9156,0,0,0,0,0
6fc773d5f6f5b58b473e45f041e3dc599c6f96970622912d369253ad08ce674d,historical_retained,7505,0,0,0,0,0
25002351a44b7462a915d4de22b24bacb8bcc6c54d90b331e53e2878a76c9a67,historical_retained,12271,0,0,0,0,0
832ea931df63a59bc7e64d21fc9467f54ff524bccdd11e3a68397b4bc9bcc655,historical_retained,9936,0,0,0,0,0
9e45d2e2ed50e71abc4c2303af477e07aae4f48541e4697dbbeaf5faca497b96,historical_retained,13397,0,0,0,0,0
16221c745b8e4d08e71eae98442aac134a5f9259386b847902950632568997a6,historical_retained,13187,0,0,0,0,0
b0046cd38be94807a8f31c8c9efde52a153cc2f45996f3f83afec8d9be805821,historical_retained,7802,0,0,0,0,0
42d9e8dac81d53a437ba17348fc1f5417de8cbc81461d8892c4a5a75a84fb9e7,historical_retained,9746,0,0,0,0,0
b8595651237c2689390e5aa7658bbd52674c15b6eb50eea3e2325a61287bb4c7,historical_retained,12432,0,0,0,0,0
aeb3786a853b09590d41524eed6806a740560b956a7f16ddc0e6ddcf4d71af3f,historical_retained,11996,0,0,0,0,0
fb6214cf28a9f6feafd4e637cecd782f72ef441358eeb1e4fbadfdaead3f1359,historical_retained,11276,0,0,0,0,0
e74e4615c0a8dac2c6ab200a2064de68d32538c2e59884b0f406ce4c1dd413e9,historical_retained,9768,0,0,0,1,0
0a33488949a161b7f7a298b5622c578864b5ec5b5667313429d1a182cd356894,historical_retained,10964,0,0,0,0,0
d710ef40ac237111b0a192e66e6a2831fb1194151458abec0b53d5fcef4ba378,historical_retained,13405,0,0,0,0,0
7c3a4715d9e9fa312c274cf2914bf29a42a675517c83cb9a6fb9af0c772685a7,historical_retained,9796,0,0,0,0,0
3594baaf7a4745ef7d220aae15797f3bf6ae8f11b97d051eca49c1645d778657,historical_retained,10128,0,0,0,0,0
882a667d53d2cf41bf5c4162e772aecd4b66316fc1a841c62449875d0b1c4ffb,historical_retained,8606,0,0,0,0,0
e0e325124a10756f5a153e55d84d4b36f0d5d30bdaeab9bd8711221466e6dfeb,historical_retained,6385,0,0,0,0,0
83de48a2034337d02f57f5a3e2c1b56c83f8baf11d28d4206a75787557ffae9f,historical_retained,10301,0,0,0,0,0
89e207701ca33c0bb41ce62a60b370c5185f53a1a8fa2a6448025f65d3a05ace,historical_retained,12314,0,0,0,0,0
c4b95dbd14674903c9feff55616700e2d8675f7577ae4d85f9bf522e042d5151,historical_retained,12647,0,0,0,0,0
5101a088533b69929e0db76a2d239e20c7bc656d26d5265942a2d48bb1f8ccca,historical_retained,12059,0,0,0,0,0
ca2e09021b65c0aeb5503cf46858a0055f365ac3b9d3df7d22a643900f6b1b6c,historical_retained,7961,0,0,0,1,0
22124d89857cc0ee8f38180cb5e943364f3b688c871678aa378bf03c1975bda0,historical_retained,11187,0,0,0,0,0
8dc879c6292cb5b46928d7eb971218270cddddf70c7235af6dbcce3bb165b2f6,historical_retained,9560,0,0,0,0,0
3914eefb8ffab9108de9002a1c5532a4070a99990c8ad1b9bb14d70657319d36,historical_retained,12965,0,0,0,0,0
d9a3443e5e3b5afa6a2e28e9adcd8fb8d6773457e7201253c9508b27faef80d0,historical_retained,8282,0,0,0,0,0
a71722f5d606afc98684d56fbd0fd60523b77b79777a362b933135e138073312,historical_retained,10090,0,0,0,0,0
a6d9f0f6a84a86eac8be71e09127a05511b35564ad3eece0295d7767c23e019f,historical_retained,14307,0,0,0,0,0
f833083412a3ecbd3a4ba6baa5ef8d14f4eca0efc4fc2e6efb0ec5404a422015,historical_retained,9892,0,0,0,0,2
fee3dde8c09f1e7ff996bf33e11c56b00a320828c48979dddf0bef12c3d6e36c,historical_retained,10854,0,0,0,0,3
2972b90c853dc295549578d418b0f252352bde6188d7e217e6fcc9ebdf1aecd4,historical_retained,10039,0,0,0,0,3
8b1d7c26aaff6ce8235b178df91fc0e017af77e04b9ce42a4e5b8c1dcf80c2b0,historical_retained,10299,0,0,0,0,6
dfd92ad8841ef0e09fcbe4ac5afab79a8f29685896d2828131cce929c94a504b,historical_retained,11895,0,0,0,0,5
350aca745a8c737c3de3361bf81decfc19092ce3e8b54e634f0f46a007220683,historical_retained,6875,0,0,0,0,2
f16475b0b244a24453e29e21b2565cd3545e7108ca8f902c423571f83cbe4713,historical_retained,13145,0,0,0,0,4
329f65076dbd2dde518d9063921e062f27580b52f070958b382ddf3665986d63,historical_retained,5903,0,0,0,0,1
b4aee514fcaf38ef218b11acde4762ad23164be0212e27535dcdfcad2ecd87e7,historical_retained,8565,0,0,0,0,3
dcb2007378ff379dc609d7ab02437d73487b81f6d9faa0640b3f089891ae37ff,historical_retained,10912,0,0,0,0,9
4da7f3ebc72af2b31b9417fd5c747b6cf08ab53f8215a4cffef152d150dc495b,historical_retained,17077,0,0,0,0,5
8e06caec9c201e369f4f5c17d9ce89542cf54f61f7e4130e2e1000e9d5fe3bff,historical_retained,7019,0,0,0,0,4
fb5a8b8be492b29c6dff773d8f0896757a2ec29132daa215dac7e8871351db3d,historical_retained,14131,0,0,0,0,8
ffa79b9d8b4e6c8c9cac8203ecff81824e42a15d8235faf4cdfac5a48648448f,historical_retained,10427,0,0,0,0,8
35908cfad04d71bcb97b679a9ddf100ca646d3bdd13c35e1977bc42e13daf9bc,historical_retained,10624,0,0,0,0,2
1430ce215584abd39648b91289550d3773b9fcb75e7263336fdd68254ec4e94c,historical_retained,10386,0,0,0,0,4
14b239eb0174d7cf1ea813c1fadd7ad6ea4784f28b904a1531d73cf0ef79a433,historical_retained,11891,0,0,0,0,5
96ceade06c31ee70edd57bc290959aaf843cd5533388c0ab3601e584a1bbccc7,historical_retained,9887,0,0,0,0,5
7d9e0fe6a39e05a6a703108817d61d0c4537b336726f1a88a1139372f87bf1e4,historical_retained,10863,0,0,0,0,13
ca290671dd725e7428b93eb8c74c767c0a84c265a912e4243ac514f3d39f439b,historical_retained,8437,0,0,0,0,7
731f7f9ac3c4f53c6b2f9de148c01bba49e92ca55923bd4131978422d7cb2176,historical_retained,8850,0,0,0,0,0
8d2bf7876c6fc1b857d0e024c78635c26be3cb951639cd7c75b406a64af83bde,historical_retained,11359,0,0,0,0,2
2e8126810cc71f04da1f4fd3d094bb13f912d1b48e1385fc88d0d2f1bd2ba0f2,historical_retained,13943,0,0,0,1,8
c6cf8b0580f31f994dcb8aeee54d31d438af94e17eaf29f10be060756a641a7e,historical_retained,10639,0,0,0,0,6
989e065008a95379da51e8cc984bfab19497f1bb7ce2669276d07144496cec3e,historical_retained,11097,0,0,0,0,5
2ea037a9ea2ef8ed02b780eefc579182a3c93e8bab7252107480ae8145a08128,historical_retained,8340,0,0,0,0,0
d17f1cc9cde011f973a8942cb5de9dd9015e1dbdf02a08db48fca1e758b749f4,historical_retained,13271,0,0,0,0,10
5c4fee9531454335dd88b94acc703bba90c1f22f77c5bacd61cb6d7a123c5cba,historical_retained,8594,0,0,0,0,2
f46412157eadcbeb75a023b1a59ec2ea668ef6860b28ced18cf4938326639663,historical_retained,7865,0,0,0,0,6
f4ab8ca39e9ae7b983acbd2b37ddefd13669256f417d0e8baebc084af34915bc,historical_retained,13447,0,0,0,0,3
df729c47107ab6d683ce85dc07a0dc16aff77584996fc8f6656bb2ad6c9c9904,historical_retained,9158,0,0,0,0,3
b4a167bd7435637a196b2f87866ed27d2d3f801f736628c27abc6b688fb3355b,historical_retained,11105,0,0,0,0,6
b66accbaa3e4213d4afb90312674ab54f3bf10603813c7440bd07f103bd7f7b7,historical_retained,7578,0,0,0,0,4
98e54dd7b09b581c603d0dee233fc8b7bdf91806d9061228c1d31def514f0a94,historical_retained,8131,0,0,0,0,2
fe67ad182228a4d880f6d8c184ea5d8ac138635bcfea9c294e1b0a2a217d2757,historical_retained,11337,0,0,0,0,3
3098dabf2bdcb309e300930b64efaa888f9a64b015cd016739ca0c0920efc123,historical_retained,11102,0,0,0,1,3
94ad6e2ca625d61f4029493db83a0b347c91033eca5f86e748f412136892fc97,historical_retained,11282,0,0,0,0,4
672b87385893b77dbdeb6ec0766959054408295b9cffc8c7d711ef51134aa15b,historical_retained,10838,0,0,0,0,4
a96c684d3006d53be5141fab7b1885d07a46447aadb903b5db273506c146d40e,historical_retained,10740,0,0,0,0,2
baa4737a30343e6f2af287b6c6f34cdd16933d5edfc77ac63a320343b6ee99cf,historical_retained,12270,0,0,0,0,5
9fb40c3840cacba62957fa0e4cc23dcc7b30b36485a472d1cb4b65553a5953bc,historical_retained,8797,0,0,0,0,2
d0f42353796169b972bcff0707342cee2f46e6f78832037d7a3de00cc0050341,historical_retained,12549,0,0,0,0,2
f68b80691fe99ba933ab530bb0565b53ce0476207b5e3519120eabda588d3720,historical_retained,7221,0,0,0,0,2
bd45669e4dcf0d6116d5af9f28b1b5e9dd1a19a77ebd587f411cf93fb7d89119,historical_retained,8976,0,0,0,0,2
8ed7a6c298dcbdfbdef00b42b3768313efec5ee4d4448f9a2c80532ae01df792,historical_retained,11241,0,0,0,0,7
f214e7618d2611365fc0c76f1ca5e92a8c945228fcbd139913e8a6991d1607d5,historical_retained,9195,0,0,0,0,4
7e8edf0cd3ff4815bcd2af3c35592b24a6da1de09559863f995f41c0d7fe874e,historical_retained,7919,0,0,0,0,4
ae39de64c6da569b2933fe9dbd353e6d5db9b7fa197732f7881fefdfe7ff1e84,historical_retained,10511,0,0,0,0,6
a1eebd2b58675cbcdbdd341ce6888519b507eb8a75413b9ad070b8082d5bf893,historical_retained,10718,0,0,0,0,5
2899316f464a0de11b0fc32bad35c054fe82e02843880c43307784b3f5b4f4ca,historical_retained,8024,0,0,0,0,4
84bb3a6ecfa117c016eb2fc9b6d7ebbc33e262906deaa9618dc0c8b580a4c353,historical_retained,11211,0,0,0,0,8
c0cc6339f18c3e371a65bde6987c61dbcc29d7c34445406e4294ebe2f17ed700,historical_retained,14995,0,0,0,0,7
ee65ea4ce47d3e5a61d956573320ba6f43cef9ecc3ff88d6ea073fd9a318a0ad,historical_retained,8761,0,0,0,0,1
c3d9ae51f14e9301cb5fb55cb7dcd393bc2ff61f9564b7545567be7c2d0c1960,historical_retained,9992,0,0,0,0,4
8b38623648ad240bfb666565bcd6b4150bdb8c638372d5e5472b0b0000e62eee,historical_retained,10941,0,0,0,0,9
2afa7559c5607437cfdc3894fb7746fa81225829077f1662b290aab3cc10b6a2,historical_retained,10578,0,0,0,0,3
b8e39bcd24cdb972bb77d91b3fced72e8dc51af2ca829174b5495277fbef3cad,historical_retained,8912,0,0,0,0,7
8ec1b2435dbe895de982546937f5f368ca65058eeb3617f194ef670424afa22d,historical_retained,6842,0,0,0,0,2
f09d36f3a4701a89a6c76324d3c9d7d02d307b47b050dd5b3de948b4a23dd201,historical_retained,8577,0,0,0,0,2
d6deea762899389476549ef78f4eb256cb7da1c100554552a4253ef24eb2d288,historical_retained,10021,0,0,1,0,9
c4fd0ccd4b5fbb766f77e1ac7a20cb3ada0e0e2cd1a437bb15b8dd06d526d5a6,historical_retained,9693,0,0,0,0,2
599514eaa55c0d0027739b6d72884c682353085f43ac42c611953ea462598a81,historical_retained,7280,0,0,0,0,5
a3e1b117851816a594800ecc80db3816b2abe52b238a57b3b442c235a410a3af,historical_retained,11200,0,0,0,0,3
c0aa8d2f37ffb618620b90f5801587819ada7e3d3c15665fee542351039b6586,historical_retained,11397,0,0,0,0,2
47b4db6fc34238767708284f891c84ff2e889c382f4a103e4a6e80afe5ce24aa,historical_retained,8633,0,0,0,0,4
4618bdbf2f1f917971994072d708238fdffa2e7fcbc06060b5426f4bcf3b19d8,historical_retained,13090,0,0,0,0,1
3e9ae25fbc752c88b5b60add5d7eede6b0789fbddaf37e156370d80c24976dce,historical_retained,11761,0,0,0,0,4
2a97a54ba2ba90ddfa00eb82477e0926fb4812107766ac3d94623c91723825db,historical_retained,14605,0,0,0,0,8
c759d97415cca2cd6b903a16413af1d166aef91d3b893d9fcc61158c84369324,historical_retained,17259,0,0,0,0,13
75a1f303d746f77165a3f7f6e7400f8de028a910cdd9893dc8fb70738be0a9ef,historical_retained,6970,0,0,0,0,4
551ad089e8f89b339663765c3195639be16ab6ded677a154abf31caa080a413c,historical_retained,8629,0,0,0,0,2
88fdf9f565ac947da4cf15a90d4a3376cf3a1df7cdfaece149c42564d82de732,historical_retained,8566,0,0,0,0,4
e12ef7f6bc447d3f4058e7ac3c09b5d212127813d66b23237ba63986ad218179,historical_retained,9344,0,0,0,0,1
956c7fa15406d3e7f6ad76327ca0926cd92c440419e324bafa7411cf54c29938,historical_retained,12021,0,0,0,0,3
70e12d795a5ee45cea7028e28f459e549c2c717f541a0328aaf3b3a2fc65d492,historical_retained,12935,0,0,0,0,5
532d05705e31257311aafbc7f3edce420921d263ba9a95f94d75f66cf963284b,historical_retained,10078,0,0,0,0,5
0271c719ed3ed2c3595eee311d528c73aaac28e71fccbc93a69735236f4884a3,historical_retained,11358,0,0,0,0,6
0a1d351867fe2c292262a3d6cc8df6e87df565de27e111ac097b9132689de73d,historical_retained,11321,0,0,0,0,7
d76afb4598a2321a2290dd5d8fb6008f03f9a908bfcef5644ef026ff5e0d7476,historical_retained,8739,0,0,0,0,2
68ebafe178b3a1ce3ec302749a56cdc45e9437f4225cbf1ce9dd1c9e87e40379,historical_retained,12492,0,0,0,0,5
758f56010cbf0e750c8c698de00e280c6c7d6f1341ab311b3c557d8e610b400a,historical_retained,9551,0,0,0,0,7
40df9cd9d2ee70a4d638b6de57608163dcde49043dc4f41d2c690f59dd0ff280,historical_retained,10674,0,0,0,1,5
3c36b3c0c245a258de98ca3833c127081084b5541111b3bda78c79cf21448f95,historical_retained,11092,0,0,0,0,6
0861923100c13af49689de94ef64e3a31c567887c11d3eadc9dc61c0f832b9b6,historical_retained,10591,0,0,0,0,3
386c3a0dc763c8cb944fcad32252c5dd15cce824590f6580b643fe7863ecfe29,historical_retained,10416,0,0,0,0,3
d5655b6abbb046f97a51a21c8f43ff9d55f00760a8b505695ad17c9cfbb02025,historical_retained,7931,0,0,0,0,2
e08f2307e2bb3b73723350e0a0b6ccaf0aa50a78434958e6e738632bf833cd17,historical_retained,9365,0,0,0,0,4
b6abc2998f563e5844d9388c1e529218895a5d73bbd4b50cdef3e282f6b489f3,historical_retained,9161,0,0,0,0,3
744a327609a870850ee6a006532c2a5c155f7a2e71512cc1db7eafa2e7d8e548,historical_retained,11663,0,0,0,0,4
877a501fc9a68a20e00e5ea301a5d02dc3f7bb110d0d9605e6d68c86c5a5931e,historical_retained,8108,0,0,0,0,9
b10688fea40bb484c7d61f52c32188045f2d5b6c6df59f57bfd5e8dbbd5e3eff,historical_retained,10045,0,0,0,0,7
948fdef3f2a45364ae4a3489c2dc9a0a92ab468bef9ba69f6643d882faa3871f,historical_retained,10523,0,0,0,0,0
a60e64e2bb54771b8788400457cd0919afe95c64fbf163a9fcffc5c99f8dc8ef,historical_retained,15139,0,0,0,0,2
5ff035fa728efcc1a6d6a3a28bcc2fa52da808840feac76f65f4d8d316958478,historical_retained,9043,0,0,0,0,3
b20585c055126de8766992f154bc51ad0cfa40464d5ab4a1367ed4f98e2a000a,historical_retained,8359,0,0,1,0,5
184a3f5dacbe40d6ddf6b53e46001802cd6e6e6512d73eb16a64325970b9647f,historical_retained,14403,0,0,0,0,7
5242bbcf01a11892092804f199d554cdbc49a9107e87abea739adaeccf428fb3,historical_retained,16273,0,0,0,0,10
146c7f22b54f4388ff24dc9b241e993db4f0306a96f244605a81881de156c132,historical_retained,14480,0,0,0,0,5
c0c65e415cf848fb3b76c939351a60d9749fe8b28c3af485716c0cfd24b4387f,historical_retained,12038,0,0,0,0,1
80f4a3a4c9446d7930698caf1402fafb875455310b6b36b0062b573fea71adae,historical_retained,12146,0,0,0,0,2
0f01e57e88a4c7ee44aa806fda488c066e44213e00b2cab7aaa60501b38ddcfa,historical_retained,12847,0,0,0,0,2
d8bc3b5d5c49e642806e0fb74fc22791bbaa7dbc1413dc5cbf7a7991b573f7f7,historical_retained,9403,0,0,0,0,1
fec8db57f558d25a82e3083d43a3bffb761642b4f35b9ab77f9fbad360acdc94,historical_retained,11101,0,0,0,0,3
11ca6f7d5d6cdccc3ca35949675a02176cd3f123a3b7a60f3b6db7c495a1d747,historical_retained,6373,0,0,0,0,1
a76c79ae00ce244ff3801319f3617f4cd5794748cd4418d5ddf231ab5b9a21b2,historical_retained,12102,0,0,0,0,5
b0acc306cb742abde2407d6e96363c3a2e40df8935086667646a3d574c218e84,historical_retained,8596,0,0,0,0,3
ea4738bafc4070e56f74800feefa3cf2ccb6d61dcaec8da626296b5b0c342209,historical_retained,14911,0,0,0,0,9
6cebe1980478b0ef5ac8f8b27bd2c9a1876094997c0b2eb4a5e45e8e6f5faf08,historical_retained,10195,0,0,0,0,5
589421c7b5902d7b2dfdc2c24d36e72d7c1cf4573f8829f2904b41996bb46432,historical_retained,9527,0,0,0,0,1
6efa55c3b9d853bfe55a3ca06eaa4d3e0267fd19223bfee11b573aa7a244c978,historical_retained,12574,0,0,0,0,7
82a8e10abb712bc9eade5e367fe8f21bc5a877013d2abe47df6c63babeb06b74,historical_retained,10928,0,0,0,0,3
53a505b6cae88ae83a219d5c4f226b6fd008e72435ccbcd710c60d289dc7f3f8,historical_retained,11428,0,0,0,0,2
d89c1c07f9c390c65f2a86a2077373c672de75ac64540eb5b1741cd00fe1c94d,historical_retained,5928,0,0,0,0,2
285c668678bf050ad9cb4fdc0578d2a3586dd69667edf733f58a510688b44253,historical_retained,10021,0,0,0,0,2
ac5b95d26077b9d0e810eb11cb9b4289977d7d7074b592178d9d186bde0c3ef1,historical_retained,10949,0,0,0,0,1
1783f944614c5e21a03b6a21df939988c189581f7fa5e30f513f85aa3fa9f01c,historical_retained,11237,0,0,0,0,1
ee9555139962f4ab1daf095931db434d4cbafa2fb2c4aa9fa4fe32f2989162a4,historical_retained,7890,0,0,0,0,4
0fc443b285178f04101749fced240e0d22c48d6433ed6bcbac98754b396d2ea3,historical_retained,10747,0,0,0,0,6
d54dffa9eab8dfc616989fdce3ffbe2b7887e3a500a04e217aa9dce9faaa542d,historical_retained,10081,0,0,0,0,5
9580cb54b5dcf4d710e9b1a8113c5994758ea01da49281ffe0ec40cf412b8808,historical_retained,8493,0,0,0,0,6
75192809201bd6b5ac3d0a70b827a41dc6123f70546c7a99a7d4afd55158c1e7,historical_retained,10991,0,0,0,0,6
75d6d33cabfeaf7c088f76faa447fc158d50f286d7362b0fda9a40756021d959,historical_retained,7970,0,0,0,0,3
0a6d9ee0c8690c48ba44758f8014c636aa1b7959da90a63e5514677d24fa8654,historical_retained,7576,0,0,0,0,1
7c38777cb175e8ce32579875d2c10b79de906f3653cb10cfa3606b50e0b270de,historical_retained,12283,0,0,0,0,3
d9105cd93415e9a8ca4c8206f580ec9b21a69f0fa1f317f4012271ed442e1689,historical_retained,11486,0,0,0,0,3
d73d53082eb2b62c3b442113dd4983a4704663f4a72d87e61b56a37e8cd66ca9,historical_retained,7962,0,0,0,0,2
71d033a9de294a6730ce66051a7969b3909e92fcc064a4a393049237392b6a63,historical_retained,9719,0,0,0,0,2
e992ff55b27cce66a88139ee7a7f5562619207d35f4fed2792e488f5309cbd17,historical_retained,11603,0,0,0,0,2
ba1892e47703e7d36140d33e413034c0af4b2ca6c7cc625c4709ecf35bb2a9e4,historical_retained,10974,0,0,0,0,3
88768acff948acc9e7c7d23b062803096739dabf739c50be17826cb3c592aa20,historical_retained,11073,0,0,0,0,3
264828690ecb8ce38599660e91825b4abef6c784b73b6cad02ef8312658f275b,historical_retained,6643,0,0,0,0,1
d2e34dc093f4fa912f83df3c4ce3f4c919958ecaccb5d8f0b7ace0b38d78cad9,historical_retained,13935,0,0,0,0,3
137ba7039572e0c85d81f5a912029f388d6db87355038a0e08017a0eb392fec6,historical_retained,8288,0,0,0,0,2
873039af3f1ad444e483afef2cb263b674f4817a663ba826260627806623b78b,historical_retained,11637,0,0,0,0,3
e75533ac7268e38e1988fe834b0da6c6762d27edb753c22c50e35ba6cca22e6d,historical_retained,9435,0,0,0,0,3
d57765693630f8861f54314d3a9c6d7792b7f2fe253752c2007e78c7e4f93278,historical_retained,11652,0,0,0,0,5
e13a310dccae776cc414d9b2f460dbe880b61d8022f308a68f04370a73d59023,historical_retained,12168,0,0,0,0,3
73a047e4d94c47d5ec6981c94a87553b1a86b7ac439e0586c73e95e29ab02f1a,historical_retained,6839,0,0,0,0,4
5fe316b63bcde9ece72337c25380643cf4c80de3716beef972fc479399de04b8,historical_retained,12677,0,0,0,0,2
4c575a4daa76cc7cad4f621a4e361c642c35b7f3af531ffea4e839d461809884,historical_retained,7065,0,0,0,0,3
0960a9c07a9574f03f8f2dad44c64f1b877eded7a46405675d7ef53672fe4eb0,historical_retained,9758,0,0,0,0,2
00523b9ac7c92c4d8ef92f3a3b30393ad5bca7ff5e5450ace95f19038f069b9d,historical_retained,11541,0,0,0,0,3
80c1c26cadb3473478c3af15395061757328f2a6d9807baca60beb07ae182de2,historical_retained,6440,0,0,0,0,1
6540b23709b80f7d75855e57d90eeb0fb3535c744dd9f47048725605d35a82a3,historical_retained,7738,0,0,0,0,3
1146f006d5191e472283282a856393f73d0ed5b5b87e2648ec4952cf9edd6cbf,historical_retained,9770,0,0,0,0,2
14b23d4c4eca5da942447eb8b6dfc5a48f864cf613d69c120530fe90913194fd,historical_retained,13376,0,0,0,1,5
e9a70c3e71b2325990e720ee9396e122a7e89e1401bf0bec29c5e538a4d1cb9a,historical_retained,8944,0,0,0,0,2
916e5be0750dabc41fa35e47bffe1b437d2e40421f5c21377613cde42205e856,historical_retained,8399,0,0,0,0,3
21b68f42e7c4ae5b0103fb218aa399e710f2815ac044eba51d3cf2ba3ccacdb6,historical_retained,12818,0,0,0,0,3
74ce374585838f1a2cf1d57a7eb6fd2ec21ec4b9d87ff513c59dbc5b7ee6df72,historical_retained,10075,0,0,0,0,3
0e84dee9a96516250bba302fa4475cb0e3ef8db542bf33e73f5ba45a26c40275,historical_retained,8049,0,0,0,0,1
a3f335677ccded999cf858ef1b9fa554667094543d241561c1879e32b15d82a6,historical_retained,10460,0,0,0,0,2
fb743964ef6ebd0ff3cd135fb3ca7a31c58e493427550150b536540073bef770,historical_retained,6967,0,0,0,0,2
4ca35d7387a1087ef5458f739a056b93d9309a37db526f06cf166cc81a41cad0,historical_retained,10609,0,0,0,0,2
265309a865453d4abd843e47536afe89f06cd28ed4aa518c4ec01a7a274b05a0,historical_retained,9579,0,0,0,0,3
57f4ae65df9967516ef9e202ef6237c1a704e07c917689cf96ad4760052ccc67,historical_retained,11595,0,0,1,0,5
63c84bc1f7542963c72b03fcec80637cac7f8e5e1e88995e6ffce40f3ae43fc0,historical_retained,7380,0,0,0,0,1
f75fd3acd0676e1ac6a3155e23a9189eed0f18bdb1e5d1c45c62ea51dc16f8bd,historical_retained,10346,0,0,0,0,6
e979085c91f5b3d239993801efdb03e0ded2462694ba584d8d80f18e390c72f5,historical_retained,7683,0,0,0,0,2
8ae69a060b5bfe11a6366651e540fcb12840c204a76e371dc0368b36b1ec9665,historical_retained,8277,0,0,0,0,2
f5db0acbe715b83761e202725be555ee0c4002f39ca824c97798c6836c51fb1e,historical_retained,9696,0,0,0,0,3
0ae870dec1e97e84e65aa0d895b9caf5526a1e9fe5b07acf2396fef2729451ab,historical_retained,12147,0,0,0,0,6
0bd0b75ee52ed99de2b9872ef5bcbb8d845b7d76ec697f4bfff4b0b8c6fc411c,historical_retained,11061,0,0,0,0,4
0a66cf177308982007df709f21faa008bdffc1e87cf7307d83e2b7a33b38b7b4,historical_retained,8342,0,0,0,0,2
83c336b27d4b7ad9adf6e701d759bff64b79d61dfd2f47b1250090af4cccb337,historical_retained,10433,0,0,0,0,1
7bc7aeda706d5790947915fea6f98fccff8a9d8b1be8704daef0d493cfc16104,historical_retained,7853,0,0,0,0,3
61fbe43d73f3fae6552eba40d834d64eb607c21b9eb1e4fd747ef14faabc2a08,historical_retained,11625,0,0,0,0,2
39eacc4c07d86ccb3b63e156b4d10a07c9eb2333424dedc6c119f0c8e81cd62f,historical_retained,8855,0,0,0,0,2
00ed32300a66d5714d466f68444e7fad3e6a10a16e1e0ab0beb6307ea3d88fe0,historical_retained,12209,0,0,0,0,9
53a68e27fc5e3a3801356817faa298917482e64b858a433ab7feaa87321dd394,historical_retained,13210,0,0,0,0,3
f8e8e251186116ce5fcf89ed0bc545539ad154812e68d82a472a8821db8347ef,historical_retained,8368,0,0,0,0,2
d72411711d8bf5ba64a52e52d29311af304d1f317273cd76617238bb7aaa2f37,historical_retained,13855,0,0,0,0,5
42f88eae5fcf20c5521efcb13b803d8923a1a7c58b5d9524805703ec058892a6,historical_retained,11907,0,0,0,0,2
45ecc4172d9e99b53c27f34780587c4b9ea1e17d1af0d46902a93ad07969c47d,historical_retained,10229,0,0,0,0,1
f8b7dddca0a7e4b4afbb22e0f5c777a2266ff19529c756ee00bc076446efadc4,historical_retained,13090,0,0,0,0,12
55bce83513e2b0e97c191144442946cca6424c43793d8c68174842500a63ae74,historical_retained,8970,0,0,0,0,5
f3636f4873d1d8f21b0b5416dfa318b85839ed140d8d0495c0521c06d2b2f016,historical_retained,10162,0,0,0,0,3
023d5fcab31612e5bf56c98f4cedc58c3bd54e9bca8ae78bca6cbe204c54227f,historical_retained,6075,0,0,0,0,3
b4e69a83d0b42872920678cd96d1321cad9adfae783ce4228148a8cd44719466,historical_retained,8257,0,0,0,0,5
f5a6c71a44cf5ae79c05b4628a834490c058b9119eb88ce316715f1e5dcfc137,historical_retained,8209,0,0,0,0,1
335837f40f047a448b2db1d2059d9ebf9daf5b0ce42bb67e4969db4f1c373ca2,historical_retained,12324,0,0,0,0,2
7aaff2e3217333920e4ebffeae4330774c4e24e0096708567611cd67d5adfb22,historical_retained,10601,0,0,0,0,3
0fbe888799700f2e5c50521222e08e314e81913dd879da8ed9d0fadb85170ed2,historical_retained,13314,0,0,0,0,4
664fa2827136868ec71d4a6957eea89561668f0eaf10f841bceb0adc50455423,historical_retained,10669,0,0,0,0,2
9a9871bb50661bc8b6df939328ee9b9c859c7521e68d387fa104ff8715a65819,historical_retained,9218,0,0,0,0,2
6eb79c6a0de683bae57948add3a7e357b50326af1f748d9de68e483595a55989,historical_retained,14469,0,0,0,0,2
e582e8ee7b2d31ef8b43c34b0a9c18fed77f1a1e48f5c65315a3d8227462264a,historical_retained,7847,0,0,1,0,1
52d23e0f98e18433bd4afb837eee0c453e02d2ac80cde565d4442ebbbcb49f3a,historical_retained,8008,0,0,0,0,1
2883a5c099d1f14b0a5bec3c42735b18580b7d658186ebaf6caf5fa8482d5dec,historical_retained,11282,0,0,0,0,3
fc9a176c22eba55b341b216863079540adc3d96e52251a5f9af2c2f96cae75a8,historical_retained,8614,0,0,0,0,2
3bffa89f14b6290318ec31d5a38805b72936323ba933a1353b422c35460576bf,historical_retained,13257,0,0,0,0,3
587269fb40814aab922d3c6d5d9ed7f67fed7146266c9f86799cac8cffcef0dc,historical_retained,12736,0,0,0,0,5
8edf93690a2e222bdf2269222d5b11ab71592d5840e9fd18ac1378d85febbbcb,historical_retained,8629,0,0,0,0,3
cc76783ab9248076fe72bc0b8094d6f99e4b13aa939b5d72347a31e9c983e46c,historical_retained,12046,0,0,0,0,4
f90610343f29b40f970c9f8a39dd0bdcf462e9cc2034cc4594327b8b5d7f5e65,historical_retained,9452,0,0,0,0,3
99d5533f682bfb50fd716fa5ab0ee257758d31e87dbf26c7936a6560dc884247,historical_retained,10773,0,0,0,0,3
fe1dc01ab9259dad6249a3dbecbc15ef1b7e58729e6105827590d00ac4d3fdd6,historical_retained,9301,0,0,0,0,2
5f848a4e20d1c99a37ffdb6ffa33c5b4d83675cdd948ee90addf74b37a7dd318,historical_retained,12744,0,0,0,0,3
14939cf2423c67661a3abc4b93fb3613a72e63c9938202da5c6e8e073f424d16,historical_retained,8938,0,0,0,0,3
5cb933d769d015023cc2da1b16c8d926d25f0b1ef28aa1c798cffab43e9a6196,historical_retained,9780,0,0,0,0,4
3c1774891423be0d1e5c33b911bd0459784792bf246a715655a0de674259b760,historical_retained,8684,0,0,0,0,2
47053c2e43e18eeb3ed93f9ce149190c943a667bb62aa67a02452ec2bbcafb17,historical_retained,10397,0,0,0,0,4
3748330c388625f590c6c83fdf6d10aaf6e1bc3a4beffbf435a6f3262b28b17c,historical_retained,9827,0,0,0,0,3
c5b03e4a6e3a414ee241594dfa2fb26cc2b51f872155279bb5d54667987452a4,historical_retained,9880,0,0,0,0,2
72dda41f5ceafa77453c465ac42a5754bba4f6a77e3d0a4b21499b7a4492199c,historical_retained,9660,0,0,0,0,2
913d5723fea9ddea40a651c32d1398b425fa4d0b60897d44109dadd59044a628,historical_retained,10546,0,0,0,0,6
9fa9b9f0a74f4aba62a6a97b8bd9e5c83bf385475255fcf70485ceae03bd8513,historical_retained,16788,0,0,0,0,4
a63a7dd84cf47dab6b94a7d0fa74b4c1b00d3407367b56c99b6f0c975adcf80b,historical_retained,10963,0,0,0,0,3
d83e2ce964907b63534adc417e8a701371717fe1a374011c8f9a1a82882207cb,historical_retained,14043,0,0,0,0,4
d2632031c1c724c8f0c8de6a278456021a2f67084804d1e01bae2125a00c0e30,historical_retained,11050,0,0,0,1,4
fe6e2ab2485b055923905881788adf30fe8a96f75b49493a8b9d85928e5a0793,historical_retained,9844,0,0,1,0,4
3ee31bc164edf8d5a02e4a59f19384d2bc4d4834fa192c3700e0484ee5a64468,historical_retained,10898,0,0,0,0,5
2fe9a98e5bad7eda9f81b05ef4b5a5c538f54d51d433d74f77041c38f1b0a54d,historical_retained,11969,0,0,0,0,2
a5dad8fa566cce45514362b5e6e1b0b6124d591608336de3dcf5502e59a62c45,historical_retained,9690,0,0,0,0,4
50a823f98ca06e78922104004a55a4328b1272b953d5279866eb8063119579cb,historical_retained,15326,0,0,0,1,6
be479e12c11dc85db8058965b82a1c12f86d426f87ec330bac9283ba63b07e53,historical_retained,16248,0,0,0,0,1
61c3068d4e5494c510a09c550c51e7ef39e0b033e4149cb76e02f14d29ae5c01,historical_retained,10963,0,0,0,0,4
0a945be796f320bb598cfc00e008c6674732c39819e051b187bfef687172eb4d,historical_retained,9279,0,0,0,0,5
6856b0240bc29a09706ac9e25c49a14ae27dc3715737599260eba6976d9429db,historical_retained,12615,0,0,0,0,5
78fa201cd3ddb9361408bd2ada558e78913619985ec3d05e9d6544943ab129f7,historical_retained,11585,0,0,0,0,4
f9a2d437b49f6b80bcefb3116350655c5b142c82c509721e4fe0815ca579bd1f,historical_retained,13032,0,0,0,0,5
2f1dc0a67600bdb937897ec9fd6c85ad63c4f53f19bdc464de5efad63145054c,historical_retained,14704,0,0,0,0,4
ed7c35f6fe8e0d58bb8e3248cdae853283cdc76629ca2f7b71fc5eeb9c575f42,historical_retained,15887,0,0,0,0,8
c397a97977ae30738ca13a21d2f20d089fa8e74dc14573ec013dfdc770891403,historical_retained,12619,0,0,0,0,7
004113f39935957f9d23050f542d562e2dcd0728db6cebb014702462249ef483,historical_retained,9841,0,0,0,0,4
8566f472b16902c9f8d868d93d6eb75c662b59b237f00e50bff6465efc403b9b,historical_retained,11859,0,0,0,0,6
a698eb7b70bb46132864fed91d0773d0d31038d6d05961d35f4add1332326c11,historical_retained,11210,0,0,0,0,6
8af6e5bc8dd82e382c995ab1027818a76be703d890e7df16887b8052cb1228f5,historical_retained,10348,0,0,0,0,5
62802a1a206878e176d15a4677c3d67e839679e9a9b8de6bb13c5f83d3198219,historical_retained,10688,0,0,0,0,2
966d792545e53582fa496286b2c2c09c9d923b6af0a219371e84da89037014ad,historical_retained,7434,0,0,0,0,5
421a5aed9def53946205bdc6c05ccfae7419025ecf4eeda587389724987a9b49,historical_retained,8633,0,0,0,0,3
b28ed856c7963ae4d0a39735cd702bf3896eb9c5640adf8ad8de0830ad4a64ef,historical_retained,13536,0,0,0,0,2
05f023ca46d135c5db58b0db84773e3e6bb4fe94ca438ba2d135bec05428b167,historical_retained,8412,0,0,0,0,5
c9edd9b6278f9d523c1d24d77f16a2d3b927014168312ebf6e6477c61a99d49d,historical_retained,14348,0,0,0,0,6
381c09191076109d896cdd5648022730588020b71d95a83f86d4a862f695e7cc,historical_retained,9785,0,0,0,0,1
db52bcde4ceccff0856ad921d77f371bce7622a4ce15f8b92e3f5977a1ed09ab,historical_retained,11024,0,0,0,0,3
61f4b894ee533224076eca371cb724ad7fa532ef33acd572324b06e4afe54c7f,historical_retained,11137,0,0,0,0,2
cea384b0c24a050566086ccd443cbb8403f1db6b1be372b89ec24d9e1718aa2d,historical_retained,10764,0,0,0,0,1
a6762934281a1c4bedc8449826f75e51adf5a493ca9f4385842aa82f755a6579,historical_retained,7871,0,0,0,0,4
4dd62b6cb6c0f241e8598dada9804a4a355e514f84142a18c364ea519f609071,historical_retained,13806,0,0,0,0,5
d3c0fb4116f49feb9d50cbd98d165371c63a60fec236bfd290f1603b217d72c1,historical_retained,10398,0,0,0,0,3
50d50a01a969580f420e82676559b16230caff0d0c8ec6fc06ea34cceada0b69,historical_retained,12109,0,0,0,0,1
7cb554be90f58c028f6b024a5ed3ede88a9b4b89e748ed224067ec2eff36ecab,historical_retained,7629,0,0,0,0,3
9e6b6511cbb8ba45ecbcd694661904a4abc10e717a02d62a2b6aef753c7bd1aa,historical_retained,11470,0,0,0,0,3
39b5b6a5084ef08edf55207d6128626d7a9fea19586dbcdc1f09103eb51e4247,historical_retained,10387,0,0,0,0,1
9b0f18969d8fda44c9cdcd1ecbd9ca5f8df3f8c7816980ba846dcf22f79fbc3a,historical_retained,12807,0,0,0,0,13
1b28acf8727c5bad312758edc6932e74f36e88db381dbb934649d6d0f2053038,historical_retained,11077,0,0,0,0,6
7bb319de1eb20a6128733d799a63b4358a89b90ce3fedf2b59d9a831838bf6ea,historical_retained,14761,0,0,0,0,9
54528c35828c889dcb0d7327fbd0cce76c36bb3cd2e402df0a8bb9e67372f8a3,historical_retained,7963,0,0,0,0,5
6514de25698c323b976b1e244d1c7df45ae2ee11a4ade200e85c903f5428f07c,historical_retained,11735,0,0,0,0,3
44fc9ee41c64a4f04cf1a00bc1abecca7892c5a406d423b4655f1f80dd48c296,historical_retained,11997,0,0,0,0,3
ed171aa0a5d20d2fff1f94e8c7b8bc1f49c428ba0925a2fe3d0a85a4054c79fc,historical_retained,10360,0,0,0,0,1
84ef63714320a218578db927d92cb377e5e550804703e3ef5c38ad2578d36a5c,historical_retained,7187,0,0,0,0,2
e98844cd88a0b6adbde4b96112bfd49a078a72eff3de48b92cb6a591abb69505,historical_retained,11609,0,0,0,0,3
30d932bfbd2e82bb7b373425f512b1263a7f789c8d7905c2f7e4a71c561b3dd0,historical_retained,11022,0,0,0,0,7
0e5c962f90fc0cb96db2d118e338180ec2069303fc7a5faefd8c64c2c0f332ca,historical_retained,9285,0,0,0,0,6
05dccadd8d9572e0bdb635c7d9c9ac13563d6d98f668c0d87ce0178c952b8a76,historical_retained,13202,0,0,0,0,5
dff6e788a0c2525694a5fa71a059b496c1f8d88b76fc5f04356bf2092cc15630,historical_retained,11248,0,0,0,0,3
9c0390986c9227666f4dc88dd899e26e2602495b5a1beedb06baa9b6c7ec3d00,historical_retained,9631,0,0,0,0,4
ba24cddab59cd52775227aeb26a57be490c0967f3b76abe24717ec3375bfe1c6,historical_retained,9266,0,0,0,0,4
816f226de9aada5ae0b5d8d2e52731a829dc4996e946d6b640adc76dd1901dea,historical_retained,8879,0,0,0,0,2
fd8a0f5730612c0e0e6f983e7e78dace7caab6760aa724e8ad31020421b47cd6,historical_retained,9010,0,0,0,0,2
bacf23361a110216591402979a1f347cdf81144d166c88ddcbfd4d765bfde082,historical_retained,9657,0,0,0,0,3
d5709fdca655bbfdb76a25ff496a09ecb8c259a2b6276015149d9019fa1e324c,historical_retained,7343,0,0,0,0,2
107d67aa7b8451a064feeddea3847d4a937142f3a2f777916ed87145675e64e2,historical_retained,11022,0,0,0,0,4
df4e7b167ce38f64fbdd4a5aa3adb040cc01ce2c001e094f200705ab0ac84a32,historical_retained,9998,0,0,0,0,3
94c00d25f32777b61f305bcfe5f02c4942f9ae3ef9c5d5d1ab6aad8b94068a99,historical_retained,8662,0,0,0,0,4
e2b149701fe0af17bdc18f0d9b2991695b476bd7c1ba2c08f3550badfde736b2,historical_retained,11524,0,0,0,0,8
2f1f37809dfa35bb0a6862c3ff10982038e17994cc0e691d94c5fb042db2d36e,historical_retained,9882,0,0,0,0,5
36c0276237c598396e5679fd0349996f534f00c3bd93242c8352c9df4d748c22,historical_retained,12637,0,0,0,0,2
f4e5c9031934a2c30d3b7f659241a0c053406bb5c7117b4a201b80a9e3d5a61c,historical_retained,13572,0,0,0,0,3
92ccf5d6a5475cba22423809f8b513c303108fe34b56061c552c610deaebc756,historical_retained,10747,0,0,0,0,8
391022850a119d5d7f96c2165fdfc7d5a22c8915cf6f9d082ddd3bd85888eeb9,historical_retained,10222,0,0,0,0,1
15f5a6ed4c6e622914141971bf82794c2dc44ccd72eb357d1761d68c2517b4a8,historical_retained,10350,0,0,0,0,9
666b1d93a8da7851efb68a8a1e6bfecb637d7a968defaa817a6182273e2687fc,historical_retained,13474,0,0,0,0,5
37e14082b5490060b18411c5b3f9336eb16b252fc8b861f899294cbb39a87453,historical_retained,10337,0,0,0,0,3
47cd05bfd64e9be2ae72332032fbf8f612a0a234eb6c1dbb140cb5e69fb87cb4,historical_retained,11935,0,0,0,0,2
ac0df35034a630f1a0ee6b0ad2dc0f7e3b19f368a058c00f9848395bb12fd0a9,historical_retained,10590,0,0,0,0,16
a642969c980f5e0a22bd7d563d51a698359d7df89bde19057782d90a31abbe88,historical_retained,11983,0,0,0,0,8
910ebca2431ceb935a2256736ae9734db9b7a3ac2b1d6c49f84e379e44118a22,historical_retained,10292,0,0,0,0,2
0612490554442340db447c0f3c3107f51898eb388e1744237c2d43da05dbbc08,historical_retained,11746,0,0,0,0,4
d5cc08a7c0a309dee5bb5ed38a64e8bcb571798563cdf2acd9442b78d1d3e9df,historical_retained,12469,0,0,0,0,4
17bf1c3a6518bdcec897e36705f29fb66b38bc5c71d2f5a8801f9ece9f794114,historical_retained,11759,0,0,0,0,4
5bb0acbe3ca20a6ced84b54b293d8d71b449c6889c7b3d27fac2545d6bc7e490,historical_retained,8843,0,0,0,0,3
77648e2a17e16e4d829257f691ed43e7c0c1bd7ac3b6684e1413c9b85b67c06c,historical_retained,12534,0,0,0,0,2
5d9a029c5b1686e1bd00f22c05e9267efcbd01470b5dd304552b054e946d42c5,historical_retained,10324,0,0,0,0,2
9ea4319b088a3384aab179e2d70d1b42761406c3a01e9c9319d6d0745619a920,historical_retained,12927,0,0,1,0,3
f256006e3c1132f4d79c9a498512602e876121052ab28f10c1a897f8a8cd16a4,historical_retained,6737,0,0,0,0,2
a321d2fe4811fc9b679b5d748190d30ff70c024cfb8da176de5475393472da92,historical_retained,11478,0,0,0,0,2
ef8056ea96c8ec912e4482448d77f76ac387741395c6ae26af03cd1d736671e0,historical_retained,9205,0,0,0,0,7
e63eae10ed4b1c84f56ffce65a597bef69d5e7e6e8cc9c29e15d3b967fe3a4e9,historical_retained,10697,0,0,0,0,5
94a395ef096caa5f16ea0d2f752c222212b32231fbf3bdeb92c1d66de0ada96d,historical_retained,12212,0,0,0,0,5
e186c0198f46e3d1cf34fd1871177b65b2c05be92d4af7c049a64d1fbdf69871,historical_retained,14165,0,0,0,1,6
326e26ca68624cb70a589673aff634b76771d788270540215402099c8de8eecd,historical_retained,9944,0,0,0,0,5
2f914ea6ab6513595f03ecb5dc0e22bd576c4a479c5ab5c1bb5c85711e485c72,historical_retained,7976,0,0,0,0,4
d639033ce033731806146fae734a668ebcc4107a866bd9783ac7ed8c5e2a3ae4,historical_retained,10259,0,0,0,0,4
497ee6b512e957ce73f25d75be84a0fd40e2fd96c63dc78a7250f20682857235,historical_retained,8051,0,0,0,0,2
52a4a7fffb02a6caa029641d00eb4389ee5142e1fe74662b1b2a72e9bfaab2b0,historical_retained,12254,0,0,0,0,2
6556b8f3f8d4bbb6abf4b35d52edec6c29206261e408f2a2e12bb8d4cd52bec5,historical_retained,13872,0,0,0,0,3
5a6d9b95adfe3a81a29301525d776c8aecba56cfe07e34238f02f24ff9f60cf1,historical_retained,12156,0,0,0,0,4
b731413e3c9489d9dea8b755ea0bf7629973c24ca4a72082d572823a998e7c07,historical_retained,10648,0,0,0,0,1
e42b074a8efe464fd821c9f2da2d0722e289cf225bc3ec6c387a197409d53e26,historical_retained,12955,0,0,0,0,1
c9e8ffc92119043b80ddf98cf68e5b082d8409b8c44cc61144bc18155519f6fb,historical_retained,9587,0,0,0,0,2
7ad82c7f8acdf394c2860e75e15618cbdc03a74532153abfd51bac1327124bde,historical_retained,10313,0,0,0,1,2
60e9d0255461c076f9c302f101966c390990e1594ad7c6e8d9122110d658ab2c,historical_retained,8692,0,0,0,0,2
eb63270ec5c1e7b78e11790f6ad9c473cbfef90d673c34c86ad466d29227587c,historical_retained,7319,0,0,0,0,2
884315c582ca7798e4a893aeb10231685f1a9adb0d78889194d7e1f567f869a6,historical_retained,13852,0,0,0,0,2
d64f7e755f695180f7c92999389a9cb2e24f625ac529343b04b266f0ae6eadd6,historical_retained,10208,0,0,0,0,5
060d6ca869f3b424495e75cf0e4abb38b8fa68e3682855f0175c0cfcfdebcb5d,historical_retained,12587,0,0,0,0,3
0b58fedcfc8666765cf2387db79768da9f20b68e4aa479829affb1840755722d,historical_retained,10017,0,0,0,0,1
1eab8beee7b7c2f86d83d40f49fe1eb3f76e8c669b8c1e01f8b82c9dad4c8e81,historical_retained,8618,0,0,0,0,1
fd2a5a428cbab92e596b6049c3acd67204684dabc4332f26cc87006c50b7d7ec,historical_retained,10450,0,0,0,0,3
4ba3fed3c21bae43eb4d43c89fedde0bb5d34ebb26d8dc23118d19329b898218,historical_retained,12654,0,0,0,0,3
73962f6cf1a73cf762ed73b1dd9419ca4c5d5fd174270cb318880a75c476d8e4,historical_retained,11386,0,0,0,0,5
cdee26c47268690a123bc2dbf6eb00b11854370c8278b1bbf39c8dbf8a285846,historical_retained,8043,0,0,0,0,0
3faadd8f8649c4b46d666ac125d099f7f1318e446b8fab012b3a3503b4c46700,historical_retained,9989,0,0,0,1,3
ced706340bf73a14af6e3cbc99659c943f33451781eb24cb87a8071ece3d150b,historical_retained,12413,0,0,0,0,1
c31da458fd2b1b09606eb947385029aed11293bcd217799454dcf3bcde127501,historical_retained,12300,0,0,0,0,2
5d145a28cddc4386c56b11179cce219a020fd3f8e1926334982b7b1488cc3641,historical_retained,18927,0,0,0,0,6
0252062d4139b8e8fec54c06c958dd566f2bcba418b844722caa9f0905641475,historical_retained,12785,0,0,0,0,5
0ef808b05a4a8a8665c0449af2c050745cb4e03c12c8fcba0c7aea7b9f359ddb,historical_retained,9848,0,0,0,0,1
221714903f40b2e2c4a9f8f1269f2885c9e19d6caa3a2c23b0f45d1ed974db0b,historical_retained,11171,0,0,0,0,2
319d6dfcd92b2039166124a552cced0f7264cc4977a8178e6f731281a7a2aaa6,historical_retained,10994,0,0,0,0,4
490b9871c0f433e1ea5d1843e76068981378bc8deaf449e082a9f9e79a55559f,historical_retained,9296,0,0,0,0,4
8b798e86508b5963a94d3b0d3aaa5722baac21f5e094f3d694742c73b33de1ad,historical_retained,9282,0,0,0,0,1
fde81b74c1410c23338eac1b7d1417d863a891274b355a7a039b35e4e094c9b3,historical_retained,14548,0,0,0,0,4
619d979b7bad4e16352590fce5e71934f604417568e5442b4ef23b100790bddf,historical_retained,8181,0,0,0,0,1
6817157cd4498a7a8a81376056d4f13a9aaa19cca6a9f02528bfc418a1ab481b,historical_retained,7971,0,0,0,0,3
6c5a5fb0b6025017056da0aa0ce2f94bc4e4cb51a587ec14138ce9e5d7672d9a,historical_retained,6823,0,0,0,0,4
49ba30d5dfed94608b1e990e117576645632ed9202258e26ef18b4064f445586,historical_retained,13482,0,0,0,0,3
b3a9afaed2d2b448da0ca34f6b287875b467c79fb56fcb82fb3ab334b67cd2f8,historical_retained,11413,0,0,0,0,2
60f58e419c9b0b13d9cabd2f2b8763fbcc5b5cd3623bd01fd6dd6c59c6848fd4,historical_retained,7707,0,0,0,0,3
d7ebd3d7283828f0ebee6f595e073d000a2104f8228ab1a012ecdc909f108286,historical_retained,8435,0,0,0,0,2
e5da39d8af3f94642729ce7904cd0e76711bfbf4a345732f1e0b5bfcee2a1d74,historical_retained,16558,0,0,0,0,4
def2f56914fca3ea47862e841c8b22564a744b222abfe2355a08f2523160b738,historical_retained,11510,0,0,0,0,2
994fabdb5172a7da46ac81cd1863be1899b29bd60c842d9cafa3cdd063c8aa4d,historical_retained,11022,0,0,0,0,2
5ee156738590cd5a696fdd2139c674b7c74bd48f4508f893eaa6a2ae51010ad8,historical_retained,9527,0,0,0,0,4
ce9d09659535edcad65266fb1fa1a3d67e36d8086152c021f8ab1b8491835aa6,historical_retained,8522,0,0,0,0,5
f6be336d42d875887dc8f55896338e0662f20bffc0875f170a63337ee9cb1139,historical_retained,13105,0,0,0,0,2
e17f71be0ac5ec2ab7859eeb1d3d3388b54b036e7781cafc36dba78df05202f3,historical_retained,8882,0,0,0,0,1
525ddc80433c06e606abe266855fa85bbb53ebb14d3a2b28ad724199d43c5e80,historical_retained,10897,0,0,0,0,5
c7cd478a13ee3c0e61f941a2ab8c2fd724a9a158e2ae1e96f29b8cc11a5a2703,historical_retained,10535,0,0,0,0,1
6afc6cefd23f11beaa5f02bb63d3a32c9eaf54a4d9d084ab050252d98732a657,historical_retained,11909,0,0,0,0,2
98afe8d383da0f268cbadccfeed377ba5d30fbf720ee1c66a425fd23e761b7b9,historical_retained,11326,0,0,0,0,5
9b05169f91248685f55a0c522e44f7cd0434d833098464058846ec1febf2c5bf,historical_retained,11799,0,0,0,0,11
dc4fa93fedaa50a84a664559c619b2d7f3371ec9ec487eb159370ce8c642249f,historical_retained,13229,0,0,3,0,2
b973aef3c2fde4359fb4ea6deec1061dce57818ebf8da5fc30700b9ba07f6b11,historical_retained,7925,0,0,0,0,5
2c6ffbbd915ef278eb6ba0da92100114cad5ec73aec776794917fd91a1623a9e,historical_retained,10326,0,0,0,0,1
4967e0b63686a243c231bcfbbb141ad200d8662e29361c04979187a5ea5968e4,historical_retained,9936,0,0,0,0,5
5dd13abcba4907c40abe0ee75742691353ec954e357ad7e16b0a3dd7f94ade02,historical_retained,11160,0,0,0,0,1
fbd683db1294611934cfaa0666d4132bacae1be564a9865e2d814a32528ac59b,historical_retained,10615,0,0,0,0,3
2b60591cadc9ad5dc40fe4d0043e18d28db3b0c55cc90885e1fc1ea823558f72,historical_retained,7014,0,0,0,0,2
249f8281de7e91158b57005a6c8f6f981655fdb7f8f37063d71a5b6476cfb4cc,historical_retained,12070,0,0,0,0,3
f6cd7a6b3e551ea6180443dc8137a29b13bad65ede5108cea86338fca10afdae,historical_retained,14579,0,0,0,0,3
496af47131c07a25aea9f3e4ca79f82a0abf160dd33a716cd751aedef73c35dd,historical_retained,7085,0,0,0,0,3
733846b1e2d598a644bb6612a0b3ebff2fab508a7efe3dd052e3938eb44fdb2c,historical_retained,10893,0,0,0,0,4
646d2336a91eaabe4868c7c2c69c81ca9e0c1b5f0895a94ab26a3ca724cfd757,historical_retained,10625,0,0,0,0,3
d9be30a8c9b73f45de0d02f24a836cd2cbb1e3db56da27003b3e1dc6895f0a4a,historical_retained,12282,0,0,0,0,0
5b2d7817d14d9417da66cc270426e823d427819cc29fba1cdfdd013a01609e29,historical_retained,9209,0,0,0,0,2
6e657d2d2879c35c508d174395e47e4f2456891338eaf4979cfc69893baa4014,historical_retained,13121,0,0,0,1,5
f153d9d0e6c86ee9b8e604f199b720d266e4f52ae80ca07379172c0c658ad807,historical_retained,9363,0,0,0,0,3
33fbfdf53dbe149ae84e275114bac52537629bf077f16f62acb0bd5a7501e8b8,historical_retained,14167,0,0,0,0,5
92315e68c04fa86bceacc248f8afdf1e4f59fd9f016887b521235ffeddd211d2,historical_retained,13621,0,0,0,0,8
a7103e06db084c1f056b0ce0fdfce94a7c7d09bc7b125ef6d7444a6be6ec6f25,historical_retained,14971,0,0,0,0,5
c3ed2dd53c5212123a158056aea213cf2443f733d004797c8a4dd7529bd40be7,historical_retained,8769,0,0,0,0,3
340765d085983bcadf2fef21aba69e85c4f31c348ec63cf65b32f2fd369b2d5c,historical_retained,11522,0,0,1,0,2
eba8c667ee1525c1b7986777a077850a0dbdafffbb11a307ea65454c7800affd,historical_retained,12239,0,0,0,0,5
4c5231bcec6a6293c06835abb9e88c0e794d833852992089a61087b3ac405ff0,historical_retained,9715,0,0,0,0,1
5b2403d481dce5887774b2f8571cbab2021403a77f7953c45d5f4fbebb726bfb,historical_retained,9299,0,0,0,0,3
ec6955f8ef8dc4f24a469fce58b6876ec72c88fb3b34d0e337efb6fc96e092da,historical_retained,15300,0,0,0,0,4
7e76d50d2e0bfd01c1c0aa6df3e928db0b28f6649577bbc60d3f01c31c55236a,historical_retained,15647,0,0,0,0,1
42d6817d4032fcbc9ef7bf438926d237443d789e499785d94be9728bcbb33534,historical_retained,10127,0,0,0,0,1
b35b91358f39db6ed16e73880d7baca3809027d18d5795668810f48a80b2f658,historical_retained,9840,0,0,0,0,2
405346c8b1e589b10ef337b55fc1084bc076768be427287118ab00eb50bc853a,historical_retained,15060,0,0,0,0,1
3831220214f3ac29cd777bdba56eb1106dc8f5ba77a15bca5f71a3b0cc8fde92,historical_retained,11480,0,0,0,0,2
0bccd66a5598172980ec9c9dfcd35fbe2efda4d7ffbde0d1485af639b087163c,historical_retained,11302,0,0,0,0,2
cf08289df6195d1e7d9f808001c5f7653cb7c2f506e477f9e5972afbe41ffb8a,historical_retained,15937,0,0,0,0,9
cd1a1783600fc8a5aebc3b80811d272048e67892e91c7579cfa4c3051072e474,historical_retained,7971,0,0,0,0,1
a1fa6987b52b6c428bbe9e9d93534f72b3eabc812ef4a8beec2471fb6b527597,historical_retained,9861,0,0,0,0,1
dccafcab6901255cdf46f6e04ed4835d3f1c9ebbab7c5ec0ac7228b25712d009,historical_retained,8025,0,0,0,0,2
90093e7fa2f9c99357b6ae33fad2529177a0a85064a973cedb851d1ad7d873d1,historical_retained,8296,0,0,0,0,3
1d56cf684679dbdd9a1e686678023cecc039846996a17d324dac2f77d6163d90,historical_retained,8457,0,0,0,0,3
3e697d4910558c8fe2ea2214ce55da8df2152563847e07d92692b0614b0b683d,historical_retained,12988,0,0,0,0,1
e96884eafc08512e133459d28d82cf8c6b22db7a87329178d00a48e4766fa160,historical_retained,13012,0,0,0,0,4
846064577ec438529968b48e8b9955e309e3a3df50ce0b6c96c29a4edfc8cb9b,historical_retained,12011,0,0,0,0,6
193624380e8def503392c6c1c2d84ed8ed9c8ed3e7272d80a64b1c941229d346,historical_retained,10672,0,0,0,0,3
b2e6bc91c2bb9d88d482f430f19ae7268e12beed1df7d50de9cecb68751d169c,historical_retained,10647,0,0,0,0,1
aad83cf7c7ebe7914bc233b4059977b1e8f18ab928a0a299484a33c62620466c,historical_retained,12332,0,0,0,0,8
9d43580f6c31a1b942cd99d0adc001be539cbdf7f462a784aaf96eb2f037cb9f,historical_retained,10152,0,0,0,0,1
1d97c03d7508881caf7c78ad704d9f9b86bcaf3d9a9cdbf3aa8cee46be0fbe65,historical_retained,8197,0,0,0,0,2
ccdd71facd3a1ae3a7d360b1a1fd9ccff35033dacd3fd2032df8f2475ece1c39,historical_retained,11516,0,0,0,1,1
46a0d069a43d92e7b32df68daca6b5df1a2a80535dc4887c557e17880cc2dd9f,historical_retained,12876,0,0,0,0,4
93d7d37a9778550a95d0b3d8da91fc38bd96ce4003808dddf376661eeecd3867,historical_retained,10784,0,0,0,0,1
0ed4e78648565c311304d3c20c2c34b8000940235f3b216fe6aebe1946c212b8,historical_retained,13414,0,0,0,0,3
b167d36babfdf0ff4e0e8fadcb3e49f603aac9fc3f9b4819195e23e2d0151d46,historical_retained,12623,0,0,0,0,1
9df9cf8be2d065e61be0a895586c88907b277090250ce503b1b42848149530ca,historical_retained,7256,0,0,0,0,1
3b8a333da17e3d86aa0fba47a9c19b2a77bb1ef4a7314ec02703059dcad2ded3,historical_retained,13167,0,0,0,0,2
b19495841bfac782b6c361b4fa44b0154df338854b3eab59e1ec1cd212757c36,historical_retained,10520,0,0,0,0,5
a1e104b2d338a1ecd26de10f5d16af3c1f8373ad92acaa9403d75d5a84c41d8d,historical_retained,9278,0,0,0,0,2
5dd137b3655df4b7d3f59005a9350dd323e3ed02e252faa12e730c60db85d515,historical_retained,10532,0,0,0,0,4
c22222e54b7210430bd65edb3d18af11f0090d1f7054e06641c4766d7c7ff73a,historical_retained,9484,0,0,0,0,0
52011e6c85dd21265532237fd8ac134f7267da47c63390cf90548339dd1cbc32,historical_retained,7105,0,0,0,0,0
94f75c714fbcf0665617f4a53ade229db0057a78a101eeadac63f8262915c78e,historical_retained,9304,0,0,0,0,0
394788e088b93e8a2fec89ee20d46b32fcdc9b34e18d839d6c7bdc3166c995c9,historical_retained,9387,0,0,0,0,0
711723c47f4136ec470b9aa8bba641e176a3befae0aab0612cbf30889c546a87,historical_retained,11928,0,0,0,0,0
eaa4b5b9c7f4760e0a1612c287b15fdb165716677bb42e7902998dad1720e397,historical_retained,6155,0,0,0,0,0
0bb7fd6abd08bfbe556df787676f186f0a197c2a7af37e849ea59fda3ed21f60,historical_retained,5554,0,0,0,0,0
2aad85eba031c2039330265138ff563f3216cb47528088eb7050da72de920600,historical_retained,7980,0,0,0,0,0
4421aae4b92141a5d1db223afe73a44ea329ac05a138f7ce1ccbcc14d5df07b0,historical_retained,4266,0,0,0,0,0
55d775248f44978e14ee5a7f5dff6ead2bfea12ed120acdb6261f40f6bb3d89e,historical_retained,8923,0,0,0,0,0
b0070cd1ac75608138e0bcacda5b7d5c3268c5d1c3f3afeefa6669a499673122,historical_retained,7976,0,0,0,0,0
10ded313ee7c6e033ec6601947a0f2fd6273b6aa7613a91da360797ac9ea4a7b,historical_retained,7618,0,0,0,0,0
c8679ded14b0616ea2abdf2037f87e1a80527593f47d1ea7815ee1b061203b98,historical_retained,9332,0,0,0,0,0
3b53ee6c977634c0d2da6aa55f99da280931693b5a69868ce84b532221a82d9a,historical_retained,7842,0,0,0,0,0
0b210457d2e19fdf85ca3dca5a65bad206a216a13406bb952555a64aaace088e,historical_retained,6920,0,0,0,0,0
0707a9d0898406d5eccaab50032f483af746d1ba65492e308f11908570919e02,historical_retained,11213,0,0,0,0,0
312766810cd5325b719c47db127a4e1343f987c82c51a4b3b7e3dbad90031cbe,historical_retained,6988,0,0,0,0,0
4ad1d13012a8d69951d458868cecfa39827a7593549703038f043cfe7695f8db,historical_retained,8971,0,0,0,0,0
68e2c2bde10aa4948760d563d703eaee6f8b6bd6f0cd4538e8abdb18a8e3bdad,historical_retained,7779,0,0,0,0,0
2cee4edd4d9768fb5c1f9e68a82e047077fdcc202a293461276c529bc65985a1,historical_retained,5596,0,0,0,0,0
a412d0c0e68b2d0b9d87a5a79eabc8179637b63367b830c04818c4f8883b6e76,historical_retained,6078,0,0,0,0,0
a1220d170366e098cee824a38b3769b2afae40d12f56f0da6dcf4f3bc29cb24a,historical_retained,5174,0,0,0,0,0
1b6771052f3400001e6ddbede584922e7bf8affb6c68384a64eba07fcd992ee7,historical_retained,9051,0,0,0,0,0
4f6e5aff524005b6348e8b5d442b7b2db15142d588d12b0fc1e1f99c827dd7af,historical_retained,9244,0,0,0,0,0
de5fd227b1da4d80c373b186ebc9c0d1f88ab251192c8ed4c7a43da77be62d7c,historical_retained,9495,0,0,0,0,0
6eb842e58ce45cf457c3081ebf31b902fa643544770d8a254a407f91298a1fd7,historical_retained,6154,0,0,0,0,0
027b0cf00649bef9dbfb8b6ebfdd2127931b272b9eac3afc34af89a345d9e15a,historical_retained,5314,0,0,0,0,0
0093a55d82300fe0409ec97bebe9d86b22bb8800e243be536517ed5787a2b2e9,historical_retained,6379,0,0,0,0,0
f79be32a73c056509093b7a6f69a8fcf62e0e6a572f90a37344a1647a83f8de1,historical_retained,5830,0,0,0,0,0
2fd977acc2f32af7cb48d581923260bcde29b0358dfb57a8ebb7b560d2367918,historical_retained,10348,0,0,0,0,0
9400679bbb74ede1e52266809c37d9df5788f190bbffb4177fb21179cc3656ef,historical_retained,4580,0,0,0,0,0
28d73f9f1786268ca26d7d1adfb808f72a4973283906262c98cbaf6fecb6e57e,historical_retained,5094,0,0,0,0,0
1c26bcc9df6e1ed1cda1b57d132dfa4dabdec855ff2af7a8ded614519ae31265,historical_retained,6798,0,0,0,0,0
9c63f8042cb45864337c72b062d9090bc54d8fc36a1c74c8d7d439a3802526e2,historical_retained,5015,0,0,0,0,0
83fd60646f8c41409282f00ea37f6f89f131b34917ad1e7246d303986dee1544,historical_retained,7398,0,0,0,0,0
4a6169e54df952295147cc9f79ba0d43afefecf8ef423b26588736cfae95ca6e,historical_retained,8597,0,0,0,0,0
a828c927422cc8409caf259bd040cbbbc3b6ab2ad2587eb7dcb8842f8d40d069,historical_retained,6163,0,0,0,0,0
5d3c625c77951f30659b8c6cb035d9c2a702c087c3a291858ce2a7923c16fa50,historical_retained,9490,0,0,0,0,0
69993142dca5018221182eff79719a417c75736847c524656c5d2dd8740bdd2e,historical_retained,7940,0,0,0,0,0
150ae79d697ccc119254fc9095262fb0a0a3c1d45369e88e87e35adc54dc764c,historical_retained,6129,0,0,0,0,0
4b86cba948c9a438ca2e842de34085355b13b8bfac0d267404570cbd43589110,historical_retained,9826,0,0,0,0,0
2ac25942a57df52ba0f1960a4fe21d62a48aa186fcb1126462040607654a0f76,historical_retained,4725,0,0,0,0,0
5f3b2a179aa90e0e64fa951fd8e8b3e9e3e2a3ab5bf4c048b6d306c564d66529,historical_retained,11156,0,0,0,0,0
8bb6c469c470fbb12f57b436dea50a988bbe14c47c82d00f7ee5571699e130ec,historical_retained,5898,0,0,0,0,0
a31457dec37e3231b84e62740b999c5ad202bd16b104be7d4c7ae33e2a417888,historical_retained,7150,0,0,0,0,0
1c0dbaaee0a33f66d6fce567528f95194ae6cc087f771a13a33e8a949d124c6a,historical_retained,7923,0,0,0,0,0
06649c0c97a4667b9f0f97c92680952587536f896a71f12205516fc2f57c94e8,historical_retained,4679,0,0,0,0,0
f096f41602dfa5d0cf183baf862c833dba8e232358fa711af5088b07d1084096,historical_retained,5095,0,0,0,0,0
04fcf83e1d1622ce63505c8008a429db40b2989ad3389e3bdfc4fa36a6034050,historical_retained,8094,0,0,0,0,0
5ad83b341c48552f79e8aab820ea29950b5c18f25fbfd277b3fcdc924e098637,historical_retained,6312,0,0,0,0,0
b720299fa57d2244c62ba1b7a951e5f402fe912ed616cb5a6d74f7ba255a45c2,historical_retained,8093,0,0,0,0,0
54cc37c64ffbc94ca1c0d0ce02198db91648a9522ce7b3eb287ffcd71dd0360f,historical_retained,11722,0,0,0,0,0
8e8c569c91b0dec4027ce5ec113b1de082bfcaefd746fb8e369bf53bc04f18f5,historical_retained,7834,0,0,0,0,0
36df88af9c264553f5b78c9c642a1a1ef1ab7dad2532c70fb5fa76f92376da64,historical_retained,7260,0,0,0,0,0
e0d0507f1f637e798e0d31e4f83d05ca7247c7a1bf46f72efb598c83b6c31a82,historical_retained,11373,0,0,0,0,0
ebc308ab855bd0dbb7e030d37817b0a09411fd0c9fb7bb2a14cafb9839f67fb3,historical_retained,12582,0,0,0,0,0
db02765223c59adfd3a706dd072a2d5908967825981df6b2ff2d39b851a356fc,historical_retained,6171,0,0,0,0,0
31b3afe927edb0e4579b089a948239ff097af3b49b7dfd936406dc7e04433534,historical_retained,5810,0,0,0,0,0
a93095740db968f92760a65d6b9cd6623b1a3ac6014e2460c47f8067dbaf7ceb,historical_retained,8868,0,0,0,0,0
ec5fa0aec202850ff8a0b911d94747639c93e17ebbefe2f096f27e997469419a,historical_retained,8084,0,0,0,0,0
d3b341c444bc11a45ed9c4cf6a3a5507ec9c9039d7787745946f1a6a72334fa6,historical_retained,5319,0,0,0,0,0
38d7854599f5ece395b41c559c4f422ac1291c7fa1809f5e751bda28ebbe6719,historical_retained,7759,0,0,0,0,0
bba8d911cab59d7d9d3a15ed032fc6414c328a1b011373f928b85dae204a6c7f,historical_retained,5496,0,0,0,0,0
2492e60e82fa86757b2b53290ba3c65d6077ca5598456c590d4a9080cb358786,historical_retained,8923,0,0,0,0,0
322b88ae6cf1842a464d755e0ab3a927ef9cbed961558897918c68ce68b418ba,historical_retained,7085,0,0,0,0,0
67c5ccff2acfea2d1e35326ca192816ed0306ed7a6d41a8c5c57a8470caf70a3,historical_retained,7667,0,0,0,0,0
feb27f0fbe35fa86a428d6b31b67c92fe826bd7006dcf4aac602260230dd8e18,historical_retained,8276,0,0,0,0,0
f0f36c4ef236b3562266b175158e22bde31984f67a5689782cfb73757ab88fff,historical_retained,6609,0,0,0,0,0
e482044006eab35e14713af0d1a7bac866116ed1017ae98530b73833c61619f9,historical_retained,10273,0,0,0,0,0
6e4c9710d2ecdbc8fe3fdbf508b6b62bca6414ac4065624ad05df9e1ce796f15,historical_retained,8223,0,0,0,0,0
5d4a8d038e83559c15ccc95a9384bae147289bc6a0318af3e40e83a5bf78104b,historical_retained,6653,0,0,0,0,0
81ba81bf896ae7827d678ca408b4e7a445814d3527c4f70eb51df168caa97bc0,historical_retained,11435,0,0,0,0,0
7580cac50ea694bf80f842dd288d81c5eaac8013a9bb38752a8d0c977093c8d5,historical_retained,7841,0,0,1,0,0
f9274e43477fc400d5b6a290e0ab4420e21c90f6c47a67008cde38c0fa2d0dc7,historical_retained,9130,0,0,0,0,0
de3c8f4132998aac3e102a70306e60594259cd774b24d37c9d2efdf1bb7a3ced,historical_retained,10034,0,0,0,0,0
5a8d177e026522e12c5f816ff43e602efefc7ecbed2d9612623c7382e34436d7,historical_retained,10334,0,0,0,0,0
b2c4f665f34d7c599ffc904cbb659ba24723054a110ea93c24f970747856b706,historical_retained,10786,0,0,0,0,0
75f5cf2d42d664d296b946cc2442713feb22deaced660712aff5deac826c2868,historical_retained,5139,0,0,0,0,0
c23f5bc84ed2617717596f2893176d0b51b399b43f6790c56bd2f83e1f18c374,historical_retained,5579,0,0,0,0,0
464da4140616aa0c7a34a59085f173ca5486edfaa3a4470ad742c46ad824df04,historical_retained,8384,0,0,0,0,0
8805deabacb6f014e443ba672d17fa367a7a2d71f7d9534d17755c8815ba5937,historical_retained,9598,0,0,0,0,0
079aaf48b0bcf99688c331e0fbaa79262900931070d43f7ef9ce00c1a8ebd6ba,historical_retained,7295,0,0,0,0,0
2510df7ef25fc712af18b665a669ab0cf580f9ab4fae2c2057c34faa5d816041,historical_retained,6314,0,0,0,0,0
49ec69407567e2cf164cbfae01f4482846d977b5cf4f9e8cfdd2d50a01f960ce,historical_retained,6558,0,0,0,0,0
fd693d5490ec5a1f0dce8348baa4c25b6c40d9dd0fb440ec335d52d737ed0ce7,historical_retained,5975,0,0,0,0,0
f17d854b8f4f4d10b4c71cff84f1e9a4b893c50c868497258cf2fadcd43b0b00,historical_retained,8610,0,0,0,0,0
ff2eeb5135bf278febd063dc7f11e18e68bdb7563080db115499d37bce852623,historical_retained,7789,0,0,0,0,0
2a7420d060f891341c9172c37c3afc2f6881c81a01032c3601c399acacefa8e5,historical_retained,6088,0,0,0,0,0
04afdd3b10f3bedc45769c77eca695f7cb86b5a69f7cedae03a7e3c5d91fa22b,historical_retained,6492,0,0,0,0,0
ff120392e9382b0d567d215634660b9525fb116aa564e4b955e067492196a2f0,historical_retained,8542,0,0,0,0,0
1c16b8c28f50e6ddd201b2205f37b3870012fb0ed4a4164071ed90b078677f3c,historical_retained,5204,0,0,0,0,0
398fb59cb4570219534ba2a24678613c1a751771c9fdbfbd38cf5c232aa31a32,historical_retained,10149,0,0,0,0,0
2ce8d5b55d89d216a56597758a433645965a8e1ef35ba5875efd610dc14c5c0c,historical_retained,5087,0,0,0,0,0
c710def0e45f4db85fc677b4ee199444751a7538b0300a3827aa4e8b668109d7,historical_retained,8155,0,0,0,0,0
b5a4f18230fdf612541e4fed1844d35b27308a6656ba896fd0050fc73d797960,historical_retained,10201,0,0,0,0,0
f1d8c19dec724d4ac62b7124839f7fd38e619f3400e15605383c0cc6723ba2cc,historical_retained,6389,0,0,0,0,0
5f36110cbb275e241867581fd2f33c80faf7dfcd2a65fa19b22dc9fa57f38fee,historical_retained,9362,0,0,0,0,0
2d035f5408645c4dca27c65ea9e914c197bcb6bab4a198dd3c6d04b8e04be955,historical_retained,4492,0,0,0,0,0
a8ee206c9483fc4739cbd8bd37e11d68f9dd7fbd9295f40e9febd6b061e983d6,historical_retained,7595,0,0,0,0,0
9f7a4db989bf849d605c9b6677687eb95f16bb7c415a9a664047f50f3030f9d9,historical_retained,6860,0,0,0,0,0
92335b893d86f10ac9a5ed4cd678a16be6fddb1a805da5102be256f5a51b5459,historical_retained,9434,0,0,0,0,5
c83216b0185000a2c631724c943531339da547ed4dff5c124b120e477b05d62d,historical_retained,9333,0,0,0,0,2
dc9385b6d307c7f4ba2c631749d3f17e52d82cded3cc570fab6dc60c6fdd3cb4,historical_retained,9060,0,0,0,0,4
569d27995ea5d77e21c5ed8cd5dddf1cee14673c1b34244c149244f232fad16b,historical_retained,12955,0,0,0,0,3
0fa82ebd342cea4d02b8ae98be2b623e421da76b24464e7447dc339e7ddb404c,historical_retained,9271,0,0,0,1,2
ad419cb5259b757e1b90fa83eeb6bed4f7d440a4af816b563012ec40b499fc20,historical_retained,9629,0,0,0,0,2
d66cc413eb03e86b861e6028884865967f75abeeb49a3869c470b5f7c0d8d69c,historical_retained,9871,0,0,0,0,4
35942713b1551deb90b7500182e2a46906dcfbc7967505783aa0602b76fd18fb,historical_retained,10437,0,0,0,0,4
4448f420f96cbe2a1679d8496d6e1345f513d8690b4a02a0f9597a6b7ca28999,historical_retained,6514,0,0,0,0,1
667bf05dd7745b721a8ceba0f3edbc3b73a3425c7030e33dd33a947642143e3f,historical_retained,8557,0,0,0,0,4
7da70d60ecf510223ab5f54e20a9313f75aa04d89afd26cd8d6948089e3577ab,historical_retained,9900,0,0,0,0,1
32c3951e0804401814f54a9c23d3fd96bccfe8103367426a00b412c255802e6d,historical_retained,15245,0,0,0,0,2
56554e02554551a08116856219113aacf2dfb3b29edce0c0c0c3b383bc1be81f,historical_retained,7066,0,0,0,0,1
6a15be353fad482b1955554874194ec6545584b55a5834d06974ea525c5a163b,historical_retained,9544,0,0,1,0,2
cf68911d9e3133db37ff9b1b9092a5ab7354f89e3a956c0c84986520eb96967b,historical_retained,10594,0,0,0,0,0
7cfc6becf2c16f0306748c7b2c37bd4499b3c2dbbfd2bc897fdc3a142dc3a549,historical_retained,6058,0,0,0,0,3
601f628443d0ad29c13c9341005bdff372ffbe5e9c1f74f19bfcbea545e9995f,historical_retained,9031,0,0,0,0,3
5ccc31f1b563194f453c8989549e424d1b6a4ec6b124cde86f405b7f2680d2b3,historical_retained,7776,0,0,0,0,2
bf53fe40cb538e6d59ed41732fd8f7daf8d3657620d7117c65f1ba8e56ea10f2,historical_retained,6483,0,0,0,0,2
ff721f01ac02c24303dd1de10e83eca627fd12da4716040bb57025ffcbeab716,historical_retained,10759,0,0,0,1,3
b449c667880309bc62328cbe9803af861707348e2cb79597be02b3c18eb5edb7,historical_retained,10526,0,0,0,0,2
7550b70695747a6f22ebb501d1a5917dc7b8335b9222022ad2934046d68d64a7,historical_retained,6118,0,0,0,0,3
588c55a4b7e2b05b4738378bb89984446b63a853f65d8536afbc0d4ef47dbfca,historical_retained,9715,0,0,0,0,2
6256c48c8ed66e6bb44b09d744529749571085f7ea46994e1625c87a8413b39a,historical_retained,8867,0,0,0,0,2
6f666f809d7f51b5efad7445fffd69b4cb1fdac7c2ce83765e92f72c8dc0d613,historical_retained,12653,0,0,0,0,3
6d658b4a43ee16d0975f606c884c8069cf448e4f2466ac22d90423593ac35711,historical_retained,7737,0,0,0,0,1
94cf55c320d8348b3e519b519032bb78ed65a9a44ce20e25fbc4005fd31cc3e1,historical_retained,9674,0,0,0,0,4
5c6048fa9d533efe180bbc3d1c1af70a1643ae3ba3dc6ecac452730133a6e8b8,historical_retained,5672,0,0,0,0,5
0a18519583fe32c3505058635586b7118dd9228cc66e4c0c9e805f4a7c27ddc6,historical_retained,8447,0,0,0,0,5
09cceea8608772d9c15e484de3c7c6ca43509bb1ba452f5f731000317de49729,historical_retained,9067,0,0,0,0,3
f4d5b4adfdfbccf9efd66290580412f3f4092b46e804acda54c810f47f0579ea,historical_retained,8758,0,0,0,0,5
ef24104887d0065e483883f4e491e436d3adf99f87277a287262f4d0e6a829ab,historical_retained,8607,0,0,0,0,1
8ccf60da00cc6bfcf0c8d5b69fb7c47166744f90201501b28c2c1ecbcb0dcabc,historical_retained,5989,0,0,0,0,2
c85cdb61b39f5cef89dc73fde2690ccf8d0806137ca5c2ae320baf48f0937cdb,historical_retained,11515,0,0,0,0,4
874cb1fcdf7899aecc3009b5c835463cb56b396f1c4f177f056683ee99b5c973,historical_retained,8015,0,0,0,0,3
dc054fa5f15be438b908399f96cc251f54781165823112cb73537eaf5db08299,historical_retained,11206,0,0,0,0,3
0f3b83b5ea4372b1f65d250d31414bab4786479ac44c8ab23c98c75e6c42ea7e,historical_retained,6349,0,0,0,0,2
766f520dd4aea516960f0b525eed25bcbcdf2df4d791b783da3f5026a5e1f2c9,historical_retained,10959,0,0,0,0,4
a8a33a30d025ebbecd6fbbb6da780df47246bbdbd4b51d54d7ab529d6c05db3f,historical_retained,7240,0,0,0,0,2
e6c0f9880001e782bcc1a4fd322ab7bef87bce45eef1147ccdf244ab4d20a63f,historical_retained,10875,0,0,0,0,3
7b0a03a20a06cfdebf85a9ac3d35163bcfc562ff5f533eaaf4fb64c85da8c0fa,historical_retained,10435,0,0,0,0,2
5d457cd9a9b2d5929b13c9b52ad4b26a7ddbf6a5562f71b2106fda21372ee12a,historical_retained,8843,0,0,0,0,4
bbe792cdcce612f33fcafa83b9dba27544c308b8ac261688df33e763a22f313c,historical_retained,7067,0,0,0,0,2
7e06563d50760999dc4de1f1cab865cdd7bfc61f8ec40b495e053da97efa0686,historical_retained,10300,0,0,0,0,5
c20d78e4adf88a203f9c0fc18aeabea1cb2213190a85dc9ce4a68c2ee0833afb,historical_retained,8751,0,0,0,0,1
e8b23b8390e9fa538c99f58803a426c1e62eada257a7fe23805bbc0e151ca5c1,historical_retained,9703,0,0,0,0,3
6d3a57947f5dcbcfa75e927a05ae678e5be98ecc3d899cf3089fbd40034a7874,historical_retained,13945,0,0,0,0,3
6474230b563aafd2e2463241c0f575ab1c8c21c5ecc2dbe769aa1a7c5abb0273,historical_retained,11804,0,0,0,0,5
ab2f072bcbaca5c5666383340d7e1aec9d0411645f9e1f8f17d31c0eba65a5af,historical_retained,10738,0,0,0,0,5
fe14345964db9f9d8a1f87de81f3114949c1e3f3b985aec193119b97eedd6b6b,historical_retained,11887,0,0,0,0,2
ecc706b504c2fddf46603dbc08cd7ae9219f0862971e03bbefeb06221a0ecbe9,historical_retained,5990,0,0,0,0,3
fcca8c492346f18aacfb1bf6eb436ad38e1f1ce2cc5ed00772f28cc0bcde1d10,historical_retained,9625,0,0,0,0,2
420955200e33d9022f9f5f231248f0072089ec6a7d15467cd060f525c9d53c59,historical_retained,9693,0,0,0,0,3
6a08ccf11085e6f6d4e79636d058688dab7b6dc857c8af8381e5dfaaf737e9c8,historical_retained,7379,0,0,0,0,2
cb185b9959fb8d4737d8d9df95f460ac68ee69fa1cd8a21c64c737e87a862b74,historical_retained,11669,0,0,0,0,2
bde6f429288ca3871a5216bb622578f51d9613a129f297a268ab10c107721277,historical_retained,4585,0,0,0,0,3
a39d5c550039b4f993320755345de0a645b5309e25b9ba5723150c62a227475c,historical_retained,8927,0,0,0,0,2
110af0fa1fb5d74f06d048a28ba92ecda20ee401a35bb76c23a864b7eb56be10,historical_retained,7895,0,0,0,0,2
725e27424e522ff6e49924ded18a928e2762c4129bfcf29f435773f779b32634,historical_retained,8153,0,0,0,0,4
19c56ef15fb2788acab6bc422f0a754896b900b0244189d9331b6c88ba0fa862,historical_retained,9153,0,0,0,0,1
dedf30a9eab0c92c144e25247cf2a8df174a613aff196a747fd9cd64e9169261,historical_retained,8576,0,0,0,0,5
3826fa8d043646365794136674f702956dc592f28bb8e8802cd8132d2887ab99,historical_retained,7311,0,0,0,0,3
d4173ea465a5934affc383ecbe7973893203241dcda2fa74f69f5f507dc4cf1b,historical_retained,9946,0,0,0,0,1
0bc9ecbeb612694c0035d62c8d2a59547b2ed691d03d9eceb54ae5ac5ba43796,historical_retained,6855,0,0,0,0,2
744f8cf30030f13683d2ea0454973cb90c1beddff3b2176234f76c53be2ffceb,historical_retained,12876,0,0,0,0,5
28a7bdb74624aaf7953979597880cbf1a7bbfb9b5785d03b088ab3d637aa189a,historical_retained,7771,0,0,0,0,3
527650a0da4a5b35330439056ac67d60272266e05d34ecb9264243ef21c5446b,historical_retained,9158,0,0,0,0,4
c8a3619f3b8cca55f26c9f564744b85977ef974be89ddb77349ead7f5f03a4f0,historical_retained,8977,0,0,0,0,3
73c86ed6732ac65515a6f622d2fae292d27bc4a47f918756a832cb3058ec7ff0,historical_retained,8189,0,0,0,0,4
30c22afd15d1b62f43aa2d50d1f79935bc0dcf2eff2f1505a9f454cca0413b69,historical_retained,7842,0,0,0,0,3
287e63f7a19c40475a1598a4ce6a15f71bed2e126ba57e8f3f9d42d701a260db,historical_retained,5562,0,0,0,0,0
7665d55b3d10606f92945e2269c56dbf6158f4bfdbc4344d3b9ce9f60e725712,historical_retained,8206,0,0,0,0,4
6563fd87bd7a0ecbe6c3df876dfc4863b9089935c794bf6d5fa1083ebcc37375,historical_retained,6584,0,0,0,0,3
2fc1587d7ce92af6bc10c4700276a186c1b90c95b40ef9f032fe25c6377064a6,historical_retained,6960,0,0,0,0,2
486686fafdebd767e45d82440bd05db9f98267bbe0ae9bc0ca9c0f62953073bd,historical_retained,7861,0,0,0,0,2
abd6f0be3df5663bc08121d8cdd2eb47b28a3d0e527179e014235620fc82b7cb,historical_retained,8460,0,0,1,0,3
ea6eb2ba8043a41cf99f00fa90bea9f54589f12095f56309f8eebb9e1ff78339,historical_retained,7985,0,0,0,0,3
4f983200f20da32363ca5a4bfd9f2f7ffbdc40f7eff07c54d471f81d9ad58cd8,historical_retained,10161,0,0,0,0,4
40cba3409c90856fdb8f76fea01e30b3643d3f12842b58cd49a61d591497b26b,historical_retained,8402,0,0,0,0,2
79d91bc4d557764e9899ecb745ec90a6af653a992e7eb8f1db494d2743c468d0,historical_retained,7255,0,0,0,0,3
5e5283acc049395dad2aa66f0e4d05401e75afc1da730169754b13c07fb7eaad,historical_retained,5062,0,0,0,0,2
2f5a2c6a9ab7122568ff5059c7899cdca7696764dd1de65434a96498cfc2bbc9,historical_retained,9060,0,0,0,0,2
15e2fb37d5cf5a2985e2f5f77d2754cd41b3615e6313b35147f82a3de359d744,historical_retained,8430,0,0,0,0,2
9cfa3b0055b05d3dd3e52465b3b7045bd700f89ef8a052beb7377608a75289dc,historical_retained,8723,0,0,0,0,1
c955696072244204689e169e5ba167f43f196816c4bd7d5ddfcfa743849a8008,historical_retained,8549,0,0,0,0,1
db5bbc1f1cde29eb73f75ead705749a255ff70c8c1c8411aa1d5954e46b6f50f,historical_retained,12272,0,0,0,0,2
0730fda94580d5c071ca271cae3c2c43c28eb6fdf8bf5f6013dcb7e1a4cb949e,historical_retained,8522,0,0,0,0,1
fb9dcdd576cd4a91bb61fa2cfd35b982513ffb9c939dfdf8c58c30a035cb19eb,historical_retained,12146,0,0,0,0,4
8ef667862093108dcd9794ea83cacb9497ba4e56dcad6e57dc6aadaa8ba68e35,historical_retained,13130,0,0,0,0,4
209529391c0d26af8908180e6939494f3446dfaf5e836b8d2d7e0c93ffe13869,historical_retained,10368,0,0,0,1,3
0f50e67379567ef19d9be3f942bc2b5b236c129f3c6b943d5c16b09ae27a0d60,historical_retained,10070,0,0,0,0,1
c3ccf90f2975f9e22990e602db4ca951b3f6bcdf4ae4d257e65ee2fbefe8d8c6,historical_retained,6221,0,0,0,0,3
280dd0b133361be2fec4ef03a5d7b8fc354a2ed74277918a8e8a9551ed5b3798,historical_retained,8756,0,0,0,0,4
d5cf2fcbb8f6337435b7b0f8744c86a2df30c187873a53373659056c958da86b,historical_retained,8269,0,0,0,0,2
f26f0a3f3e9219de844e9ad2e090fea116ddbc51738a66fef56bf08111d214e7,historical_retained,13920,0,0,0,0,6
c6d3ff2ddf1f1a20199ce28b788e5209c5f0603ec6d464096a6e2f72193f6fdd,historical_retained,7799,0,0,0,0,4
50b7c6779229764fa5eb3c1ba653ce2156e44ba969d92cdf8a25f81759a4d373,historical_retained,12064,0,0,0,1,4
e96aeba0e25431856bac030993ebce5510dd1dbf47d9f670eb83203ba079a564,historical_retained,9808,0,0,0,0,2
fdfd0308b9431798bf419e2e72ee761e1bfdf407947fe18493f328ca4ada4ede,historical_retained,7909,0,0,0,0,1
a49a8503b7d4a7fa54fb356e8406c40ac746ea86cc8fe1d2592a865b22cd39cb,historical_retained,8096,0,0,0,0,3
7e975999f70e1d596eb7f4e19fdc05857b9fdafd2df1453950e1562ab3f1a1a8,historical_retained,5002,0,0,0,0,2
e4fbc0dce01a7b939a1e4c1f7323f6de52f3f7fcd072295632f10bd3506676c1,historical_retained,9885,0,0,0,0,1
077230ba3e7ee819f28d28d8ca0ae926fd364c5ef0bdac7a4749a5d7f590dab5,historical_retained,10250,0,0,0,0,5
682a35ea3e32a05f7cca8c57be81e8d1c8ea8638c6948b781ca0da89b9d481de,historical_retained,7322,0,0,0,0,4
fdcf545cc76e270647de8794a9f85eb078f5761f700e69b57c26d9ca2fdb1e96,historical_retained,8215,0,0,0,0,1
172c94f30e3d2dd6b68ef5bb702465fd135993b901db1f9da4d298fd7de1bb00,historical_retained,6955,0,0,0,0,3
212de7912b43146e5f4aa1c320e84dab60caca5f4f1f8cfff9229fcd782d5c0a,historical_retained,6114,0,0,0,0,3
f9cc9130706b10cf4ecce95a50b78a867cae3e628c2cbf8cbbcb1edf69a6d7c3,historical_retained,8250,0,0,0,0,5
919ac97f9f0587e7af3b0f05d1fe4472d4bd2168dbfc60f031284f60ef656539,historical_retained,8455,0,0,0,0,3
6dc713556b84a2b624d577cf963b9710885fa2394b5e52688916ae2777e62935,historical_retained,9865,0,0,0,0,1
628f20eb6b9acfb208409d1f83f09f9433d6c3af6d99e723f1a9cd5ad613e834,historical_retained,8240,0,0,0,0,0
f0fd251262f7b370244b795ecace6ebabf2943d0b019464f9b86ed1b77a33622,historical_retained,7525,0,0,0,0,2
6c8ebb7e7488a900f496e5320d91c877b684641990a072d24c0cbb4f8431d104,historical_retained,8898,0,0,0,0,6
5e6d8568ffba30bcd309bfee6fdf7418a1ca015a083ea9ea3cc942542e241571,historical_retained,11970,0,0,0,2,6
3be4d3ddd8db2cec0b9c015edf6ec116df5f128f6f75fcf638bfeed5cb133086,historical_retained,9517,0,0,0,0,3
2fb979dc719359f7391348e42682eb0e77feebdf3aeefcdf6f75c752af806990,historical_retained,10176,0,0,0,0,2
29ba9b1cf0881a69d6235ffe10590f10b8dfb294e0861632c5cede859f24d382,historical_retained,15181,0,0,0,0,9
cd653498b1dd7976d8a66b57f30a2da9ea52b090e58e7b19e98d1ced2160c507,historical_retained,11921,0,0,0,0,4
f0f03ab65930f03e4418fb9a0a27533153cb84f72771e69855dc4482ecbe1dc0,historical_retained,4296,0,0,0,0,2
0725ad32ceb48889c56f6f4ada48766c40806fcbe98a3be0e07d2d7af239a859,historical_retained,7447,0,0,0,0,1
d7dca5eedbf97fb9f8f20b38de70f9de3b1331d11da5b4857b1de10dc44ab2b7,historical_retained,7546,0,0,0,0,1
fd404dc459bb6791e442f68f74e228464c756f89075de497bee46ea4c0037731,historical_retained,6761,0,0,0,0,2
6d42e9965b3b6c5007abc2c8f50b8a60973d3a41ebafe88158635bb85f67f136,historical_retained,6369,0,0,0,0,3
49fcb51c4e91adbf8ce06b5e701d4a7bebee69a4b1cf8b943941556fa8617731,historical_retained,7953,0,0,0,0,4
40bf70e775b35daa2689202451b33c9fe9d8559ae97539a1448b2fde0c71a242,historical_retained,5774,0,0,0,0,2
ef2236f62ac0770383a7bc4c4354ebca1a5b266b12e4efcf44b23d0f8370f4f9,historical_retained,13515,0,0,0,0,4
803b52438ab89595ae822a9578578a392ea4e5b64a6a237a78a48f4dbb11f44e,historical_retained,7086,0,0,0,0,5
3cfae455e7f2752e2e8d4fe91335ba278ef20ef0e3739bdae80cc13bd22d26d3,historical_retained,10260,0,0,0,0,5
ccd7c8e1c6ac1ff03f61352cd886826457681d9a35d868dcca8194621b477baf,historical_retained,10214,0,0,0,0,3
3a048ea1133c16e452b4e8f5b7c7afb91ce078ad14c3f38b5e7e9a024a9f173d,historical_retained,9996,0,0,0,0,5
d0fed918bad5dbf815334a0099ac37293ec0e2829b1c1369d5dcf7be99271304,historical_retained,12877,0,0,0,0,2
1916fccaf3bcbb8123daee290d3177abb832a89612b5b900e067dfcfa0e7a7de,historical_retained,11186,0,0,0,0,2
5c48f7fceae288eba2c130616ab0de031458a48549c3b7c9d2f4fa9014ee56df,historical_retained,7711,0,0,0,0,2
ea80b9dfe9cf6d5256ae40995e18a94ec85cf9455f7c217c6e9a7507154796f9,historical_retained,8925,0,0,0,0,4
0e14b6b4edf02d0db305b55245b255fa5fbcb718c98bf521e324626160da9c86,historical_retained,7138,0,0,0,0,3
c124697cee2bb8f4a83ef4947702a276fe66d059ef37a33698e7646732185a25,historical_retained,7791,0,0,0,0,4
2e4acb5f7d98b5edfc6e8307cd05f3dbddf7a582d57579de6474db838f8e3dff,historical_retained,7687,0,0,1,0,1
25ac24462be56a709323a168f45d9c88ce1f572e41aed6b435bc7c703f954b87,historical_retained,15475,0,0,0,0,8
f0c829e405947541197ff0b0cdf2ae372135c805ea7035d72c0b1d658f1a2ff6,historical_retained,10084,0,0,0,0,1
c8bd4ec0eeff5ca1445dfcaf07d615b14de6456828177542b95513fd3b53532c,historical_retained,10705,0,0,0,0,5
d50b7ff8815f92da87e0a5aac1650030a15b436c6ee3a5a5ab6162360ea64ab0,historical_retained,5578,0,0,0,0,2
a69ca9be3f1044b94ff6cb90d6d99c0fd5061973dd8e9fc1a4caa265a3545899,historical_retained,6527,0,0,0,0,1
ec726448137e893efae9a30b1ff7b4cabc43de688c604ba804c72b71bfe4b8ef,historical_retained,7973,0,0,0,0,1
74f3046bd2122f38fefa3215f029993a61211ce174345ae654566647f2ac8716,historical_retained,10024,0,0,0,0,4
fa80b4dbd82bb08ca6564d426b487f62b9d9817309fd3440160fe6175d063962,historical_retained,8632,0,0,0,0,2
b2554f6f17adac065d5046fd44e3366c180050eaa701f814e6b91d5acfb5069c,historical_retained,13128,0,0,0,0,3
a92e23973ac7a90179941a1d5eddbec26d255fe8e76f5598baff86a333ec9d49,historical_retained,9816,0,0,0,0,0
2bab73e3034b54bd86784df04285689107c4b4dfd2e105a50750385d47da060a,historical_retained,9576,0,0,0,0,3
9a07653825461920c7a4ccb9197c5a427f10fcccd27d65168e54d341d6e4aa75,historical_retained,4638,0,0,0,0,4
a8acec6bfb2f38b77ee8210e6ed72aeb5520b8661e7ef77ee174a23fcc160ccc,historical_retained,11437,0,0,0,0,3
6c44cf007cc16365af94a40666e1044ae516d3726b76aba820e93406748049aa,historical_retained,8405,0,0,0,0,2
67b6ad331740f82fd57b75bf46979394e1fc9029dc4aad17c5c65b9b54ca3b1c,historical_retained,8296,0,0,0,0,2
1574965a9eb84d17757491f1c4460db59baed4e3093ebaaa988714decd59a8dd,historical_retained,9655,0,0,0,0,2
e4322dfa569bcc310b1c3e35a01bb5dc6860a3d8b72680a684aa531439608ff0,historical_retained,8949,0,0,0,0,4
90f60bb689b13ccc09f67bc84757efe8d5eeb5896dff94818e5a33f89658d197,historical_retained,8229,0,0,0,0,4
a4abe003b1bde14c58be7ce8204ff5ea77b9f0a979b52e5c8f7ac91307212ac1,historical_retained,8231,0,0,0,0,2
9e380f3214766b4acbbcd48417fd6a717417f3ad2eafeea6b25d435433f799c9,historical_retained,8633,0,0,0,0,3
3aa82204a5d97f4c58f0f0a1c75f9becc577ab3a70929c4f45acd984e0f5e13c,historical_retained,12574,0,0,0,0,4
38cf88bb82e3f5a8a67ad4243fc528386a8663220f4f39547cf682ffd39589aa,historical_retained,8159,0,0,0,0,3
b13ea2ec6269b946d5de1ded3eb728b3bedbc3a0604cefd1be560a9f5f9603cf,historical_retained,8090,0,0,0,0,3
aa37e663370e1193c1a72c577856a545ccdaaaa45b2891b3e5aed29383a84bea,historical_retained,8908,0,0,0,0,1
70f2f8edcd7b67eaeb986fa31f431890615baa0c2ae3be06c4b5cfb65f044fdf,historical_retained,6207,0,0,0,0,5
d9f1edbb3e74cfffdf21cd7263cb5726c3f3304a49aab89ee39137a5588c03de,historical_retained,9586,0,0,0,0,7
c218cea8155ef100a1c0fe1c48d3ea0570e7b4f6c330137ce4178962b89fb8e3,historical_retained,8727,0,0,0,0,1
b8e14a767547e0b695f61266d3f2b1699d3a7570b6c3fef0e5e3370bc88db98e,historical_retained,5571,0,0,0,0,3
63af1fd785ad0519b2f69ea43419a47e5cc8bb5e84b2cad1a20e8bce36e29d9b,historical_retained,5769,0,0,1,0,0
c5829af0d95dfcac24c93a56f6a0ea0aa529d1158d80b702644265e25aab6aca,historical_retained,12838,0,0,0,0,4
3d703b24d3d2b2c1f4150efb36c38328c13b3505b994102e68b177f4c3e267b4,historical_retained,9621,0,0,0,0,2
84bee6eae70e9a13d5458f7636995bdb9e9120d2ac7787870e5a90028074cfc4,historical_retained,11300,0,0,0,0,2
cacaeb0e4a7f4ebca842f8abef44a881311aa89e4262b1e5d3eb5a97c24285c2,historical_retained,6179,0,0,1,0,3
379636654d6f22f0f6897918ff66a761708734cdb02a31ab537543d9401dcec3,historical_retained,9599,0,0,0,0,9
c03e7b4e76d8b830a7117f0ab8de42e210680bce48d2871115522a58ad73d995,historical_retained,10326,0,0,0,0,2
887676c3ca9220821a0ef8e0cdafbc99a686bbc272ded360f314afc96ec6f481,historical_retained,7117,0,0,0,0,2
2ad10bf217b45dff326ad8fa33eb4d235e301921c1a28878815c835b9a2581bb,historical_retained,8979,0,0,0,0,3
af4dcd1de80bd4549af196994ab6413ae80d6a610584d0fec0e0b0f1ce37b880,historical_retained,10256,0,0,0,0,7
f40df13ddc45a9d66bafe9ac740eba6d2f03a9e199ad419d7e2d559c99a66589,historical_retained,6610,0,0,0,0,3
5bbd5b984cce23c957cb229eb66c6b3ada610d6964fc502f02a552fbb543b94a,historical_retained,6567,0,0,0,0,2
c593f5d72bb047598f6fbe1d06c948a408ba76416d47de33384f8d16eb747957,historical_retained,7440,0,0,0,0,4
fc65945e6bad9ebb0f2420194f9ec333385a491986c5ab60bd30cd43b23660de,historical_retained,9513,0,0,0,0,4
32a5baaceecfcc980700717bf5134ad50ad5d757e0a990953f910602b1a11bb6,historical_retained,8548,0,0,0,0,4
27b10c488354d25990974d95893995c596ee759d3db9047ec9ddc99bf4bb3530,historical_retained,11653,0,0,0,0,2
70c419d2b3eed48cad091a4b1bf9bb66963bc41ac72a9130481c01ec11905e85,historical_retained,9581,0,0,0,0,3
add85d2891713098461d5eafb2f4fd1a4d301144cf30b054965fc6041fd05d32,historical_retained,11682,0,0,0,0,5
ec5a56655e5d757ad958b0064765dfeb9f5f00c752631d2fd8dc189c95336ac6,historical_retained,8398,0,0,0,0,3
5bcc1b6320df6f4f65108b51f8c2a6fe236f9a0d75ee5bebc73430449b42f4e6,historical_retained,7643,0,0,0,0,5
2bbc049b1f2234ff23e11be8699898fae1d941f95ba486678198a03a58322f22,historical_retained,5604,0,0,0,0,3
c7a8ffe0ea76cfd70fcc4589c1cb0fcba57d29cb82cefcd8569793f993ea8df1,historical_retained,12481,0,0,0,0,5
da547f557d1f9b9fab7392b2521a300aa7ecb3926bad7ad85823481dd9ab8d54,historical_retained,5764,0,0,0,0,5
1703ee7ad3de49a6af872900c55d9b99994e4148cb6478ff09ef346ef9f3bb32,historical_retained,8978,0,0,0,0,3
9ca5d0fa7ac49620544a086745a213c998d6605a3ab90aec245eef3129c3861f,historical_retained,7594,0,0,0,0,4
1b479e4b65cf718d0e25888b135f2e4d863c29683a717f8ee4e86278d9defad7,historical_retained,10963,0,0,0,0,1
970b3a3e752fea9a59b709b350d1166bc220aa040f2acacd733290ea6ceb20ee,historical_retained,6412,0,0,0,0,4
a86a08af6c01f69b262bb89066fab4097bb1b53b24cb67b516b3c45fd0bcf4e4,historical_retained,7038,0,0,0,0,4
4837019e62f43707186bba6bc0653086f4f103dc59faa1b29293ebb00ffc4988,historical_retained,9590,0,0,0,0,1
96f331903fbbe566a78c63db23220cbd3ab6cd8a41e6b59343d7c8fca2a4a4df,historical_retained,6369,0,0,0,0,2
847b39650d5f94839266e7d3bb86e1331b1309c184e4d5974020e313ed0460b7,historical_retained,5941,0,0,0,0,1
33215be9899390ca57fda051202f1970396a947a915642e29f8f28a125b658bc,historical_retained,6835,0,0,0,0,1
c412f58c082e237516209d1ae9bbf293b265a1b5bbfe72a9c779911467b68a05,historical_retained,10969,0,0,0,0,7
dd67155afc69c5d7fbd91ba8624e4dd80cf86dd98c45c3c0ff41c4dda2c64669,historical_retained,6363,0,0,0,0,3
50ab166de87d51aa365f272dd8d2775a4138d4cdb5e8e7969d3511fc6dc6c50c,historical_retained,7653,0,0,0,0,4
8ba1218daaf6b2e94f2db5cbe5c5fd8241aaf70c3c57bcfcc03d3121d9cba1c5,historical_retained,6705,0,0,0,0,0
876c42a0c630cc8d1d62ca566847595825461cdc4d230a1b776ea28638f6a854,historical_retained,10556,0,0,0,0,0
d70df3012ddb820db1c2d35ec8872c4f2ad0b865ddc299dee6c096eb509cbb9e,historical_retained,7300,0,0,0,0,0
81675f64ce96030047048d2caa815b6efcd92391e76d7c77ae8ff5592150db2f,historical_retained,6754,0,0,0,0,0
02d7f66189491dba7b1178180ba0063ab07bbdf4ea0f95c1aa755ffbe71db02f,historical_retained,9606,0,0,0,0,0
d55a58422a8871a2232b7856a0e569b053b98a80d4557792b7cc7b4d14564996,historical_retained,9509,0,0,0,1,0
921a9624385d4426b665d4cb974193ef5115bccd6f67dec045f5c47609a83127,historical_retained,6670,0,0,0,0,0
5582f44729e1b3c845f3a3574e0e47e474c13573c76a721f82de714888c59ca8,historical_retained,11970,0,0,0,0,0
6045a96d6b1ece5dc8a325c37c83e3f72ab806fe649bd4acda5fde3f0809f3fa,historical_retained,8580,0,0,0,0,0
cc9c5769f8b658ad15692837bcf1b9b90faa3c50426a3b4f3054619728b84f2a,historical_retained,7351,0,0,0,0,0
906f8d311f593ae8316771f25e89792220fb6d0cb37248368b4e47bcde791941,historical_retained,7418,0,0,0,0,0
c36013a99b0db459f355136d5362ba76dc15e115aca8b6b304802df5d33e4304,historical_retained,11897,0,0,0,0,0
ab0d2fd4cf1c3d31f2635f4e68388d1f9554c78898469543966d29e55e80b85d,historical_retained,8414,0,0,0,0,0
4d6dd173030c244552227d03948eb7af31c3fc7a951c7ee5601e407d585c2dfe,historical_retained,9734,0,0,1,0,0
22acee1201c2c35887217a03b38af7f6df53d57d4484e3fbf7fa95b549a30c54,historical_retained,13196,0,0,0,0,0
04ab126c79bf27ae07f9b33d1cfeaa473befd3144d27a99797e3a8058f4ee8b7,historical_retained,6663,0,0,0,0,0
49539cb00b9ce3431b1efbb2a1c088d8993498a169a8809ede542e220f17ae6e,historical_retained,9300,0,0,0,0,0
6fb51b101969f7d42bc13651729f293a5d5882735698f5a2470c7b090d8ee579,historical_retained,10494,0,0,0,0,0
92a3ee934329ef87b386ae47d13eb3794fcb10b02d0e27207e643371d979cf7e,historical_retained,6515,0,0,0,0,0
5fa15f6f8bf503a57890961fdf10b04b2a743c24db3ed8012dde82d7ffdd5df5,historical_retained,9999,0,0,0,0,0
769253733d03c2188c29c6630bd8ad4e1bc4a578568af4ecd1cf9b1aa63a4280,historical_retained,6967,0,0,0,0,0
bd4340baae5bdf60915599880cc618ad887996f4a36607ff75f6a7343603f544,historical_retained,8607,0,0,0,0,0
366ddcb4d12a39db81052485e527f883d7636a3c19c51f85462f25747d9e2f8d,historical_retained,6078,0,0,0,0,0
184761b4d2f363076fc918c78ab5ef7740b7c0a9d534ce5cf6e3fb0a8e666d61,historical_retained,9657,0,0,0,0,0
d33f8b866bf8b3e4d912d4a434437bf92e5ebe9b72769dbad8efe4ee2076d7b6,historical_retained,12234,0,0,0,0,0
245d5bc6a8495e6ac94c1c124768cbfb5e92098dff8720b3d2d34c6c8603ca04,historical_retained,8585,0,0,0,0,0
811f2b2538fbc34555dadcbec6559a4e8c40e1d143e6dcae8d5e10eb5a1a0bfb,historical_retained,7782,0,0,0,0,0
360167ccaa20d7cbb4e5f3b2c11db9b7e474edd2849b684e4626386129ffb7a6,historical_retained,7561,0,0,0,0,0
08e7a4d489691d4678f4984874c8be66f4f59018bcac031e443904013fb4c706,historical_retained,12347,0,0,0,0,0
1212e6dffb3dc2cff55ed202d96542e1f44bf2f5fe6d6a3f6a7a8466dc892f42,historical_retained,11504,0,0,0,0,0
afcb6f6af053cfb3835868a36a26c45bdc9a20066dc307f81b7f202fa115074a,historical_retained,8471,0,0,0,0,0
8cc4178defef41aa63eb705f8b61e7d72a31b59dbe75b3dae76bec2e3b349dbf,historical_retained,6022,0,0,0,0,0
1bd3bedff72938d86b64c5df2a8988b3bfff13de0e6e0509ef46a2b42cebf328,historical_retained,10419,0,0,0,0,0
ed1e3d7a44a73e8a3504e689573771aad6605aab3a570e9613f325196d924509,historical_retained,9335,0,0,0,0,0
b942975381189d0abbe5b44092159d0c4210bb1cfb44fad110f3320ba683c4b6,historical_retained,8566,0,0,0,0,0
63d968c7777d999293ebf1873b2e7fec19e132b1c63aa30d193cfd6d4a14a9e3,historical_retained,8652,0,0,0,0,0
27483647911426288c065e5c176d7177210ce773edeebd65ec491f00021dea08,historical_retained,9187,0,0,0,0,0
ce46bfeac2272d838689b6844b0286ac182e2f0084eaa324e04965e8e9a25e26,historical_retained,5734,0,0,0,0,0
37b8add7e2fbd92f70efdd9929c831d2b90a8704b277ad9b7600db88e7ceb6d5,historical_retained,11610,0,0,0,0,0
f144080470bd2638b999790444f0dca7d96d3fe440ad0cc2d8893aa663e5cca5,historical_retained,8790,0,0,0,0,0
2723871a68b72881bad21765c23e273935c7c518e491234cbadb4ff33bc2ed22,historical_retained,9053,0,0,0,0,0
1b6f9804d2967753a0c92f3f2a3f75ab26eb5fbd09815992115fbc5539ef5c2f,historical_retained,5488,0,0,0,0,0
518fe22049d8d77611325c355477f7cc31ef812960e4b7c57312796f9572f2b0,historical_retained,5016,0,0,0,0,0
5b39c16ef2ce913174dc1d8b687bcb79e63cabb75a25d95b448bbd2218ca3fec,historical_retained,6101,0,0,0,0,0
00e16c3ca499e327ec73690d86e0566d919200f97e1cda3d9bccaaa91ac35cce,historical_retained,6532,0,0,0,0,0
f3c0048cc3afaa384f1edf8c619715101bfa18017b78029424cbc1115cbf6d35,historical_retained,7265,0,0,0,0,0
a18c1eea77f7d24f3f05900dd89e26ed43d9aa9cc8218e1fea09555e23012b4f,historical_retained,14987,0,0,0,0,0
bbe1e33cffc5b09774a0fe619deba94467579c75e8dbf1e742dc95f09bbbc5af,historical_retained,7881,0,0,0,0,0
5c0d4c02aeb2c65fed2ce2c71e88f11afae43f4fbd99cb5e6b3166a347bb3879,historical_retained,9905,0,0,0,0,0
f58e2a1f9b8c27c6d064cd7e7b759bb04c21131a08a6924da27c707102f3c644,historical_retained,5798,0,0,0,0,0
bcde2973e1fd87c982e26555d348d0fe97fdcff2951bec9e269ef9d3680880ef,historical_retained,9856,0,0,0,0,0
be8c50b12c95a4f770d0ce5e92191074074caf246c3cb5853bcc4e7c125deda5,historical_retained,9109,0,0,0,0,0
635422a4f7a94a7adcc69e31ac7f7e0761368d0aa9e9aed2991b82f91b8b76d9,historical_retained,9273,0,0,0,0,0
1b20e4a4b947836a8f57479a499f6d10703289221ba1186c8a1c0eb4dff5039f,historical_retained,9098,0,0,0,0,0
63ed07ec52c65fa3676caa0907c26cff9f5fd3b9be9d2948f05e64fca682d380,historical_retained,7237,0,0,0,0,0
113596c957f3f1ce5921f3b3fdfa90db8c8d32f9b396003eda36431afa04815c,historical_retained,11750,0,0,0,0,0
fd2ed39d3e0b5fc57f852cce4e268b3181128dd50052a3cd26bea74b88afefb6,historical_retained,5070,0,0,0,0,0
6c361ba7e036ad3bb915e3a703b049d54d1a637f780a9d08d71500d5cd6f00ef,historical_retained,6974,0,0,0,0,0
7a12fb698ee82f664bf765c27b63507e5e03196962ee3865761c588f8423ee2c,historical_retained,8734,0,0,0,0,0
8f2a841861d621a9c0f011bef695a00718cd71c77c56939a75f22bec08b96a1b,historical_retained,7456,0,0,0,0,0
daab9ff403f98238918621fda31749e59fedba90bde95b7a56fbd0b8f80358b3,historical_retained,11128,0,0,0,0,0
7435e026fdda44aeb1d76d2d7765c6d9d82186a0cb7cc168815bdf22d18ad152,historical_retained,8139,0,0,0,0,0
5d9b0521b79a3bf383c46afbdcad71f7233cb161e5b79d2d95cf5c0976b6e4ee,historical_retained,8551,0,0,0,0,0
c0fe89a243f22f51f76083937d8895d64d8884b843593623768063d8c18ede96,historical_retained,8340,0,0,0,0,0
7ff787e6780a6a054281e02a0d647bc9b78f771a685a40820bf4f345f0e70917,historical_retained,9596,0,0,0,0,0
f2b604b16e4f0e32462ac842c03013d86b2d543f42b068f4311e981a834a9e9f,historical_retained,6454,0,0,0,0,0
8bc8f65aef6c7bbb5e78e6ad9f5bc8f47e67fb1c2ef4cc4841efb255af3ea5b1,historical_retained,7943,0,0,0,0,0
f74383a1db4620e4e2f678227e2dd5431ee47cf06f9a8cd12bd3bad7ebf94097,historical_retained,10087,0,0,0,0,0
088a1953f384cc7cc55f89fb2dc6c49b8dbe23a99c79cea92970fd28b729ef15,historical_retained,9182,0,0,0,0,0
2d61146662787521288597833cd2742aea594df61c6b2593ef4229d172702a59,historical_retained,6861,0,0,0,0,0
651bae1587d36169fd1804e75784aaface89b0c1607c76d085e38a5bcc07f644,historical_retained,7428,0,0,0,0,0
492bda7a336d18d68acb386b3bc397509efaf7f53ce3fa7d397ded7c930ad51b,historical_retained,5968,0,0,0,0,0
2ee85190d5f3cc8e8180aa8af12a74a1896318ccf8f1606420f06c609d388b6b,historical_retained,6994,0,0,0,0,0
e923486f4d1e861ca262bba81bc1783c3eec62b87cbfeeb62bd3b846b471aae9,historical_retained,11320,0,0,0,0,0
ca1771bcfd86abaa4235acb99772757a57b4e890578f8c44504428b105034614,historical_retained,11627,0,0,0,0,0
9874a8611f3022c44e65204832364ba69859a05359c8cda0b26df4f168c61a94,historical_retained,10904,0,0,0,0,0
77d847dd70d3342bc40cc2350141f104abbd20fe3debeff214493f3f6d80530e,historical_retained,8633,0,0,1,0,0
65375ab538dfc037d6b973e9cd6e426912b9137d0070fda0bbbf83f9d17fa2be,historical_retained,7957,0,0,0,0,0
61d854c48937db1405ca66111232c777184afb242206d168933c87fd7c5e00f1,historical_retained,9057,0,0,0,0,0
811977d4fde1f10bd473628d16a93476fe53337911f4f03b116028aaf87ccfeb,historical_retained,8805,0,0,0,0,0
ff2094902486ccbdee15daca48858411d89a618ad017e76db21398dcbe82842f,historical_retained,8428,0,0,0,0,0
11c2c28e033a54b3ca6ab3361e70e590b693de8ea151d0ef453243f60d14482f,historical_retained,10995,0,0,0,0,0
3d8754f7267e39f5f90098a26c97b3667ec93ea28e55c64563500af8d13d6929,historical_retained,6523,0,0,0,0,0
5f046280f28f6e6b8b9e2834e82871342b35b58d3b42d44185e0721997c21006,historical_retained,8562,0,0,0,0,0
05dd84c3b70e042e37d4b826ab70e3fd870dac622c33024bc56fcf7a0df4df4c,historical_retained,12524,0,0,0,0,0
ff2d64b841174a64b4da1f7452e827a28010621c0e8029ca54d0d12ac46dd0aa,historical_retained,7758,0,0,0,0,0
e215fd41a2188822b61355f53fc354bd26c617b17715c8becf0ce29eef52fce5,historical_retained,5962,0,0,0,0,0
88a28c9c2c5638ff58900912c2bfe6e0c66bcc7538bf3015dc23861e950d2cdf,historical_retained,7786,0,0,0,0,0
ea7462749a1ddcf9cf502fc5459038746c45585e0b73575781ec07f4bc80fccd,historical_retained,6115,0,0,0,0,0
c074a40abea93086bde24445854b98c6d58f1356e88bad5eb1edcac67f3dfd2c,historical_retained,10431,0,0,0,0,0
25807827c1e6c9be07b2c47c82d44ee7d448e53fff70888929d7e649cae483e0,historical_retained,6269,0,0,0,0,0
23feeb54968e2ca051beec41e5be50c9cf439509e9485a344e4682a913405c5f,historical_retained,4518,0,0,0,0,0
6abcaa250fb4930a782d8fb074319fa9a2cead2a4ec7434b5a2e9b6cb68600f3,historical_retained,6422,0,0,0,0,0
6892b6f93c1e3dce80178bf0536660b58f04b488254bf14f51ee3ed96f904188,historical_retained,12832,0,0,0,0,0
7682cc37cd145f5ec5ccafba5892d3c7b537b81c4bde901f80995f19d2b398da,historical_retained,12064,0,0,0,0,0
30af2f176364651a3905d8ff6c79c9f282e5b34a3f68cd04d749b0149d1a4abc,historical_retained,13254,0,0,0,0,0
f29b5a01a79cc7d67cd46e27c76f7655aeaafd2ae4bf9431a4f604031db58706,historical_retained,9389,0,0,0,0,0
cdbb74cd600457fc3c3637c380c93f763f3fdce42e45c53af6949144a27b2995,historical_retained,9570,0,0,0,0,0
57e0f1577758204658e353d836aa5f0f9da3279f840c108333803464caf5174f,historical_retained,6616,0,0,0,0,0
469cafe857b18a8c9cdec3423b4027b626551fcdc7bbb07a8349559fd5b8b2e6,historical_retained,8514,0,0,0,0,0
f25bbaa23c3145336feb70ca8847029f04c40efb0197b04d794822ea2a3a8c4a,historical_retained,9062,0,0,0,0,4
edb2d606f22564f415470b680d367a35d0a2a7f8a4fb0434115e5b58b5d83694,historical_retained,11576,0,0,0,0,4
b47b72a70d0f0de3ccb051536df0ede9ae0f0b11147d9fcb345bf3a0d30d54ef,historical_retained,11503,0,0,0,0,4
ad8e83de52810f1b134f89179fc7ae267758a312f330f832519657a8f32c082e,historical_retained,8020,0,0,0,0,4
2899e13efe39a6c02d8b3a760082c559f748cdac883cec121379ba503835c3e4,historical_retained,9343,0,0,0,0,4
978f251c8ae278d12696d309c686a1ea8f7d9f5b9315216b08120aab9560fc1a,historical_retained,7721,0,0,0,0,3
8d1cc6e5efe4fe20f95b228c8a662ba260a3b97dab2c8b6c1d2b62e170421c8c,historical_retained,11472,0,0,0,0,1
c3ed055ba4af6f9b00ff79caea5a7c19261e2260d6e81ce9c9747547051f7337,historical_retained,6548,0,0,0,0,3
126bd911f3152aaf79a44782b4e314ebb7bf49d9e917a831a573efe852acbc2e,historical_retained,10586,0,0,0,0,3
f62c2b379f690bbe81c2d8728053a17e9e1caf2391bbe429b9e35d01f1505ec7,historical_retained,5973,0,0,0,0,4
1af276ee78f8e1542e33018a7b1495d90eb00548e17098847a1e17bb874bf1e9,historical_retained,8422,0,0,0,0,3
173d63f16a0e3349ab7461aaf9a85e8ee25eb62860a32705c27b525e90888861,historical_retained,5485,0,0,0,0,3
952e061faf483f6e1aa40daf4dce616fb4a595cf6c17de77260119cc5b649cf8,historical_retained,5119,0,0,0,0,4
cce97806063952516d17e9191c5299584aeb8dca45037aeef222ab0159807f79,historical_retained,7565,0,0,0,0,2
69ee3dd5c23e409234f58c1a41331ad558f2b054812c14fff9b5f703a222f30b,historical_retained,5949,0,0,0,0,2
8053e1dcb4d9be3c98bf6a6d3552b59be9ff57c729c010f933094ce715c91767,historical_retained,10322,0,0,0,0,2
b0f037cf9452001265597a989c7661c1c210415e9d688370b57626a26d3b74f0,historical_retained,10254,0,0,0,0,3
d38b31bbd3c3b64727d1ec2a74c60efc665d55c1ffd01f4fcfa295ca340042ee,historical_retained,5201,0,0,0,0,2
1e11543e5e64ef57cca1b9ee83e70db98e6567e3c636576a7ea7bb2f07fdc1d4,historical_retained,7164,0,0,0,0,3
20c29605e547ec58cc011398030e0ad795d6c36bdd621da9aaf38495418099d3,historical_retained,10080,0,0,0,0,3
db03665ff2e08c30745c1954fcacb6bf44035d12321e90b56c2bfe5680383b48,historical_retained,8376,0,0,0,0,6
58e1e275d9d506acfae0ccf1826fd5a10669ad6de35eef6932dcc529a62ad817,historical_retained,8663,0,0,0,0,6
c318904f677e9f9ebf57ef50adfd8702b49a756b704a2f8a80ce5aa39f4dc70c,historical_retained,7854,0,0,0,0,2
62a516a9e2aa6be2566beaa09294c9e372c77f3676b4f2a9bf4d2c51833bcaa4,historical_retained,8045,0,0,0,0,5
750c60b8e004f7110af21061a18872934ece1e96515e49adf054054d2ead464a,historical_retained,6983,0,0,0,0,2
2dcc89c00a41c883e56f878c394928f29d6616729fe0d20d0123d4679fd5e865,historical_retained,7897,0,0,0,0,2
3416a41287c9fef6a5189e1674676d9646145b07b8f593ea57a321205902f1f7,historical_retained,14032,0,0,0,0,2
0be31ae0d8de302fe3f13d77601e3a3ba86d1518bc875bdfa159853abb4d5084,historical_retained,11395,0,0,0,0,3
e69370377612ce9b50ca5f459d25cdd6623adb33b4b83b1880ba1c6f7a529dff,historical_retained,6647,0,0,0,0,2
3ab37833a37b5c8f1f1bb127207f1e64e28a82d1d081cfcbbd6f7149be6da7e2,historical_retained,13749,0,0,0,0,3
a94d6197c12044bd11de5e0a6f25cf203f08274bd83b4976dedb0a1ad54e1837,historical_retained,6058,0,0,0,0,3
f31345920e9fc5d44ae4ab64448a6c8dd9b24b4e9d0eb0a2e7af9775b07cb7d3,historical_retained,10958,0,0,0,0,3
c6850dabe606a30952aad0c2e680c57b1e3b00eb0c828e56fa232affa18dfba5,historical_retained,10154,0,0,0,0,4
56d0d82e961872396d9dcf196eff0c4915424394a3b5eb741f017f905701de84,historical_retained,12486,0,0,0,0,3
e9ffd39ae890ab537d9cb6741389f5a332600128f3f09eba570dbd70157fe0a0,historical_retained,8566,0,0,0,0,2
7fb9c8039af65b618be85ec6f7e4d309bbc30d278ab0d7a1b5d4eeb7f9193c34,historical_retained,4492,0,0,0,0,2
a99571a957b2a45b64ae3557caadfe3150c14928170fdf002b43ae88d5c77284,historical_retained,8545,0,0,0,0,3
21557157110827842c92980bed256a9ee08967012d36a1ca2d7bc0cafa09f9ce,historical_retained,5710,0,0,0,0,2
0158a5aa06c870099c496183e5e2ce1419e321dd8f2b950fc63b50957904ef0d,historical_retained,6455,0,0,0,0,4
87244e964cb1d934c09688f4cd1f3610bf4dd73e9856ea3546cb5beeca91d254,historical_retained,8793,0,0,0,0,3
574d5c18d54366f23748e848cca9b3853e29c762f4edcfb54a60af3761d5ab05,historical_retained,7927,0,0,0,0,5
5c0a62bb2118d32b69c5884278ec79c0fdababe546b859edae39fad681e04f83,historical_retained,8195,0,0,0,0,4
9d163785f589c4252d8653ae1753c7e4046aa1bc3aa51d7434e3bcfafed9bb2e,historical_retained,8667,0,0,0,0,4
c42019508c0d8239b8c0c193a3bf738346b9c671b67d8dd3ad4a86feb75a1494,historical_retained,8379,0,0,0,0,2
876b61169fe09d356815d082670538a3d038a1dc79c022c3437d77d137d04026,historical_retained,8418,0,0,0,1,4
cde21d111282c89c5616c8848d8ecbf5f346178a9db1f0f8dd692b0870e24158,historical_retained,7430,0,0,0,0,1
04407a35d3de6a177c33fb29f6d2c8e76cda50988fce15c37c41e8dccf8c0954,historical_retained,6396,0,0,0,0,4
ee90a94bbd2812e64f52f04a86f59fcc0fe9af5bfb44adaccefdf4c2dc9bf14e,historical_retained,6450,0,0,0,0,4
691dcd127f5e9b2a518d698a02bef05406548ffbba3222179478dc9e26ae4f9c,historical_retained,6304,0,0,0,0,3
cc98dd620dca622a25811245abfd52093c693c82d5cce3b031484df23af48520,historical_retained,7203,0,0,0,0,3
4f17d24310e971bf13b94b9acbae88d5dd77a800b30585b08b3bb03fdc0845f7,historical_retained,10377,0,0,0,0,4
42dd4e22ac0b4f352388a6a0f50700ff06fc995251192cf548570c28c3d37aea,historical_retained,7472,0,0,0,0,5
004333ca6de01d4011bb0e2c2b469fa4f9b35c420bc01a352f535bcffc573518,historical_retained,9483,0,0,0,0,4
2766387307c1e8009bd9b1b0e6d801f7e63cc6162f93421ca9a479991b440d0e,historical_retained,11436,0,0,0,0,4
4b9b0b536cede9018e9bf3c524a98afabe691620d1cc5f32e6eccfb11930846f,historical_retained,8318,0,0,0,0,3
10204ab4d448bfc4b6d1c71562a1e3e8e13f892954d7a37d68b3186381a60c38,historical_retained,8924,0,0,0,0,3
a9641923aebbae54699cd0a4fe8d893f0e71ec48d5aaa0f3338080547889c392,historical_retained,4711,0,0,0,0,2
34f8de4ca8bebec9b4704708ff1e520326bc57aff041cdd01b7f2f3d2aaccb32,historical_retained,7260,0,0,0,0,4
de99018eaa4017846bf30f3ef65fbbd790a014b9673a18fa1e44040119fa729e,historical_retained,8775,0,0,0,0,4
e025bc3222d759aeeaa566759111b2448414641c7306fdc0fd40c9b7bbe4a28f,historical_retained,5804,0,0,0,0,2
e939bbb77270485683414b83c12be1d8b18d36d063639b754abca5306e2fa789,historical_retained,7277,0,0,0,0,3
01a95918a748fccdc3e9e07d29017c57a6f0b0c7c71a6133dfd826a06346ae2e,historical_retained,7156,0,0,0,0,2
eecc53c0d2ee7ab67433c01fa17d2334c53b191dce9f08b5c7edc8d24c521178,historical_retained,13829,0,0,0,0,3
ec86d3268b91a187cd2e51142168ffc27dba37eb0ca595e8384bbd4ec5226041,historical_retained,8215,0,0,0,0,4
d2c57be04423fdbc8101f64e653ef0f1a0a5197e107354bf6d40d5cf83a78901,historical_retained,7624,0,0,0,0,2
9ac5bdfb5853568f7637518975a7c66c42b766586018b893eb52f7df2b196a9f,historical_retained,7545,0,0,0,0,3
bfc84e549f829b6da074ecd957034353d8a019a884b95e59fc8a390b5fc6c7f8,historical_retained,6819,0,0,0,0,2
30db612cc4ec31ae1cf0253022e694484f01854d7b71c62a90eda9cbcc0e5726,historical_retained,10704,0,0,0,0,4
6727196b9de7dcad4ad0cd7c8de622a3bbdc6baf1e04903c23718ecb36b19c1e,historical_retained,6828,0,0,0,0,3
009ba5490836d6e521cb111076da88228dd135dc4b29e9bb3e01cd810ac3abfb,historical_retained,6465,0,0,0,0,3
2601f45b7cb89fdbb1df9f0536229b0b472db00bb114828d33077d575cc62353,historical_retained,9256,0,0,0,0,6
5bbee71f7fe149ca9fa67ca84f3e097abc1fe461fd859cef6e57827af5f6ee72,historical_retained,6521,0,0,0,0,4
3ce7678929fac22bb37c25151c7d683489434514e50421c42aa9a4154968f332,historical_retained,9206,0,0,0,0,3
d5d855937c0760c455fa1a671efa93fe6c8e12b8411f4b4841af186e78674cc5,historical_retained,9556,0,0,0,0,3
b2d301efed4d89597716ff5cf491c612d9f93c55c57c07654809e41aa9d1e364,historical_retained,6586,0,0,0,0,3
b7a783c0f457229f4e9ecd9c3342174c0885e077e6575500209c0a6a2fd26378,historical_retained,5516,0,0,0,0,4
789c31081a383aa5f1b2a10c65b565fe7c3b9b4de3e41463af1a6e430d21f0de,historical_retained,7881,0,0,0,0,3
53808ede9041cd904efe5ddf3ab51c2f88eba9f33311c82e07bd54d9abcc42e1,historical_retained,8688,0,0,0,0,2
3a5f20b87a78dec4bb4f909a9b0ce4a232a85f72bbb88fbcca98e17013a538df,historical_retained,7310,0,0,0,0,2
c69136ca49fa64eafd56e2fda9f18e25eda7fabc9163507e60766dce74cd0e56,historical_retained,7449,0,0,0,0,2
abcb33d45ddd45d402f062ce945c20cddf80c8df066f2c09c3305fd8637194a2,historical_retained,8749,0,0,0,0,3
61134e2a67096b0c3931f2d12c909025e453d85fb254db2a33f9745e9b2206a8,historical_retained,8312,0,0,0,0,3
b96ebab504dbf15fb717cf98716688908d9ff82b39bc35f20ed4170b1a304ac6,historical_retained,7947,0,0,0,0,2
eaabdc54966fe53cc7860077728f8c202d0e30919531ec65fa066022b9fad7f2,historical_retained,9701,0,0,0,0,4
17254f8e910393f267602b9e470ee7b9a31d7c84386157f1dc0bc496999a8441,historical_retained,9890,0,0,0,0,2
51cd79c7cfc133bb3fa5cc5c0f18244352d491ad7aeb1e5c7dc4d7ba2f5605cc,historical_retained,10345,0,0,0,0,3
1888bf8210bb40013ef088af05ba15bfe4fb03944f9fa24621ee2bb9a2315506,historical_retained,11685,0,0,0,0,7
7fa24cab20d15f72570f8258dbcf4d022ae166e7aa94f5dc368699b5f865e1d0,historical_retained,4414,0,0,0,0,2
06f4f362ec85937436a094d932be9fdf58166ba4b76528ffa4a0f7fe2c681b6e,historical_retained,11676,0,0,0,0,3
236cc3fc8af0936e3925d286b49822a1693b32179fb3936832f1751e9b3d7178,historical_retained,12638,0,0,0,0,5
d8f378ee16aed1b15797ce9baf3f748a96a6cc6b8ebc2ccfad27f97589ef884e,historical_retained,8869,0,0,0,0,3
2fcca4d23472f77d6472087a2fde371623b8f17b3e9b27d7167337045813a24f,historical_retained,9642,0,0,0,0,3
a41861ec5973c08a410088721f05abb736af9b5a23e3fed53b944b202de86a1b,historical_retained,8535,0,0,0,0,2
635e204907181bed732db825c92d91988216ac0e24700721b8fade655a9b6f39,historical_retained,12993,0,0,0,0,5
b90f40d9fba596082ed9feaf77ab8a0d2513e7075a5326c32f9fad2326fef55e,historical_retained,10123,0,0,0,0,4
2805ce799806a7d8f0c3222058c38b0cb78b79f1caa49724b66f2df12c196453,historical_retained,9102,0,0,0,0,4
c1f75f1cc2ec7bf9d09fbd818fed70d9eadf7ce3e470da6e2070fef40b036eaf,historical_retained,9220,0,0,0,0,3
2df21b05ecc3b345cd21bf53962b4ec1cf0a8029f0146a3a1a16f433abe82a47,historical_retained,10632,0,0,0,0,5
5d09359ea2bbb401c4177a86ff971ed6ab21728a997a2689c7d3d8071518e80a,historical_retained,10615,0,0,0,0,4
0fc2215666c49c196e878fbff0053b279a860e412ccbbbe6fc28d2e90355113f,historical_retained,8495,0,0,0,0,3
c2083d22cb4c87dc156f7b25107f1b9643b3f4b8b92acaba5ad6a4ba4c8e0747,historical_retained,7166,0,0,0,0,3
536b963895b5b846720ea46418529f48ab06af2578df0606e43e13ead28fefeb,historical_retained,13132,0,0,0,1,5
f579dba56247a2c8b121c4ef7cec08fa54d73a6ad616fb639039bad6957933c5,historical_retained,8230,0,0,0,0,3
7b3b52a95b57e78a43b9637a6948937445f1f8e877e9aa72848f406393949435,historical_retained,10527,0,0,0,0,2
590b3bbcc96017d3ed78e14bb7c533ac793f9e96e40c5bc1ee5afb8c8e54e2d5,historical_retained,9382,0,0,0,0,2
2c3d9ea3788c169c0f577bcd8e6a0ab0996cb6c0f40f8c06933823c672871778,historical_retained,7489,0,0,0,0,2
380e8e09e37a770796b087e7b0246854a108150991d9a763a6534b0a239135cc,historical_retained,7537,0,0,0,0,2
1686f9382b6e665489767d47b415ffbb75ce1dab51f47866cc3c853aed21ddc8,historical_retained,8402,0,0,0,0,4
a8c0b1a2a66f6516baa22052cd00d6b69841eef62def17735269f3e26504b0fc,historical_retained,10774,0,0,0,0,3
d0a1e653c893c382d01188ea32814c5aded728a5a777cc4fcc40a7d2ff323c88,historical_retained,8039,0,0,0,0,2
c9fce5dc305b53061eb1fa956b2e5f210b5fc67424b68caa3504e17d15e25fc4,historical_retained,10544,0,0,0,0,1
897b8d9093cc92e49857742ad6be3ad23d4b098c7e8bd9e9de89e3ad0be50391,historical_retained,10412,0,0,0,0,6
d4e6a0bd17e1c36f7844da5726ea3660ae824d3aab94f726e6ee9c47ecfb0348,historical_retained,7396,0,0,0,0,4
e206ce54abd5c8baa83a58597a8e9fbf9cd211b589a1f9ef6479909f9f0566d1,historical_retained,9920,0,0,0,0,4
9434f28e248a1af00a221f5c655b6ce3bc15b8d2d7db16356c92ea4fe5752d18,historical_retained,3785,0,0,0,0,1
594597cab6b9f561609c61dd15530c7bbc1857cb8c955367e7e349ec175b973c,historical_retained,8930,0,0,0,0,3
fd275177fe429c3ea786b0107b8ee2c282a407d8a8f3a425bf5297139d480bd4,historical_retained,9393,0,0,0,1,2
a4cb338f854b268b888cd406166fd10754e7c5b53995b1d42bd85ab82da08588,historical_retained,4561,0,0,0,0,4
bcf759af133bdda9abf8d3c51d38d5f5d738fda7c97c166b4704b0e6b2907eb6,historical_retained,5366,0,0,0,0,3
052367918fa4beb68496568a4cdf982b3bab751b28a4027d713c8c177008cb6d,historical_retained,8042,0,0,0,0,5
0d58cfd5498ee2563356fe444b48bdc8a0c5a1149f5768a985012d5003ce2f32,historical_retained,9949,0,0,0,0,3
211c152f3c231790e51a834dec7f32eebf0b681f64425b3a92a2afac5a5894e0,historical_retained,11866,0,0,0,0,5
99121ce971e7573e6f92f8d966a8a6fa33906c3bac2aa46c9619094a61c77fe1,historical_retained,7169,0,0,0,0,2
125be3b20d6e0ba28798c282413165e0688838ff499159e47aa1136fc9dd45f3,historical_retained,6659,0,0,0,0,3
65fc7d820f41b68049afc0a0705dd0cc08d00dfd8ef8ea1e54d2c73277bfa295,historical_retained,12355,0,0,0,0,4
1184545aa5eef26b17e2d7cf11370b8a2e9188607244721185a94a713d83ecfc,historical_retained,10695,0,0,0,0,3
ec71f46b9255f914b7d78471ee06151b53b491690d6b48811a2739d3dc515632,historical_retained,10331,0,0,0,0,1
7d57a1efe86b6e2aa3fdf14df35a40538c2c874cbb7408ad79e3679e2643b047,historical_retained,7331,0,0,0,0,4
b7349d2ff60c5ea65712056a89b5e70076059d71770d65477e4f15f99e773c56,historical_retained,9116,0,0,0,0,2
c5a01d3b0fc3c528ffad610e93b65d4a861873fc17846753eb493be495842673,historical_retained,6820,0,0,0,0,3
736675d619577f554f265cb8e01c75de04db7e104dd4dd2e959ee2bc79e002ca,historical_retained,9094,0,0,0,0,2
d381274558757fd4a248516a7518daadbd71e4d684de2082ffe200f5f09cce48,historical_retained,13451,0,0,0,0,5
c2bd93f455482e1ad8c65bcd34cf7566512fe3f5be747238c5859d8ef21e3579,historical_retained,11481,0,0,0,0,3
bdf4f75effa8c4eb853632760d9fa6057aa3eb317bf27ae59317c3c2e364ee85,historical_retained,10041,0,0,0,0,1
4e2b6e8adeade8f559c0da6d429461c538da6ec02491eeefe4b8edd90eea11ed,historical_retained,8716,0,0,0,0,2
c689dc4a2a9bf62492b134586538115f7b6432a8821d2b4b91acffee87ca082a,historical_retained,11893,0,0,0,0,7
ef71df56eca31bd3828c80b26a355b44b2f62e8d4ca7460f67e9c4747abf5a22,historical_retained,8417,0,0,0,0,3
e7ae301dc1ecf1f43fd4b39269f347bada57700af14fbea3045d5d97d0ba0aa0,historical_retained,10533,0,0,0,0,4
4e97d4670903f9c23eb153fdfa4bbe24fa84ad78c39d2e042bd63f40f0036052,historical_retained,8722,0,0,0,0,5
c38423897fea66d93484de07072b75c0094292c02d33299ca66df55289eb3890,historical_retained,7527,0,0,0,0,2
d102c8e3cdbb837eb519dde852d1c5759594c791992bec20fbff8775811de68e,historical_retained,7762,0,0,0,0,3
06b4ddd9127bdddfb60b94d8c1dab7160482e804963d6e05cb02df50272a311c,historical_retained,7318,0,0,0,0,3
d3485fb658db3632ee20d4efade0f24842c58e210aa3f5667801f84b23d62948,historical_retained,9589,0,0,0,0,4
887fc450a61222487810a1b9076fa6f4e84f8162c1da458ed57d7c6bf77c5993,historical_retained,11806,0,0,0,0,1
82611063f9257d8e0ab07efc7e99c8ed4522b89f6caf878f87a5e8e9e776eea8,historical_retained,9654,0,0,0,0,3
9d6e4863f1979f3acb0ca971d8528927647e39d2b4383f538815a39e4c5375d6,historical_retained,11435,0,0,0,0,6
d907a6f719d75a57317c610da0f2a00263b5e4702a74b33d4a155d9964761bb1,historical_retained,6987,0,0,0,0,4
cb7936bac9d653c74dd21412377b8c7d9b628581c3e92a542b9353c484e2e133,historical_retained,6053,0,0,0,0,3
e6f2a6f75af0dd4ed72426205457affb30bc75d340190539fdf63c325aa6d0e2,historical_retained,6095,0,0,0,0,3
9e282b9d631b394b6edc8985962a19349aa1a610e2be7b6cd5312a222184831c,historical_retained,14301,0,0,0,0,4
a7ff4cba677aef84d4e5b0997650c125fcf85b9fe5fa4aec30d98dabd3248172,historical_retained,7202,0,0,0,0,3
7527a788a97c04b2058eeaa019728eca043d2c154424d1bcd5f5c5381f38e135,historical_retained,5797,0,0,0,0,1
ae6461f2eb1d919f064b9601679a9c48d82e6f8feae8cbcf5ecc962f3e6e658e,historical_retained,9922,0,0,0,0,1
7f93064000d0c7bd79efeadeb779199c66c3f730722a5d17e8bc6845565a4da3,historical_retained,10793,0,0,1,0,1
b064b8e606b99ca2641a7b578434a5ca5932f4431236353a1343a65933b367cf,historical_retained,10746,0,0,0,0,4
3bf3c4db37eae49e737d2f5ac91076025cf671014201548652acf831092db247,historical_retained,10136,0,0,0,0,4
d61c493f24a699636982c54d6c2d3f8aadf431789a28cf3011bd95d5d6da474c,historical_retained,6921,0,0,0,0,3
ee940de5dfcdc76e50d00f02024ce0a381a85e0fa038db201d729fabb7b4d2f3,historical_retained,5284,0,0,0,0,3
fac92e3a5d72bf07a2448b73233e0aae54b518667d2300bcb5b132dbff7b1312,historical_retained,7077,0,0,0,0,1
49edb5e1b4393a85a5e8f6ef0b713d6aa8f990b4e5667f3481ecb8aabca870d0,historical_retained,7633,0,0,0,0,3
93a3f8d4780a8a656d67908bf0d4ac0fe531efc510d5b620ac0f7fbc6aaa2e41,historical_retained,9400,0,0,0,0,4
e0ee70fa4757b181865ba4bdcbc30c2666246096756c094c47b1b9b25e060e0e,historical_retained,11557,0,0,0,0,3
a8bd271d42ebd49746f82561641b3de596fc6a0b61a744e59c2b96bfda3e3ad1,historical_retained,9984,0,0,1,0,3
4db1dd11cad3942b3724b656cf348e525d9c569185a7342c0a9244d31332252e,historical_retained,9313,0,0,0,0,3
ab555ee73d3418d2199f5803235687107f4ee6d56d4c544bb29f37e76df2374e,historical_retained,10988,0,0,0,0,5
62a1cf4899114d40ebb5cad6708f6cfc831bb605206baf0fddd9739aaa988ba7,historical_retained,10695,0,0,0,0,4
ed8cc8d22a2609ce66920268ebee276904d2c820068183d0d19666c055b71ef1,historical_retained,7913,0,0,0,0,4
fc727d96551d53b78ebb0cbe2905cd0e1aa48a75cf1c6871c9eaae107026fe4a,historical_retained,14601,0,0,0,0,4
4a9bcd08c8e062f4997019e2e2aa0fb143c282428662691cab1f7fe4ae096b12,historical_retained,8512,0,0,0,0,3
143599f4b2395a73bdfb380200742397b4010ee5464459b12fef5fb008a2c766,historical_retained,8626,0,0,0,0,1
a01cf9f9a7caf65774bb74771fd6cbcaf5aafd25ca0be8f3a369dae541b7846c,historical_retained,6334,0,0,0,0,2
e39e26221b3f38fd943ebee92102c2b57eb2fff0c34be1c5c963be3ba8dd2985,historical_retained,9521,0,0,0,0,2
512da248a143738ec26ff46d307b3851b03fbce76e425270087b835a78e7ee3d,historical_retained,7942,0,0,0,0,2
c99e9dfbd03947f54b19506fc12ec1bcb6f16f1f91e2a0eef6af5c0ea69f5060,historical_retained,10475,0,0,0,0,4
665987b36b7aede860d5f4ef2e46af59c41b9f0bc7f4911370c119d2556fc420,historical_retained,9534,0,0,0,0,2
c50f46be3b81dcec04345ef59f61ce672f7696eb0daf4f43c2399b4bc91c4ff2,historical_retained,8959,0,0,0,1,4
01e1f8dc06f8caf9ef6e52ef4ac7ee5c3c7ad6c7dd6a1e628be236ac88179b78,historical_retained,7270,0,0,0,0,4
eb98c342e7d59ffe05de5232f2004d2546514c6bc096fa089f73b768058e7007,historical_retained,13961,0,0,0,0,6
a2a1985160d0f27afa6a6ad24c72b8b6841673d9d73d9a43c3efea79478d85d0,historical_retained,5080,0,0,0,0,2
6d65cf25dc3b9beffe5fa99c6fbe9f3d6d909f5dbd87c143ef8a2d2e705df84a,historical_retained,8755,0,0,0,0,4
37311285891e46214a03a6a1712ea21666bae0ea2ef53cf51b1093d26adc9d43,historical_retained,6677,0,0,0,0,2
36878f7ed0ec505dbc8909c2fda45ef006e611fa5bcc2add7a590c81976bbcab,historical_retained,9825,0,0,0,0,3
61c5800481329afa0149ad74083be032c9e82869e9a5589d865c286795de83e0,historical_retained,10703,0,0,0,0,4
42b5ae5ee64adb7492327b8c9e4ec63c97201737b96670fa33cc852937b8540e,historical_retained,11632,0,0,0,0,3
83a6a78daca17124cf88fe83d4aa7160628a1afecfa9926f4badec47a3fd878e,historical_retained,4786,0,0,0,0,1
9ea6038d2bf8b6b96ca603c1391df598950af1fed1f1f012cffe8909d0ec3e3a,historical_retained,12459,0,0,0,0,4
add9e6c47ee82606285ce1e25d2020e2526db14c98954a165add78a447f9e378,historical_retained,7054,0,0,0,0,2
9acc71ce57fe49102977b0ab9c5a3fefdedb8e418773c9936dd698e3193f0022,historical_retained,8983,0,0,0,0,2
1f6436b654ef82342b5175e848ebbf21b8f82f214bcd1e2de211de0cf45cde27,historical_retained,9055,0,0,0,0,5
bb95ad680aa8d7c59c8b07eb87e37f1b242592cf8c12bea63467e7e410131c60,historical_retained,4877,0,0,0,0,2
8b4df44544e739eba7ff75e083283bfa1042415508aeba099da001052b094890,historical_retained,5893,0,0,0,0,1
2d7ff2c26cf5f25f8d983ad5fc90e92969f7f51aeeab323c5b79271e7ef7aca1,historical_retained,11029,0,0,0,0,3
ddfb8eb3dbf86338392e750a929d219adee0f296a379397a968554a0c7958103,historical_retained,7457,0,0,0,0,3
b399d3eeedc172ae87c62f40d6d1535a85793bcc62df88bb0e192c124d6ef580,historical_retained,5909,0,0,0,0,1
2781f7631bc0bda026ab9bea88061e5fa9970afbda1d4a4e82796b911b9f613d,historical_retained,9230,0,0,0,0,2
db4e305c9709d57fc2e6908c90874d80da4d92f3e2d70523728e7fe58e39b20d,historical_retained,10585,0,0,0,0,3
b5ae8dd2d855a49f16e56ca445d54bb599848f50454bdf5a0f0641775a5a4d5b,historical_retained,4814,0,0,0,0,2
23a103f872ec482c8ead861291389ea4cdc51de0870bd0b64048efa33394e738,historical_retained,9325,0,0,0,0,3
c8852661f2c116445d4fc349c96cfe1415dbb5c4391349a13af70a1c93be1862,historical_retained,4626,0,0,0,0,1
b3bcddd69c81187dce4478383f131af39ae03548bee5389e2e5486e0f1429f6d,historical_retained,9096,0,0,0,0,1
64cc94438b1713f4300959af6b2e13df23835c71b91623d23bbf7f468b978731,historical_retained,8153,0,0,1,1,4
ebfa4f3ae7d78992b4244966b0e7b6c7a573cbe89f4347d5a06f4c78b4e285b5,historical_retained,7359,0,0,0,0,2
7fa9b596d62fa19c78648d6d53e14c07722009339129bc50023e4ed3f35da2bb,historical_retained,7603,0,0,2,2,3
f945f6a3f45168f12b7f01d5e965493c479a37e3a7f0ad5b4f4acab596ab91cb,historical_retained,9022,0,0,0,2,4
d9103f4d492ffa6a3e1ea974b6136e7d018f730a0ea96ec58bfa736f01a06a10,historical_retained,7838,0,0,0,4,4
63a90ec650f2364b5ac40282a2b26b98196b7891faf8865cb6dcb1431afc63c5,historical_retained,10899,0,0,1,4,6
21e08aa60d24ed9d6c1341789968da4945170d918a27496163681da116e77c7d,historical_retained,9747,0,0,0,0,5
6733de1c6880e7dc4e5969f13529a69c89a29daf895930294cdbfc9db13a2bfe,historical_retained,8689,0,0,0,3,2
8606b050c3ba3ee920dbcb93d54a34e1552c05a18729b89878b05dbdad15a649,historical_retained,9566,0,0,0,2,6
1824f07cd2adcf28e630351b5f54af8e2c5b11e7a4be274a78e66d47a7a4d1be,historical_retained,9903,0,0,0,2,6
88793185c499e3cb5bb2093c1377b533a6218a3b1d77e9d3a390f4bda22521c6,historical_retained,8323,0,0,1,0,6
0e1d4f7c4797046c47188cd3fe4caa5a23c5c5dcbf5b59973271bcf4c1fbc1cd,historical_retained,10436,0,0,0,1,3
164b7b11b68bd25158f0a72d1d88e8fef9529dc89f74b796754dd9858593c893,historical_retained,12059,0,0,2,5,3
4a70c4c9ad57f181096736fa608118630b5411205bfc1aa3c7df039d623745b8,historical_retained,9265,0,0,0,1,4
82f1a750fc770c07ab3657018c081f480e4a42fd5fb1081e438033ea97926fcb,historical_retained,8879,0,0,0,6,6
56ba0afe7a589f6c005a4e768d87aef75c6fe39bda71e6f9a0e7206cc44635c8,historical_retained,11246,0,0,1,0,5
b03546a9cb9068359b60f664b8221ec16761a7a7709e37cfc46d20b2ffd1935b,historical_retained,9373,0,0,0,0,4
13c34d8bb6bbced2e11533085969c283f9473b05d553612addfcedf36d8e08b0,historical_retained,8202,0,0,0,0,2
ed27704d9e5bcd506db65a456e00252bd622587915b6ffd36c7151dfeff09f21,historical_retained,8069,0,0,0,2,6
65a770572cff135766a7d2b1b5a9ea7a497974f96cdfdb5da228b7346c898706,historical_retained,11644,0,0,0,1,5
527783224f5710fb5f859a65bf84ff8b21f4de804af95912798aa515caa14a95,historical_retained,12200,0,0,1,0,5
baa4f23fe78224a89a061fa6d3e7038dc476129a6343c5b2fac2035b2c6b3e53,historical_retained,12804,0,0,0,1,6
e5c3209b7cd2329d38bed7fde70ec6e52e81992bd3cd3b4606947797f41f09b8,historical_retained,10988,0,0,0,1,2
5ace5d78321f78a889ec0f408441599ecfb72fd260f3785bb49eea4da940e5c9,historical_retained,10165,0,0,0,2,6
b833266366076c6831f549e64f8e3f55a8d02433791317af0fc52bfb65c00c85,historical_retained,10286,0,0,0,3,6
4884381768d4a6f4c48984ae379859cafc8beae8af86d31b72f295b9dbb07f59,historical_retained,10410,0,0,0,1,2
2748f3fff1cc9a618e4ed80377f22e40dd57ea548084b7ab9be4225745bc8a5a,historical_retained,7530,0,0,0,1,2
b9756745c9381c625946ffda70dd164aed3587dc35ec6b95e3fb624c4576936a,historical_retained,11484,0,0,2,1,4
f1bf7b772637697d11023e489ceccb72362f91aa493bcdd4724221acab7500cb,historical_retained,7573,0,0,1,3,1
968b99039946a82b7bb1c2b98306aa503c06777890cc2adc45061e690913c6d1,historical_retained,7984,0,0,1,1,0
c8ebc70172a064ae1d4478c2720645afb6720432b87aba5e4beb3c25546f00dd,historical_retained,10197,0,0,0,1,4
3ce7d808652afd6c807016d00591c20184cecdf8d452e0ebe3fc717070a4222f,historical_retained,11919,0,0,0,1,6
401d703f1681348cdac025289d2c8146f0ac632e7e935764c270cd3e91a56207,historical_retained,12250,0,0,0,0,3
9991431bd85ab9b108fcb1f4c80312437de6e30e99d2f2edf20b602d43f4d767,historical_retained,8773,0,0,1,1,5
49ba877d634f828cbca4c083751142332096e5da79a8969bfa4317cbe518fac4,historical_retained,7450,0,0,0,1,0
1fc9323390cf954bcf1ae327821ae152fc5cc0ba609615350465205da3b1364a,historical_retained,10038,0,0,0,1,4
571ac4a2ca80a76b0712d9862c21f1530e0f91c44a033dd0c8a8b7bb2257c96d,historical_retained,11921,0,0,0,7,8
9f2e59796da43e1030e87eb168fbe2bae0cdcc5d7ec1b7656509cb7e88690aae,historical_retained,7810,0,0,0,1,6
c1b1f52690239cdfbab4b11e7a075998a93e1e037fc198a83a3f130f6bc5df26,historical_retained,9185,0,0,1,1,4
600ecb7fdf98923967b48888f17e6c60c666d407d05ce4e95b545f7617332d0f,historical_retained,6412,0,0,0,2,2
209fbf41ca2fc31f3f6ec2c3edaa716aedb19b7df45a7d8f3ae35ba2133f6664,historical_retained,11106,0,0,0,0,4
6bb3be269d4f44f6b925c1988e7bc79c5049144e1f9e2e7d8ad39c208342ff96,historical_retained,10620,0,0,1,4,0
e3f28c22370363df1b4febecde051458dc7bf58e3629f53df917ecee6c6764e6,historical_retained,7902,0,0,0,2,3
0a6f52abd42e609f54492d6f7b4014e605b35cf2165cca08debc6d07f73aece9,historical_retained,8900,0,0,0,1,1
7c9c155528ba80412195fed4738dc5ca84db627e625c970c2d6ff6b5a298ca2b,historical_retained,11673,0,0,0,1,3
48de316229e6b47577ceb12b68f853b392e84b021058603a75fa15c7055f5e11,historical_retained,10144,0,0,1,0,3
939b6fce1822115e8aa9b50809a5c4106d9310dcde8ac656076f32cc4281dcdd,historical_retained,8801,0,0,0,2,3
e0a94da93ea3374be4ad54ae3fb574abda9ff80a79e835fbdb1e72b187cb7e99,historical_retained,9774,0,0,1,6,2
3e62d8ec16158892efcb62f2e8b3871fb1aeb94c34577b3387495f91338f31b6,historical_retained,9377,0,0,0,1,8
a325f0ad6df2cb3bb5d0afd36604e7a3ead279d5290e32d4dca00e8db2d60a90,historical_retained,10903,0,0,4,6,2
b9ac2227d6812d388cb6ef3956475fc43178b9c75693e3a79d1a7d9fcb2f6e23,historical_retained,9995,0,0,0,0,4
1540648c4fa03c2352c78e3230ebe65a7dcb6c935a1f71c0f69e8170674f89a7,historical_retained,8346,0,0,0,1,1
eec6aa743398a8a965f606414525aab629c10dae81fdef445c82f9c6a91036b6,historical_retained,7902,0,0,0,2,2
24ae7ecdaff20f8a985e0aa00d3cfafa794f6ace59c6ea957ba76e3046c81c7c,historical_retained,11235,0,0,0,7,1
de0d3c95e0f21c991b0563ad4febf02263ec6c8b7193920f77705373ca41e910,historical_retained,9338,0,0,0,1,5
2fcbf8fa306e74f75f2093f8bed2cd0c737c01e2564a7869e9757ce5bdb27e7c,historical_retained,7842,0,0,0,1,3
348fe78ad191c39ab8022dd94b7975b8f02207d2b339b877c343c68c91195439,historical_retained,10847,0,0,0,0,3
22c7f207a45e0441b254473a8e92146fe902a951a66df9ff7b60966de491a3ac,historical_retained,9770,0,0,1,2,6
ca3c087d44665c0335742434ec7cabb6e714eb324b4bea4398c7b94525adb948,historical_retained,10212,0,0,0,1,2
cb7bc4d556877570618e9f4f89422460d1e1b9e7cde268d5d8b691be4a998edb,historical_retained,8618,0,0,0,4,2
de7fbd90ad60148153afa02a9a441397e4083a379d34ce4f10a3a288c113dace,historical_retained,9104,0,0,0,2,2
c64d1dd2d4be4d76181d90b4b56d5233220c6f8228b32ad7afb8c611ecaf6934,historical_retained,10884,0,0,0,2,4
80b78fdf0a08df369f048aa1d4f775685a5145deb6749e1d00521a99dbd7bda6,historical_retained,10516,0,0,0,1,3
13770513a84960a899a0947af98ae39507f5bac1a790a22aefe0f62bec20b617,historical_retained,12813,0,0,0,1,2
90a15c1ce0f7619486a3169227c9edc940bffa83ad04ce58d3b533a70b77b19c,historical_retained,11852,0,0,0,1,1
ed1897bc77d8badfca3aae90598fe45d03d8f6987386f20f5b91839651696500,historical_retained,11930,0,0,0,3,3
08d4bc75e6f3514eece4a3a51a786a73379e59470c4b1479ea18113344493f54,historical_retained,9572,0,0,1,1,3
312d973a54b67ab448683c37584d9f881247083b387f21b35c328ab5a0ff51e9,historical_retained,8172,0,0,0,7,3
982a41bbb4754fe40114c3cb1414d55e2efebacdbbc4094770fcca80e074a7be,historical_retained,7889,0,0,0,0,1
dd383d55ebe3896da7262bf655c3496392acca33a7f9ac97b9bfc8d9d13c00af,historical_retained,7364,0,0,0,1,1
7f74cd6f1319701a7eb714404ec8658fa1998017a0689eac7717547a7d58e56f,historical_retained,6879,0,0,0,1,3
7670f59f1c24ee82d769ebfe83cd3eeb7a04577bcf0e7f8306ae4c424ab40e2c,historical_retained,9176,0,0,0,1,4
65406e97ceaa948df93ee4a6a30034790967053d85ad85c1c3ae2d7a46d2c4ae,historical_retained,9148,0,0,0,0,2
e26a1de28a2c9c4affea62c488014b4a7011eeac413f4320bbb289d2985fa901,historical_retained,9372,0,0,0,3,3
9ec19e44261808c8041a2df1b57221b3a1038d51cb85e30f136b2b910f24f701,historical_retained,7599,0,0,0,3,5
09f24659eb393d822952175fc3a87493c222fa80dfc470c80435c1eaea397fe1,historical_retained,7264,0,0,0,1,0
0e80dc40eea2f1b2f1eb40df7d591f77b584fdda6439d13bdd5a74a744354894,historical_retained,10749,0,0,0,2,6
a488bcceb797534fa335209b401af1bfb937a430230c4d8e96f465b8ca07416b,historical_retained,8788,0,0,0,3,5
43546641572eddd3f54e432b74fff3f0bd2072874ad63cf161b46d7f00481c31,historical_retained,8954,0,0,0,3,2
daaab43cb131c356adce799f701945ebc03f1a632cf4c8116148c58e188072ae,historical_retained,10619,0,0,0,3,0
e9f01c78f8d2703845bf3ddfa5f41791d9353c1f32f46a46668e1dcf72d438a8,historical_retained,8642,0,0,0,4,1
91ffc05649b30c5addff1de0c9ad3c5099cad849bed15e010a3c91d732933538,historical_retained,8037,0,0,0,3,2
3ad9c9eecc517e8ff8442dbb4e0eef561ef68c8c1ad3e8f028845c0836e40b26,historical_retained,10247,0,0,0,1,4
cf80d8a5d013936918bf242b3f8915c41e51c6ed44902c1d09182981e1c2af06,historical_retained,8854,0,0,0,1,7
601a5d0c7245346eb25960ea0a2f289911e618523d8c279c1c8a2ad3e42c2ef5,historical_retained,9650,0,0,0,1,3
d4a80bdd1c5059c5bebdc54d45370d142d5ed485d1c267d6788a4a590372406f,historical_retained,9840,0,0,3,2,0
e7581e789efe1623b00fd2b521db788252db76e3ea4f00e07662ab049092075d,historical_retained,9330,0,0,0,1,6
b7123281e8ed8f1947eb6c96c8d9a7d72d65be096b75b97e8a4a1389af096acf,historical_retained,11196,0,0,1,4,9
6c3ef67379443898422146bcfcecc5798742b1528ed85736ee3957ff9d5d38cb,historical_retained,11304,0,0,0,3,0
b9eb3bae9230d323725132b03a4ca9d7eeee0b430906d0c51c594d544d26ef95,historical_retained,11977,0,0,1,1,1
e29078a4ed2a3d6918d99b3df14e805b7ea61f9116bef460ce3d4fe248e35494,historical_retained,8934,0,0,0,0,3
27beb753bc1045ac3b72b48c83ce4b2ace74cd95035836d9053a08a6c941e274,historical_retained,10405,0,0,1,1,8
df4742115420abb4195ab390902bb16b9ece7b87c65b67d9b7156d1d2c9c13be,historical_retained,9043,0,0,0,2,3
80f35f135cb51bb1f7f874067ea2bd23e06ee6d4515c1524f300afea814eb10c,historical_retained,10329,0,0,0,4,4
ec3b7d92523f15a5236f9dda9415c85e422938599821099267debae941743a4b,historical_retained,7579,0,0,0,2,4
5789af8e88fe85d7f49c589a5cb69c1fccc7f1d1d166b8101b8ca1135766164e,historical_retained,6165,0,0,1,1,4
acf6517b50543c98b4a05060ccd067b59d3dcced95be3b9f9dd6921b7e563b1e,historical_retained,10268,0,0,0,2,4
1976b2a100279af0d77511006b96b2bccbd40ff1a3bff772671581b85a775da6,historical_retained,10062,0,0,1,1,2
3098a259e93f9328cf7380e5e1dfce34dcdbc11fe38c48894c44cae5a709408d,historical_retained,7827,0,0,0,1,2
fdbaac0e7f4e51e8fd1cfa7e578ea0832a3b1c56ead731ddfbb3d79177ed9c35,historical_retained,11180,0,0,0,1,2
d49a1a5d32b7f83d26cfe05f4ce3704ed4d92812c428bfbd0807cce3395f9584,historical_retained,7781,0,0,0,5,4
9cf3f752832f03a3fc8f46e7588537f3d67ab959ebc57023c6054ff12ad99553,historical_retained,7689,0,0,1,2,4
c409bb3fef9f579744b15f01c47afb15d9beeece5438464ad5469cbf107ae31a,historical_retained,8986,0,0,0,3,4
725df638e25c33a29f29e7bfc725c97e1663b37c05930815daed29120beb6cc8,historical_retained,10329,0,0,0,1,2
c4715b39793090151859a5a6211ff24bfc5c500d42b00aced0439ad2e0aa02e5,historical_retained,11880,0,0,0,2,5
3eebbb7930e34d884d351f6b8037edf30dcd34e7b473ccdf4ca204ce924d5352,historical_retained,10363,0,0,0,3,5
36b715b5f2abee50d6b5ecd4b74ba06f0b9c56d862820c3c35aa05cf17d557c5,historical_retained,8243,0,0,0,0,2
499ceac95edc7b70af25550b293907c33bfbeda8e1395c501d6575069bc87ac5,historical_retained,11327,0,0,0,3,2
41609d6bc8781d25c290e0d300d80c942e9b5dc5e8eca893a8f2640464239dc6,historical_retained,9717,0,0,0,1,4
f746cd075acfd62f55b3880af86e70de38e2e05c9ed7923e7e72e25fcf8e14d7,historical_retained,11654,0,0,0,0,2
2c8874e84f2945e54ef561c6ba6d8094b0efce40d5c02cc6e89d5c6e41517329,historical_retained,9833,0,0,0,1,2
375df5f7e25d270bd842d6f7fb93d63893702bad28e64cc54aafcbcd4dd0e109,historical_retained,13680,0,0,1,1,6
10a824b35d51e1c0bb5adcecbe6972299e2d83621aa820a11727fef29a666613,historical_retained,8421,0,0,0,1,5
309fa91c30dda35cf63f76747a81543bc6da2ce31d98c6becdd4e557f2b59856,historical_retained,8123,0,0,0,0,4
0e59e43b86f17413458f4441abe14c0417a7e7d18b3e5eab187e5924df3da44a,historical_retained,8032,0,0,1,1,4
317c77919c6cdae6791dd04bb061054c01b6d38f22a0871ff89016abc241e85b,historical_retained,9617,0,0,0,1,6
efc2ed89cce04f4f901bcebd7bb8e0b44e6b7f766a7d08fc8e47599186f940fb,historical_retained,8396,0,0,0,1,3
2b2f9bc07e713274eabe6690381503d78132fcf472d5add989cb42c1a21010a1,historical_retained,5216,0,0,0,1,4
3425b329104867a46f2a061aa74a27db2acd385fd1d2b162b4ebdad299663c74,historical_retained,9216,0,0,0,1,7
e3f106510dbeba055e89358310d2e1773f32454d16a1424ff645200bd7068e61,historical_retained,11066,0,0,0,1,2
0b63ccda71d513ac7ed7989b20a59814343ecaac93caa1478c348564751d0f21,historical_retained,13180,0,0,0,3,11
980f4519701d8dd8620bb5756f1071cc72db919922493a1c857cc4684a8cb69a,historical_retained,9481,0,0,0,4,6
dec3bc2d9d60386d6e2637fd0042a4bcad2b37e9e2ee3618aa90402bfaf8e65a,historical_retained,8293,0,0,0,2,4
21056603514af90b4efb5dd3f79666c6f02b5ba82a6203318ba01fbbc861ac09,historical_retained,8391,0,0,1,1,4
22cd507ce9836ad7e3433f975de1f1293036250284a593834b4307927ab8a6be,historical_retained,10777,0,0,0,3,5
d64e595b28d05e2641cf5d55144a9dc08fa0b9850655b45f1312d35888e19b21,historical_retained,8166,0,0,0,0,2
4da779a15bbf4f2466537fc75cf3d960d3bf7198b16322168e7f4e18333333b0,historical_retained,10717,0,0,4,1,7
7a50d7019ce478d2865e0dc73081c95bed47ae30132491c0ad7f28d5f33f08d1,historical_retained,8036,0,0,3,1,2
a740eafdbbe96c2f0a7e6b7bdf882b3dd9587b23b56fc55b673e01ff70863782,historical_retained,11483,0,0,0,3,3
4b17207b667921e29eef4bdd11e7ef29a5b8c8223a2fbd80ac22745c3857a3d1,historical_retained,8843,0,0,0,2,6
9acc186abb9aede4f7ee4b1f1a50ddd17ca71baeaaefd1646b43d804e1985065,historical_retained,8198,0,0,0,1,7
47eee31c90dcecf3266e3cff8e6bb541395da6c04ba61b12d8f67d66f7394377,historical_retained,7501,0,0,0,0,4
e53063729ab28a7f15d86becfec6b54b4d8171817bba299a58836796a7a928ab,historical_retained,8526,0,0,0,3,1
16bde9737b8d7e4680d1822f76fd2f8bfd23f8dbddaae349ce9ac46002c2ddb1,historical_retained,8011,0,0,0,1,2
432384ae5607f2cbe7569f587775dcaf55d23cb70d752b8890d3ecd486782dcf,historical_retained,11355,0,0,0,0,4
6166d3d8620990e97f53a93dd177858d52f41b117e836aa669fddf0e409a8326,historical_retained,11245,0,0,0,1,7
96502a20707e2c303358db036b85992e4fd8b9165df5fafd691c167958ea796f,historical_retained,9323,0,0,0,1,2
da978c4e59a06d0fa5081b98ba291c2a48725cb1775020784b5418496204de16,historical_retained,9141,0,0,2,1,6
b00d82ab9f4643413606479dfa3235b6f3a1fefb4dca269d84fd2ae32d6e20f5,historical_retained,9649,0,0,1,2,6
dc8b416b542c4df3066c8eed8d754d1e20ed87aec7373566469e41823678ce3c,historical_retained,10978,0,0,3,4,4
99a00f6202f925f7136425a0b79048da357768b93f6e46763bb7518d7e5771ad,historical_retained,9568,0,0,0,1,5
12a780b605c49f6c0a2425e06973944889b119f1ff762f11a776a745f9c746b1,historical_retained,8096,0,0,1,1,2
6c5e7902f27f436d33720478abff554bfffd44aa33cf8e09b2eb80a0a08b804f,historical_retained,9146,0,0,0,2,4
fea91869d6b8117e4dd32f9957ad10c8fde4e48108118b8d31d33ade2fdc6d86,historical_retained,8920,0,0,0,3,4
11cc9d722b374adaf632e21882f5bce3d1c00b115b9a7c0dec84cb7f694e3544,historical_retained,7745,0,0,0,4,5
4097ff587033dfe01b7a205edc346a7d3298d122b2b40420536b65a3ab7c02c7,historical_retained,9349,0,0,3,2,4
e17e6a01172a115a2f096d531ec0a28443b5e88ffb03214c1a8f652ae0215de3,historical_retained,10318,0,0,0,1,4
cf65c1f27cd4484f69b4b75043bdaac85bc9b4ce94883c4131d64aea48de7557,historical_retained,10998,0,0,1,1,3
9d4d86c13162bac14fd18ece603fea67f5340451cda5604df1ca9f1ff35f2100,historical_retained,8095,0,0,0,3,5
87d05ce03d93015d63f2a3bae2a34227ddf791fe89438970cdffe35488f70cab,historical_retained,11398,0,0,1,4,1
d6acff7d381a880f7b6e45ce329552620a381c421093218b6d8a4ad0596d3be0,historical_retained,9283,0,0,0,1,4
425a79d299a60c214ad30ccb141d2b5e5f4f59b1eae84efcf73704387000e2db,historical_retained,9229,0,0,1,2,4
cda01a988349141d7d1b7cc4c287f07d549a1647b61d24e9663a74657e653193,historical_retained,9537,0,0,0,4,4
d81c6a41d8f8d851f4539a59f50235af423801c92dd180440b1a1b13ac23c03b,historical_retained,7311,0,0,0,0,3
88cb79331fb27bb096aa270c00484aae4ea99fd8644608bbe53ddf66186f3fc1,historical_retained,12760,0,0,0,2,2
45b55a9e5da664b811fe18dbb46972cf79d6698215fea98407301f617b53e029,historical_retained,6895,0,0,0,0,0
0d34aae797a3a5c144519c22f8cda19a095a631efd960673962af11270317e04,historical_retained,8754,0,0,1,1,4
eb8b0bf095a06152c1c2be0f86e5b8de7b684be5104fdbc0987ff66d9a0f0553,historical_retained,10364,0,0,1,2,2
c37662ed15a641a8d2ba5b91bac23ff5fc81b7275ac8f085eee12472fe713dc0,historical_retained,8984,0,0,0,1,2
254d5874e44ba528eb407cafb1d9950b99227dd3c94f49895551c029dc0c57de,historical_retained,9458,0,0,0,2,4
71cbd92b74786d9b422f5d2311b7679e00ce2db2fff582c5e460a25c0ea746b6,historical_retained,10591,0,0,0,5,4
eaaa1e60ab5711f54b54db0f8077ac47fd8c9d77f41ceb1da9ca00f152dd84c0,historical_retained,7711,0,0,0,2,2
a679982dfd9497e282acbb8ac3f4931e370331115dab188ae615baefe03ee229,historical_retained,9105,0,0,0,0,3
2c79387d7a78096b670a4afeb7ac31062dd649546d243f6a410c67a80ebfe192,historical_retained,10159,0,0,2,1,2
de51b5d822253f65de40c46103ecb1f9f62837c179b352bb63896e8ed1693d5c,historical_retained,9608,0,0,0,1,1
6557f0f4714620decd41456902599f6b03082db77ce1daac88ab381b62b11459,historical_retained,9867,0,0,0,3,7
7a14be0794c6cfc1268373dcea9d97afa50f00b522c767882b56f00e2a9e4c89,historical_retained,6647,0,0,0,1,0
5648919bf19127c9955742ad340ba1ac1c230ee97df0d7f33f49e8035c44ec2b,historical_retained,13161,0,0,0,2,2
43920d1e18f28d0bc635b077f813927b24d0b5e816b251ef68977bc81d8a4db6,historical_retained,7561,0,0,0,2,3
fb7b499bf21dd053c4d273f9fbeb0c76dd60d1242d201f2dd2ea3e9ff88270e0,historical_retained,8066,0,0,0,1,4
825ae384da55a6a7dca18ac15a585d6bd74e3190d20393772a3688dd721ab97e,historical_retained,11524,0,0,0,3,3
308697917d27054bce5afca0a98d3fa74504ffc55068375f66106a3dfc46ab6b,historical_retained,10451,0,0,1,4,6
6868fd6818a2edc81f9948bb7fd83d8380bf95f755e7053bf17b6b11e291b4ca,historical_retained,10891,0,0,0,1,9
dea9a9e37aba01a4e16c7aa902cbb92ff80481a6fd86ef4fe4f0181ed1dd0a15,historical_retained,9021,0,0,1,2,4
14b71c20e4820cd2d677dd1fcea972564aab72dcdd5514d5a8b3cc40eceec0a1,historical_retained,11855,0,0,0,2,5
05ee791e369b5bffbbef86c3648eb0f627f26a6eda67014d20b044f44951ddf1,historical_retained,10169,0,0,1,1,7
dd408e37dc5233808333add56c5538b911553d826246b1891a27005dc4889dfd,historical_retained,10265,0,0,0,1,7
8bc09f2c1d8e385165f3982471d7750e23557cb6e1e0b7cf7a964a4c52c6335e,historical_retained,8288,0,0,0,1,5
0f20caa56ae7362deee4dfee3805254d2944954c135fe7747a120c5ee57cdce9,historical_retained,11671,0,0,0,1,2
4fd4c437be2d2e805844f67bbca0939d292b202b754d2d509bc28df79b685906,historical_retained,9936,0,0,0,3,4
6d279cb37bcc35621e86317af2895d8ae243f33003a283cc3bb3eaf0a8140e89,historical_retained,6619,0,0,1,1,3
18227c9acc47e61fbc086d0dd3b89e4c818b2969e582e6234089054972b60b86,historical_retained,11152,0,0,0,1,4
477d0f336c949c2be2c4ccfcfba36d0669941b336654f51673f11c56aabdd784,historical_retained,5803,0,0,0,2,3
78030676b2712d2b25e6643bbe5b6a77232050697401a64943364efdf397c8ef,historical_retained,8377,0,0,0,1,3
d4091d46d6b2a6404d125217979979f06e8da02737c2ddcb40dbfe0f1f96cd66,historical_retained,7384,0,0,0,3,3
46e1b0e15d80639ea342baaf19bae9d6a0aa985255b6bee8710014517dd918ca,historical_retained,8077,0,0,0,1,3
df21d189faa56ad076cebc6d11a0bc10025e25cc8842a48518f853abe676a59d,historical_retained,9364,0,0,0,3,4
5679ae662fcc2e0462a3b9e2925782510c1d4c603f20f9959af75f275b965981,historical_retained,8781,0,0,0,2,3
82b0e31814a1f46df69a39b20d85bc7866226124beea4f9381a1ee13ba0dd04a,historical_retained,12946,0,0,0,1,2
c964d35ad82de92d25bfac4d0e5c35edc762109c64c0059e2dac3a6aa74b8e8e,historical_retained,11061,0,0,0,0,7
59b4405c71ea5495164ece413d8fc140d66083ad8558da79838faa67a973a3b7,historical_retained,10314,0,0,0,3,2
361414619632166ec1eaa7b2ab9d6644f02b06f9dc5aecd2dc2e8d44cd3d45ab,historical_retained,11045,0,0,0,0,3
1483219dab3d33ae7bb358c3293fd57f7e7df97e2be7dac709e159130f971020,historical_retained,9040,0,0,0,1,4
4c9ea1789d33442d498008eb24d79c1e551100f1422d8f1bade70532cfda78fb,historical_retained,9662,0,0,0,1,6
5a3178ec48e8a6e079e80a211347faa12a604d4e9e2848fe784201e417d5e15d,historical_retained,8355,0,0,0,1,4
020e3a7c6a4e3b2147b99c039cb17483a78fd4173919c7be5556c4e310544ea6,historical_retained,9448,0,0,0,3,5
5f9d061887a2f573d39c4b18e47369e8e5ca6bc2b61dbea67f3a1411c6daedd7,historical_retained,12841,0,0,0,1,6
d081366b64132f90bcf49af465a05cc9b34e71c86edd001e5da642f72d22adea,historical_retained,12184,0,0,0,2,7
d7a09c446542d2969c4c4465c68bd25fed8b437deefe65a27d34871e250d1e6f,historical_retained,8434,0,0,0,1,3
46ff15f4af8432cc43fc57d92a7a0f9b13f5972862ab4aa6f791255c4e5085cc,historical_retained,9295,0,0,0,1,5
ac7274501997df2c947a210ba9b79b02499fd4a507b143e6d94e47b832536107,historical_retained,8768,0,0,2,0,0
a820163f3518cf5e9bb56a6e81ba4a6f8822a00b40e8a3f5b65b39b3cef21697,historical_retained,8497,0,0,0,1,0
38cc16af449bca65ae9b28e6deef10c89e22d5c8fd006a5311c377b1f7e1b4c9,historical_retained,8762,0,0,1,0,0
addbe9a4f8bf8937764778ece27ab0cc97a70912b4ce9cac2a0bf0f321e0cb5e,historical_retained,11079,0,0,0,4,0
9f77fa1baae210f44a038dbc598fbf270263d19c1f70a82dc1a249c3e09f0779,historical_retained,10525,0,0,0,0,0
8ef4ef313ef12479018e00a5c33a5e3ac3966ec4b02ae4ae0bdf5c2d2931ccfd,historical_retained,9812,0,0,0,2,0
1b93c929078e8f8824f344cae797358ebc8cb66a540fc9e212db14b830fade62,historical_retained,8626,0,0,0,1,0
bbf43b3cbafa72dd16e8e4bc2828bb51210c856c8615648eafa2dac444eb81be,historical_retained,8238,0,0,0,0,0
b8943928af803cd045533596a324036ef481db0589fc0bc6dfef0e1479e73018,historical_retained,7059,0,0,0,1,0
7c8d182c8e8fe0bd9b4c80209175418459722882fea03852a9b773aa138abef7,historical_retained,10102,0,0,0,1,0
725854ae7b8ae445b9f0458c2c2f270638b4efb3e27747886fe81fb5d9cc2793,historical_retained,11244,0,0,0,1,0
24caf06d19a0089973f79c8ca0ccb1603da48949f0c6a5e5348c711b93214037,historical_retained,13562,0,0,3,2,0
f8275ac89618c1aff98db930809b1c4df61e9761811d10bda10ead956164c1c6,historical_retained,8674,0,0,0,1,0
3ec1101dba35b0e0d46bd3a53d354bf66f9d502325e2fee8e811684ccc4758e9,historical_retained,11494,0,0,1,1,0
c08871b707b57f631f03eef3550dd4590e23e0c4ffa61b495564dbbb1b48edf3,historical_retained,6431,0,0,0,5,0
6a115874804105e7ba1748557e36dbc18c84dfe75d59c980f78edf0a7ccf37d2,historical_retained,7944,0,0,0,0,0
b9bee5f4c3bbc4a4f651475bffd3f48f3067d016450f7d38edb4492f9b7a2052,historical_retained,10510,0,0,1,5,0
4bfbc504f6e7a3b6840d5267805c071e7c3d2269c872635562673d5b5e53a524,historical_retained,8982,0,0,0,0,0
34549b918d45c7f146e8f07b877b006280c67850c5eb9102c511645bc71b819b,historical_retained,7950,0,0,0,0,0
843cc6a044e051737f8d8743441a24952624092c59100f7bc6447d117b168b65,historical_retained,7672,0,0,0,1,0
a48c9d2f97bbf3d83c2fd49fb41f01216b51c729d7e83037f4b4c641786bac1f,historical_retained,9531,0,0,0,4,0
b2f1ed872f5fa2c332d214d35ec523e1fef87435515ca1e8dbf5ceed47ad0c68,historical_retained,10084,0,0,0,0,0
9a7c3f0332e5b1645f010a19d8871e5c442f4706842410de3b5cfa61ff8a8ad3,historical_retained,10487,0,0,0,2,0
d912c8dd6f1ef3840ea292c23833fc04eca8edde41cad2e4187078c72800aa28,historical_retained,9503,0,0,0,0,0
645c1aaf452a4afd6d86b62c47701347b31fbe5381e53825234aba14f19aa763,historical_retained,8795,0,0,2,1,0
d527ef8c6b265f3bedbf7be6ac8f07aac5974fa4451fe0e12d5abf835c06af00,historical_retained,8319,0,0,0,2,0
09a60dea9d177fe4c17f0dd506d48596f459cfcc67d6b40ff877abe1c9087298,historical_retained,12619,0,0,0,1,0
6913c14401cccd100c9317a7c5919e991e7206e9faed0ab94c6cc91199b6f359,historical_retained,10532,0,0,0,0,0
3f78943f0d301b1e6c655cf282cbabdcd2eb3a74f6734c602b4db08c3f365b77,historical_retained,12694,0,0,0,1,0
9aa0c6b8f5b3202964ff84b9a0a82e43da7ba3e480cd170acc53eb16e07545e6,historical_retained,8503,0,0,0,5,0
0cf1365e6db1ff543de49e9c72a14062279fa3d2dc3fbabb7e9b05fabe647751,historical_retained,10019,0,0,0,0,0
706858719f8cc5cbc3691b603bf50fee91622f08dea41c51747a8ce170ce9fdb,historical_retained,9164,0,0,0,2,0
5ff5483b650e9af977135f2b415ace95cf0ed690c854c527e4387f6d8e3952f8,historical_retained,10405,0,0,0,1,0
ee478ae4c9e383901fc51728ff4c3f8c2ed1964616605b17f28c9ca58e502308,historical_retained,10342,0,0,0,1,0
7f1bffb8afeec078f5216ce83a2987195f7f2be9f16bf9ae474a3929fc603483,historical_retained,8700,0,0,0,1,0
27d9789a7301df7549e32eef8f56ed695fe56d69293a66aec734279dde4b56e6,historical_retained,10143,0,0,0,4,0
b927d94e55651d069ca34080a5608593527a54d9742ace11eaaa019eb9ad2edd,historical_retained,8565,0,0,0,2,0
ef970b7fa2264f252038c90b56a7267fc2449310c73ea9430a41d801e16f8779,historical_retained,10993,0,0,0,3,0
5b87d013c8eb5425c4f378bb69fbf3b8b45cc119f397f4a9748d95b94e71b496,historical_retained,9553,0,0,0,1,0
afcf20f699b6444256cd2d6341b97d8c9596f163db313dd2dcda7e1b4b70212f,historical_retained,11347,0,0,0,2,0
f2be106296495d26c7c4a67e1625c04d10928320f2d02c380f7b63d3c25ae838,historical_retained,6770,0,0,0,3,0
5ba92b40dc3d2b609686942aa429cb852ffa378c40a14013916a2b31c0af317a,historical_retained,7586,0,0,0,1,0
d774382791e9e05e4151273bb92ffeca0be9a94ff77e3ed3c5aa787ea006d75d,historical_retained,9799,0,0,4,5,0
e80f936fd7bfa82b266a1b1250f4a18987bfbc681920f506eda9788be0d6deb4,historical_retained,18587,0,0,1,2,0
64080d395458fc4189fb97ebd269e3c3419130ca0e110654d9884704484cbf5c,historical_retained,9422,0,0,0,5,0
ba6b44af5a8e18d1fa63d75077abf0564d81534a4fedf037862994a385142e3e,historical_retained,10785,0,0,0,4,0
497c3c711abfeadd18642410acdd1c3f945e22cd74a37334ccb8e0f4043c726e,historical_retained,10752,0,0,5,2,0
3ea27419fa1854c254d2362a795af08761594930d423ac278ad3817ef4bcc8fa,historical_retained,10192,0,0,0,0,0
7597a4a72ceceb529d412576ed42a6ba5e5c593c43318ea9a14c67c3bc6f537f,historical_retained,6326,0,0,2,1,0
b7864beaf28200dbf58984c02ca2c2e0c10fdb96e735d1f5ee3ad9ca12e84cec,historical_retained,11653,0,0,0,2,0
ef0fa7ac260589af352b9fdee3cd9d9bf623e8d7624da4bfd2cd7995f0feb5c8,historical_retained,11115,0,0,0,0,0
fd0ebc50e658ad0762a49b5febe08824abd8746e4e9f912a80de7b0c44dfd889,historical_retained,9402,0,0,0,1,0
716bb26a894d18ef8d1cead89dd5d6ef7dc78adeb68f47a96768cfd2f7bbac8c,historical_retained,10177,0,0,0,3,0
d21daa7d66081ccc612caeb0ec72fb0ed774d69f59c4ad2b273d2f372d2992f0,historical_retained,10182,0,0,0,1,0
22c39ed377d7b32d098cba55cd815a172dd46b42b0a87ece58ed729683317769,historical_retained,12708,0,0,0,1,0
67aa02c447669375d8d7d3a03640eea6bf1e0e4104c941d75b0a1299ec6a5770,historical_retained,10351,0,0,0,0,0
905fe628bf0700a5f8ae5b7e391e75269d220781e446c77ef5e229aab3f93090,historical_retained,10093,0,0,1,3,0
21843e27694b4747f88483eb33ea3447223cf9fec62053a229ee779f6e79ad58,historical_retained,7714,0,0,0,2,0
6208765b4536dac8c91031f7e12975b8f08f415e936343dd6123aabdfa673899,historical_retained,10861,0,0,0,1,0
99596352930dc8c88c865dd01e43c7cbd1758d3400994e8b530c033fc227cc83,historical_retained,8740,0,0,0,1,0
007ad718d84f573eb24dd28c9b4003face66eeff002d9f24be8eb64150a03655,historical_retained,11300,0,0,0,2,0
7902235ca5a421cf0b533e1e40d2a557ea0723f6415929fc4af0c0420ecddcdf,historical_retained,9050,0,0,0,3,0
9d5e725ecf40686d2bc8404c75ac0b2d179a0d445aeb7329c716ec294cefcf7e,historical_retained,7541,0,0,0,2,0
b3b0a6fe76fd0d1605fb385e67bca7faca5ec4867c68a81913f9fd9dfa014fb1,historical_retained,16102,0,0,0,8,0
01f1fcb0fe4ea7faafd89d8eb107c22b0bfe2d805b8d90425940605f89b5abf7,historical_retained,7280,0,0,0,2,0
e8c0d9fe3ed5f6753ed3310189dd181fb3a0805eb244ab9be25814c5788fcde6,historical_retained,10961,0,0,0,5,0
1041870905069cbcb2eaa4e30cb9cc10cb49f62f4b0c396cf6610ba5adfd5150,historical_retained,12520,0,0,0,2,0
068db51be77bb81db11efd29a06b07123906ae28047f684f0c84b89b4d0ecff3,historical_retained,9493,0,0,0,0,0
613d44b0cafe8e747398236e407402b3b88348439aaa40ea77d3491537f18a5b,historical_retained,11268,0,0,0,2,0
f9a8c6fa6a265ca1edef0b5523d916588e50e26b796038a902069a6e7feb85f9,historical_retained,10381,0,0,4,3,0
3473ecd505c52a0b4ee2e9d4fb66bb56f9fdf55dc3a5f0f120db97481d76e313,historical_retained,10582,0,0,0,0,0
ce73a482b937efc1def02664197411856f1e1e7ea0c551520c2f45c8fe528052,historical_retained,7641,0,0,0,1,0
8ffe81d36e0262a5e3ca2d3b4011af5a0d805143b791e50dd697cbc4d81eda61,historical_retained,7161,0,0,0,0,0
c09bd97a22527494922a75d7f29e1e7a43d88ff82969bdea56c95c25e1c568c7,historical_retained,9411,0,0,0,1,0
9ac1d97d3fa2915d36340e7b063117f023259c77f86ef408d074896385f95474,historical_retained,8365,0,0,0,0,0
6a52aeeddf929e45835759503f47cabea6932fe35c4358936ed35bfe2b53076e,historical_retained,10529,0,0,0,2,0
1091beded66464de00c632dd7d9050fe2e1effacd8c5b91af4b4f3d6a2d9a6b3,historical_retained,9316,0,0,1,0,0
f0b268afe508693587f1d9e191312d953b1540ca43b809a9249d8ca335575bc5,historical_retained,7509,0,0,0,0,0
e2ac79fa433bf859fd9523c379d1a4ea085af58d68baf09c07189936b3fde0d1,historical_retained,9465,0,0,0,0,0
594953e3cdc0b834dd16c14070c3df586ff8c90805b7b0ffc2b79ea155f58bcc,historical_retained,10968,0,0,0,1,0
2c79893eedc94a4b38b6a8d7e2113858d44ea0e018109a58c10ef2cf3c1e1cf5,historical_retained,9028,0,0,0,3,0
de01d722265a144394ed9b3f6e8db157695b29198463aacb2576a1764badf969,historical_retained,16427,0,0,0,4,0
aa5b0282f8f73aa69f0e4417c7962074f5e5ea8424e8c9b90260e02ee89e014b,historical_retained,8323,0,0,0,1,0
3a14d1268a4f474ec49dcec1b73474739c83082139a1e11912c08338d27d68ca,historical_retained,8177,0,0,0,0,0
e9b42acd352c7e05b91a3c68ea8dd43f5c3c797acc478a8792a7a56ba5026ca9,historical_retained,11209,0,0,1,2,0
7c2f85985a78c22c307382994739ed80b1027eef45d68511d6510b1aba94575b,historical_retained,10684,0,0,1,0,0
84ac7908cd0f711d0c014d9dc0c76253b0a40e0d01d966ea23e5f8502b57829f,historical_retained,10010,0,0,0,1,0
8f0632a4f811057eadd9a6e421380d4794ca65c0b46c8159ce581cd0d1964da0,historical_retained,9715,0,0,0,1,0
d16ac361c2447e365fb427935e8594cf4de48a9801f558f4fb7c6f9a715a0ae1,historical_retained,10907,0,0,0,2,0
a64ce65a73202a190c402f5e53595f0092d8a2a3817d88144b711c5ac8f51303,historical_retained,9080,0,0,0,4,0
05e4c31745e4b030f1cca38d787a9b18bb9ee1e5a6b4416c236c2dcfce664ac6,historical_retained,10361,0,0,2,1,0
a9e61124790c4b35e96395cf59bbafd3b261afdf149cb0ee091b550fccb031a7,historical_retained,8160,0,0,0,1,0
17a4e99100d66926f65b0d71df3f4a8b0d67c0b4e296267a7f246294df406ffa,historical_retained,9649,0,0,0,3,0
7e58aa78c4a2d64d17bc8a5f09214bc07cb17cefa303947fabe7a2dafc4d2813,historical_retained,9756,0,0,1,3,0
0654918ad01e966d523b83f2da4fa7619a479fa07d3df6a24f0fc7dd6013fd48,historical_retained,5309,0,0,0,0,0
6fe76f8684b381011109297491b7dacb547a7182c3aafe4f57dc5efe36cb14ef,historical_retained,8964,0,0,0,1,0
205acf77743bbc68f57cf0db5cc3e3e93eb1daeb8dd7951ecfb2a13974b8802e,historical_retained,10645,0,0,0,0,0
c21eed4abf23272a8090e4225eab63d3b6d9b208d8627b4f5c9b19e256181302,historical_retained,7952,0,0,0,2,0
3abd12a24afd757285905f02dbf8edbacb8acfc679ea781ab68c5e9bf9a63eaa,historical_retained,9802,0,0,0,0,0
667c39239e55252ea5cd406e35686ac757b84b94fb7f440c53325a531b8a70e2,historical_retained,8153,0,0,0,1,0
0668fbf7f7522ecb3650abec57519b101f35c22af4a0c9be1ce0bdef40d4715c,historical_retained,10456,0,0,0,2,0
182660e961a48d4ccc1da62a57a8b736bf1106beae05f7853a386b3269cc27d8,historical_retained,9549,0,0,0,0,0
5bd7645be138074ae692060aaadcf917771fb3ad29895fd4cbc73980cbe57262,historical_retained,6719,0,0,0,2,0
23de7de9bdd7f7ba32ba9c689766da84f3dadab3fa4da0d4bd0d814cb7d70197,historical_retained,9236,0,0,0,1,0
c209e96e6327e3aa6e32d61d6b4e7a1cd27c61b7c86c649c6bfa2a380b5602b4,historical_retained,8013,0,0,1,0,0
8c6e5899fdd5e155bf506f1862954c4882f6733f74b7725c9aeb2a7f42331cb4,historical_retained,12088,0,0,0,7,0
0803739faa975aea1691fa51044770c38a8294be86f9a676e1d78e7cb3157643,historical_retained,8238,0,0,0,1,0
e6ba44aa2bfa6032d1cc870bb3651cf97f99a6bc7f207e2d58a078b0e50bb632,historical_retained,10755,0,0,2,4,0
c13eafc67cd72f20724b45f05e3226e1ac9699c7bcbda4da304259dbaba0cf01,historical_retained,8340,0,0,0,0,0
581a8d7ba84192e023a389d6481c975123cfeeac2d99d09fa847ba0fa5efd24f,historical_retained,11112,0,0,0,4,0
4518e9103c51ba4be0da427b1572682a78eb5567dc8d5463e070d416ddd1ee23,historical_retained,9176,0,0,0,0,0
82738ede0b573eb9779dccfcda24a838d9271c5c751a6cb4c9e2b5e8d783fac7,historical_retained,11851,0,0,0,5,0
86001ad587d89cfb98cbaef5da03fe09a0bae1255d6ee2b6d92e51eecc16b23b,historical_retained,8146,0,0,0,1,0
ea100bf54ae2c532eb6cd929d77c282efdbceccbf3b7df8599024697c083bfcb,historical_retained,12515,0,0,0,2,0
6cab5b280d9c0de45af149cbf313015a788fa909881c809e448ef67e1ce12cad,historical_retained,12369,0,0,0,1,0
3a46aa88a6284452f2126df8e1256377e2d5bc8106c7885c23143f530eaf6809,historical_retained,8268,0,0,0,1,0
4e5a20979da0f595e2e415e50ff7ad9a875debd6c7ffa63c5100c83dcb7f2919,historical_retained,10880,0,0,0,1,0
be15320ec4d2366eac19727d96ba0a0d58bdb9212c1ded5886af4b1847748476,historical_retained,8875,0,0,1,1,0
0a728addb102439c72cc52abfde626fa92b5055bdec5f202d44175daee64f87e,historical_retained,9362,0,0,0,2,0
593c5eae7bb859118b730a63ae585c2c82220dbb3eccb84f1c9d9d8bf1aff73c,historical_retained,9024,0,0,0,1,0
c2f699f16148c2163d24beec97548f86b35ca19591231ed56bff20874fbf3539,historical_retained,8064,0,0,1,1,0
7308d75b880a4b44038c6e200315fb9c24965c1d101dd5194ad1f73b683cc25d,historical_retained,10547,0,0,0,1,0
6af429a2c34ac0179ae0df8876132c57522d7c29bc71f5db1bda3977d329467d,historical_retained,11556,0,0,0,5,0
5d486f112b5da0bf48f6aa253fd90258cb4bec7cddc498f4a236b9e544198146,historical_retained,8205,0,0,0,0,0
bb15f6433239082ffe87561ad69493e6b78e9dbf89622c4105e36807d2d7d3a9,historical_retained,12115,0,0,0,1,0
8de1eeaffac50f00952f550e6eb2aa95d74c394b0caf363353395b4b095730db,historical_retained,9905,0,0,0,1,0
5b9d27ae5389309d1b972addc0b1316e1e44d735c185c42b10eedc43fb48895e,historical_retained,8755,0,0,0,1,0
47fa67cfe6540ad9d322b3ee7ed55604b7f3d1ede1ab66bb5b6fbf8c0a6120f6,historical_retained,5946,0,0,0,1,0
deeba367c75c9095ba6340abe64f46392ad15573ec6730486d506bbeb732fc25,historical_retained,8411,0,0,0,1,0
3806001fa3281bdc73696d05ad344ad0f779bd20a2b306263068033a3e22e034,historical_retained,10542,0,0,0,2,0
fdf93a43722c93bddd3da0224b6eded7a5dda61d47bc5a4aebaac843e75a7a7f,historical_retained,10209,0,0,0,1,0
31483d388e432ffeca7d1db774a8bdbca5815c5cf40a8d77df38b4e64b712971,historical_retained,7207,0,0,0,1,0
e6346c673dc10ed016722f1663ec90d6ab4e90782a5db864499982905c25384c,historical_retained,8190,0,0,0,1,0
786e9458eaa3aa47b0c600247a9667603b195590a826553a22353a6d1b25801a,historical_retained,9593,0,0,0,2,0
4a5c36a7595f4fda01116068f3e5168dc77edea3bc2b7fa11e0a49374fa0b65c,historical_retained,11812,0,0,0,1,0
51d66b654d5054eaecc0332a0a97084f3516c5b823af2cd74c4a31a74a16bb77,historical_retained,8536,0,0,0,2,0
0a1b88164c80e5c57c29e46ba0e4c1a066d755ecceabdf0c7e100f8fd01843a2,historical_retained,11107,0,0,0,0,0
8a56ea0a3a380c36e90625c52c9658084a73484b447467f733faf0c23dcb5c15,historical_retained,11010,0,0,1,4,0
f0679427cf94512c494348eb5d3cb1eebe6b7afb4713a07b0d777cb0e745e84d,historical_retained,9978,0,0,0,5,0
aa928c67282b789739d090559dd923414a8861ee237c35641b4744f24fa6b273,historical_retained,8347,0,0,0,3,0
68e5abdeca1dcd24dd5961466245acdd46e20a4bb875aff5e169e56a8d65a51e,historical_retained,6697,0,0,0,1,0
c88287b105e533f9ff0b81ea8cee71b392cd2207c54227c3efd570e8984e7014,historical_retained,5339,0,0,0,1,0
2e6d2db2094080f2b3c2a61c1fb16396eb42c0a2d8267e638a17bc9622d07cfe,historical_retained,11528,0,0,0,0,0
634be3828b41e33c48a38903450f6607affdca2a32af283635d90dab7e89d56f,historical_retained,12004,0,0,0,5,0
e0eb19ec4442eb30f354f87f06bd9431cce8ef50398b4655cdea8b5bd4c9063d,historical_retained,7376,0,0,0,0,0
51af73fe796238b3177bf0b1eb94358a519df6a59be607025c799b503448183a,historical_retained,7987,0,0,0,2,0
1cc48ed322c33278757126b2830593b072e4747b945bf5a54c87dcaabf60d666,historical_retained,5099,0,0,0,2,0
0880e483dbca7c0304dabec0e9c3323323aaad9c67f761ed2e354396bcecb72c,historical_retained,10124,0,0,0,1,0
7cb4a1214b0a569db1c9239c53f9c1f0fc03b7addc6cb3aceb30cb343698ecd9,historical_retained,8164,0,0,0,0,0
52f9b7860e7e374c4adf19c5981170f9f437fc1993db8cf5aa326b8f79112fd1,historical_retained,8985,0,0,0,1,0
91af59581ad81b4b74dfb1153cf012466a5150c046e988c25c2192a5d89ca4c4,historical_retained,11487,0,0,0,0,0
02bd7fe94e7501a3a40329be62abb49bdb8d46ef7faa78be25125833b2bf0804,historical_retained,15567,0,0,1,4,0
73b9085b85abeb90d1aec46d46d352380e870900c8d98b58f6d2872899e0e33a,historical_retained,6163,0,0,0,1,0
2bd92bf1c13fdd6ac459f02503e7d52298a8edb2ffbdb8745f9feeb167926324,historical_retained,10633,0,0,0,1,0
bb4ead703b0a8ec8dd95c0b4ebd6208993f5a7fcd2ef5503816d8f6c82f5ebfa,historical_retained,11417,0,0,0,1,0
d9a16a136cb60a50a32a79d8e9237cf4a3448e2af58c4fc8ecea8af6e59066a9,historical_retained,9300,0,0,0,1,0
997f04416fd09fd04b814b4ed2a0fa3290030211912d494e9774151ad2370c88,historical_retained,10409,0,0,0,0,0
9b4ece2b52f033c28a8f1e1e87d5315ff0adcd5889a167cbcef5e72f4c5b1734,historical_retained,5027,0,0,0,1,0
8746ffbf47950fbe35159ab8499c27522d24218bb6f123c4788eb5bf76bf4c74,historical_retained,8780,0,0,0,4,0
257d83675d10a231ddc2876f088985a5902f4bcff1e544a13a483086adf5149e,historical_retained,10789,0,0,0,7,0
2df17be0dad554cc14a3d666ebada8c8f67103e1debbf55e1bf4c23974abfc4c,historical_retained,12335,0,0,4,1,0
e7157cbf00b49e2da461822f95fc108dd021e768f013acab183a06ab18b47d77,historical_retained,9129,0,0,0,1,0
9d583e8213a1dbd9ce170ec059d1df0cd20e1e2dea7a7202af16045fdfe11b74,historical_retained,10507,0,0,2,2,0
d38f7c56a583239f9bce2c6123dc8ebefeec5a924d8bfd766318aa1151b0d3a4,historical_retained,8706,0,0,0,3,0
33acb9a974cf2bf4bf89302700c3bc155e4eee4ba8bae28dd6d0888766759f86,historical_retained,12953,0,0,0,1,0
023762bf070e8ea4523a04dc53194c1c3b8ce785515e305de94da97ea85016cd,historical_retained,9326,0,0,0,2,0
b82b0aca733955217142d6211d7b3760d4cf87b3dad800d54a3a0cb236363878,historical_retained,8552,0,0,0,1,0
bbb022e85c3f7c6c45812fc427bd27315a7336ceeff0a00101bc848aab1eccc8,historical_retained,8403,0,0,0,2,0
c2c605c2620ab4abcaa2e9907c018e4aa463d42d8658c80a7f2b058348fbd47d,historical_retained,9706,0,0,1,2,0
4646ec0099ff7f1e87b35b627e33793f9ba603f78d1e2a4ac76aae2cf0d60761,historical_retained,8334,0,0,0,0,0
815045a9522f069eca22c8b9f7b6805ab93b02b098a8e2ff3e4f00d65d8f5e32,historical_retained,8793,0,0,0,1,0
d8a3726a7067394adf19259ff473014cba3f1e1d5733f333d4923f5cbd1c521e,historical_retained,9134,0,0,0,0,0
4af9b9042df7336d1783b0b34b092ab7ccad69ca3b3e161b87b8035eeb355cf8,historical_retained,10211,0,0,0,6,0
7bfd338aa6a8a2c3b3481dd47eb1567a193089cef3fee60dfd63339ee2b0e0e9,historical_retained,9379,0,0,0,2,0
c3fc71d070f92ffc5ad3ac807b7880d23ad6307eac8cc5544b4b5b97be705f60,historical_retained,10979,0,0,0,1,0
8d72f9b6002b94727047f56c514906ab9dc8453c6ace461a5087456a8581e0e9,historical_retained,9094,0,0,0,0,0
10fa86b93e915e4ba4d112373dc307e322e1b9e0f944496fbda1fd9d096135bc,historical_retained,12291,0,0,0,1,0
6cf2d5f4e68a48da421889a2238cb24955e84f7e66c64abc0586f9e1e9754fb4,historical_retained,8345,0,0,1,1,0
9f6164b63c9bb35f0e1d059ad5ef219509e4022191246d006370ccb2e81e5425,historical_retained,7033,0,0,0,1,0
197bb877c696ebf6da529e7cb20bf73908aabd77f2a5710660d20b91b014d500,historical_retained,6419,0,0,0,1,0
26efb8e31d67242ac9ab42ad8b1870a334a58086d614848fd7d1e57c6edb386a,historical_retained,11136,0,0,0,2,0
9e1dbee2c517127b85767f4aa46d6421b6fa264f261b5a708600f133baa77055,historical_retained,10493,0,0,0,3,0
a3ca567489185f7efe955612c013d324dbc2b6b606738f1e7f7e1448f0bab0a2,historical_retained,9323,0,0,0,1,0
5928de6b2dd06f36b867508ac8d9394e39f501e9416d185beaa51af9cb913e2d,historical_retained,8365,0,0,0,1,0
9a78ce9953102c8ecb789430a4e02dcd28369bbfca6e50019c032a9c75d56a37,historical_retained,7076,0,0,0,1,0
2b8cf1cfa87e1d5d8afc1fe196192bebeeafe592080c1f26807c0ccea6cb641c,historical_retained,5661,0,0,0,3,0
db1065dfd495ec37308138f76de1e701dbb812ad571cfc0de1062f170c89f4cf,historical_retained,6944,0,0,0,1,0
0619f4e56374ea12f9d68aa834a2be9e2579e0243834c8db321ec432badebf5a,historical_retained,6388,0,0,0,1,0
cd7ab394c2e763b1df0f10a91301f75c65d6fece1c38ac53c9f1127b3b4a83cf,historical_retained,9039,0,0,0,1,0
7bfdb5fd0d9c337289b5ac9a71ceb06ae8abf91b06d7d7abba9ebbf3d91d6ab5,historical_retained,4471,0,0,0,1,0
0beece4488af6a207b20e09dea3e7962d4462439940763c9988fb5ee47abb361,historical_retained,11180,0,0,0,1,0
7c7bc17605d8f5be275d179b14c286eccc40ae601e73fd62544c0d440eadbcf5,historical_retained,9822,0,0,0,1,0
2e37c6d1b1e531a96461e547ae170f915a934b5ac11ecced4184d1c357313960,historical_retained,10284,0,0,1,2,0
d77fa0f2e0d92db85c01c4a62f203ba10d26bf7cb0e195d79b8aa61ac8ab22cd,historical_retained,9100,0,0,0,4,0
567860e59d07970f038b1dd337ea82a09add3fd6010cfcf818d1f6a20619c0c3,historical_retained,8917,0,0,0,1,0
7964f36f1b413f32a9f664fb04c880b588d6c15862c73fc44e2ff7431d7f1edf,historical_retained,7761,0,0,0,2,0
03a059c494600878aceb18500b95306be71d4c3bdfe5174f791e624dc4fe2514,historical_retained,8457,0,0,0,0,0
de7be34b546657db8fe118d21aaaeb75edb028e999e0f913cacde10f8e3c74d3,historical_retained,8403,0,0,0,3,0
0a90a69fbbd760304ea5534f967070663617489ec5c26fca5cd18929f5d54068,historical_retained,6144,0,0,0,0,0
65d78590a34a1519f7c1bfb665d1f5f7ad5b5addef70858020e2b904c8f4df4a,historical_retained,9396,0,0,1,1,0
e47fac0e96e608cf7238c1f349476adc798930ff94075bbdd7f8b754c8b2dd96,historical_retained,10884,0,0,0,1,5
736b06983eb01e769f24b8149068d694969a7e30f9c108080fb7e6678dd329e2,historical_retained,7521,0,0,0,1,3
8459504f86cfce7656883cb43ed66f478858dcce4c067298bf93f22550025568,historical_retained,6886,0,0,0,0,4
a4f19d27c69ab6603cbbca93707ebedcbf22c02d67652d3bf218660dad441efb,historical_retained,10406,0,0,0,2,2
126b51fcf7440de8c018466fbd710e2056c7b7dd3d1bb372d2f1b228dadeec3e,historical_retained,9506,0,0,0,2,8
8a595eb86b49e5c5ced9f6c59b5b6feff9e5c07790bed39b65ef7f3b4cf05408,historical_retained,10977,0,0,0,1,5
4c3c1ab0afff67bed8251e6c1f63432ed3aae866256f248f49c834389c354ebf,historical_retained,11333,0,0,1,0,10
638b44a0f156fa56f6616d009f76829de89afe7a3156fae8ade25764d0f94eb9,historical_retained,11124,0,0,0,2,5
9e5de629f2ee69abe7174dc561e0fe1faad54d5d27cbd041ab9eb3de593c48ec,historical_retained,11129,0,0,0,2,9
b6cc86589ef98e7467f7ff3796b5d5da06161c586c0c8bd02ba769c4921c6ba8,historical_retained,10043,0,0,1,2,4
22e01ee5b47a7dd3a1e0a5913899939acc6fdd996edbbaf768553bfa4e0dfbd7,historical_retained,10432,0,0,0,1,5
8baf483511930b6f222ebff3812696c352dea6f91ef23cea42b006e906dc3cef,historical_retained,9618,0,0,0,0,2
3b903a50739bc5880db4e625afd6623913a53e5266f9ef28b08dbeea81d4507e,historical_retained,5162,0,0,0,2,4
3cc6c5a5e5e5e09d8f8e0d7d05655bec5f048d4eed778a2e017484c671773b88,historical_retained,9409,0,0,0,1,4
d12311cdf86a179c1869b968351cc42a843ed71ea8bd608c82af7ffacf61c2eb,historical_retained,11854,0,0,0,0,5
4f1b7bc0396dea39973c02c5622acfef4454bccc788c6ed9e91884501c273661,historical_retained,10026,0,0,0,3,7
bea0701c8f18e5a789ca560d7e3c23c6a91ab8cde4f4e3b1e1d5067d4f954ec3,historical_retained,9682,0,0,0,0,4
f8728eda164af33a3831303da32333aa0d64f4b44251719fd7f42011eb47ab77,historical_retained,8569,0,0,1,1,3
faa10c96fe3cb3f6c78525988dbca6910043ae1655bc83f10cb39a7ffe0fbea9,historical_retained,9472,0,0,1,0,6
2d988541c2ae722efad5708f9075f3255a42be05766a55b723d29717647091f7,historical_retained,8931,0,0,2,5,6
0ca817f2fdf8c3ea23c4670c39d8a5821a1358e5e4a7e95d5c5ebcc0465f56dc,historical_retained,9491,0,0,0,0,2
49ee9eb75c04718ac0d75c1a9edfde784b29c95be7ff85cb10ba4c8397f788a9,historical_retained,9311,0,0,0,1,5
eb71f9c57555e2bb5b746def28905b776394cee74af86de203293513e5d96e75,historical_retained,9937,0,0,0,1,4
ffdbfdba9abad7cfcd3b7bba3f5312a9ced96333baad51b713754550f8c26bda,historical_retained,8474,0,0,0,1,4
436a9a9e4243cf2295c5178cc8da264e8a3d740494bc60fe890ec77ef4f634f0,historical_retained,8036,0,0,0,2,2
2a837efdac5154f45a1c481230a5209758ab36295405ef3aca8ebb564817419b,historical_retained,9664,0,0,0,1,3
6b50e098906b6f8f539653f803fd9a6757ff36abc5154d749caa6dd9441ed224,historical_retained,9199,0,0,1,3,5
2396fde9baaed48de727404efddf4df60c34b52db9b61f1a075612ff84197363,historical_retained,11790,0,0,0,1,1
879413a07c5299d0f5d79aa955209cc0aefa1a6380577c51acc5f549d79e88e9,historical_retained,10998,0,0,0,1,6
bb23520f3cc432bf7f9e1b64a8e6f8e06f1b7c44fb29724e53bfe4e43d83f016,historical_retained,10200,0,0,1,0,4
5e933352a939cb3f47701b0a8001dda185e09e415636621ff96483cd95ba615c,historical_retained,10539,0,0,1,0,2
c25522709b37c290c55ddf7795056dd2a137c71723218629264445468d3860ba,historical_retained,9366,0,0,0,2,3
f64d837159eea9f8543e5eee095f6c861006f22efc4c5711bb02a11a78251752,historical_retained,10435,0,0,0,2,4
c3f5b3bb9915c116e06eef134fff9cf864494eab169053c9931f9452e5b0e13f,historical_retained,9269,0,0,0,1,7
d8e7280b267d342701b277bc307dfbba6888cb4bfb7ea595bdd0620fc4830e9d,historical_retained,7233,0,0,2,0,4
ebb780b6e421971b460d511a36e8a1c96b395594179cf1e196fa27dc0b9cd769,historical_retained,9634,0,0,1,0,4
75ded3ecab4f20a379f53ea01289dc3a75ef8ddcc10e84aaea378fb5aefbc22e,historical_retained,10167,0,0,0,1,7
18a4a90e1e510e72d6f4f9dc0c7ecccaaa505f756203b32dcaae5eca0dce783f,historical_retained,8683,0,0,0,2,4
1de455a32cdda21665b3352d939e2daa393814cfc953f316f710542ce6ae20f6,historical_retained,10148,0,0,0,4,3
825faafbbd920c2da050a3f0a7e31f6eae676a25316ca9e5ae6a812689cc0dc4,historical_retained,9003,0,0,0,1,3
6889a588cdd1ff494124429ef37bb141d0e0651d493de6675910bf8c286a408d,historical_retained,9748,0,0,0,7,3
6dc3900482c6b66244ee4ae0b976ba2e1f325122151a9128ce8d623611cdd802,historical_retained,8691,0,0,0,2,4
8bd3fca693004666644e4ef8c994e4b2f2ae294fce65436524cecd4060a21295,historical_retained,10151,0,0,0,0,6
7bf00825c8f3631593fb07cdee21332c8908810efc412e5edc26d1c73db129d6,historical_retained,8683,0,0,0,2,6
a1780c01499bff589e74a2a1fd5da83d543f897b30fe2cda3b93520c9d648fc1,historical_retained,7214,0,0,0,1,6
c411186e66b6ccc262f7f72b0441825964a6cb566f2498c7171393eb26098507,historical_retained,9950,0,0,0,1,1
6d63dcabe5d1782552bcd3d3f66011212ed416dc7316be5921626bc224c55191,historical_retained,10288,0,0,0,2,7
db22b4d71c971dd029d874be1812393b08113b43b9e92ea49d278c779aea8362,historical_retained,12337,0,0,0,1,4
7d334527bcfb95ea26fbf3e60e2dd7bccdba962a37001e3160aec84d345e61ed,historical_retained,9784,0,0,1,3,3
e81e06886ff361643ee044283e0db099f7f7e7d0a62b030ba108c5497eadc762,historical_retained,9776,0,0,0,1,6
11d24853d6717a16b3f76bf164e1cc9d7a82eb1f7940696b5b306ea273237d97,historical_retained,8388,0,0,0,2,3
5f667414721bed4ca3026c728913e71d0dae61636609c45da2f337bc35430a81,historical_retained,9669,0,0,0,1,3
18452cd99e751775175b5b6f1be5a84d20c67946c5a74c7ef902775739cbb5e6,historical_retained,10341,0,0,0,3,8
632633c9a49f7d435f91808b2ceddbcf5f908e33937cac6bdacfe5c9bd39acc1,historical_retained,10444,0,0,0,1,4
6d4aec5757310ba022ba74097b2e0ec1752cd562782d2f9de04c5c7fd0e260df,historical_retained,7631,0,0,0,2,3
08e9927d4941d3f9948bd77d93901ece39a4acfa071fc8cd74ffe89136bb1054,historical_retained,6944,0,0,1,0,5
6f6769091b68fa1151107d0e598cd37151c2b3588ce985fc57122e86afcc3fad,historical_retained,8768,0,0,0,0,3
45cd89228cdb22ab6cd7d2bb99aa8af7608c139c6ddf5e7f462eb1068f299df6,historical_retained,6841,0,0,0,2,3
9dad1431a9ef8822cf5c9823f6570783a298259bcc042897f9b6519f6d2b6b41,historical_retained,9608,0,0,0,1,4
b3e557dd4aaced270877509ab8ff051774aa4e5d42b1e28bfecfc9753f77cf29,historical_retained,10334,0,0,0,1,6
aaddc5ede716a834edda8d462c0197db475418a6982d83929c3d24af9c484f9c,historical_retained,9423,0,0,0,1,4
74bd47dd30f220d0929f86e791ef84123932f7e45fa60f41ead35706fddc8bac,historical_retained,9612,0,0,0,3,6
9df657085d915ed3c8d9bb99fa10e6c775fb35d98befe2f0c233bdc02e8511b9,historical_retained,9707,0,0,1,2,2
39ebe6c660f0869fca1638af0834fcc3d71a5531ed67c4018bce50cd1a8587bb,historical_retained,10823,0,0,0,1,6
1a3242861fa6ccf911afb2dd84f60d9a1c686d32d89cc9bdcd351fd0702abfac,historical_retained,8783,0,0,0,1,8
0167bc14400fbdc8ba5f2c02cfb97797f0724561c5b678c207f798dd292b3ff1,historical_retained,10359,0,0,0,1,7
633c2eaa55125ecb03a90ea05f5e2de7acc38c72e4e99dcd2fde172b82717059,historical_retained,10074,0,0,0,1,7
c5c9113ca78a701feca9e8f2fb0b5cadf44a2d9c987962740b02b8699e79d409,historical_retained,9660,0,0,0,1,6
eb2acadd3c99b369d73ab4b4fd214d560a26a76bf107f1b97d9fa5f0d3a47c11,historical_retained,9071,0,0,0,1,7
d4128f63e6b9fb027b1d10544d4d535a2249eb3e8f4f7b21ea7ec8a79e2aca30,historical_retained,8622,0,0,1,1,5
02c59112afad54801c07c73fb02960359de4f847e9ac7cbfbf25046aee30d0ba,historical_retained,6970,0,0,0,1,4
6615cf4822d90febea4a2c6e72fb7f235d7e66a79c1b10763606ad60584a0660,historical_retained,11102,0,0,1,1,9
bb38697090faffc7307039b42419412a580e76b37974fec584673ebc6803eb39,historical_retained,8940,0,0,0,2,5
62f00ca28928a0a8af327b8028a8213917b9630c51355c9b724c28110c8f7342,historical_retained,7648,0,0,0,3,4
6b8a7a4b36e39197d87448e3c5e422168321deba2d0bf20760901f6c49022cff,historical_retained,14895,0,0,0,1,6
c5b94631c4893fe74e4eb38b999c3d6dfaf8cb0a5620c07222d9650efaff20f9,historical_retained,10456,0,0,0,0,2
85b58bd743ccc4b009235aa2a4563a6e4ceaac07eac05df8d00f697353c2b7fa,historical_retained,9801,0,0,0,3,13
9227e6e7cf1745aa0d2b91aa1d10929e79af7e61e33bf920dd04eb1e37cd11e4,historical_retained,8519,0,0,0,1,4
e1cde4a409076985551159099fa2e282f4651271039e904feb08b6bcbfd6add7,historical_retained,8453,0,0,0,1,5
d39b08e9b0c1f1a4c970ee2c647cb4431ea908e27adbe4f66fbd3d393adc777c,historical_retained,7344,0,0,1,1,4
de6ce1cbadcb593f6919a39d723a8587e30ac61bcd2fe0b590ab6a503729061f,historical_retained,8125,0,0,0,1,3
db5f25b7a9437ac2e87c5221fe6709fce51d3aede5434af8ca40ede6296e894d,historical_retained,11041,0,0,0,0,5
70960e9c8e9c60cb93ebd467d665765e6cb7bb4f44845c8c1b2a434027cec8a5,historical_retained,12457,0,0,0,0,4
d6c7272c26d944a6254801f86bb6492cd5a8554ce9291bc6270937a5935cb101,historical_retained,7394,0,0,0,0,5
e703f14fa56ca95775e92aa4f01807051d20fc35c90d9dc7979d2871b500357c,historical_retained,9623,0,0,0,1,8
ba75ea626e0a73ab30c78e7b1afe63fe06a8a6bb827f4800407bce88db49e516,historical_retained,10476,0,0,0,1,5
8ff7401cb3f0882df6fdfae96a544b2f3dbcdf813a3294dc032302dc001f2a3d,historical_retained,4666,0,0,0,1,4
bbba9e48dae0792b162bb2d5782c83536741f92cf9b25380e7972da5f268be4d,historical_retained,7136,0,0,0,2,3
0547ae94e00da5b6a079116af368c47c8ae23999399bda17d89a17dfc1efaad5,historical_retained,5848,0,0,0,1,3
b015fe9fcec259f5db6b14abff8a5aff844a97945799480bc0984d176512d727,historical_retained,8391,0,0,0,0,2
95bef0413cccff1b74edfa70dc2155ee9a180ae18c6a50b92f0bbe7be373118e,historical_retained,9329,0,0,0,0,6
3fbc5752819faa06222dcfafba0634b2072d64e7c58e1b157f3eeb9cbcdbaaa5,historical_retained,8302,0,0,0,4,2
dd52a74db5ab9f217f3b3c6550035c91ea366fd61372f69338a0dd4c6cd626b7,historical_retained,9673,0,0,0,1,6
36cb8a2aeca01759e8ec0c76c65f83323eb77ebcd59a1d27e994c675817fd047,historical_retained,9265,0,0,0,1,5
f509491619e7d14548565107ebeb470c4479abb2420010c247e2eb359e0be7d1,historical_retained,8742,0,0,0,1,4
f23e513251bdd2b3fef1fabc916e10d5129ebbf875ef36975842853b6f08ce8f,historical_retained,8318,0,0,0,1,3
b3c8b29a1a48edb4d51aeb19f5289eabef70099ac2112805a1f89cbe752339c8,historical_retained,6902,0,0,0,1,3
d3f0a5f0e7a1ab4539121d0f652341a561a6c1961616990695dd16f6b5704b19,historical_retained,11110,0,0,0,1,8
439cc7a27870fb0f51f8469c7d2001bb465dd757411b9f8cef24e483abd53683,historical_retained,8864,0,0,0,2,2
1b30e3f27594e0edfa01675d3b66e36b2146bc5d4159f84874a950f82f48306b,historical_retained,9602,0,0,2,0,4
5e6b9d516e572bc63e1c17353c06cd1a40bc442a492102cc2dda8f946bb93302,historical_retained,9493,0,0,0,1,3
7593c9ad0e29e6412596279fce0e1edd1b4dd37bd8f3a9cfbc217d368ac107a1,historical_retained,8945,0,0,0,1,6
d492ac1084ae58e4401722fa18a45d0597769c5506d5f9b424bf53b8c38fa5c9,historical_retained,8520,0,0,1,1,5
6726d8bdded58d322776b29812c371efa625f8c757ff4d0b9ee6d4db18dc3be7,historical_retained,9513,0,0,0,2,1
bf0e7910998abe4b65fc7f2d48f205a71f64c46e6a153f86e4eff6de20a29001,historical_retained,8895,0,0,0,2,1
708279c8cbcd7f0006e88f85c353dc51f27e58b83821fcc9134bbbb260de93f2,historical_retained,9342,0,0,0,1,2
32d44690faa5dba8b762448434a9455f2df08f3ab97656bdd59661ec2e1dd217,historical_retained,11911,0,0,0,1,3
cc569661205bfbd32a86cd4dfbac18b8b939c337e58257143c7d4056aed0ad1f,historical_retained,10098,0,0,0,3,7
7e12b71634541c68bc9decc4a1c10e6d180b5bfcab9b3625d5dc30ac88409001,historical_retained,7743,0,0,0,1,3
19f0a377c4eddfcb32f1030290b37308c097fc73120151b4be4c83f89c0ce8d8,historical_retained,8313,0,0,0,5,2
52d12d563304d5909fd96dbb2b6bd94aa3581e8ea58c082f50ade85b744a0085,historical_retained,10186,0,0,0,5,3
7c515eddb1f6489d4f50f9acd0ce07a1faf25a25ef62c7470b8c6747245a92eb,historical_retained,8623,0,0,0,1,3
71958d5cb2bc42044bc17a98db09c1477e1d6bb1c9f22ee085c942bca60c27e2,historical_retained,10026,0,0,2,1,4
8c50f7d339b590530b791dd42ab5a32b9dcf64b1b5313f06e18c5ae48da67bc3,historical_retained,11599,0,0,0,0,2
5b5ba465bb4e9f090827ce9f6d784a22e3d1cbb05683b70599eb82149a531fca,historical_retained,8846,0,0,0,1,3
d6d2c9cef5b79db73471ff5435efed41a26d5cde7416926fdcebc156d81e9508,historical_retained,10510,0,0,0,1,7
4001562fb9abfc0edc8b758bfc8962777bf3d82721a9f6b87f0702ba030780a8,historical_retained,14079,0,0,0,2,4
361427790200a1b5c963dc7a8202b5e34d045796871d9c32c6705819db6305fd,historical_retained,10251,0,0,0,5,1
54f061ad3ab669643c368a2a30a8bca233e18edf727e5782d5b06931761f102c,historical_retained,7207,0,0,0,3,4
0d88f5438a93992b10b43e7eb8b121f14b9d2c82bc7f5ebd28ae4d604b4de2f1,historical_retained,9217,0,0,0,2,3
64b7189f95f7614d8fde7e49fb8b6f95211a95e09e8c338300f3dd146c6bc5e1,historical_retained,10801,0,0,0,2,4
734fa719670a3ca682a10c6ef478911e5c541a3d1d0ea2ebf2f3dc9205c7194e,historical_retained,9823,0,0,0,1,5
3cd80f44531ab1dae03e73e5d5d7ef6fb38cf14a6101aef5313c3dc1e316df5c,historical_retained,8437,0,0,0,1,5
57ac0269108a69c271ce49cb3376295235a081f00cf3f831082690a5a05268d1,historical_retained,12213,0,0,0,1,4
38a56c95e0657245029db80b2f33fac3fd20ab0744d944e0bc62fef59aee36c8,historical_retained,13254,0,0,0,0,4
d1c530d811b2f011fff71fcdb109cf6d4c17819fa77e4dfed21a36437d422eea,historical_retained,5947,0,0,0,1,2
8f594be2d62fc5212961c790ff2a201ab30a28569177d29a41a277091de1f504,historical_retained,9511,0,0,0,2,4
e04a2a41d76b55bc57df60ca43f6b1f2230ce52efdaf0ddb09498fdad326bebc,historical_retained,12741,0,0,0,2,5
cbad1abc51cb56ad5ddcda65ba0113d028f8d474bbdc338136019dd7355eff76,historical_retained,10009,0,0,0,0,3
c3dc40afd995b8dd6641a26bc575b899efd5f73b3f2bd1a73adeccca5f85a423,historical_retained,11176,0,0,2,3,5
db0e6d0f0509cdd8a67fe22591fcadf0ac3b8fdc60795eb086679b53a7ff55da,historical_retained,11007,0,0,1,2,3
ac5799796b9db63b1346e2263d892638f2cc81e8bc36e92a3ef438c6b06a44fa,historical_retained,7298,0,0,0,1,1
c031081f0e15fb75c6924651bbf29ce26750a2887b0224339507fa9b7d014263,historical_retained,12609,0,0,0,2,3
7228dd78349d82867da788ae1073a9e3ddeaf1259948809a66f3f4656c6cd2e9,historical_retained,10436,0,0,0,2,4
a1c270f7a4fa0fe0c1591b5dd2607f4c4e482dc5fad4273d68693c2f4d40f2d4,historical_retained,7054,0,0,0,1,2
099a4b4346b28d5bde231579d1722f2a96739d735a253d1013243a86bc2503d7,historical_retained,10851,0,0,0,0,2
3a379de798536b24480b45b592121e2d4492f323aecbd5f7b0096d9090b2967d,historical_retained,8750,0,0,1,1,2
85c7595021ebe07119b6d77edfa8ecc314b7217219b4c83d3431f637037dcb60,historical_retained,13400,0,0,0,5,6
6a239268194112238a1b3f6af30a75288eba0285504cb7c43bd5ce19badb0e71,historical_retained,9820,0,0,0,0,4
b61f7fb87a34afe03d2252d954f6536e9350fc5c8d3697effacd4db88adecd49,historical_retained,9120,0,0,0,1,2
f90b3c1c68d1b590201ef6e2f9efa27b9663bd28d834b8ad4ac9c51f9b56a520,historical_retained,11598,0,0,0,2,6
ae323aa955a738bf06cc6849e18a032b3404338422d0bb284ef9729fe0fe2d94,historical_retained,10338,0,0,0,1,5
d1e61f013cfeb9ac2fe59f9538022cc03a37e8d0e812e7ff273dc3d7c86a1f6d,historical_retained,13764,0,0,0,1,3
170c68e97a0da0d093a287667b247bf375f11c10ec2901954b95f853aa501956,historical_retained,12025,0,0,0,1,3
85666e64526e7071d010c26154f3e00f63ca7b2152856c540f8170c30b3fd81e,historical_retained,10423,0,0,0,1,3
f657dc1c83bb0078699f2e9e3a7bddae161e16345d346ffd4ccf4ecb80cb77b6,historical_retained,7857,0,0,0,2,3
0d966abbd2bab947411bdd1852f457b3efb8b8b96bed48a8be752fe4ee2ec2e2,historical_retained,8105,0,0,0,1,2
29f91a198a7ec9921d6ba2e6c74511bb4d9ed52f1ed0bbbbd76114ba2a79960c,historical_retained,9290,0,0,0,2,5
c9019f30b5f56f2872db22a8e3a3296decad5c044c8ec74bea06abb31813d440,historical_retained,13040,0,0,0,1,5
2d2432048d055c379b4e017eaf0a13d820f3dd8278c812aa1d8bd6b508c67169,historical_retained,10211,0,0,0,1,4
9135ce7f344c5a71f23804de40521c12cb2245091c873d02ae9d2c8a05802cf6,historical_retained,8491,0,0,0,1,2
8a9dfbcc07a2176895ad8bd03fa414c8b2936a891367b6881a171478886fe550,historical_retained,8358,0,0,0,2,2
d9005d0f31fb7d5516853eccf17b66c86f89cd274c7add2c9c760a6660fa6eaa,historical_retained,8546,0,0,0,2,3
6cac991235c03d1529a137f02488812fdeefc721ac7a7522ebb6e9dcb2710274,historical_retained,7978,0,0,0,2,4
8f8e27113e7affffee874dbda78a2cfa46e31d9344829001a20845192485c57f,historical_retained,10618,0,0,0,1,3
442270fc578c3bf95edfed9a8a14d4ae028da6bff76d13075328a2b00abe4d4d,historical_retained,8881,0,0,0,1,5
fc6faec7839cea0e8b52166bfe2336dc66679c62de6d731ee31a0bbfb0dbe36c,historical_retained,9494,0,0,0,4,12
27de8e6e7fcfef80e0c97f57b2660eaa307f7e6be8df69658ee08a75bc1876cd,historical_retained,9232,0,0,0,7,2
21f0bbc002d78a300610ba78492650e257874e1cc38ccda99300068e887d8036,historical_retained,9523,0,0,0,2,2
b2c71220b9ea90d8c8a28da0903144df7751ffadb644821a930fe601e3e7a530,historical_retained,7730,0,0,0,1,4
33fec029dabc9bd87aa10de44e312659441dea5a211244dbff060d26382c52c4,historical_retained,7932,0,0,0,3,1
20bf054762d524d5bc1e9a890b53903bbadec6bd4ae54fed8f35e977f49d2f37,historical_retained,8950,0,0,0,2,4
77cec30b77114d63ea1eb5c29988878f9e4e0ebc40e055f450685ef0a2cf6875,historical_retained,10489,0,0,0,1,1
768e84eaacfac5f6bddc81fd795f2f7f29f9c6450388c9732addd9685b45d582,historical_retained,7792,0,0,0,2,3
625110f9c363508e2e952760aae19dbb27c719be6d8308116b685fa21f6f63e6,historical_retained,10468,0,0,0,1,5
347d8f3683355733124e7b72f308693b917e0fd946aec067d37326fd7fac5de3,historical_retained,9336,0,0,0,3,2
8fabb0f0f2f41dd5dfeb1203f885d81e6f80353ade9c3972c161de1780fc6125,historical_retained,9196,0,0,0,1,2
bbbc625df519f5e5fcaebe3b3956efcbc1ce0e83e03c7defbd8d426876e29948,historical_retained,13304,0,0,2,2,2
16ad46eb481225ef8651ebc790fa30c343bf045fe08a37c5cc227b1dfe62c108,historical_retained,12261,0,0,0,1,5
8102202282d7e19518a7aad4a61a03d15470b888021e9953840ab77dbafff391,historical_retained,8293,0,0,0,1,1
17d2dfa43cec5a20e3f2b75985b54fabe658ce703c30b8dc1c518372d3356189,historical_retained,11530,0,0,0,1,3
fa96171c488ea14ba8cfa5575e320604879d9b750f53af6ac51139560d78151f,historical_retained,9754,0,0,1,1,1
c357bbd59a5a63e17a206c0eebd531d84b2c659fa68599ef385d02ef983e97f0,historical_retained,7405,0,0,0,0,3
2801e5db86ba1b04d6f2d1ce931a6c214c081a549b4b687e5da89a576dbfe080,historical_retained,12291,0,0,0,1,4
e30c6737d6152a1cc576b651c920775895beec9c2466c2f24ce3a06f7631c64d,historical_retained,7358,0,0,0,2,4
4e8cf8c4e56a6805dcd5af3bb36ba657e594c65ddf03464c67c3d9dadb76bdea,historical_retained,9391,0,0,0,1,1
1e417d59df5a00690bd43a6773ef80317a40283a7b5fa931f54096475d00e658,historical_retained,10205,0,0,0,2,3
ddc8db71bbb0c76d2220b45b9701c53eeb4f8243f112aa525f7ac989e1b103dd,historical_retained,9816,0,0,0,2,4
4fcf2595a3cebbc8e9aa55a3adcd2604dca84f98bd4a201ce917fab493ce9a23,historical_retained,7567,0,0,0,2,3
ab51a7ea696c3d072cc471f173c65645e2a05475c4329a17746847a78febe768,historical_retained,10343,0,0,0,1,4
bbd9d21bee00c035fad679d6971d8f664b78a118fc1bcab2857477c71289eaee,historical_retained,10977,0,0,0,1,4
2b554d861b35700c0122f8802231b2360682a808b152bec2bc0b7edbcfa1cf67,historical_retained,5452,0,0,0,1,4
7e91c51995d50110d457d50320501d7c5cd0fe6f6fa821c4e3bb18f79905ca21,historical_retained,9268,0,0,0,3,4
7d16dec82de5348bc3da25ebb42835f41ec12b6a20c3ad9b9c79dbf3d27681ee,historical_retained,10423,0,0,0,1,5
6023b57c52417e75138f2ccb2c84111e14ae6c926bf320ccdc1a82b829325047,historical_retained,8205,0,0,1,1,4
bb1ed03023b5c5062b1776b8fd672220280feec12e8e20e0232e4cb8bfcf982f,historical_retained,10301,0,0,0,1,3
7380bc1bb092c1c487d9abd4cf29dbe36fd12d9c4e527ce7fef24094760027e5,historical_retained,9241,0,0,0,7,9
78a6ffc0e6158dbea2e7dcd72754aeeaf6a821cf4878c762d3eb8c698eb02151,historical_retained,13169,0,0,0,1,6
dc47cd304f992d9e754a3e13cbd390a77b6d08e606ed7be7577d88df87245545,historical_retained,8168,0,0,0,2,3
8772c1fcd46d841e7a2acff24b7714f92c42a10d2ad50fdd71bd3dfdaba58641,historical_retained,7685,0,0,0,1,2
803e684dd0812fe24511117765e0e1c21516f21d94aba0f4c99068a987dab39a,historical_retained,8398,0,0,0,1,2
55b5f08b229366dd4ab866f9f567b2b1b3a1fd2eb3268551c6f369075a487020,historical_retained,8108,0,0,0,2,3
595931675fc4d2bb84ec2d5ad8ffd3139ac1e02a892c095363274f2898d6880b,historical_retained,10182,0,0,0,1,3
3f87ab0bf7206d52e02e876667d11402ffe243626a3b92a888fdcab1e6dac072,historical_retained,10425,0,0,0,3,3
5605dc59fc72d4584c52972f903c7d0ef1bd488a642a9e797fcc87c533ead7d7,historical_retained,8775,0,0,1,1,1
d9d634eb032983a8cfb7a8bbed2832e209ab2cb504e9e87576eaec5634d6a72e,historical_retained,10409,0,0,0,1,5
454eb15afa90175408fa8c70bba6ed5f7c5f68878f6c06400e68cc440305d2b4,historical_retained,8454,0,0,0,1,7
6ad90352f951e48bc715f23701b53ac3e8fa25436c5bdbde8ed64e96264ae42a,historical_retained,7798,0,0,0,1,2
3e5b1a10b860dd1ce75a304c5da2527c504539f7fc9e808ddada521154c5d557,historical_retained,11983,0,0,0,3,3
643f3334e7f4c540d5072321de55f9b0b3f4e91c1403cc630d4e910242eaf9b3,historical_retained,10797,0,0,0,1,3
e862995b00856965625e182efaba484c6f33d746e0144c038120237619ba961b,historical_retained,8228,0,0,0,2,5
82a9445a810d5c3b1a106c9218b7f699b0d57134f9fc01b097f75674d65eabc9,historical_retained,5599,0,0,0,1,3
16b94335f5f12aab3bb536499efcd954570831d7d4ea9295ebfcd47fb598d459,historical_retained,8392,0,0,0,2,4
84ab609be66b25cd67daff0b39d42009958ae21c4b2bb864e86a909b49c57983,historical_retained,10750,0,0,0,1,3
1d0184b52c8937274a939e3afa4723966c1ad4bfb57bc425221a996c1540f574,historical_retained,9268,0,0,0,2,2
d672f4b3500c9a77a19a9a9712a7940f57642d901d1d7c18e4bae071a4d93368,historical_retained,9029,0,0,0,1,4
909cd27aeac2352268a12504c23430a33f4a721fe0de423e93065ceca3659032,historical_retained,8286,0,0,0,1,3
619f8b011da44558b781ea15007a9c6b7a1830d53a35f92be48d1ebb36718d19,historical_retained,8837,0,0,2,0,3
26c96b04f071b3b2275cece4bc684ff7dba5f999e97b8a2df8b478347c313535,historical_retained,9299,0,0,1,1,3
cd15249c438e114af6e865b9058de548c02e265131a7fa799d30271ee1f382e3,historical_retained,9415,0,0,0,3,12
e749f384ad12c7a4a0fa796d1a201fb78357c919d161c4d06bcf999a816a3aaa,historical_retained,12416,0,0,0,3,4
2e7fe2273b258452af88bbe30212b443e8e034cdc9962165f3b3e0d899f802a9,historical_retained,9429,0,0,1,1,3
f7567c89e72677e0481ee5ca52e8446031b0525fd170cca38bcbb24e466b75cb,historical_retained,9162,0,0,0,1,5
3f7a584865850ef4722c5648ae796886bf12ce99f1a117dbcbe943f621b1bcb3,historical_retained,10908,0,0,0,0,6
c23cc5c35fd77ffcb341efbfc3bc9638de49d5fb484dd8eafb1bc823795a7477,historical_retained,8882,0,0,0,0,5
2c6ecbf8aa3c0585f47601fa3988ded1c5d76e632b7ff0a31cb9f881cf0a9b8f,historical_retained,10825,0,0,0,1,0
137cba103f51f0e295ef403a562755bb2c046a0b05af0a7af49bdc9cafa8064f,historical_retained,10937,0,0,0,1,7
ed3ee2637e45290b973fdf41dbf7f48577fa69707a5c927d4995b1d0469b15da,historical_retained,7263,0,0,0,0,2
e69a0db366ec45b3e712df522647a306e5a94428a5816d3a96b32aef91a1bbf7,historical_retained,10009,0,0,0,1,6
24f0973ce435d5b95a0e7ce0957feaf663ba29cedc7f7de3492d680f1cfcbc6d,historical_retained,10312,0,0,0,2,3
007269dfc96e022bace0023b4790311345d43eff4a6da76663367bb1427ef3c6,historical_retained,11904,0,0,0,1,4
16805efe585d36d9c0ebf212bb3ff3f0b1cfa27dfb2c82f501253d210db3caff,historical_retained,9557,0,0,0,0,7
b0f04779d0309459a54b99f2ee513c9813394b1782cd9e3a10f1e40d1024719c,historical_retained,8613,0,0,0,1,3
bbf8040d3a4d123944596bddf76e04678f9483a7acbbdb512e48687320eb6711,historical_retained,9291,0,0,0,1,6
0caf10e9b26628aba4f27767f3322ba5d47e095e99dee22c3b3236301020d6be,historical_retained,9411,0,0,0,3,6
4efc471d05479aab71b5c94819282743f0f54ff282a02b6e215046cad206637e,historical_retained,10009,0,0,0,2,3
9960c0691a86046f74ba0ec60ca8b6e70ce8be04615ce8faca9f888596a78861,historical_retained,7388,0,0,0,2,3
a70b1a8e8736ea0abb1765af7b128423295b05ac289f3639bccefe7110db0422,historical_retained,8390,0,0,0,3,4
f54d45c38cc38e748119bd497c8f6df284842feceda35a6b2d5f860e1aa1744f,historical_retained,7958,0,0,0,2,6
9a29804367c9f47bf68f90f80b0e86006f6a945197695fe129c3c661381d7053,historical_retained,10302,0,0,0,2,6
6f84ea53d06041b4d70a417db033c0175fe3300be1c33f3c1738de559d207a50,historical_retained,11372,0,0,2,3,5
3771b35a916cee555ae9e1d59cb7e4abaf213ce7eddd14420a384855d9262952,historical_retained,9636,0,0,0,1,6
0ace7cefacbeefc939b7e6493ecffc45adb0793b9b90b6390080444b2e1fa4d2,historical_retained,11786,0,0,0,1,4
745e9c8cf2c6f82c0e01bdfe12655ba2189af40013035e544ecce6e66b7fe7b2,historical_retained,9856,0,0,0,0,5
3f3bdf2da23b814599d32fffee62f4ad909cec69b3a76b4a72cef0ccd63f764e,historical_retained,9974,0,0,0,2,4
fbf4757bdfe90fb27236c9276993d788d7eec2e3d84207256b9ad12ea50b60b8,historical_retained,8946,0,0,0,1,5
ca546693039974a9f7d6088cebbc346828397fc794f8402d1c077222933d2fc3,historical_retained,9466,0,0,0,1,2
dcd3e3e94454bba05ef2107fc8905533d9aefe666ab6b24e2cb6c6b86b973910,historical_retained,7858,0,0,0,3,5
60465928d486e6ff8b3c93749b8e144d2b181a30c28eeebb3d5fb23a1b4d34de,historical_retained,11762,0,0,0,0,4
5a593c11a8fb64ed6771e4e2d0700a6091ba589b254634eb7683d173e22926f7,historical_retained,10303,0,0,1,0,6
39f587b900c5373177110a0edf5b1e1db2e3a2add3251ff762d531d6f9d65dfc,historical_retained,11144,0,0,0,4,4
356f51020b7db84b15f841c43a37b1c91b20498d6580187ada635217831be6c7,historical_retained,10499,0,0,0,7,7
a33470a21cf031d5bff07e687e01cfb916870528e5d0d960a2ec40db297e80ef,historical_retained,9427,0,0,0,1,4
b903e2bd0cd05eaa08ddb6bb127a907f7f39f006bc18431021213ea3cdcd21d9,historical_retained,12205,0,0,0,6,8
a43be516864adeec375fbc4829f8a1516d9229e04404ea3e41b9b26e9e2c65c6,historical_retained,12344,0,0,0,4,8
959f49faab82f7b69c2ba218a835ee12f5840ae0a876c75ce8dedabf7e773573,historical_retained,8354,0,0,0,1,3
e259a01d05e4f954021740a1ae96e1ba552c7646f005cfff4379d5ce6fdb4e73,historical_retained,8406,0,0,3,2,7
6b9f4dc7ec80b31449877ee150d0995d617b216167b4c94bbfded42bce4ddf76,historical_retained,9465,0,0,1,3,9
7af19a0d09347ab46cffe2ef82fdc369995feed0605cf7a2c89f1f08f9a3eb79,historical_retained,7700,0,0,0,4,3
f6c37edd8f3263a0491ca2def2dba4b740aee19bf35f6713b07feab211442272,historical_retained,8771,0,0,0,2,3
12887112cda0c7e681d1f9568bd026c2a664cdf6985191338491053e4ce0efd4,historical_retained,7705,0,0,0,2,3
16e0d32ce6f9150a92a3f6cd799011cb82e2250e72d29c824be75a70fafca2a1,historical_retained,11261,0,0,0,2,2
04257fd8572ede0b630205a5b4f1c1eb59573efc5da5a2615c7938f4a70e3418,historical_retained,9377,0,0,0,1,4
5c5e7c257682c5fc3a49a5e821b9aa5a87ffce7934c9b2ef6d0cff69bd4c56f5,historical_retained,8581,0,0,0,1,4
c488b324fd9b591e5651ca7bae9e85357bbce3b085702f4c133c40305ea7efc4,historical_retained,8873,0,0,0,1,3
b017e48ba6cc12d8e642479d365b776c7fe33e0053192ae4f6963ef7a00a71bd,historical_retained,10481,0,0,0,1,7
fd1a31431e79a156e24f9e786cfc0ddb9a0341e4bc12191c7fd6f7b813fce360,historical_retained,10674,0,0,0,2,7
bf297902c869251ee6ac4e78357018dde32c12795acecc65e64f22b7afc4b55e,historical_retained,10216,0,0,0,3,4
4104cd2e56fea5a90d8f09a9526bbaf0e89921d2117991369579b327564b32b7,historical_retained,12360,0,0,0,1,7
e633bffd78ea9940ed6d8808c4344db348cf20099c9743b308fdd6b017087948,historical_retained,9523,0,0,0,3,10
8981e4e7aa8be3c2789bffe901a5e5b288f3feeff923dc86f20ec55e133b71bf,historical_retained,11074,0,0,0,1,6
7e58356da056e6bf4895fc80a4c8688f2943158ea5fee7b223286391c6124775,historical_retained,10021,0,0,0,1,3
a2af035990402ddd5b89604c51edbf48771a9cd54d003febac7dccf642b887c6,historical_retained,9618,0,0,0,1,3
17fc399dbdb3b104ae3f6507a1a1f318468efd0d4d8d4c10f7e2eda9688516bf,historical_retained,10523,0,0,0,4,6
38553a1c3ff3f5ead94545fde55913570fbf89cc40d576990adf6c892cb58fb7,historical_retained,8580,0,0,0,2,2
b856d195ecec1f75a2faac3c1885c412917702197983c0987ce7dad00d8fcb53,historical_retained,10781,0,0,0,1,1
a130ebb0c649df81d700bab2d46605e4714b04439b0db4a1d01c7c4097b6ec0f,historical_retained,9447,0,0,0,3,5
e22392a5c38cdf63de358bede8009079b032d38f36b0dc5c7e878f325b3cd25e,historical_retained,11126,0,0,0,2,3
bc5ed1bc9685c6b297d19de27c57491dabfce902b64da6e81d0d37770f9353b5,historical_retained,12655,0,0,1,1,3
43431964ce5767e21fa0bfa8f8436c340042e2242ff23fc54841c0cd37a6cd58,historical_retained,9084,0,0,0,0,3
d3858c3d89df26fa57a347b2180c1512d93c5114877c294f46d77d2dafecca43,historical_retained,10191,0,0,1,3,2
36f8d8312cf7008bba93ecdb3c19674dea371308d63445270d457f396540a5e2,historical_retained,10130,0,0,0,2,2
553909cccc829605d820234dd00b5d1c02eac906b880432f7377a92dd5196382,historical_retained,8475,0,0,0,1,2
8cdab5f39cd9e3fc009693cc37a83cd7e09e80704f28c5aa14d08407a13d708b,historical_retained,12290,0,0,0,1,5
e0babead3ef43e58251fe6f3a7f2eceee3761f86038021d8ec5d0645a2247a5f,historical_retained,5694,0,0,0,1,3
c6c016457e07414bf4a61672c23674c49a9da311a9599723c1f5047ee698527b,historical_retained,7819,0,0,0,3,2
a57bff3d3360be71846e29c9527f023b94a0d22289f7426ca39b53b7fe4df7d1,historical_retained,8084,0,0,0,2,3
a16fe6e2867b22925f65f2e611e65887cbbaa0c7486854ded23e68e1bc022514,historical_retained,9526,0,0,0,2,3
81bf8eca51b66379cbdaaa66ce9bae5e084ecf2381207ed05a5c4343f8263a37,historical_retained,12976,0,0,1,1,6
a9404cc4a5b91b2c291f83caa61c01651c59915722fc207ffd9a09be1bb31e98,historical_retained,11448,0,0,1,0,4
4ed0df32020b6b75db9473bd8746586e3e1941f5eaa6c5f524267ab65e79739a,historical_retained,8686,0,0,0,1,3
1ac7278a18846fee31d2b97beaf64e61130f0430e7c9a86091eb647e398bc8e2,historical_retained,9244,0,0,0,1,8
abac0828527a343bd4b44824074a70e0428cb7fedfefc052574df053e3842bd8,historical_retained,14307,0,0,0,1,9
bcf7f092e43d42121f99fc8256faae49c74842b8a3ec83ad97412be64d57a0ba,historical_retained,8512,0,0,0,5,7
4a169ace6ae5417e333785401e4242cea0722b8176fd10380e35842b5246f951,historical_retained,10605,0,0,0,3,5
5bfe4a1f46990f5b8428676fa42cc787b9e05b2a988abe4289dc6d10358872e9,historical_retained,10226,0,0,0,0,4
326bf83c48c7822f1933e38cd0d32e1cbb90cf65d5013e0a05a50ca62e430aee,historical_retained,9659,0,0,0,0,3
dc29b2b06133017057c355ebbb015d3a9ec86ca0ed9f052a3ade34e62955e700,historical_retained,8647,0,0,0,1,3
c174e99cfb28f14e8688548108f3337d8aa935e1fc371738d04c920dbdd6e8b1,historical_retained,9900,0,0,1,1,3
0a305b87820001243acfdc590f5845f1d52dbfa9f679a4b75f7ac2c6d3f987fe,historical_retained,8742,0,0,0,3,2
e4c60a02c03f1c58ca870e5155061b8b1e91284f5ca4fe599d6d2bceb8d12110,historical_retained,11339,0,0,0,0,5
1136e5670786d8c030e7d2ebbb30504d3e0ccfc81148b8d875f71c248887326a,historical_retained,11509,0,0,0,2,4
ce920c52b105401c3c45c2769869df588adc70df28cf03c7ac33a5c9b9b62b1e,historical_retained,9926,0,0,0,1,6
977c90d11f8540fa4767f6ea8ce6d35d3e81e31fa1cf4f34effb7a63d8dbe289,historical_retained,10981,0,0,0,2,7
9a9a48e9b9f0cbb275fa243fb0417e66bf7e48cf7ab552d9e365a32bf9f680ec,historical_retained,9925,0,0,2,0,4
3d608fba0d1ed9771f9590f0adfc37606658d3dfa102c7b73689a2e7796be35f,historical_retained,7475,0,0,0,1,3
37317689938a17cdd037f5b30093272d5fc7979e0445d3f5fa34ba299a72ef9c,historical_retained,11852,0,0,0,1,2
083f06feafca904a873c967498ed047c4e1879ae7a5dff888d167443a61bcb32,historical_retained,8014,0,0,0,1,2
8793673adccd9091f0711df912ad889e45affaefd3a75d6a4567325e44f24d53,historical_retained,11851,0,0,0,1,9
e5f9c9187db35735852ae2cfeb33dc03fefc5f9b9d01f04127b60227007fb805,historical_retained,9852,0,0,0,1,4
7bd89da221b7996be4f490b1f4b9a36df9c7e8c226397c4f319d3df9039cf489,historical_retained,13543,0,0,0,1,4
0174184ded0b0020e745d19080195a84d8af75fcf1f0c685e12e9fdbc117451c,historical_retained,9289,0,0,0,5,2
813e9e3900f19f570953b74411519944c700135079cfd2eb3b744c5a1d21d8f6,historical_retained,10448,0,0,0,2,5
f7ba53bd4bfaa483f6bb61fb11f1a487a5a9c89ab0c48858354fbe383fce76e3,historical_retained,10978,0,0,0,1,4
bd730d312c743bc27a4feb6c6a09227762fbfb18dd11a4d05323e2087bbb1384,historical_retained,10575,0,0,0,2,4
821358d465a606e0d819be4b728fd57f415804463eb0f3aa616c8f851ccb4e8c,historical_retained,9799,0,0,0,1,3
5b56e19602168a17ef82fec241ef6c70f82408d595bddb9da352f89cfabea5f2,historical_retained,8616,0,0,0,1,1
6838d67074cad529141dd5a8cb42d1b7aaf472a1f578c2f135aac5b84e179f6a,historical_retained,10273,0,0,0,3,2
e820cb69915d277325308834d3875d572432e8744d98ba7b751224ebe1471f42,historical_retained,9871,0,0,0,2,4
698499b7a7a0adc53883e06af00951dec0c619cf019e578a752c0008c76d9750,historical_retained,8203,0,0,2,1,4
fd3dc874fe12c733d070342572a24e623b0ba0104d3ad5884b0625f51b7fe590,historical_retained,9744,0,0,0,1,3
647803f933f44288dfee1942f487d4f53e9dacbab709aa9d0698536480a64639,historical_retained,8978,0,0,0,3,3
e14c9246cdb87b3de44592a2021e0351a2b35bd3492ee6649b40a53fb8aa72ee,historical_retained,9029,0,0,0,1,4
56a7e356357d3fb5c1347c3d1fc1cc481715ec74806485f98ee7e95ce6507135,historical_retained,10001,0,0,0,3,3
4c232ecef71fd65835bdd2a2bfb88a8b660cf877e51413c09ce007a781f84b44,historical_retained,9945,0,0,1,5,3
cabe4008ec5f72c2dd60ed7303ca49febcaa4de70b6dc77e4f72ce8ea3876a89,historical_retained,8963,0,0,0,1,4
bf53ae1161bfeb83444c33048e1bdf7fba444453786e49f2ff05134a4515dd88,historical_retained,12246,0,0,0,5,6
9524b0623e5411f2ce758fd4928cac51bc45ab575555fb3d2f25a39caf8026b1,historical_retained,8538,0,0,0,2,3
7e5539449fdfbce7d8314c64f68539f63b535a6d60a66c35151ec3db30cd5a10,historical_retained,8633,0,0,0,2,3
767f69626d22b9ae18734c739aaad199939fd9523d2c91b7fbcccdd9348661bb,historical_retained,8498,0,0,0,1,3
3b6d6d0b0b626583e1327d14a9267ebe0c601f98ff88e94194b9ebbe89c442d7,historical_retained,8742,0,0,0,2,4
5e38204166cee608d404bcf4718805f187ebe75f5b0bad8b1d84c8e7e02372de,historical_retained,8384,0,0,0,3,4
629bdc3dbeb76333b9d5d4f2132218f16b6988daae559d1801913bf7444b7ca6,historical_retained,13168,0,0,0,1,3
5a12f34fddb4334d9cb52b9f94517a3551106c6458fa79e48ac47679d30aeae7,historical_retained,10605,0,0,0,2,6
c7e5acf7910c847c47cfe995806d92895a3a93a5e3e3af0718b448ceda3b7150,historical_retained,9159,0,0,3,1,2
f4c1a59a8628b628df392eb5150879fca0338ba120da6f3e4f6d93c4fe502907,historical_retained,10161,0,0,0,1,3
194fd1d5ff40f8434b6de1e96bd979937410c893332110580eeab5d65427a9e6,historical_retained,8065,0,0,0,2,2
b1f890de7059768b5a68fc3202ac9629dab439a8a5b8e07a410f842fd1ebf6b1,historical_retained,6862,0,0,0,0,4
d381bd7a847e70384088b87989c80913fbc9bf1d53c3ee24f2c9e47104b53aea,historical_retained,8286,0,0,0,1,2
be91a70e2934363d67beaf621fa3655c16015de733ebea34334ae24a25a0007f,historical_retained,10373,0,0,0,1,1
9cd263c001d4f843f0ce81c9e2da48d4edacaf41f59b5c9337d01e1e24833aae,historical_retained,9908,0,0,0,1,1
4333bedf600c063756b0dc9102fb46bddb0a6e4b19c0d94952effdb4fd21d258,historical_retained,7153,0,0,0,1,2
7af882e560b712d8dc1d0c972ae6fcae86e05719c5c2c1a9a48b863e13dc118f,historical_retained,5320,0,0,0,1,1
f9ff42f6cc4a9ca4cee5d5a536d2483acc0c30ef8129f1fbfbfe487228d91ed6,historical_retained,9387,0,0,0,2,3
cb952c7538d64522c82bc0483299dceb0f1e3e55449d5587c63ca6506c76a560,historical_retained,10808,0,0,0,7,3
b17425e4f28ade67b86967fc8282728a7ab519cfe750297b437418a9ee43b41e,historical_retained,7779,0,0,0,1,3
fe191a17846eb1ee0ace7998ec2a544b3b6242f8e2964b8dfab2c8a3d0afd8e5,historical_retained,10454,0,0,0,1,5
23ffb55195a646dc431b7a4a5ec18096c4b74211edd281b706f76b68fcdb7a5a,historical_retained,9270,0,0,0,2,3
21ae9a5dbd5e19e23f29518b2d7d419dbdf04a7147dd5badbb254289368546cb,historical_retained,8144,0,0,0,1,1
6a3a024a4f330556e3d6c8dd0925a511aa09d79962392e946022525a4ea3af06,historical_retained,8674,0,0,0,1,3
39dc016f4d778b5c26241ad127e0986bc992cfe9c2e89f0fce1f2b4c8b485234,historical_retained,8972,0,0,0,1,2
05d15db3942dbce632a0b9d4ac2afcc984b27730277672755e3273192448bfba,historical_retained,12138,0,0,0,1,5
2fccff2b79e3764f87a57d7e7643af78824a4ca0f7be82e54a2b0e589a59dfc5,historical_retained,8121,0,0,0,1,3
403492cc3cb6892b9ebc3e39d2811f0a875cf7371bf64561004cd9ae1b403cbb,historical_retained,10258,0,0,0,1,2
6138a5db480c416446aefe927e456a8a28dafa5bdf353d19ddf516baaa61ae7e,historical_retained,9261,0,0,0,2,3
13b1d3d590f6c35c0b6ccbc622bcef813165cbe83a8e5f4a954ca52a37f53f9c,historical_retained,8182,0,0,0,2,1
cc837bf908381b13ae6479cbac0f58aa2295ed273e1ffa61ec2cae28da5a4281,historical_retained,7790,0,0,0,1,3
30d11889472d2ad56784eb3242f6790b94bff61e7635703e3bba07e02f53d2d8,historical_retained,7444,0,0,0,3,4
ae71003365b3f77c8301067860aed856a2d0f2101a699cbab17a4ddf4df115e8,historical_retained,10150,0,0,1,1,2
1d2092a33980b885de3b5ffb9a1368c6f04a9e5b1ce0d43beeeca737328e7195,historical_retained,9666,0,0,0,1,4
3353e95fdf629eb1fd72bb59b2284da11712d440a190aac2283f7c81739be64f,historical_retained,6585,0,0,0,1,2
270326dd6ef0eeffe84965bd7d8f98739a395681014ece0e9d43ba98190c951d,historical_retained,9555,0,0,0,0,3
aeb3420e50121998ba389594f7ec79dbadfe31903174b13af4acbbbf7c4a4d2b,historical_retained,11917,0,0,0,1,2
6f81497d81ad647afc709ae07f1b496f21c74f9215d299fd8f59ed5c189f00cb,historical_retained,5912,0,0,1,2,4
2f8c324eff052e9db619c533ad521229d29f49a486fab6a1ac72147a5c5dbad8,historical_retained,9690,0,0,0,1,3
a77a50fe567a3190d8f82ff04c88636ce6930420caed678c96cdfb081c3963fc,historical_retained,10019,0,0,0,1,3
7712cc0f36be41c50a6b9745d89f58dcc62dc61c2880bdf962a9fe5c8bd8ea10,historical_retained,11743,0,0,0,1,4
28dea168107780f4d197446c87f44ea4f4bf65f181617bd50dd71b3693038d7d,historical_retained,9611,0,0,0,1,5
931f0ce272dfe17601256f479fbd98c965b9b277e4892f3097d9417f8f1dedc1,historical_retained,7912,0,0,0,1,2
df5b5c948673467dcb17f664bfd4410c3e177e93caed9320eeb1bb9d4f8b4911,historical_retained,9520,0,0,0,5,2
153b3dc875bf22175476a86215d1fdd4826fd2fee0c74a79f7a19d133676cc36,historical_retained,9943,0,0,0,1,4
29859ac27442cefe67b06aac9f069c97b7d5d77f4947b1c9bbaa18f6df091827,historical_retained,9441,0,0,0,1,4
74ac47892d772f72a4e4e70e91e83065a6bf93e2d58eb29cced70a82818a7116,historical_retained,8533,0,0,0,1,3
64eeb34517422950265bcbf406b94da17f00b20e4640f855147205e860a65993,historical_retained,11702,0,0,0,1,5
f88357b7490a7d6a2aef788befc6a056b01fb06c5a420d94deb1773faaed6060,historical_retained,9668,0,0,0,1,5
873979ef3221794f3413e81f49e2575dcbd7a15c6e411130e7237967f68a3cda,historical_retained,12954,0,0,0,1,4
3cec2a58ce81f05c5e2faa7dcb75d1773e2ffa7584686be387375a99fd563427,historical_retained,13380,0,0,0,2,3
58887fc34ef0e31ede9ca6ad80c3e125b389aa13746004fb03cbed71bd854e79,historical_retained,9118,0,0,0,9,4
f09369c0ee02553c532a9ab781b08b441c9050bcbba94dbd555bd95bc39e8a6d,historical_retained,11715,0,0,0,1,3
981d7a4c64074bfbe55296c015297ba9dca57dbf6e698491312a1c21c2e9f1b2,historical_retained,9282,0,0,0,1,4
b1db62a155f790201d11827092f583ba2079c98744f645ae7e865919e9a8952d,historical_retained,8988,0,0,0,3,2
737de197c056d83e5d3b712b103f576cf65287ccf141c346635df75a35d7236f,historical_retained,9629,0,0,0,3,3
3a8289e471d7a6efaa8321a9d838cb151c412c5b9be3d628af6e3d6a52754365,historical_retained,8294,0,0,0,1,5
852d3390cd8a4d6d289805ff2b1e9e9b6cf325e60733f70d322bb511f0912230,historical_retained,7801,0,0,0,1,2
aae5499121d036bbd4779e698f7a5003ba4bf2b8618436c60b64b2c9878a4a64,historical_retained,7058,0,0,0,3,4
c99e425f8ada13724ad4cc554de35e0435958cc1fbbba893773e94dd4fa63c27,historical_retained,7792,0,0,0,2,3
db2e921d727e9482fff38aee44001a00dfd95fc8373da87e6b1d2fc5e5a778f9,historical_retained,9768,0,0,0,1,5
f251f7d4c35a89cd8952f6e92c429fe0ece6de0aacb020be170bc32d11c50c8d,historical_retained,10469,0,0,0,4,3
3f3969eb00152a2e78e87134362428c23c341c1674d7d834a886cf14974dfdf9,historical_retained,8868,0,0,0,2,3
76cee10b0ddf9fc47ab9cf01d14872e8e3a8a5ef9a7e3dae8fa1ed9c40b16548,historical_retained,11828,0,0,0,4,2
e46dc484166a473c34af999bba97f68950111400ff2f4e3f0feb9f42d33c050c,historical_retained,10527,0,0,0,2,2
482340dfc0b20b790dade78bffa45c3af300a50b6b500550d708843b0e1ae1ac,historical_retained,9383,0,0,0,4,2
5db971dd218ce59a8f0683901825700133ca990c6a15bfbfda62252ee70c92ae,historical_retained,8079,0,0,0,3,1
23b725d5edc848a7eafb7b888571c8487f27478ecbab7f8356969f370e713433,historical_retained,9446,0,0,0,1,3
8dd8fe54a1b78555cfe74a3fa1bbd7e97c0f3a47b0fe7aebcc845caff471560d,historical_retained,15591,0,0,0,1,2
eabe5403df176363a9221f67ed08331e6d1c47ac010f4fbc3c1a729964ca4329,historical_retained,10060,0,0,0,1,6
31a1d729e5f2a8b9bdc5252ff68a32baac63e95d40629423ff8c34b018da0424,historical_retained,11379,0,0,0,1,4
fc583c03bc18f60f2b0c75088406ee853c383bb7c72dbfee0163d1c71092a6ec,historical_retained,8846,0,0,0,2,3
ac25ab22745eab3ba78360c0cb68251e4757954e550d17726aa5f499b76d1da5,historical_retained,8550,0,0,0,1,1
6f1ccc7ffd202c74eec0080be7f0f4904449405b359a2002683b7d8cca8f2d8b,historical_retained,7175,0,0,0,1,2
1bd7ae9723e5913d32c8b6958dd19eec9c0539e54e966303ff6d1f441d6060e6,historical_retained,11401,0,0,1,2,3
9747a23fee2bcf73122af09c77d2f24c8db6bc44696e031de82a1d86d175e600,historical_retained,8453,0,0,0,5,2
aabf5bc8b810c3cd807f10c1be7ec80bbd58628480c4ce76da114543a3143965,historical_retained,8389,0,0,0,2,2
cd240c4d5192674a7cfc5e5b77316d9fb5e188648abea11445b59c4431d25c0c,historical_retained,7561,0,0,0,1,2
753152595cb39303049895810168323bb0c0b31408d8ccdc69ad69ef65254518,historical_retained,13716,0,0,0,3,6
4da320db2bafacc8f7e8b6b90912a57602dbbddfdb2b4c244e6cb2474e2fc553,historical_retained,7689,0,0,0,2,2
3db0733e7320d9c5fa79ccf78a2b1c37945c98163141ef243e2e2fbc648a8b14,historical_retained,12199,0,0,0,2,3
8ca8c87eda152cffcf8b5efac6d05050f2c41eb6dd8e07ea7086f63a6a118ec5,historical_retained,9896,0,0,0,0,1
b89ff828efe684a2cb57409af80aea812cd1d5efae37f739f52d2c95bf32bf75,historical_retained,8648,0,0,1,7,3
8c853cdd07fa688d0fdc939c561aa440368270b3ce68246a78f24ff756384391,historical_retained,9847,0,0,0,1,3
c94bf70e48359a8d574de5fe6b836855f95b1a86d5d9bf4c13616a0937125ce7,historical_retained,6308,0,0,0,3,5
b7aa80dffc70ed68fe3913343f533a3208a6aa4555da8bc649cc03465eda9afd,historical_retained,8797,0,0,0,1,3
d93e1eae032d9a54a9869a4fb194ae48b7f0fe4e7c796932eace28ae2a2a0974,historical_retained,8701,0,0,1,3,2
816d94c778039647baea64e1916366c2e0b88f544399a31df08d4db789aff979,historical_retained,7465,0,0,0,2,16
08512d85bae6a32bc83a03bd92e2169acec907cede8ac75b69e7ac30874e8f2a,historical_retained,6279,0,0,0,5,6
181186fc30609224312eab5392e0d2dbd0ab6385a5dbdeae2c97ab21f8c37a59,historical_retained,9112,0,0,0,8,6
b039ea868441b99584fe25be13cd41824a12642c591c89b80e861169eb820b2a,historical_retained,9158,0,0,0,2,1
e5b64e5c3624446ddc49ccaa0e30f2b0731b896f20d0e97a117c893411839ed5,historical_retained,11627,0,0,0,5,16
b0730fc80b68b3ce01d3d87d44589846228048ce44483a6ace708c5673b1dbbe,historical_retained,7161,0,0,0,5,1
5fb1522fb1123f4943d0d852634daf9d7d22e69da20ef96f2dc6787a8cdec21d,historical_retained,5836,0,0,0,4,5
4370f59fd7786befceb0b02c8869ee5df7a56b996c756be955b2128f8296fbf3,historical_retained,8433,0,0,0,2,2
74f416a951979a95acc22ba43d2e16c09117a408432610dcc22744a03ab857c3,historical_retained,8175,0,0,0,7,2
4fde7dbfe9d9a48498b7a9b6a5dd2a0d818612130ebe4b61ca05dde7e26f9bce,historical_retained,4677,0,0,0,0,3
4d70ea1f0d4d11c8935c2278b63768c39b4c4ad0c43e7c59c6ff6f5ae87010dc,historical_retained,8840,0,0,0,3,5
0a4ced308620413ff1f6d945cc5f53a3da51c554c8badd9ededeb06bc149ce66,historical_retained,5302,0,0,0,6,6
40add17cb8c4ce88ad268885dac5663b01d9513d744796cd11ed7f560e813aea,historical_retained,8181,0,0,0,2,3
abcbfebe5e5d8b8aba88117b34457769742d3af6ae774fe9c5aefd9dd6f2cca3,historical_retained,8725,0,0,0,1,3
e563be8b088c5322d661afecce058dbef58bf24ac1593f35941bdbaa1c0a940e,historical_retained,7510,0,0,0,1,2
197bf6d6768c6235cb55e8324a85ebf0d7309e9cb9e0bd8669c68f8d2373f54c,historical_retained,9961,0,0,0,2,10
1fbe248cdf97c26402ed989b206f970d578dbece7c3d45880846a8923c56594f,historical_retained,8605,0,0,0,5,6
41a60efb0921f8ec9d47b8d2c767c24c3576679d45c10c86b9074f8667cc39aa,historical_retained,7238,0,0,0,1,9
3ab662ce5a5ee3b26111c3e9c4f445c4918135c41017f7145862e58dc19169aa,historical_retained,10007,0,0,0,9,2
8d7f500896fe1f211b7ba73ae40766769fc6fa9b889f70b1303262f9bebf261d,historical_retained,9999,0,0,0,1,2
5ea323e37b39efea624a18aa4d2b243a0d2ff602ba85502d38cc2116552c3568,historical_retained,5951,0,0,0,5,3
31cc3a7408a62989f6c2f2ea0f5096192532e52f7c7f61c9c21fd220f2e75dba,historical_retained,6303,0,0,0,4,9
afc72b0021f580459ad216c7d07a90c0c266c9c6fb7af743b895d9b3c3355a20,historical_retained,5436,0,0,0,2,4
2f2c512853427c59b2aae3d8a55c651f017e9432b530c967e91c25d8272d7474,historical_retained,11095,0,0,0,15,6
913739af1721097f55571074c18d489664d4d4b9db95b14365fd3690b6892390,historical_retained,5007,0,0,0,5,5
a557e1ab299b3f5ee661abbc804ed5b8f8d82543241172a9c1bef21bb8eb2b91,historical_retained,10353,0,0,0,2,7
fb646c669fcddfec9e18a98dca6c288c5824706f419cb974e3e1131189d0ad5f,historical_retained,7794,0,0,0,5,6
223ffc6bf3f7fff38b085f282fe5eeba2d17046e61645e8af26cdf2b5c464953,historical_retained,8332,0,0,0,4,6
303222372c7664b417eb8a4cd58687192953a53e85ec690c2030c956ad4d239b,historical_retained,5231,0,0,0,6,5
f21e5678003f113cde02ff5318228d5aacabd379ebb7d9d5cda3743146b0fc9e,historical_retained,8914,0,0,0,4,5
ce8c53a4ff88869299e0b82319f1c07f56bb2208fb9264daa332228d255d783f,historical_retained,7610,0,0,0,3,9
b52d892dbccced891a744495a681d22edbcfe816ddafb803b8b3b8e6ad25add0,historical_retained,6672,0,0,0,3,3
178062c606d8c137d005ae1f5299e00ac3c73655f0a3c498fd07dbe24a791861,historical_retained,7531,0,0,0,3,8
0e32fc0b8380430870b04d2221984e8e6e70211ed20682b1de7f7092e39ff4ef,historical_retained,9708,0,0,0,2,1
2c7d8ce2a42f0f085bd50e987c358da417c35ee3fd98ec19a486881820448bb7,historical_retained,7526,0,0,0,3,6
71e5ff227f9000a781ab3965cbd7b44ea083be2ef49dd692558b96ff2f0a1baf,historical_retained,8905,0,0,0,4,1
247a5432312e28ce3132fb840b556a759fb757816695ba214cb7651836125edb,historical_retained,9231,0,0,0,4,4
3985c44c405df40b2aa995af0deda1523667d85eb2719b7877ae8c598a751542,historical_retained,10225,0,0,0,4,5
005460e3680f5f55366746ef376dee520d37bb4995cc2a10d9f30f6d3b542085,historical_retained,5811,0,0,0,4,3
a5339c8623a7867f105148b99c96d211a54bff5e0afb184250012ff6a26f9ffd,historical_retained,9291,0,0,0,2,5
4a1638ee3d6c0cd40c04319b6a3712dd15f30856c09f4874db700026c2228bd9,historical_retained,8575,0,0,0,2,2
8df3aafb6ffc64b68afe8dab9a3945bbcda07a2519b57d9fc5f0b4db636bfb82,historical_retained,5620,0,0,0,1,4
dce7c0cfc222d266a8442ca70954ac03875140507182e9da4ac8fbd500495a20,historical_retained,10013,0,0,0,1,4
0243850a0a9c3c3b49ff2a2521cdf3d9a38eafdcfe1bd7d507c052d8612595f6,historical_retained,9201,0,0,0,0,2
de750e503c28f4e9546ec84f05e7fe99bd3c329bbf970bdf010486cabcb84214,historical_retained,9400,0,0,0,10,6
c2ea813b3586c019ecda939ac102983d4723a5638187669f1034d2045457b990,historical_retained,6539,0,0,0,2,1
7b2cf9959c35d08b56536d3e363c5eaf14d06678af28e73756c94ec583a79db6,historical_retained,4830,0,0,0,3,5
b2a0172897ce0b8403152b09d06e840d39cd6eb387f50bd50001cfc1fefc8c20,historical_retained,8646,0,0,0,7,0
246ae86c566b6fcb7db5a8919d033598813e4210701e7539c0b121880f08039c,historical_retained,8185,0,0,0,2,1
0e7f9ef7196a25d5d90f85c191881e5c49af0e93afe536ed4dc1aea4ae64a6f9,historical_retained,5040,0,0,0,3,2
99a32df42c99bdf4e7aba01c6baf11e4b52e3f2ef41d26723c6e7899e313fe60,historical_retained,8565,0,0,0,7,10
bcaa2412de6ecda56f2cae7c6b9fe4ab458734fa7f564725024a683c0978b1d0,historical_retained,6845,0,0,0,0,3
af4f5011d63da564f4a728f7297ea9656f81c6e5fc155bfbaa12a12ef3afb594,historical_retained,12060,0,0,0,3,9
e6cecf709cec3ea7359ec47d1ce357a8e8cfb8fcd8f3d4a672d91f48bfa8df68,historical_retained,8458,0,0,0,5,2
9cdd226256075001f8ee9b66951dd3a9d194987e5e92a5748b349fe1afcee833,historical_retained,7426,0,0,1,1,4
3bb5631f6f4d6fc28176db429a97efb397e5728d8c50fbdb13df959be1dbdeff,historical_retained,8592,0,0,0,3,8
92538ddc75d26706d7a041e9f1e8bfbe6d817c23149ab8eef0472f9377b76d0b,historical_retained,6421,0,0,0,3,4
4ae48aefc43f8125f2241899ba94c0a526dff922516eeb73cf158743cc34687b,historical_retained,9736,0,0,0,3,3
65dec051532e9742530ebc2b9a404a6450a19257716021664d25c0d8aa9795d5,historical_retained,7446,0,0,0,1,3
940bc443d39e2ea94ff5fb44bcc5058a63a8214a44706ddd3fd1fe5b706f54f4,historical_retained,9702,0,0,0,7,2
e2c23fe83d720e28153a556b5cec4f268f8de64f139795df960ff9837fd5d7d2,historical_retained,5538,0,0,0,5,4
d20f4cc5494d988a30594dd9b260d8baf3ec5467d3218af2c7f61604397775b3,historical_retained,9325,0,0,0,2,15
488b2fc244b03a8503db42b1d0fab19c37f2fd7c05369df3e6f2f1ef03734b95,historical_retained,9345,0,0,0,3,2
1282850f774843e227d942d8955b01fe1bd294fa92578267a1d427c38ac331e0,historical_retained,5687,0,0,0,6,2
7c92ad4cc285b2ef1c3c63b6191c31c7a7abd7bf07a647866cd809798da51137,historical_retained,10454,0,0,0,5,3
55d567a43c55213af7c9fda53dab61656c62e2dde5df9ffe550cb6b734f4a3e1,historical_retained,8318,0,0,0,4,12
c8f0225f0e6770e2e97332755ae5a04e5d5d0caa5ee639195b439b564c9de8e5,historical_retained,9430,0,0,0,2,4
8e4028e5898705b898ea82bcb4b01fc4a3d73477d3a2710e393a78442e1c5764,historical_retained,5831,0,0,0,4,4
85e30dcc703e7dfa8335f63fe8acc286410c3afe015295ee18094295b9a80780,historical_retained,7055,0,0,0,7,7
7b505dfad856be5397eef533a86000427ee9f73db57364900b2541144714f85c,historical_retained,7763,0,0,0,1,10
1f0e435408101128b2816ebee3af713d4921c939e4234f400dbb7da6389ae1b5,historical_retained,6970,0,0,0,10,4
3fedac63c64d79184127824c9d631d0a38e11eeec87b68e56a3385a9f6b9c96b,historical_retained,10651,0,0,0,8,0
5509a4c28f8c79dd0afef87103d38982d7f1030cda13b3f573d957cb73a48949,historical_retained,9524,0,0,1,1,6
3d60f63ee61b58f9051e53f394f2730c778eea54d80fa054e9be704f49c3443a,historical_retained,9571,0,0,0,7,2
ee5087d3fa5fcf9abbbbe8cd9d0ca8654f72ad7fe5d16fee21ee18087e7f04f2,historical_retained,4824,0,0,0,8,1
8260679c54eec571dcb4c20f528d3645b62815046dc45bab878cc59e9833f618,historical_retained,10808,0,0,0,3,0
bba4c4d094543bea7f1bde4937e2377b7f1acc30a2eda723eeb9a6975f8d692d,historical_retained,5295,0,0,0,2,8
cf0f5278771727fb8edb3d902cb48b376f2bc50215b20ebae4c06daed2ea5eea,historical_retained,5044,0,0,0,4,5
00af6d21b650f48626c6db7ec52b1163f423d4b4499881df713dea772fd02ea6,historical_retained,7864,0,0,0,5,1
a68400dd7234a3b5557fc07eae30b52cb0fcef4eb81f04dd00a8dfaaf3c2ffd3,historical_retained,8426,0,0,0,3,9
fcd6b4ab68acdc41bb060724c94fff9ecd180d12f71f0deecfa26f4f67d52e8d,historical_retained,9581,0,0,0,6,3
4fd6e164fd39634f46a590f6971f49c36f46fb4d0bcc559f258257c95ab4dd5d,historical_retained,7551,0,0,0,8,5
ad43b1ff5d41f9e599f57b4dabe221338cd011ecce7f08ef08e32ffd226819da,historical_retained,5950,0,0,0,3,4
5480746c109fdc74efe71ec64e6e20cafbe3c1e71630feb94acae63a08b292b3,historical_retained,8093,0,0,0,7,5
9175d4b914369aa72f8ac1d14bef8ab931108f240ab9bdd7b67a349e3e2adb66,historical_retained,5787,0,0,0,4,1
3332338432e93992a70e3a7cb5b5873bc35f1a842a8cb5ca52f21a2768ee759f,historical_retained,7825,0,0,0,6,8
bb6302f62cacc4237839e402ca5f40cde64c07b2c7f5caab8f3ff444a7559499,historical_retained,5025,0,0,0,4,3
1645c97c4fae9bc6cd9626f7b93c0fa4d9b80c48d3509750fad3c1def97175aa,historical_retained,8793,0,0,1,5,3
9999b15ff70539829f18af46775c1a3655a64989be343c6244f370560d262833,historical_retained,9935,0,0,0,11,4
f1a2b20ce33f9dcb3c5cc3c5c5cae37941d77b6b2a2cc2062d2f870106838c76,historical_retained,11761,0,0,0,2,0
8f24866fe34819e7fffe51ac3cdc118d157a1061a912ac2efae749229f20b849,historical_retained,6534,0,0,0,7,1
ea2394c8ab3616691e07f03dc301f349d757f495ebe3245f9521b5c797a2dc01,historical_retained,5053,0,0,0,1,6
f134eb271cb73372d28b2bf740ef2b6fda6f279a1c7575bcd788b3c7e8d484ce,historical_retained,5294,0,0,0,2,0
20cc4817c5fa2b175e0108a4089863db2842eede5be8c8b1c09f467ead8719f5,historical_retained,7633,0,0,0,1,2
3bee647bd40789ce497645b7762b2cea5599b74fdc032ea97472e50684a47c4c,historical_retained,7044,0,0,0,2,2
244fc21ada465fa8cb25d7a80c9ace68776aa4cbc3f8257c3cd476774afd99d8,historical_retained,9959,0,0,0,3,2
66c26a51744158d16e639b951ed2d584e928660bead2e511c4cdad2b59242914,historical_retained,9741,0,0,0,7,5
a27404b807b3b36760a73a9f92f78064a311b2582c54b9218d6e8d44ae218b96,historical_retained,7085,0,0,0,5,2
6c671d868d05fb80481ed9983324e0190130a2f8caf1eaa3ed7c6fcbc6a84b80,historical_retained,5276,0,0,0,2,0
e84c28db06797aceece1e6c5fd940a6255a14f7d1b257912e9b2e5f2dba33ac2,historical_retained,8716,0,0,0,5,3
6739bc6b249b08c7d92a0252679d196ba3bc2c20ea84bdd319ea0d1868dd7c46,historical_retained,9193,0,0,0,1,4
86d7b4af9fb8b8b72000d61935d36b15229213af756774aeea8ef14627ff9f7a,historical_retained,9605,0,0,1,1,6
6bab2a65761f8ade628f24d5a67294a0b0a375c2e2c27fb373de505d0cee14c7,historical_retained,5732,0,0,0,2,3
031b8fef135885b3b44c80d4ea32093ccff0704043075e1576113fdc74699d5e,historical_retained,8199,0,0,0,4,3
3645a3213316363e2e0ba0fb342e9e7ee3ba078afdad36a6bf6accc6e369a0a6,historical_retained,10485,0,0,1,6,1
35eaf2af3b9d6b2fbb35e3bd142cde94ee021feab333e761e0006f066840ad05,historical_retained,5527,0,0,0,4,5
1c99566948f4ae27c8b909751d4ed8b38df51f3919a034fbe3a845c04b0466c9,historical_retained,7212,0,0,0,5,6
3c3d63078556fa67650f425f2f527221a9f08d66ecc5a4f950d876c9178c90ce,historical_retained,8295,0,0,0,4,1
2bf6403cabe81df0d5aa9cb3065a5c6ff94740f0eca5c4dd7248c6d34636fa4a,historical_retained,5475,0,0,0,4,5
02cd6eb88bf61e7eff3c76e8199819d655d37db3eb2567490da34d971b0ba23f,historical_retained,8142,0,0,0,3,2
349c1d187f9c495c8154c71d26aa8100ae5d0c23c4bfd502317626293bf1223a,historical_retained,9263,0,0,0,9,4
d884130226358ee793a158988d8dff9475c0b4b0bf519342f11156adcef1d1f0,historical_retained,9948,0,0,0,6,1
c9e9eab8af54e6ae5bb4731f7c8bfad46d777649b89ac25cde95c9d0b4515fc0,historical_retained,5439,0,0,0,1,3
abd654ae6b675ede87935dd7022a4aa96e291aded33e81f5552e79b09c068345,historical_retained,10020,0,0,0,4,14
16a1ffc5b7f19824ea74bb50ac9e3d27fc73d317379cbc9745802cb94b660f37,historical_retained,7078,0,0,0,2,3
56587abd08303de40b5d6ae3826c7c64f177c96c64bb41d00490e673871ea92c,historical_retained,8407,0,0,0,4,6
cc503b15cdf5a24407cf1c388e3c81aa8a8fb8d16abf5c952de58d9fc69b817c,historical_retained,10842,0,0,0,6,3
71f5cc7de2aedb7d7ae8cb2749b2a5c7cf7982cb4782e6add02cdc6d769d5f65,historical_retained,10868,0,0,0,3,6
82165f89f0ce337a6e224adebbe6113a186840264d9f1f8e2af1d576654dc8fc,historical_retained,11472,0,0,0,7,3
9bdc2ebebf432acba1b584b36a560b608caecaa3072c1f44352db841a1e50905,historical_retained,10084,0,0,0,2,4
2419efdb73ee287d0c759e67d7f1d54e0b81c2c8e90d70aeb9140b1fb46f01eb,historical_retained,8381,0,0,0,3,3
2b262dcbe6574740763b92ccf04ba64cf39d2d3995a34df14220089f5fd3b970,historical_retained,8860,0,0,0,1,0
df3414a50edef4c3181561605d14c28c381dca56dab099c21e7bf8fd477544b9,historical_retained,4720,0,0,0,0,9
4b793dc91bf54e4c49634bade60bdf363954d9ab2ee2aecc8616b9a283b28ac8,historical_retained,6944,0,0,0,6,1
ab5aab8d207c1964cbdf808615e364af5e6b15e00bd3176ad673aaa2540c9781,historical_retained,4803,0,0,0,5,5
23c97d7ef93bee61ca25eea0fff96851f081920425623eab32ed5d8aebad78b1,historical_retained,5936,0,0,0,5,4
983fae08f604660b4811f46dd5b16673335c3af43319aff49c1cedf37cc63abb,historical_retained,9819,0,0,0,1,3
ce6bedc0a76bb7aaf6de66549f894d6ba62307fe1c661c6356d2aada77051ffb,historical_retained,12111,0,0,0,8,3
209a6397976d21bcc96e08e0c1b1d2da843c93560e0d08a473c756fb8966f11e,historical_retained,9978,0,0,0,6,3
aefe8fb1ef3c5b00e37a2df9541534defd5459c2d848bcba548782bffaffbe46,historical_retained,9152,0,0,0,3,1
462846eea431fc7904f7a8e79dad09d5f899c1d5271753cde693f79852b2af62,historical_retained,9513,0,0,0,0,13
30737d8dd8afa9376d18da920eaa1a70420e84c16a31760f102af0e43e39e8c7,historical_retained,9207,0,0,0,2,7
3be2b3ad76a2d484429f519c2f65db13719c9a4042398f928fdd7763a953367d,historical_retained,6590,0,0,1,4,12
6ce8f67c00289846b9e9b6acf80354c96fa69d80d1680079e7805f62bae76450,historical_retained,7351,0,0,0,3,0
59c8a7f88a204aa12489601b06ec1c2b9856ba0c4cb98735883492ce394d64a9,historical_retained,10068,0,0,0,1,3
284c29142ac88964d4d31cb37a14062a5bcd23ba23a1b96ef3a85be68ec4dcfa,historical_retained,9094,0,0,0,1,7
54efd63e09a745229e4d78e51e76976b92a1d6ae7134c661464c018819d39705,historical_retained,7368,0,0,0,6,2
2466ea3c4bbd8b368541d2e076a5800e04a08ec01fe66b0e1f3ad10aca8fe710,historical_retained,7293,0,0,0,4,3
433b0ab17a5dd68f2658a8afcbd356412ed86b1826b33a02543b0a706e0e2879,historical_retained,9445,0,0,0,5,9
58f6d4ef1f41a4b5f2a25d11bfce5cf599e06623580b5c00590119361ad90046,historical_retained,7469,0,0,0,4,0
c60cfef5a13f6c7176c24fb8d3adfc9b3ecfd9682ee3f40b2c83b12303c7973f,historical_retained,10418,0,0,0,2,12
f5dd75bdb3690e5e004466128220284eb2f8003f6f70e150427a40bdcfb51630,historical_retained,11514,0,0,0,1,12
f0d9a847b5d141fecd4f19acb2bbdccd8ee55af21d13f45134d90365d19ac6b6,historical_retained,6903,0,0,0,1,4
a26e408c36e5f4d684eef2601f14afb4fdc4d39f0f57c7836dbdab4f1f83c7a2,historical_retained,9656,0,0,0,3,7
fb6adf91b0dc30b360a0a1b9ea3530480d13255da88eada4edfacb3540324350,historical_retained,6237,0,0,0,1,6
54091bc3b2fa44a9b3bccb29f5752626d537a51e228d0c8400b77a51f5224a63,historical_retained,9120,0,0,0,11,8
2cecff2c0b018f69944bf9956d86ef7dcfcb4cd876713d35ebb0dcb489ac7aa7,historical_retained,5502,0,0,0,1,2
3e79b5303833abda0e7bfcc3fab048399adb24cc072706fbecbbec5b01f0f6fb,historical_retained,8458,0,0,0,2,6
823518e2986880fe8c50b12f954913bb7ab2c801876f52b0beecbe20b4633d40,historical_retained,8382,0,0,0,5,14
55688d72e10fc413b0071e0bd1bb8c6be6cc521ac103ad74299c3d1de760e643,historical_retained,5871,0,0,0,5,5
732ee0434f526042e921b2a622cacf32640b6457235c94996004614d7c2da139,historical_retained,9537,0,0,0,13,11
b1b1dedd2c97834c4bc81002671fde035c5673feed34ccfe8b841d0651217f50,historical_retained,4996,0,0,0,0,3
c13465b6c4d4e61d2d72dc145097f2998abaa09304ce49635b4f1d92236132f0,historical_retained,10825,0,0,0,4,7
2f4581b4f761efc19e1bafa51370cada76097c984b194d804af3802983218326,historical_retained,7302,0,0,0,5,9
b592ecf870eea6b36759407cfa7d11379026654427e4ac00224fa8fca44e7e2b,historical_retained,8701,0,0,0,1,5
aed10a10773f70ec47093fc5b7f8f24b0e8a45906421b945555bce4623332b60,historical_retained,8748,0,0,0,3,7
aa7b68c20c469bc6c494b7697b6958d2b7a247cec8f2bf1e361d104e734477f4,historical_retained,10311,0,0,0,3,7
3a2da42c280d7cc25ace4108a07da80f65d9f17b8c8374f7cf236a4e013ecf98,historical_retained,9757,0,0,0,0,3
1e4d4f77444ec41cc7f09f24e42b786ed51297831fe9519528fb231e500a0107,historical_retained,8830,0,0,0,1,4
0ee95bcc01924d99eeab2bbcc365a62fd8c8ad97526d9f69e6f3233d515d8412,historical_retained,9445,0,0,0,5,9
5620fb12185d721ba873b0f8c713fc41f2215da45cfc63e7183b9ec83f3be3cc,historical_retained,10278,0,0,0,10,6
f54953a6332b3fa44a4e62c5b661b446e3f7ab0549f16fa976b066f57c28f583,historical_retained,7867,0,0,0,1,16
5723cc0f39667bb493bc733d32e98eb7888fab36654c9a527b268cfc84082ca7,historical_retained,6546,0,0,0,1,5
67468e67eb9dcb071ca3c865c0c99a31fb2f4114979b7cb4f0413fff72a1c62a,historical_retained,7161,0,0,0,1,2
a198a3a91f387903ee61c6ab89d8caacd899d41721b3009be66a51f560b65dbf,historical_retained,8137,0,0,0,6,3
9312f60e6f3d0ce41333b6d3db20509ba11090e4fe11793287eb5a49f5e82c1c,historical_retained,10100,0,0,0,3,1
5074c5d8276cf5d2020a42db8ebd6420ef02d2fb35ea58e9bbfc1c891c74025e,historical_retained,8004,0,0,0,2,4
c477c3b450d251626ef115f23d09404b99db39104b320a14d0b2f0708c007122,historical_retained,6731,0,0,0,4,9
292b23b0358a8de652c78640a5b1a7f0a4f974bd58bc9a6778446ff01c4b6fb9,historical_retained,9208,0,0,0,1,4
dadf3671425892525b620e852507d7282c78aebe72902d63da6222f000600d20,historical_retained,8712,0,0,0,4,7
a00b0ff3cbecf5be5d4ae9f924881334e448b272b55277e78253571411140f5f,historical_retained,8938,0,0,0,2,6
3a2cec5ad48727a7cac2595e38eb758a284234b7150e88fbdb210d4a95f9e857,historical_retained,9320,0,0,0,2,4
106d0b9e84b374cd65478330b5558be67f47033f4356d7de4952d4b6d1efab1e,historical_retained,7988,0,0,0,3,4
afbfb4860bcbe07e415cddfcef03fd588a8519e8c4cf3ae49ddb17183d3c8fe9,historical_retained,8047,0,0,0,7,14
64a0ae86f91d5f374ee2bdc983dd3ab654ab07a57dde6343bd0cb89eff47535d,historical_retained,9288,0,0,0,4,4
aaab0c77613d1409bcd193c44fde8df5eedc74c0b8936793051e98a05e1b2cbc,historical_retained,8378,0,0,0,5,10
a51c058efc5bcc22e5e602ed35135c3d86f65dcd5f2a6605607902ad3daa0910,historical_retained,8197,0,0,0,3,6
6a090ac94a0d6d3166b61514b6c526b93547563d1cf81ebb80e059552e2bb3f2,historical_retained,9844,0,0,0,11,6
6122e00b64641cabf9bfb6114be646766022246fda31eba8dfcd257f30d128a6,historical_retained,9203,0,0,0,1,4
2ca2f3b925f406eb99459d9f1759ea9f28640189b11a1d448dda8ed3467ba4a4,historical_retained,9441,0,0,0,5,12
0a9f27b6f9024aefc7d5721d1dbc78beb7f518551eca2445d3cd779bbbe7f08f,historical_retained,5381,0,0,0,3,3
378ab3317a21f245a4518e45f1064f67a01e397216f27bac8ad41378d88cf243,historical_retained,8062,0,0,0,1,12
e7523e5357c057bbe878a310e314f64b6bc07aeca8fe8d9f2f23624662d9f6a7,historical_retained,6466,0,0,0,6,5
da3fa0bad21b38f235a3dbc868d00a10fddbb4b3123fc93777c2d12023d3c425,historical_retained,9420,0,0,0,1,2
153df8e79efcc5a972d580e24744693651f4a97f198949666414a49ac5233e2f,historical_retained,5165,0,0,0,1,5
ad07b578e927b3e681d0104625f1cd9abf1f627d6bd0138f6dbfed4be7a508c3,historical_retained,7208,0,0,0,5,5
ca4abe1c519e8bd516d2e2e1474f331c9f1b09c808b8d315bc8737b542a39e3b,historical_retained,9487,0,0,0,4,7
58eb42b795fbb019b9724257ee476e1d6928853db2b2b7cb2bb761c240dfe9a5,historical_retained,8365,0,0,0,1,7
38b53815623d57b579ff82274365514c56a4a4693d0e6656363043d04dcf6717,historical_retained,8568,0,0,0,1,4
48e1974e5c4adf9cbbc68fab4e04c365e0917e30488f83c472dec00d8933072e,historical_retained,6231,0,0,0,3,2
69946e566dc39aecf7713e1e6ef70e349c5ffaf79f3e17fe2bfc6ede362cc6e5,historical_retained,10324,0,0,0,2,1
961890a79998aeb2e39684aeec68c6885badef8d24994c3aa32fd7355917ab80,historical_retained,4331,0,0,0,1,7
c96de51285234faea8ef954603b7dac106cea40f036ae3082b2ce73c15637cb8,historical_retained,5611,0,0,0,5,2
208a37241a56718255ebff41b9a0e5066fb2ca1d550161b186e164cfbbb63cd0,historical_retained,9014,0,0,0,0,3
8ef30fed64fc8e691aa7be1da87b5a77d935be8c0c3b2e1ee2d47a68ed279dc3,historical_retained,10583,0,0,0,4,12
6b1c85da96718fcd2236c8767e8d3a7b064333b89eea0bdccab2f979a3802656,historical_retained,9197,0,0,0,4,1
f198845509de3c17f1b66bb46a047abe49217486c549728e0f5c369c981315e7,historical_retained,7792,0,0,0,1,4
e6802700b0cb532ab88e8abcfbc591be1e0e91665098da7dc4ae5570567c3273,historical_retained,4493,0,0,0,2,0
9ee61d5f35670377bab7be64a64098ce47c8b5f74626cab358ae8b6386b7c7ff,historical_retained,6939,0,0,0,5,0
123796d07b2cc3195e014300206e2479a4d9d084ce305adf74f8495733cbe9a8,historical_retained,4855,0,0,0,1,0
45745241f2aedf2cafd99b3c97d02b21dc9747f5d72d809466bd576d62e7532c,historical_retained,9651,0,0,0,11,0
9953c0ff63f6b87646e0993d402e7d9f4f41725e0f93edd15a1a41324ede7d2f,historical_retained,11642,0,0,0,1,0
787cd0e0bf01d7e28e6b73afff9cdd2d04920a2626cb6409cfd16abcb1e95063,historical_retained,7022,0,0,0,3,0
336fb354ab0f8372ee525c57574c25e493e3b92ecc3d5f3333d8a4c06f1c7e49,historical_retained,6948,0,0,0,1,0
5cc4aa660b2a52d18d9be2136aedcbb145f07f2c7474febb39d29e7405bd395b,historical_retained,8839,0,0,0,8,0
9acd8cc2aaa2e81e17cc051281f34348d1dc8ac107e2c2d585c673c1ff084afe,historical_retained,8841,0,0,0,5,0
26d5da52154d418c96127f943f41a49ebb4d0c69f73a983f69522040f8b0863a,historical_retained,7685,0,0,0,5,0
441128b3b0ae4064774c2585cf5cb043754fae78b0dbe616a1ba04c359fc2365,historical_retained,10458,0,0,0,1,0
e4797b2b92cf98c88ed7147cf9ec6e9052fb21f8f877bf56665c742442e4a7e5,historical_retained,6763,0,0,0,4,0
5265cd0341548eab70b2e6cc54f7f558b13468a27b7f589707a22ad8c95f32fc,historical_retained,8315,0,0,0,4,0
4e42a7fe254e10c9be75dde45820b9114edfb21c75427fb36abd22b0c747b20a,historical_retained,10060,0,0,0,1,0
6ca9c4e51be32802aba31c615883780342cd468c60761ec08c6c1c7f26abdeea,historical_retained,7128,0,0,0,5,0
6054872b2b5426c547b6466d6e1b21bdefbf84d194bef8dd253ce4cf080b0d86,historical_retained,6281,0,0,0,4,0
d445192c45f274bfa598e649d29c7d80a2242c3441bb920b0671eebb3a69ea01,historical_retained,9272,0,0,0,4,0
6dc3d2f8d21a7a33e41703cca11dc5c6e564b50ebfd5d937cc4fe5812fcb8f05,historical_retained,11535,0,0,0,14,0
558f066e906108c57b6c3237105d8b1d4d44a70f0bbdb4714f535fa4ad0d77cf,historical_retained,4932,0,0,0,6,0
d9b62bf0a5b15fbe9c168c5314835ed91efad98dafe30185342cffdf1c81faa4,historical_retained,7681,0,0,0,10,0
bf9dbaa2cdf2b44db764c7e79f155b36aabbd11746ba930fbbbec69c199361ce,historical_retained,7819,0,0,0,2,0
a9e2bd9afc8700a09ebb15e43fe972a888406a704f4b78a1bce53d9c4e71a77d,historical_retained,9677,0,0,0,3,0
b9570d26368fab136c45ccebc313494c4a011d28a3e3bad44c403bdee1abb5d3,historical_retained,7527,0,0,0,5,0
e42c008f7bf51e740d857b78274f05ffe838b5e17721c6c1dc9e7f3f2c641414,historical_retained,4858,0,0,0,7,0
53943990986ee55d0ad8e95b1466128b2bf3264e9b1a6f0b8888246759c156ec,historical_retained,8328,0,0,1,2,0
fdd1ec1ebb8a98d84fee843c3e9498afe76c0f37bb42e6c01a5af9d0eddb2c2d,historical_retained,9088,0,0,0,2,0
623f0493371ddfadd7af1d662c8131de6745af1d972f51fc2b712768e751cdb7,historical_retained,7944,0,0,0,1,0
f282b51e736657a37db5b05b129b2fc36bfd875603af9a35aa420ead06deacef,historical_retained,10793,0,0,0,7,0
02caae89fe26483707dbc174be74207b1037bb54c0b850bb7bbb7be3e117b76b,historical_retained,8727,0,0,0,5,0
52211481d0b9843f50998fff3d930806025988baa5f8af100e3b7e311513d57a,historical_retained,4770,0,0,0,5,0
50c18f4cb2ff4f6dbcc2e856f58ceac1883fbe607e350ce8d045125c9aad1932,historical_retained,5241,0,0,0,2,0
652f921db9096644a90f4c7d5be80265436b73fcbd373b8173ec0e0fd28e9ef1,historical_retained,7184,0,0,0,6,0
8f5060d84ef29ace283ccb37ebfffb72fc41070b2bc11db3b2a530f321869f2a,historical_retained,12578,0,0,0,9,0
5b62bc7fa4c8b90f8f19ed844415233a65759fbd49e8172b84f1189fc2f3e32b,historical_retained,8600,0,0,0,0,0
e858d4753839ee15d1347e9e84f3085e7c4e06587f2fb33cb77b6d60db3e7d50,historical_retained,10207,0,0,0,1,0
69ad634a01d027fb3b9dad69025351a00232a33aa1a251ec91da40de6893abb4,historical_retained,9287,0,0,0,3,0
885ba6fd57da0fe3728a7be361f7227127d08217ed1c280a646bce71aa7afa7a,historical_retained,8522,0,0,0,6,0
14c78f90289b292fe2a85d1a70c5b1fd5417c11b759a591aa74ed8d89d840cc9,historical_retained,7221,0,0,0,2,0
e1f12bc293ae32d9b194172462bf4c28b6f81b7ec601e77286c0fef9fa4dabba,historical_retained,8247,0,0,0,4,0
487e3a65f472e8d36d81f558ef13af582a31951fe14a3a677faa104992355ee1,historical_retained,7339,0,0,0,2,0
86cd5e927f339a8bc16edce24eb310353f38a95bb76338d66e745f7e987d8925,historical_retained,9171,0,0,0,10,0
64227aab3e1d102df4cf41823349dbf47be6ca61a6d16fd2dda60dc7765d601a,historical_retained,9798,0,0,0,3,0
af46a48d9f3d9af7a5d5295628dd53845356d7e71ddb52148354cc5ec16d565e,historical_retained,6392,0,0,0,1,0
a59b04bc465e768858682a666f0e5b56847a798b4254df6aa3cfd1880b35a268,historical_retained,5973,0,0,0,5,0
e0f61acfdb5bc74cea476a0fda8f71b5f6075fcbfd747ee58e017a3aacb2e04a,historical_retained,10782,0,0,0,1,0
887fd86786503bb787650ee90ad77646dde0d8723235d35b58d492d4b2f2a91d,historical_retained,9273,0,0,0,1,0
f182789719c130df0bf57346e1e8fee5e4f4f21eb7a2297c6451b1972e4af3f0,historical_retained,8380,0,0,0,4,0
67bb5b7dc142002363aa175bff7c1f39243dbfa9c50d340d3e2c245069147a11,historical_retained,5301,0,0,0,1,0
798e8c917176ee4985cede29419f32fcae0e125e7d6335c0a9c396cc4f944693,historical_retained,7792,0,0,0,5,0
66a598bbed9b55ffccad3735ee1c1f576566d9310c3b5312f32f2daeeef8320d,historical_retained,9944,0,0,0,1,0
760003673d093771e30e3739097e3bf4be566e3d67f374637ee954ce6978557d,historical_retained,9878,0,0,1,5,0
c45575788cdb14223375017e510e4d48ee57d823eb89c6b887bd25186844c138,historical_retained,6382,0,0,0,4,0
3a95cfb13bf81bbe7c37ff854655b96323451fc31289527057ffe5d07062d847,historical_retained,6226,0,0,0,2,0
3b56ac10cb783ae9300d3d9a06a3285e4efa201e66a820be42a6ef4e54cdbf63,historical_retained,5963,0,0,0,1,0
73baac42a1a2b3b42626d49e86966e83916c2096836237c138dd4b5a8d9ba633,historical_retained,7850,0,0,0,5,0
44bd7ead864d663dab6eeb9f4fe1e5edc9f589eb08b1b6aee20ea3bf42a5746f,historical_retained,12034,0,0,0,9,0
e92da242ee0231c41310dd8b2a7002b9be6f4e2e499f6b3b122db9217d0d3ede,historical_retained,9901,0,0,0,5,0
adf4bf5e6b40a4a0e7bef480a5933a7a19e10d2bf5307ddf6c8f96563d1b17db,historical_retained,7642,0,0,0,3,0
287207c3aa6d8fd6d0e2d7de6e2b588c2942b615dc76831b337d355513c3a79f,historical_retained,6522,0,0,0,4,0
cc323442a2f5648800cbdc185b083aa5827eb1539b0e3c346a5e1adb9b46dec2,historical_retained,10040,0,0,0,8,0
5a610dbbb67fc095bc8793f94c15e307bbf99c4049c65277d842771e0c653fc4,historical_retained,8391,0,0,0,3,0
55edb7d2df72abba8bb2163772158a21568371c2eab495550d0c2e0337739e99,historical_retained,7101,0,0,0,1,0
2a2f27706459c5636eb3def15822e44c1658a5ecd944fd8373978aba520eb8b6,historical_retained,6432,0,0,0,5,0
a85893f6ffdb2af3e202f41a83d1722e7602d4abc5b12725658643204ad4ece3,historical_retained,5468,0,0,0,1,0
fe13d18b6e54e8e4948cc4a32a14a3877fb38949a4db9cdc1d75d330a0386ae3,historical_retained,8334,0,0,0,3,0
7e1aeb117de35ba0646bb9d0773d44d0d377d5c521a2966e6d55624cb68fb372,historical_retained,6098,0,0,0,0,0
752340c22339a5922956bd76bfa0bb1c699108c16df92b8fc5137e76d8ddbba2,historical_retained,10523,0,0,0,1,0
be385b695e7b24b85c8ced727ee1a96a20c5543adc8ee89956885334ae6b079b,historical_retained,7867,0,0,0,7,0
9a1b9a8adc2ad019b541353eeebcaee06ee9d7acd65b11882ca9eb9601ddb7a9,historical_retained,6893,0,0,0,4,0
a28f5a52fc317656072df60e5d879fdcc33e9ccbfab44b54304eca53e8180992,historical_retained,7361,0,0,0,1,0
051723877d0e878df17eb6808fcac5de66db8977559c639a3ba4f076061eff5f,historical_retained,9632,0,0,0,2,0
b52334e4974093b2c6add614b9110998193143e584036ff10141fa5854106c1b,historical_retained,7552,0,0,0,2,0
e277a1174b240be8744cf1144f949247c34c1913f5d8dbfc605b6800774b52a7,historical_retained,5526,0,0,0,1,0
ae4fb0ec9e0985b9d832babeb13c028394dc7aab7712a8701e7af76457d7fcfc,historical_retained,8638,0,0,0,1,0
b13e03f16916ecbbdf497fb6154fa93a3ae4f5fcb0e36eed5b53e32242f8fcca,historical_retained,9787,0,0,0,1,0
a502c45a65fc723ce71197d542b8c5aa7c3b9b85992cc5a22544f774e3ac2d84,historical_retained,9955,0,0,0,4,0
954ca3315257e9f096779cad1fca7dc4064363642df3499c4edb82907b39919b,historical_retained,5291,0,0,0,1,0
490c98c65ea94371b6364f023021334d2cad4d4c40c8e3405e42a361600e68db,historical_retained,7252,0,0,0,0,0
878e49f858b6e9e6cec250da5c82379fe12a1dcf27c3c38f0817382dbc29bcb7,historical_retained,7563,0,0,0,3,0
67e3c7ac58b93be88e4c3c82fb43073eb17e6e4fab83496b4e61e4a4249e5b54,historical_retained,9901,0,0,0,5,0
73fdcae7410a2c7fef158d8f18b2b6b592b889e39f9a62810ee6228d4358f203,historical_retained,8522,0,0,0,5,0
ddb86386bc772d464b68c140901337fea518d8bba1e2def7bf7667de073e187d,historical_retained,7949,0,0,0,1,0
f604ca2f9d275a7f55835c497024e472725d3ded94b1ba85964257f59aff486e,historical_retained,7918,0,0,0,3,0
b0461a0c7c37242fcab1284db19fb8f7ebd39c59e3d8b92d27112f6299063e89,historical_retained,6495,0,0,0,2,0
cbec23d25f02b1d1c8572bdc2c8daa9c841d7757a116444de7444d736114799b,historical_retained,6967,0,0,0,2,0
a1714ca37e867703d19640d1944e49c06110840d0b49559c9fc3a2092f4d33b0,historical_retained,8214,0,0,0,5,0
d5b26d98396d052876d03881721b345a0668b050aa014b6884c5010a217ca679,historical_retained,5134,0,0,0,7,0
c9b93b13b68f6e671d94fff163e77e7fb770ed62a23b7034d2a26431d464bbce,historical_retained,9308,0,0,0,3,0
7d5ae433abbe5c084fe44e5195913113586879763e5238ba7beda1a973aca66d,historical_retained,7307,0,0,0,3,0
ad31d3cd4706e24f2764a4168386b8654012122cda555d24069bf12979deb99b,historical_retained,6109,0,0,0,1,0
128d9affd1d2defde026b9762cd52fb806373ebc18cbeb54bc5468bc9b0b114f,historical_retained,5206,0,0,0,1,0
a040ab123dbb0c26b45642d607e9c73b6e3ae1b4871585ca3f4400709ec92c98,historical_retained,5863,0,0,0,3,0
6379b3ea8ae81ada710de6e2ebdbfa61a94115975c813c5613ccc7280d03325f,historical_retained,6885,0,0,0,4,0
77ac8dc19163808919177d73a88890b187f556d44b67b011d9f1005c9c9c97ce,historical_retained,7483,0,0,0,5,0
c1da62ee788b3b48dbf211ff7e5a7f11de1d99e717e557081cd1bdb244129691,historical_retained,9743,0,0,0,4,0
02104d6122e5e19f8a8392d31da184dc6bbc6abd20069bfac32e763a3deb2d9b,historical_retained,11054,0,0,0,4,0
d917b2fae6936d00dc2eac1130d3eeceda05cbbaa1e4b0982e028389ba5bb4c1,historical_retained,10634,0,0,0,1,0
bd19eb6f564002d6743397145ec910823628a6b617cff1edcba2eced92da75ee,historical_retained,6468,0,0,0,3,0
47897dbc68263d5c7024ed385c2022517b1b86147697dace68053a7b5daad1ad,historical_retained,9606,0,0,0,1,0
ccdf343879962a5db8ae44b918392650d6076646f1405b1d9dbd366bd2b4d44b,historical_retained,10273,0,0,0,6,0
57773a2cf162be0aed42a6fa127ff7330f80df83e5c26e5db7d6ff83b678bd69,historical_retained,7607,0,0,0,1,1
550834a639499d17d26bb0bca06a4a6fa0402a71d926a896130663cf0dbfe37b,historical_retained,6439,0,0,0,7,2
a7789fa69319cc3815017bdc2cf3ffa6ee62549aad8ec4ee7a1cfd6217edbe0f,historical_retained,9919,0,0,0,1,2
ffcce4f4817948b2046fddf69adcac04509dd68393588c4d37aad498f4903045,historical_retained,10241,0,0,0,4,5
4438c0b2ee3858de8bba7565045f9416faf5077911b6320c764c3226b2e18884,historical_retained,10984,0,0,0,3,7
9ccabc4ae45ba5329a8c8391dd1e1648616e087e1a9ca9564487e505eb052547,historical_retained,7877,0,0,0,5,5
ede1a19a54c74021254ea5ff711f6db84fcaa77223dcf7c6487b715b2c5172af,historical_retained,5153,0,0,1,4,6
1d8c5ce0daa39ef946ce6099525bf4bf8cb5e9aa5a71f2bdf76212ec79489cd6,historical_retained,11844,0,0,0,1,8
9c72cc0831808344ce87d7f38f8659bca9db33c16488ad1cb4ff783c391a4a39,historical_retained,6907,0,0,0,5,6
f757d63b1a1bb236a3aa9ef54c39968749f1a577a95bd079829bf9bca9708ec8,historical_retained,7122,0,0,0,1,7
3b6389fb57b75c80698705126efcdb30b58b848123104b1903b913c3f181ed36,historical_retained,9116,0,0,0,4,4
9a0ff1bb3608e60bf1231010843adcbfd193e26657bc6f4c028ea8b3f58be06d,historical_retained,5467,0,0,0,1,2
c1d4f3adc707a4ddcd1e74873218e8bb2bf7f6ddc55cb81f9d0154faf6ae8dfb,historical_retained,7281,0,0,0,1,1
95a1b2c6fc741303e3e548c0a77fecc8c0a4fe0a3d10b9d079cb7feaee3c2d54,historical_retained,9563,0,0,0,9,1
0171e7bf464afef20bd0cf09c3b60199b1c0169e4905d586f154c4908e33c31e,historical_retained,9640,0,0,0,1,3
1d2337a4677cbbe10a55016926a7f78c4a73ed9d109e44dc983a33ee2df225e0,historical_retained,4344,0,0,0,1,3
99a26f6c4cd53ad8e404da7e448a1347153fbe0a479f16867b08458ae51d14b4,historical_retained,6282,0,0,0,3,2
39a7d4b29a0d9c19f1ff00d815f2cb4a8d32f1f0c8853e3155db120499b407ea,historical_retained,4577,0,0,0,1,7
3029a6a7f904b5e64c8c7483dd0e5f7ea8794972159d49b4c461e33718cb62ff,historical_retained,6470,0,0,0,2,4
efd35736d288a1fdd64d55899a95634dcdd2f523a987627fbdaf6802a7136b18,historical_retained,9077,0,0,0,0,2
6fa321fca6068aff582b9be389c3301d8fcc6bf581ad60fcccbd82526678596f,historical_retained,9921,0,0,0,2,4
cc226c3f3a6f0fac0c3daaec22c7e6ca084812f5a9d11f263ffec09f46083a95,historical_retained,7954,0,0,0,1,3
33a8a1e633ab8bf26f7bdafde2b4e799a0ed11aa1b3c3825c6996945e0509178,historical_retained,5521,0,0,0,2,2
8dc1def6fa2dc0d573f21b7fb94e48151d7191a74664a18cf6b7a2a214b4e40b,historical_retained,9038,0,0,0,1,8
e9971fd43d81f65a5f0bb5fe4b4dcc387603cc152b9086a04cacfb0c9edc7d42,historical_retained,11283,0,0,0,3,5
f75c2cd209284bab8fac462e0df546cd32f4f92056084e8add8ce558197842b2,historical_retained,10236,0,0,0,3,4
271b59a6aca2c30603a3efadd0f01b1b4c55e2478d9863a0222c0055a73f8d36,historical_retained,5287,0,0,0,3,2
0ff8d60fa9a11dc580165470dc0b5e2cb8827fff4ecc5330a427b8feb17205d2,historical_retained,8335,0,0,0,2,4
03e5dc77d5c7faffe7c16600aee9a9797e866711c07e096af4cb9c43c84a0c8b,historical_retained,7979,0,0,0,4,4
3750907f46b67d44b1238654c85f52c5ba381695cba36031d92084bb5c88d259,historical_retained,10010,0,0,0,2,3
1b9ae379d4d3782a78b0204afdbc673de2a3821438b4a582304ee226d765b830,historical_retained,7764,0,0,0,2,2
027ebdc407efa3e1957c176be0d1880b94b585c6f764407d8ef566648e401632,historical_retained,6941,0,0,0,2,3
b101b6b6555781b2dc396168996aaf01d63afbb80d31ad894e74d6fe24e78615,historical_retained,8606,0,0,0,1,4
1216b97af1f124e5a16acd512cec99716058b9b14da502cb6192520f5c331ae9,historical_retained,7553,0,0,0,2,3
1501956231010db29c1a307fa16090cea045f16bf17a2f5419ec398c1e2db262,historical_retained,9188,0,0,0,1,5
f8e11b8724b8f9eb1881e8ee0595fe1d7345242481bd8b4b025041e83796802d,historical_retained,8563,0,0,0,1,3
e6a914c734bd425926c15ada04343c464c4580481d0d1f2fca8c10cddf5180b2,historical_retained,11959,0,0,0,1,6
0ade3244dfae41f6d882cbf4e33fd68a543015cd7de63ed397759e30b637ea0f,historical_retained,5762,0,0,0,1,2
87ba192bda2115ac703e912e5f07e2d6c4418f2b5e64c971479968bd8cea169f,historical_retained,6421,0,0,0,4,3
85aacdc1533202ad498674b83c2076a2973022835cf789ca03109d994b63f4e4,historical_retained,12541,0,0,0,1,2
53d82b0af3d963b62e21ecc1b7c9262fa436e05f982c79b485925dc4da6f6b86,historical_retained,9026,0,0,0,2,3
c947ff5463cf41c148b09406223e1983ac4b557c249f6cf57f43f54eb760c7a3,historical_retained,5736,0,0,0,5,1
140da0104559b8b710447ec8c4ec01f24525a176ab21c0a884635f7724065f7e,historical_retained,7889,0,0,0,1,6
e6cbf72d8e73e6145c042916b30b94808330f4d23388bfa00462f8d87d728734,historical_retained,6938,0,0,0,3,7
68aaf1ed0f1058cfc90fd3d49fa94f646964e2b5099ad2481d484b94f1f418c6,historical_retained,8760,0,0,0,3,3
f874eaf8aeb085dde0e0004bd7f20c6e27dac00fb26a885e99006c33fd63a7e9,historical_retained,9353,0,0,0,1,8
ababf57215be743cfba84e41d80de03d2e8cded52fe88fc2b78b7b5851a52c6f,historical_retained,5391,0,0,0,3,3
46bb2d0a7475d18452120adc7338277841cd6a93fd5ab3b5b6b309932b46c497,historical_retained,9902,0,0,0,4,4
fa092e159f001f21a1d31478144467cccdfe8e4955c0c69a13c0ac76432b8014,historical_retained,8797,0,0,0,4,5
51a273f768db6566c5c0f97f7539697508a1ea7f342fb22ba3180955a91e9c1a,historical_retained,7448,0,0,0,3,3
e154a23e11a421939c29e1dd0a1593ec5c7b7663c950b4bea3460aa988b7b7f4,historical_retained,5931,0,0,0,3,1
e084720ab87d6fb93ec56908efb2a9c1754799241a5e4d8563bc7222d33dc74f,historical_retained,10301,0,0,0,5,4
f0a7295791b408f299c49362427eb09764feda07f711b45ba6d8f6a26bbc5d00,historical_retained,6416,0,0,0,1,5
5ae8e522187d736954080f8f69174c27831b46f47c77113b375bbf8f07551d5c,historical_retained,8985,0,0,0,6,7
e5e21df0325688043ebe52eb745b974669bbe0ec5cc4000737509f5932d65524,historical_retained,10648,0,0,0,1,3
0a399021f4de17ffb69cae62f73d6fd831e409d5fb02ecdd17c351ec70050155,historical_retained,7200,0,0,0,0,2
a5f04beca174c6050aa2d44a0816bc4477c1a7ca497f36ced3c00aa81ae2f292,historical_retained,8562,0,0,0,4,3
3bf0680b5d29359457c50c744d8f7e8ce2df18d4bcf171544f32066fa8a90ff7,historical_retained,8220,0,0,0,7,4
8563df7cf5a52574adf2713ea6da64363f71c155fa18210ac792aa5977de6d3f,historical_retained,10189,0,0,0,6,5
d090a417a92425428ddaaa932ffc0050544eee2acb587ed7eb4b342b6e9716a6,historical_retained,4274,0,0,0,4,3
40b57539b7cfb07701aaa5c2792db7e906659ec67725fdc3cf045b406d73ae35,historical_retained,5649,0,0,0,1,3
900acfcf009c56e67c9d62a8a60c8afb9637d22891ff0948b0c76d73a43593cc,historical_retained,5225,0,0,0,0,3
f62a5c212b7ebd5ebdc9d1201eff79f734aa6bc93ec021505157d3b4c4c44c8a,historical_retained,6388,0,0,0,1,1
80c6bbcc8953358fcacf9fdd406337760495ada4d4b76923c4211b0d9e9aa936,historical_retained,7089,0,0,0,3,3
b523a23df32f38471862fe496bfe64c0a3c2a8f4b4b75f90d2a1293497f84bd0,historical_retained,10166,0,0,0,0,3
f6499d22dcfa412c5c331faf50e2a49b1413bf53f88c22daba09ebdb6fca7a41,historical_retained,6814,0,0,0,3,4
a1466750863e566d58cf4bfad3db3adebc7492d064ce7f1abd13e5f845cca3cf,historical_retained,6309,0,0,0,4,8
0c5bc67f4ba55888960ab210d75224db301cd0b48d4c4433c8dab148aa8c0804,historical_retained,6070,0,0,0,1,3
65235722ac4ffdfac18df08b418f5a5c081dca588499367112cc17e8609c25f9,historical_retained,6186,0,0,0,5,3
6ebd9ef8e40e9695e0928d62e33616025d16e0e8d14c0cefe448e2f94ca17474,historical_retained,5255,0,0,0,1,1
dc18983b07eb6e67d8cb438b4e1b8503cd1e6bb4883e3b1a39a5bb9b8a359256,historical_retained,8236,0,0,0,2,5
35b724c98dd199abba07a7e775e75ab2909c8d3baf7e3d598069dcc2b7af42c4,historical_retained,7890,0,0,0,1,1
7f995d5a55dc671ed90c54db497162725e4f2db88987c6685be8f9aa63a424c0,historical_retained,8724,0,0,0,1,5
e7d03c990d627119bf432be62c9fececf935fc0277dd22382a08a2cd45d8a779,historical_retained,8351,0,0,1,3,4
a809a49d06c63b8e2eeff848f562cf3e9fe6128e64b8cf64dd25cf8abb2df536,historical_retained,7508,0,0,0,1,5
8bdb366032f90df6cbe526107d70435d6154854c2be8a92fb010b4613a6733f8,historical_retained,4421,0,0,0,3,3
d9a313698b13d5b222c4155ac5ed658714d3b5ada819f1915bfb1c677d09976f,historical_retained,10535,0,0,0,6,10
4e835cb7b49dda88f5dd6ff29235a8661f31ea6a929a2ec48f0c03af070453ac,historical_retained,10546,0,0,0,0,4
e9af5ba0006f4b223984dbac0399a857341011a0c98c9a87bd34039ab6106200,historical_retained,5773,0,0,0,8,2
bf8c9bf658059f4742d57ca051e71a38aefeb5b2bd77850a4ab1e50b4edc9170,historical_retained,9545,0,0,0,7,3
2c3e83814b484a968d2c6bc627b8929c49918eaaf9f367aefb1b9ef584f81a53,historical_retained,7484,0,0,0,2,5
f600c098c5810118a4c6df82f04767c9c801aa2386ac06cc0d0596874cf6f0d3,historical_retained,14100,0,0,0,5,8
5b4ba0f43b035233d962b567d07828247de79e7d5807a02c55ef09da720e1978,historical_retained,9036,0,0,0,9,3
92c771fd9c57ad6db7a7725070d5f669f73a78038c6f4b723fba67b68b6235f1,historical_retained,6857,0,0,0,1,4
e4dc10015120b39c42232e21856da1cd800b1a2a6557962a354dbea6416deca0,historical_retained,8592,0,0,0,1,3
115e6d5c08a3718c709eff753f7834e350728d3118805321f94729386d8b8ed2,historical_retained,9644,0,0,0,3,1
11f5effcdb07d9c4f3b975e14ba131749397c1eea61a7b06ae05177b457e5974,historical_retained,8974,0,0,0,1,5
c52ab7615b85cfe91bb57d1929661e35d6d422a238912d9c9c1062d344d88865,historical_retained,6356,0,0,0,1,2
545c08dab6f98a58674718baa640aed37151f3d26851a2f29bc1bfc4435c07c2,historical_retained,8801,0,0,0,3,6
4ee07162ecef0f048fde6463356aa35cf9e292ae9a80b29e7760c336fa937c7b,historical_retained,7235,0,0,0,6,5
ac97fbbb8d55a8cdd15f85013ba5b27403fd60ab63db7890f0feffa19b7d7b4b,historical_retained,4985,0,0,0,1,2
26c11d329b394ed160fdc92a90242d61a2776fe9d3480fb0af73d72088ab90b7,historical_retained,6580,0,0,0,1,5
d7c4f95840d92222e172991645d185a60bce6e0d2db41d53e77e710a5aab82a5,historical_retained,6134,0,0,0,3,1
dd24dbeabfe07c610116ad343f438254bed36da500cd9346c4c81b46a376b19a,historical_retained,10212,0,0,0,2,5
c4e52da66b150994f02a31bf719c9cacfd6699913c2cb0440000492a6e254101,historical_retained,8890,0,0,0,8,2
d62a339d9f1dde6d6933bdc9dc303b392b1ae07ee92772c80a381cb5074487f4,historical_retained,5916,0,0,0,0,4
49d891bd9928d21eb4d04542ae2bf83f7048fc30e0f17a5d83c73272bde28db8,historical_retained,8789,0,0,0,5,7
aa3eb50b30a722caf24dc82021e9049f74a0fcc36764625333eefc8c2ffa3d99,historical_retained,4964,0,0,0,1,3
556f60c315190c9466840a7f30891049ddcc54c1fcc7853a74f1324308216020,historical_retained,6500,0,0,0,4,2
590b35f7be0c769da85287099b8184f388aa7cbfb6105a98ad1818191c569a21,historical_retained,5960,0,0,0,2,1
0b1bf7e8f5a49fd5179e499ccc23d0c856a1a2df429812f2a4148d2af8b3a9ee,historical_retained,13554,0,0,0,1,4
5a257477d4ae219215921228700870b028d937c137b3dcbb87d2ccff5be168f5,historical_retained,9643,0,0,0,1,5
0150be64ef395ebf4acfd01a2723000a72e02a4fd418e6281e8573ed589e4d8e,historical_retained,6958,0,0,0,1,1
f82a6aa21988675954f0cd998e650f56b71a0cd2cc90a1070687f8673f11fcab,historical_retained,10430,0,0,0,7,5
5e654ff0a2b0b102de41794aae51e19f0711b7ff75f39cb2002d5236a2f17de7,historical_retained,10853,0,0,0,1,4
3b2fe2d47df3dabffe3ac573e5deaf589c062d9e1b59d20415f6f7ea3f55c839,historical_retained,9488,0,0,0,2,2
5aa5a78d5c4fc17fa2b8de0b7dd82a081171d0ddf1990fe9adb337b209d4d42e,historical_retained,11209,0,0,0,2,5
d17bd6299ec500479f7a5e8e504b3ccafb61df01dbf834c77b09dad5ae4b7771,historical_retained,4425,0,0,0,1,0
275ae413b16bf0902de5c54eb7b3cabbe00c556c11c1ac1c3e255808110ce9e6,historical_retained,6090,0,0,0,5,3
12eafd5e5d49f1c29fd677f41c19031c53561a5d4cfeb6dfd62dc3ba4130adbf,historical_retained,7669,0,0,0,2,2
c35a3f23359fd7986b6faffdcefcbe32117ed40d505c72e50eb6a75f28dd75de,historical_retained,9284,0,0,0,6,3
cda7c48c1174c063c5103ed5d0fe97dd92669284d9bb3f19d5d0eb9cf8c6c0e0,historical_retained,7117,0,0,0,4,3
2063c2c1059c3ab66980fd920d68c36b9ddb951ecb78ff719579a2c9e6c7c855,historical_retained,6086,0,0,0,2,4
025ca968ba590891146482c7d6258efdb49515facb6e4f4c8eb3a5e247b2f516,historical_retained,8377,0,0,0,5,3
6fd7f0838517d75ea3128b227fe03c86f90e1c4e013e9bc9c7de279e07424645,historical_retained,6673,0,0,1,6,3
c8e16568f545920cddd4f17bf3cbc50e0bf6f017592346904078e05550f48975,historical_retained,6377,0,0,0,6,6
921f0f4565e438e950c2614ffdf85d74d26cd8f4357184d2f9524a08de3c7e00,historical_retained,8650,0,0,0,3,3
4c8800fbbafad96f8b8bf4327fa35fd020bfad9f7857e7ef60169c3d5e38d5af,historical_retained,6437,0,0,0,8,3
ce0869ab6bd454bcf8456e42b61409fa3c98da17eeef7c7a6d098cc827c18205,historical_retained,7735,0,0,0,6,2
b6284c190e081b27814a5e77e5174278c4fe3ddbb836782b41a8a3860b1e6ff9,historical_retained,8265,0,0,0,1,2
b7798c3d864380914b3e25ab0bcf9d8b9241abfe24f7ae0a7f0df252425198d4,historical_retained,4377,0,0,0,1,2
5d0e8005362c237b32baef79dab2bec39ed51f2332facf857193a33f88e32c19,historical_retained,6279,0,0,0,2,2
832171f60bec98bf82e3c466a8278b374078d7f09e8f88036a022f015d5c0ef5,historical_retained,9314,0,0,0,5,1
a92cace4e164677e906148938e04dbb02c8ab62ff4ee1e4287be985a9c1cef2f,historical_retained,5373,0,0,0,8,2
737149a151987b9e9b28510bedbf9af614af569c81be94ff351dbe6bf59627a7,historical_retained,4931,0,0,0,1,3
bc5165a4f318d49d76af198386925c9986f374d7240262e6a661a9c66384fcf5,historical_retained,10476,0,0,0,5,3
b366bbdd5ef7da9dc35b5e325fb33c6b4bd391ec4408531c8082715b22009489,historical_retained,8481,0,0,0,6,5
842abf17a4fd95b82ef36e30a53c004198a6f6a9b5ad3f41a47d5fe5e3f08c41,historical_retained,7336,0,0,0,1,4
3ec06963a2607a948d8ea3a8d63f020014ad114a0a006986dc58ba21d23e9fbf,historical_retained,6066,0,0,0,3,3
bd75a0dd0743f3811039227e74d04df0cc454e48d1670578f8f0e724c55ae025,historical_retained,9267,0,0,0,4,2
20b18e0f151bb34f4656ec06989e077dd8a30ec65c8d71c57c3334b98cd69663,historical_retained,8332,0,0,0,3,4
762d4c3003c3138dce1cc4483b1f4cedcb3defefea636c3b291bd59945d38127,historical_retained,9490,0,0,0,1,4
34905da8dfc94d33fbd8d589d186a926f43aae2dce032b988c02171724d2d2bc,historical_retained,9100,0,0,0,4,1
652acd65f3c98258160eaeb2cad425408ffea5734bb734f84d1aff98f64ddc36,historical_retained,9766,0,0,0,3,2
5804b01ae2d683167bb30c6287d76b4c0c34656fd4d4b3acfe7d1c45680fe7fd,historical_retained,5951,0,0,0,1,2
b665d20300fde63c0fde4ba682e0a7ee76b875c89e91f09498fa65856ffc904c,historical_retained,7346,0,0,0,1,4
becf85f44f5bf97246879290a6cf48d13781d9c36b03c07d70bbc86bd2a8fd32,historical_retained,9315,0,0,0,5,3
1bc7d0b3db0e8900cbd588c4d63e151a43bae1fe608d1973d28e44ac2ab704bc,historical_retained,7432,0,0,0,8,1
f6d67000489cee154d6a7896a7132c79bb4b62945486962a84c9d8ab7fd1d332,historical_retained,5241,0,0,0,1,2
3ea69c8166a1bfc193ee815fd21088429fef536b9d7d19197035ad4e40aff365,historical_retained,5842,0,0,0,0,3
d15d4ed494255adde9164718092c4f4eb3694343705da6a2b6604b0fb50b2991,historical_retained,7811,0,0,0,7,2
73b1256a5c7cb97a25dddcb49af8377900373eb6d5f77a40ba6248926b322264,historical_retained,8918,0,0,0,4,3
bd0d786e3d611b4db49389508a441b299f6affed8df2a3620a5853620b80e1fc,historical_retained,6494,0,0,0,1,2
ed1ac83c40a80303e010ebf1e653da6b4015ee99f9efa6389d5b9ad13fdf2599,historical_retained,10077,0,0,1,3,2
d4c8d5e74b8aa0220562ceebd2d34d3470d4a41d0ad814172f4319fb11ef840d,historical_retained,10506,0,0,0,7,1
aecded2156c4cb8f0a6bfba13e6b4290e85b80129840720b239eb0a8c457a66e,historical_retained,6473,0,0,0,3,2
f04d0ad946b39d0dea40e65d37182de0e6b04c15f05b7a6f18ceef5da26e9fee,historical_retained,5226,0,0,0,1,1
71fbe3243a052a6a8d2eb0eddb95be6d2187686d66aad29a3ac4ba090384bbf8,historical_retained,8901,0,0,0,2,3
ad3a720fc9c8eb5281c8f0f30c80382e3c3b049e725cafb592efad7614a3ac5f,historical_retained,10694,0,0,0,2,6
3bb0c393441c5ea8d62160bfccf945f1e321f9954970b831e7318bd3aa6c5fbc,historical_retained,7714,0,0,0,2,2
eaed49ab9b2d5bc76bc08b36d08d59500c9b3c36037cda7a746a7ff2c5f7e164,historical_retained,5746,0,0,0,6,2
ee72e759d4f3699b97b733746b5f50106574a36122c282c360bdabbb1dd38b42,historical_retained,10306,0,0,0,1,5
9d732c87f34f55906091701961a408af62828a93ac5a9310de79eefa676106a4,historical_retained,9997,0,0,0,3,3
fea3501bc1a8cb9b9c7563064e3ec54203aefa8c2c1999589b4e90e122ca7e47,historical_retained,8396,0,0,0,2,6
0750e046344c41674bfe8ecac03408cf19efbb8853531ce76a4f1bc0a76a79e7,historical_retained,5827,0,0,0,2,4
3c2a0a0f130b1249ebc7e6af409151191ab4c64753bb33616b7c97cd3d95940d,historical_retained,7942,0,0,0,1,2
26ebb470d1345721d00f12ba90cb2908d7579727eb9ac6aeebbeef8a7c09fe49,historical_retained,8951,0,0,0,5,5
b24ff03d4c0baa2bd0a8978363371cf04e6c610ea32fbe79d049d80e43d1a4b1,historical_retained,5390,0,0,0,4,2
1609389b0490c82e9afbb75ec4b3da213e0e98e05a7683eac826ea23996d9e9e,historical_retained,10635,0,0,0,1,5
654e2fdafbf7581e0a2bb9c4283baed6ae086ea9bf23e2c63f8403eeddf7ec08,historical_retained,8422,0,0,0,2,3
e99dd514332d5c460c6260825cb23aab1080e14cbfcc6fee1ddfb78671e1d16a,historical_retained,9661,0,0,0,10,2
2c0ce99425beb598dbe79e832b0161d9cdf83f5e1756969d11a41c20405b961e,historical_retained,13510,0,0,0,3,1
9e697cd5046571f97f3f45dcd3677e7a715b7c9527026d8f6fbc53c976f56ce2,historical_retained,9095,0,0,0,2,4
591ac7e9871e36a19fcecb09e9d2e58af1c27786e3dc75966ff2dd36979f50e1,historical_retained,12054,0,0,0,2,5
e66ad14b202024b80f23f1d4313faff253cb13610635660002f953f61b60d7e7,historical_retained,8687,0,0,0,5,5
73d6bb64e61a53dbe3dd20e50f8601e0b3df2e8ea63e9cf04ce1562d23cd70fe,historical_retained,8701,0,0,0,5,4
80f9883661b3f8e6fa9455b384450ddfa94aeda16af22312d0598fbbb3d45e9c,historical_retained,9693,0,0,0,5,0
d0c266575ec4f402065b4aae02098b17f1a117ca26c7bbfedc7490697949ccaf,historical_retained,9242,0,0,0,0,6
e423c533f25ef3fcbfe1ae466a88c5c492e1775556dfc92c244e0f2624c8033a,historical_retained,7667,0,0,0,7,2
9cf77a54198458ba7c81e408c511d0f416ca55feece7607b08cf2f389aeca240,historical_retained,6105,0,0,0,0,1
5bc2455e3bdf6a6afb5229a92737d952b1f3fd7a72acd8d56ade83ec4cae5c28,historical_retained,8248,0,0,0,8,4
763fdcc7ba88d0f622f0fc09382ca5f59f7679dbbe9040cf99864492ed10e7f6,historical_retained,9243,0,0,0,0,4
78729189a99f6378744b292fb08167c4b1e62c6a556ff31aa55fb44c8bc03c02,historical_retained,9148,0,0,0,3,3
e3deb81c058a48e87322a17a0f4af5652bdfbf616f75cb4697e21293e4780fba,historical_retained,10724,0,0,0,3,2
04437754e72a669507d7aae10196ce4ca1181b382d53f7999ea386ec8a00602b,historical_retained,9940,0,0,0,1,3
624706a3d083b5c877e84ff4aeaefefb14129aa86364a2a6e5eee0a7bb564f74,historical_retained,6872,0,0,0,2,2
a315ae977720324f4a33b0439c0dcf49a679f082617a347aba52745586f3659d,historical_retained,9448,0,0,0,4,6
eb1b0dd5adcd186c5bf76bc7101fd4cd4bf4e7ebe72bafbbcc4baa365738993e,historical_retained,5278,0,0,0,3,0
751fd4897fbe92578991bb3f4b5df54d436b576170fc6dc3fe7a8f459c6f47a9,historical_retained,8298,0,0,0,1,2
b33feadb88a81be410930d0b20c98e801d7f6de07b3e969acf5a93a7ab6d1d91,historical_retained,6266,0,0,0,6,1
62b4c7b57656035cf45a597bcbb4a009440ca4321a8d30e53f2c28b03dd2255f,historical_retained,7655,0,0,0,5,2
c18667aa69dad75ac125fb8237a1e38e3ef5342957a13d05318489886df5ebc3,historical_retained,11330,0,0,0,4,1
9b8e6a802c40c21f549276d077528fd06399e175c1745c49b6b11605d299fe0b,historical_retained,6069,0,0,0,3,3
36c54a54057e52be6ba2ab6e4e2b5d0613d3e1df881e9c26c326e40a23bf05c0,historical_retained,8425,0,0,0,0,4
74ff187ca0f468460350644f1fd521692161168b9adacf7c1b66770c268c3c4f,historical_retained,5431,0,0,0,1,4
f8e6a4aca9b29195dbc98e33834ca6d49ab417c26849375df79a5d89a77c68ab,historical_retained,10130,0,0,0,2,3
6385b864a2581d3fe56c6d36b5d7a7cb0985bb4194836048ef7d671827571c3b,historical_retained,10182,0,0,0,4,2
e3b8e516a3721cbb3355441ee902b1e1d9b6d58253b4eb87179d781dd5020c59,historical_retained,8411,0,0,0,3,3
100f5015fa064631b04a8c5ad022d69ecd8e65ebe0503a3f013cc1a1ecd3f11b,historical_retained,7529,0,0,0,3,3
4e7f65aedb6e2c55d3e6bcc186c86063c1e0dbc245461a1dcc13a74cde386ab6,historical_retained,4142,0,0,0,1,1
27289e1c40b5b22cb5abcecb96c9842845c26bbf00c3aadb4f95e2a81dcf7883,historical_retained,7287,0,0,0,4,2
72c505bb2e6041164b5638940f63808527fa8f04a94e43303cc6866203551328,historical_retained,5913,0,0,0,7,6
cf6d21e4bdd143fcb7f0508c327a3f57d7970379a69dc687b69656a582e43729,historical_retained,14478,0,0,0,2,3
0a75f3eaa3c0b22708c50a65ec1a43d78e51fe7f5bf550f73c8ec46a2db6f451,historical_retained,6375,0,0,0,3,1
06daa46027ce7ccb78d70448d10e2cef0cf4c993eeaa4995fbbdd6d67a8de564,historical_retained,9791,0,0,0,6,5
19ee7226801a8cd5decd97c621cc05d0922ed7c2fe4bff8898354330ac6bb701,historical_retained,7181,0,0,0,5,2
143003507d2e4a99c0d3267e72318ff0b7f40a3a78007b04543a8be4701345f0,historical_retained,11684,0,0,0,3,5
b27f65860be1280dc0ac64d41ff9609a2f989b0d08fbb2af9500082b1ea5dfb6,historical_retained,12212,0,0,0,10,5
3ac1f1c5dede7c7b4f7b87e6ffe831bcc83756ae1c3ad6086738518f0bb07d39,historical_retained,9208,0,0,0,2,3
b6bfcfd32f5c8fc8f42b9566a4a486a9e8d5fd54678a36e64cae4ea500cc683c,historical_retained,4536,0,0,0,5,2
6a02e8b8742751ed0520b11c1725eda1422a3168a585886ecf629f56a62482ce,corrected_replacement_20260918,6005,0,0,0,3,2
057dd7f51593c3c2f9beb4c1381b731c4f2964b5ecf1658c4beea448c1af4d46,corrected_replacement_20260918,6188,0,0,1,3,4
935f90b001aff18a8494399d363c7a36cbad241ca606930deca72c9e93105d0c,corrected_replacement_20260918,5494,0,0,0,0,3
dcaefdd23bb0d92599c155248a30dd904c7b8c755adb821710f9ac0ef1dee8c2,corrected_replacement_20260918,7767,0,0,0,4,5
02b433d1089e9b0efd3f542e41c609826825ad0a13ae431a78e52e04e885219e,corrected_replacement_20260918,6343,0,0,0,0,0
1cd8b6128face6f7e10ef52da84dff8c275fece764e6c6de296f19691ce8a010,corrected_replacement_20260918,7327,0,0,0,1,0
05cf7c8b2ac911d6bd572262093b3b5a60e054f54aaee6bf697b97285b4004bc,corrected_replacement_20260918,8073,0,0,0,4,0
61be975bf1c1b82ab53e8eef78514898558ed8d75abe83106e2e6e72784d428c,corrected_replacement_20260918,7591,0,0,0,0,0
e5d331302e83627a04b41e89db4f3ff5b4ac9994dc3b394a1ecfa4e48edf9936,corrected_replacement_20260918,7763,0,0,0,0,3
0044f2bdc02b9e14ac57aaf47ddbfa842dd5eb2d734fed444e7675a1036fee4f,corrected_replacement_20260918,7667,0,0,0,0,0
325e026633e97a0071aacff0112317e9071f0d0e83eece22010f3c55ead7adc7,corrected_replacement_20260918,10529,0,0,0,1,0
857e80fe121fe10ae511008220624b31368888a65d0b7b984ea1794f57736497,corrected_replacement_20260918,8964,0,0,0,0,2
3d94a5d464a7639b1b12dd88bcf63e2a0fe60aadeb53cbec670eb29983a10603,corrected_replacement_20260918,9966,0,0,0,0,7
46edc45212960980410c28a8604560fb75ff76b90ae6c441d566edae7e4e20e5,corrected_replacement_20260918,9716,0,0,0,0,3
78a2642ce4841c7dafe8c74d3a5c66f3347ba967d4373b3044e51e50dca7f845,corrected_replacement_20260918,11282,0,0,0,0,5
45db1f6eeab18e173279a09643941af7252a02f205c509c4fdd4d47a16c07dc5,corrected_replacement_20260918,5015,0,0,0,5,9
2f30dcd9048fcf0435bd66e69fc07c6711c1bf455fbcc7eabe405d8b3db3af74,corrected_replacement_20260918,12547,0,0,0,2,2
5957d1358ce582ea1a8a32504e24c1d5a62a322d0c22fd1fe70b4fdf74e5fcd7,corrected_replacement_20260918,5526,0,0,0,0,3
10b99677c611c7f6e606671a4c1dc290f9bc2e1628e551d7b65d7c343e54a237,corrected_replacement_20260918,6665,0,0,0,0,3
6d8a0b34d32cd6b9627b9ae58d1424a17608363ff6ee4cbd06f0185964816103,corrected_replacement_20260918,9157,0,0,0,1,3
dc4776cc162ef2d75b179b58bf118e75fb5db9d4277cda2b4b80ded3bbdcd8df,corrected_replacement_20260918,8312,0,0,0,0,3
6afc744f9b2a86a6ea3b7dec2531d1ec1fcbc6d30aa460071b21b9d4faed2dc5,corrected_replacement_20260918,5306,0,0,0,2,3
734de95bc32b0ddb81d0af7787e33ba4839f6a90c44e87d91496ec8466430197,corrected_replacement_20260918,8493,0,0,0,1,3
60ce56938bb3ee14c2c331e3c7a1f283d4e0e7fab6d917bdb6741f1ae65905f4,corrected_replacement_20260918,8298,0,0,0,0,4
2440209e4fd49b3499112bd3e265a8f3576abe85db9bfaf6d49797a2c91f6837,corrected_replacement_20260918,7800,0,0,0,5,2
5eafe4e6f1c936c2ba7a5ebb7a7862a321670bb105e809543f647ddf19503454,corrected_replacement_20260918,10497,0,0,0,2,5
8bdeb9fe09d796a7cf8c98fb9a3fa1cc6c8fa80e31fda1c1c34b1dc31c29ffa8,corrected_replacement_20260918,9198,0,0,0,2,0
020c58839b46867159c8db914f187ea8a05f71dd982ffb4a38dd806152b3564a,corrected_replacement_20260918,10367,0,0,0,0,0
df30f554aca6fe965240e337359e6ddef67d010943a35bb2af070db5c210fccc,corrected_replacement_20260918,7837,0,0,0,2,3
1b7c07edabd65a361a25af1c2d0f6f4f2e579d320ffcf198af446e6d62ec9f22,corrected_replacement_20260918,5724,0,0,0,3,1
4e42b5c0896decf2f388f9318f98cc3d78f47469cc336c64a4f421920447fd12,corrected_replacement_20260918,8013,0,0,0,2,0
0147a539e612c7ce4db28fa8444356ca80ecec0b56e0fd993156cd1eca65a8d4,corrected_replacement_20260918,6769,0,0,0,6,2
c05b23b6acdfcd009e824c4aa58a28290424e0d345fa9004311fb91a7d26eee3,corrected_replacement_20260918,3654,0,0,0,2,0
a53be02620cbf18416b7e9589d48d36fcff23b2cc199d958c9c15f17dbb85e7a,corrected_replacement_20260918,8812,0,0,0,0,4
14034e57008950a07b4893b634a7b8f3b5516084c6a9234ce80dc6ca887fedd0,corrected_replacement_20260918,11225,0,0,0,0,7
1dfc679711aea6cd3f3a49a944e3bef84414a14b23f3789657f679756d7d563d,corrected_replacement_20260918,5962,0,0,0,0,0
a093aaa2ba6aeda752b03dafe26a4a22176cb7d425206c7d6b2e0b507f6a0d1f,corrected_replacement_20260918,11201,0,0,0,8,0
6e53e9702d96ddd01120966569757b12c2116997e13532820ef21117b1cd8c28,corrected_replacement_20260918,8846,0,0,0,6,3
5f77fb43f5e54989b3f4bf8c457e7c381f48db6ddc0702b029741749d0d79dbb,corrected_replacement_20260918,8031,0,0,0,2,2
896a2e9336e453570509d6181efb9c8bd9a5e2a4a03831e885703abf91809277,corrected_replacement_20260918,7110,0,0,0,1,4
1cac0dda5d8fe66fc03f98202345782977486951708919d59f8b815f9fcd2bc0,corrected_replacement_20260918,4502,0,0,0,0,3
d86c2050693c5257db2d16f3dbc6b4757a0bbabc297572c8f5dfc681aa381e4d,corrected_replacement_20260918,9633,0,0,0,1,4
47f79909e4d318516a58dab5ef89ed6d53be81b72f94ff3bad4dfdc111428635,corrected_replacement_20260918,6997,0,0,0,0,2
bd4a11387c6bbf44e7554fc5d4d73b6cd41d849f84ab54ba79d3310077638123,corrected_replacement_20260918,7170,0,0,0,0,3
5b6ad187ba8a1a4c968c78436269b784467257d3f59a3912fd11dbd7347384f9,corrected_replacement_20260918,8251,0,0,0,0,0
15d9d10a83e4b0f0fa9211feb4d3a93286b2cb27462ac2cda87d4660d258effc,corrected_replacement_20260918,8135,0,0,0,1,0
42b777700940c619fb489fa81faf3daaa84d0bd34e60ad00aa0f555f18d2bdda,corrected_replacement_20260918,9894,0,0,0,2,4
71b6a9c358b043885026825ab04c74a7a747bd57b6b346731bc64e4fd0ee6f4a,corrected_replacement_20260918,7129,0,0,0,0,5
c080df0eed8fec88f0236c99b12e4741905ad8a316526fd5076a7430b5fafdd0,corrected_replacement_20260918,10375,0,0,0,0,2
56c0730d189ef54d3ece8e86243dc353e47758cde74ff4a685bf913ab191a996,corrected_replacement_20260918,9461,0,0,0,0,3
abf70430e9dc846ac1efc4ee24e69faf29dccbdaa4e9f9011da7706e092e3539,corrected_replacement_20260918,8885,0,0,0,0,0
53c2afc9e224b8e4dc90f698758ede9ff8af04b668a56d4aa6e1bff9dd15625c,corrected_replacement_20260918,8202,0,0,0,0,3
e1a9be100a8d2c4f0638360f88cba11472675410698902ac8a3f08df45370e31,corrected_replacement_20260918,8797,0,0,0,0,3
860db6f992239e341e95c034b7c044481450088ddd5d0a4351dae27be53cf676,corrected_replacement_20260918,10991,0,0,0,4,4
f2e206dd6bb86c762681e641de08417254d46d2d64d5b5a07ea3995433405ce0,corrected_replacement_20260918,8496,0,0,0,0,0
8e18d270fde34a2d1ba20c6a879e03600606136f55c38184faa1bc24a7d93bcd,corrected_replacement_20260918,7659,0,0,1,2,5
26e16b8e2e0b3ef61f0a690d3bceac94efcc3921a630e63aafb2af2df095069b,corrected_replacement_20260918,6777,0,0,0,0,4
07bf70f938532ffb1f42b9d2a5ca1c78737595d864941ea043834e7d2ff3556a,corrected_replacement_20260918,6376,0,0,0,3,0
c7e753cc1d058d1877819e885778a565c3abcb3cbcd5eb3305469e01b59e421d,corrected_replacement_20260918,9032,0,0,0,1,0
45fcb70e86068d7f7e338cd0d6fc994f95d5a919582e95ee3fdd4af65339f55a,corrected_replacement_20260918,4847,0,0,0,0,2
0b92fad86617d55730fa431d0d54c0f0a4644a09b9e33a0f3eb278e02de4cd51,corrected_replacement_20260918,6733,0,0,0,0,0
ed842c565c3b29616604ae53dc9aff8a17c923ebde795d9b68fc16ab52501d68,corrected_replacement_20260918,7554,0,0,0,1,0
ad9f7f902d43d1f8d7e238167d87e611a75ac3ce57e00146377b68c35f5895d4,corrected_replacement_20260918,8842,0,0,0,0,3
4bb101290598653b85a15739bf71318f095a3d64d0356f598fa3d2a93755f3fa,corrected_replacement_20260918,16149,0,0,0,0,4
d592f408f2cce2481dd0849894cab881346b85a6aeca7c2bde82b5a9007d0d65,corrected_replacement_20260918,6227,0,0,0,4,0
91f903571380b9669e7a52285a5642e2322f2b43e36d534fd651f014fd649429,corrected_replacement_20260918,6107,0,0,1,1,3
307c6d86b3eac7cd17c2939bba6d42909019ad20238be5b3427be6dd6759384f,corrected_replacement_20260918,11235,0,0,0,0,7
7a14c6a05fa636b8f8c6671a64f5c931f10ff817dcb1b22c00f20c8fae55622b,corrected_replacement_20260918,10570,0,0,0,5,2
1218ef943175f452827fd16decf5fdd092fb56e30bca6b1f83a08b7060eda831,corrected_replacement_20260918,8686,0,0,0,6,0
e303fb0fff6b83218ffe6d0a6aa2ab92ca3f418d51a3f7248fb55e1a3ff63a21,corrected_replacement_20260918,7798,0,0,0,7,3
f75c3cac0a593f7113fae9239d2d9387339a2248efff1dcc5cce1a6bf8a1b701,corrected_replacement_20260918,4708,0,0,0,0,2
b2fd077259988dcb6be87d0eacb27b01b30dec5d6e4fea06a79d9470d759b058,corrected_replacement_20260918,8099,0,0,0,0,0
02866313c150287f30d5eaa5faeb551475105cf230342b1de61ccc3bb6f850bc,corrected_replacement_20260918,8996,0,0,0,0,4
80576076d7e9c437cc77ae7e07e9eba8db77d28e50d31f3a6695693e096f0b65,corrected_replacement_20260918,11387,0,0,0,0,4
21ee91ff3b2cfaf571db9feb4b585fdd84808aae0569295d46e378371484c9a0,corrected_replacement_20260918,8014,0,0,0,3,1
1bc039ba5580ed4b8c0476ad5eb53364de9db55d016e582f90dbc200149def8d,corrected_replacement_20260918,5971,0,0,0,0,2
7c78e92c45a78ecdfa14aee1cea975753ac16e43983b9f537e596fee138e4bfd,corrected_replacement_20260918,9896,0,0,0,11,4
e7d60bc4bd3434e2af6dcf4785da346fe27c5b0bf37972c34bf5f873d538193c,corrected_replacement_20260918,7535,0,0,0,6,11
7a9f14bfa24918d4553b6182e65c9bbce4be63193a336ac370928a65b9bdcf8b,corrected_replacement_20260918,8209,0,0,0,0,7
60fe28c7e10c75935b24023a3e8f8aea739584abad578c38413730be799115b9,corrected_replacement_20260918,4892,0,0,0,0,3
c49081b1d91562bebcc04ba8e543f9eb251106cd574486ec1aa67449bed3bf5c,corrected_replacement_20260918,6773,0,0,1,5,9
8343250a2abd4611cc96caae96779ba4ef5e26123d380ed045f9b3940ef16598,corrected_replacement_20260918,7641,0,0,0,0,5
2b98e78cf5d33b06e46db8aa728784620949d200269719d688d428d39a448e01,corrected_replacement_20260918,4695,0,0,0,0,0
011b6425ecfe73cc28cf287df8149dd0d7c21ceb8f3adfb7c8a145a00e316a7b,corrected_replacement_20260918,9577,0,0,0,6,2
d23903b329254d28650d5f8ac6c8b49860b698cd1febeff35d7a8cf5edb80939,corrected_replacement_20260918,7980,0,0,0,0,0
18fba4a4e3cf377d5bf65381c296f19273d22617729adc6407636d7b34f9f740,corrected_replacement_20260918,7819,0,0,0,1,4
8d76665f7ced7ba3fe9125f33f475f0922b5568e913f91f2809ae0536a35d087,corrected_replacement_20260918,12282,0,0,0,0,3
923ce459cee3fc1580d3d48fb16ee083a88c1ce876267e89c99e71d579c51113,corrected_replacement_20260918,6962,0,0,0,6,3
ac159bb1bab9e6b1aa578394f3acc2bc560442d1c00d06d237c892b3949d1d0d,corrected_replacement_20260918,7138,0,0,0,0,3
345868c041946bdcb425ea2f02559eefbc16d7bf473d4d99ed78c4bdd2d530a7,corrected_replacement_20260918,7834,0,0,0,4,4
580a0a52d1007b699ad52d760338ab2d7dcbc0ac219567e858606c198bf65025,corrected_replacement_20260918,9925,0,0,0,0,0
a37786edda387a1fd41214e287f846686bef35269f19b56d8e683ab077a5ed1e,corrected_replacement_20260918,9268,0,0,0,0,4
40b86f9e6173df5d9eadb4cc8f349ed735d85eabd3d4de9f5cba8d84cab31716,corrected_replacement_20260918,6036,0,0,0,7,1
54be96f0609aa1703d6af7b6cf448324efe9d3528f26361c5a24fd332e3133a5,corrected_replacement_20260918,5566,0,0,0,0,2
2a9a4369be8718e0fdfecdb168bf94eee8d0ca07750df78eaa1ab155df1fdb36,corrected_replacement_20260918,8123,0,0,0,0,6
741bdd3a370147bc5cd4992856102b820debcbb06df5021aaa66322f8e6f8057,corrected_replacement_20260918,7394,0,0,0,4,4
b632020b7b3d61edb5150d385d85a1733a3e265bede510e557903236283e728c,corrected_replacement_20260918,11903,0,0,0,0,0
d9e67875dd312f14495b252921042f55e510c1d42b8043cc1eca31c0c9b177fc,corrected_replacement_20260918,9664,0,0,0,0,6
edd7d2fbfbc3d21fec6db238ac8d83a3e67f914198479704e0abcfb35d0ec19a,corrected_replacement_20260918,5320,0,0,0,2,2
d16a6fd13917095dd3e512510331fee887df5d7900b78959250de9853cc4c6f0,corrected_replacement_20260918,8664,0,0,0,0,4
02ab8cf3de69d7ee6c64e4b2fea60d6bae981b3afd067d93189f1e8c3b280dce,corrected_replacement_20260918,7654,0,0,0,0,0
9e759e8588fb16b1a5d9d4b316cfef8d07e7caee345626ec7a06373e6d0bd731,corrected_replacement_20260918,11620,0,0,0,5,3
9992c11c1a04104d8349c5bfe6968d7275cc26745f31899b303d0b1c806dea7f,corrected_replacement_20260918,6314,0,0,0,3,3
ad517096df4cc4c42cdf7be9b8f41e676f0d1df0a5583b0872e23038c32c50a8,corrected_replacement_20260918,10963,0,0,0,0,4
12b37474dbd524b8fc14670de57050857b782d32e1c12e2845cfc157e71bfbf8,corrected_replacement_20260918,8514,0,0,0,0,3
5ac01ebdef0a1f67e9c6680e30473481dad34762046c7ab69990425ca11701ca,corrected_replacement_20260918,8410,0,0,0,0,0
1001ba286e5202879350b7848f9f11573149f6e10084c1a268a2c4c9f2efa064,corrected_replacement_20260918,5452,0,0,0,4,3
00a8b5e30cc7c2d50dfacd1d5dea70a3c39d6e06658301a3821eaaa980508fe1,corrected_replacement_20260918,7026,0,0,0,0,0
e7151405bb8c4d66a9e462e85f66adb669cae0b77c9c8b01f658c31c2e830315,corrected_replacement_20260918,10934,0,0,0,1,0
a5ef3959e20a78a2c75258a2dc03a836468cb96d05cd5612d49d4c74438d3e67,corrected_replacement_20260918,9817,0,0,0,0,7
20af71b4d74b5f5a88fa19905d2583ee091baccff3c5102764dc15c113de43e7,corrected_replacement_20260918,8260,0,0,0,8,0
f8e2fd1f3df776ab4fca10661f269b76cc37e62e964a5ae1b8f1060656241580,corrected_replacement_20260918,10396,0,0,0,0,7
beeca6d206b818084caba7e91a5559687214417390f078a755e5b86ca1e4bfa7,corrected_replacement_20260918,6545,0,0,0,4,2
ffb98d4c5411e2afc742794248c824fa2271287810e2d8d637ae7becda4b3b21,corrected_replacement_20260918,6991,0,0,0,1,2
73f8a22bb18a9381fa7d70149ee5cb8c8f5ab638494fc4bfaac59fe6f13b19a5,corrected_replacement_20260918,7644,0,0,0,1,0
634c764397f9674fb70e5637f74c36f0c0482d60cf9eb96f17d5f1758cb0ea05,corrected_replacement_20260918,6313,0,0,0,1,3
2e6671c55efa547381aff960a01bffa6c34e44d2bc7cc4667f0d1c5185faa566,corrected_replacement_20260918,11998,0,0,0,0,1
34d7dd3cbb399515ba9724fbc03bc64b010f79aa93f17fb0ba81fe389ee91b8f,corrected_replacement_20260918,9297,0,0,0,1,0
2ee5bdb7d8e6ef1b7e00be052f9fc535114fd8a43760bcf99f9ca95f22c397db,corrected_replacement_20260918,11119,0,0,0,0,0
1b80ce0494fc849f39ff874a35faac3b43e3ee36e470930fe6ff1a235f51fdd0,corrected_replacement_20260918,8329,0,0,0,0,0
b2f0c90505418241ccbcf02a05f4402ed41223bae259500432b61f9beb0b8283,corrected_replacement_20260918,9516,0,0,0,0,4
a0eeb9ff24daf2d4e812a1ca79318cb125c989a47c1d4c6368c27cac5696cb6a,corrected_replacement_20260918,4468,0,0,0,0,3
82fd1685c70a108e87450aff6a7db17bb40b0235b8367fd25a6da0dacf72f4d3,corrected_replacement_20260918,5891,0,0,0,3,0
c043ea71dfe5c56b207570b7ade3e141173803219d8185cb8d76f0697a099566,corrected_replacement_20260918,12615,0,0,0,0,4
e96a118241df6aa96f45afc27fe647eb9fd321535c28df5f62b4e7691d15f2fe,corrected_replacement_20260918,11923,0,0,1,6,7
33478a48bc866635537eaae3b43f348c486ad0489acd038ff65e3381047839cf,corrected_replacement_20260918,7602,0,0,0,5,5
14a914c9164dcf2b623faacc520572e3cb7bc39211c2058f1d40fe3ef31f8de3,corrected_replacement_20260918,6069,0,0,0,2,0
c6afefe5928d4105b87ee28e14cad63fb3e29e21b86a1bd50f72aa4ec766af3f,corrected_replacement_20260918,6339,0,0,0,0,3
49e90e6f1e13559280cb751d786faf89712aacfe11f0ed42f3e1f44935caf450,corrected_replacement_20260918,9129,0,0,4,3,10
8e877c4501b5fd02f3ca0a088c733c7d17da42d50ca40595bcd803e797bf72eb,corrected_replacement_20260918,9032,0,0,0,2,2
3a5635d959e0e853613fe26145188ce80d14b0d60d5f214d2a7fe69ad1fa5628,corrected_replacement_20260918,6851,0,0,0,4,0
143e7a25ec8a1bfd7db55e69d86252e691be95a219c1f9292cd7f3f263f21bc1,corrected_replacement_20260918,5297,0,0,0,1,3
8bdb75c63f41ef9ab2b28cea1bc455cb1a9d3ebf173060765e9417defc41d965,corrected_replacement_20260918,5384,0,0,0,4,2
78771a50e678d5f29a69d440ba7d9a2ffdfd1469465e6b8349306646f98effa5,corrected_replacement_20260918,8845,0,0,0,3,0
d9058235736bb93e9d5ca78203f9dafcaec7c2a122c242d82e816779e8170bcc,corrected_replacement_20260918,9445,0,0,0,2,3
9f2ffdd11ceca3a89d6c62392df0adb9947e93c64028e6ad4fe9ef0140f57ac6,corrected_replacement_20260918,13365,0,0,0,0,4
7f083e3569775ddbd84db6e36329308a6b1796aa889e83161566ea7b148f87e7,corrected_replacement_20260918,4953,0,0,0,4,2
08bf8bbd7a72214a517ab73c237692123cf555e0f25afb062de5e9ac195959e6,corrected_replacement_20260918,6887,0,0,0,0,4
8bd357deba148ee9da705a1bc28010344ff8c10e04bb10044a4fc402524fd44b,corrected_replacement_20260918,6646,0,0,0,0,0
9fe77ed3b4eeacdb1811686c49e99b76d384e5c955c86894655afc548c2df771,corrected_replacement_20260918,5189,0,0,0,1,9
10c4e367bc6caa888e30e6a77becb71d12672fd80776230e84dff09b66a231b2,corrected_replacement_20260918,8881,0,0,0,0,4
f188d2b6a90555beb78c3e0b988660ba8a21e27cd5a16d3e866eb2335761b15e,corrected_replacement_20260918,7972,0,0,0,0,0
f7000aaf98c238a83b4c7fb3471abcc18661795bd066fd6aeddcc114fce4ae45,corrected_replacement_20260918,9458,0,0,0,0,7
51a316df72fc7af5d884f530588ba97452cd3b3832ecabfabe48268cc9a2981a,corrected_replacement_20260918,10215,0,0,0,0,7
41f0bcbfb6ef62582bbeb4f926233fa9e693d228553ab6b9b41ba5e12b294697,corrected_replacement_20260918,10050,0,0,0,0,2
edcabfcd1715ff25265d98520f0cf665008fe5e145ce42cd5a1f5eeec68f6499,corrected_replacement_20260918,10036,0,0,0,0,0
fb399704ed7ba48b7524e8a93a5e76d2bdc4aa1395f184a97aee4b4ffd1d3730,corrected_replacement_20260918,7596,0,0,0,0,5
f1577e991483076424fb710d8e21d8d4341c0eca56136b97a81d1afe45378fcb,corrected_replacement_20260918,7667,0,0,0,10,0
9e4cafcdb20a66e1286fd097b7eea92d3f8ba67ee958e6fe9c58f9091ca1d5d5,corrected_replacement_20260918,11431,0,0,0,1,7
a5fbb5efab45c6e1dcb2918c2d9fc697de7d8774a354c4b525a751bf5661a6a8,corrected_replacement_20260918,10777,0,0,0,0,3
ee4448cca21d8a965d885c214fe789a14bd0ebe9a8ce7af960912ec5548ea0f2,corrected_replacement_20260918,10267,0,0,0,0,0
d7cd304788a85e62dee9cdc279b2c5b74b7bd3f198b07a30021faf4842baaa59,corrected_replacement_20260918,8089,0,0,0,0,0
872fac413219b5a4ec953e412e2c515bffe4b11103af50b8300f73f0b6e34416,corrected_replacement_20260918,6171,0,0,0,0,0
cd0e81d13ac7d812dd4b674dff7533ad68df0f45d32e44a18f402301489d195d,corrected_replacement_20260918,5329,0,0,0,6,0
1709106974698f68a7079b28878cb67e829e64bd2e452a6bbb238057a35871e7,corrected_replacement_20260918,10738,0,0,0,0,0
b765156653ca54230bec85d9832280593aab282c215a92cd1cd9b88dfec4763e,corrected_replacement_20260918,8882,0,0,0,1,10
60c8392646e6e890f661f93172edfc1a987ff8847216cf4b98165dbeee83dc32,corrected_replacement_20260918,7948,0,0,0,0,0
357be462d60484e7ecc1cac103cf991417ac9bc078f3a423a8bd0a97caf49e7b,corrected_replacement_20260918,10381,0,0,0,0,3
33d8ead3d04ca4621644ec18ace6cdcb3c6bf935f8dda29b7ffdff6b53705dcd,corrected_replacement_20260918,7240,0,0,0,4,4
598b88c1cd3f4f3edb38c8ae25794913ac86f934bb17f85abc8268c1670b27ea,corrected_replacement_20260918,10909,0,0,0,0,3
cdcd26cd7bdc389bada2b7060dfa46e2dfd4cf0ced758d69b4d32c49394dd031,corrected_replacement_20260918,10836,0,0,0,2,0
f881a28285df1dd9eaec1574a0d01a817250d57fcb1ee4c868d2554b1f7621fd,corrected_replacement_20260918,9202,0,0,0,1,8
aa5f34908df2ab61bfaf48e8e5af68abd847a715ca60f3324ee5d59703327be1,corrected_replacement_20260918,5396,0,0,0,0,0
52fc671fc91b3453560aef3ebbf72bae21c0ac6b969d6686cced355ed526aabb,corrected_replacement_20260918,7076,0,0,0,0,3
24dd53531bb8189edcffc235f7eac1f27c8d27aa6836e8efee48f3bf358d4192,corrected_replacement_20260918,9233,0,0,0,0,5
63475777614dedaf7850c7e5e13ad97d23a31aad33b346877f775e90e533e09d,corrected_replacement_20260918,5706,0,0,0,3,0
556c475833d87252ab361c65ad6997850ccf1e19da6fcefde367ea4ce9aaacd2,corrected_replacement_20260918,7507,0,0,0,0,8
e3b212f3b942032d85c7c2b7a077bf0ecbc750842ded26198ab7610581fca318,corrected_replacement_20260918,9360,0,0,0,0,3
f7d7604dfe8134a70b58498f0c8326f38dc2155f87496b711dbfe153dded58c8,corrected_replacement_20260918,10390,0,0,0,6,7
3e132f45d5b60a847ac83ee8b1e5965e7145b33247630411f468d510ebee1654,corrected_replacement_20260918,7120,0,0,0,1,0
2f37e2d5cd1840c4a9d84ffc3c9d55618c89dec81f5b762615c12154fc93a97c,corrected_replacement_20260918,6185,0,0,0,0,0
3e02eb847f8de150a958c35e2ae2a722139d76a0333c819226dd9b4966fd96c0,corrected_replacement_20260918,6023,0,0,0,6,1
a9febf991c53ee21bc4a750ea7b80731524b462ec12b4f0bdb3b3a998d37c925,corrected_replacement_20260918,6977,0,0,0,0,3
1f4b35b38f791510240fe9e3660f9943167c2693fe0a63ffe07b91558e5a9cad,corrected_replacement_20260918,6564,0,0,0,2,0
4c41f3fe3460625b4e6e8bae9684464fd98ccdd98d24693c0f70ab6b84bcbfa4,corrected_replacement_20260918,6102,0,0,0,0,3
ac1d320c8cdf7ee58e1427590ccf57a9a651476664d2eb6a4c543950d90bd20c,corrected_replacement_20260918,7486,0,0,0,3,6
af9cbf72478bdcad2358ad9aaa31e293354fe46a7c8e79def22e642713473705,corrected_replacement_20260918,7791,0,0,0,0,0
208ca048d4bd2987d1b68844aabc82183acdd9d5fee2737579fff97fa32332ca,corrected_replacement_20260918,6160,0,0,0,0,0
65897e9a014d3e520efb6361582befc4609551c68a5dba78051e5dee56d7730c,corrected_replacement_20260918,8523,0,0,0,2,3
1925ba87d739180f97b90dd383744a8f89433394497df9edcea7b17ab2aeb3ee,corrected_replacement_20260918,11613,0,0,0,0,0
74d3364227221031e011fa52f0eac569ff04c6fb157264967f1d0430cd3d1fa6,corrected_replacement_20260918,6728,0,0,0,6,0
07b89b3e22b94132df1afe3c83eba802e15bbcec6c4d37df3b6ca050ef4d0b31,corrected_replacement_20260918,6578,0,0,0,6,0
94984b9d3a447d6cbaba7d64dbe332078bf1c7105f0dd86e684e59ac844851b9,corrected_replacement_20260918,5935,0,0,0,0,2
44a752ce23f2777b74ab2ac0b56e91acce5309be5cd48a80beae7136ee9918d2,corrected_replacement_20260918,11492,0,0,0,4,8
129f86b26a2ccd6704e88dc1d4e1122c59895f24aa215d357581e7e8583d72ff,corrected_replacement_20260918,9032,0,0,0,1,0
e8793be5d25eb41e3dc5e5ef7a89886f5fe222d6700154d4f7da92f20c0c4b38,corrected_replacement_20260918,7657,0,0,0,1,4
7161353e20c40d815df08a8040f19581525c7d43fea622f17923bcc2bbb36d6b,corrected_replacement_20260918,8728,0,0,0,2,5
2c87ba7fa1c7fed761224ca00573a6bdfa2e51a69a5ea038c4993a66a3811d1f,corrected_replacement_20260918,8475,0,0,0,2,1
2db6ec27ab4a1b24289e45f78deb2c7fdd1802bc2b40ad5304936ed650e490d5,corrected_replacement_20260918,9580,0,0,1,8,3
04467263a4715f96de4d756fa0a44402c8db3572e01038fe676ffc98d4ec3a37,corrected_replacement_20260918,8277,0,0,0,0,2
d677abb1779b786ed4cde3dbfe673e121cdba0fe72d18965be30c730284bd0b8,corrected_replacement_20260918,7533,0,0,0,0,2
473149c1f5dcaacafb996ee2fdc9a83fb8bc614b17c28a829b445756243ee32a,corrected_replacement_20260918,9923,0,0,0,3,0
382c2ae924dfd3b0fc11d48f425dfe4a52b3c3c88a0981934447602bf4b37145,corrected_replacement_20260918,7654,0,0,0,0,0
574fab792b563926b7827b95077ed029e1c9fcb57763901b0b1bb6efa60b92cf,corrected_replacement_20260918,11080,0,0,0,7,0
89b64794ea79fd720c9a938e9aea5cd451dc42c61e2e151375f72b65359dbf15,corrected_replacement_20260918,9983,0,0,0,0,1
e16f0da691e2cd23600ccf61a024c4b86b8db8fffd536476a5ab51049b929805,corrected_replacement_20260918,9764,0,0,0,0,4
d54e9e11a60678534903c44155b379d1e9fb509d886a013ff3e873770e66a004,corrected_replacement_20260918,6591,0,0,0,2,0
0a126fccc2d92c08d0e36aee349c955a71f0d2555457f5f9573d84de61798696,corrected_replacement_20260918,10782,0,0,0,0,0
e4b86f0bc5870f5a874ca5066b029d4be5865aadd146ccbf969859f2aee927a9,corrected_replacement_20260918,10102,0,0,0,0,6
d893ba6b37b53ef4baf1bc6a362a7f98f4386536f553797b5b196d6128fad4ff,corrected_replacement_20260918,6271,0,0,0,0,6
ac747b2e40f9ba043f6f68ec54385e78fc3a5a19db99b9e29aabf9e12fb60c88,corrected_replacement_20260918,7581,0,0,0,0,2
9b1d4c47ed630babb28ba0a0a801feed421700710d9170c496601e0db9ea6f21,corrected_replacement_20260918,10038,0,0,0,0,3
dd56aa8e45432ad2004bfe63089ebbdbd2effe9eba3604c3703e4f9681f98fe8,corrected_replacement_20260918,7167,0,0,0,2,1
05d55aa92a134a3918ff02961a8464c3d33bbeac8ae79da4c36bc8c7296535fa,corrected_replacement_20260918,8308,0,0,0,0,2
6cfc46b86a9f2a52bb5b160b76e3766f33f92ac183148aedeb949c3f34494e71,corrected_replacement_20260918,7434,0,0,0,5,1
67f8d6b3ce92d037cca9eec97aff4b84f3a4cca507fffefce929135ad104b614,corrected_replacement_20260918,7211,0,0,0,0,8
73917b173c8102468af2141c53d22dc2ee729a86c21f72e35de81353c6b7a9ed,corrected_replacement_20260918,10431,0,0,0,0,3
bb03c29b2bc5b2c1a248805b4e1698299a5f929ed758049ddb2b10b9fbef68b4,corrected_replacement_20260918,13860,0,0,0,0,3
fc8ea02f378de20c81cc3be631f87a813585f7593b54878aaed166288b6296d4,corrected_replacement_20260918,5785,0,0,0,3,0
1620780a2cca5c7169b31179692965f93fbeaa600c2c478e2934a08ded86c39a,corrected_replacement_20260918,5350,0,0,0,0,2
fdeef819b4a3a99e52fce550b44586268a5bab90363ec834fd7dd512532ef229,corrected_replacement_20260918,11582,0,0,0,0,1
9d457162e423f4ebd16434d9df6f3d70351b930bb63eeecbaa72b89d13e3662a,corrected_replacement_20260918,11982,0,0,0,0,4
15b7323ebee8566d5cd113d588dcc1c2f99e96e8b6c49ac174e81865c795fc09,corrected_replacement_20260918,10637,0,0,0,1,5
69d4c323c05ecfe13789bb6ecd4e6131edd632b16d9bda3af1a11b23b49d1457,corrected_replacement_20260918,5556,0,0,0,0,4
f7f5a79267992c2ef84e8d7a30b4b2a184f24d2f8af7a576fd2b6a8ecd7f007b,corrected_replacement_20260918,10659,0,0,0,2,6
2b10306796bd025d42248b8ac8b876e8e9679e1e1e9afa3a14a58d4214f24c0a,corrected_replacement_20260918,8881,0,0,0,0,4
05579cf8ada6d62c4e28352a3b12391c6ac1c483b54feb8dfcbe94a75c2fc3bd,corrected_replacement_20260918,8820,0,0,0,0,0
7c709ba3a08a382e9e59f27ce0f3ffbf7de7b6a4495f8c5e91f00a88d5e16f5f,corrected_replacement_20260918,8309,0,0,0,0,5
1aa35d6cd549e48f4585728a9b8b869d7399ddaf191abb75861c16ba0e58873e,corrected_replacement_20260918,8968,0,0,0,0,2
7867bf25e62fb3a912c3e31162d87f9b50e742d230ef38061e1bda469cbfa46b,corrected_replacement_20260918,8023,0,0,0,0,3
57edc1d58f22b35c666b7c4fabe654f2927b9b9944ac88895a4090efd482d328,corrected_replacement_20260918,6839,0,0,0,0,0
1f3051581fbf0661cd8c32e3e89417b31838776e1acaceb861f55b3f1fcccae3,corrected_replacement_20260918,10073,0,0,0,5,0
56694c798bfe9589b139af7077873db7061afbe6d3ab56c383c245ede5336ade,corrected_replacement_20260918,10098,0,0,0,4,9
f28766ef0f7d71f7ea108ab0128664dc6a3ad164be71e55e800a9f2448af4747,corrected_replacement_20260918,15089,0,0,0,0,0
53f4b136c6f6d628ebec992479bac11ab5f335d7f2a5926c4d8c7e0830de61ff,corrected_replacement_20260918,9085,0,0,0,0,0
b69affcd152066b3e5f58e8dbb2a9ccbc1485a534ecc7b3c34dd8a9a2343e524,corrected_replacement_20260918,10604,0,0,0,4,0
1ec25c8daf0bb8d2a58b4b6e95ae410f14de1f11d8ba13a199f440f9a3c4f402,corrected_replacement_20260918,7776,0,0,0,4,1
91c8d6fa3d21cd59570b097b624916b3cb5cd3103079c9e5a9cf85590d9d1bcb,corrected_replacement_20260918,8692,0,0,0,0,5
beb5a1544e2beb8e60da843d70461bf16f055bc94b89df441268a7efb0198ce4,corrected_replacement_20260918,9740,0,0,0,0,3
f573df1d7e91a91def60f472c20cc2393f4c34896367f7d4a740c0e902e76711,corrected_replacement_20260918,11685,0,0,0,1,4
00a5b40fa6a01f0564c21073fdd0457fb4565d14742ae869f9706508b8f298c7,corrected_replacement_20260918,8036,0,0,0,0,5
384f42fedcd4a306e5652d863f4b17dffb649db7388167047e9b6c98d914b9e5,corrected_replacement_20260918,7334,0,0,0,1,0
85b570a19d08fa339dd5281a12329d2224a1438adc2b2e0aa50d93d774b6b96f,corrected_replacement_20260918,8951,0,0,0,3,3
0029481b724254c172abcc8ed71e197b1fe1cad4a060bc2e5d2cd2613838abda,corrected_replacement_20260918,9244,0,0,0,2,2
1a016b66440f7c064590eb1c88c01fccaf432db1c092086c5ff880e0c8eb94f5,corrected_replacement_20260918,9106,0,0,0,0,6
25692a4063fdd9d3eafae07c1006f614ae069d3e69b08296764aa6e1c22b9665,corrected_replacement_20260918,5869,0,0,0,1,4
90f8cf417bab804bd10071626084a18dd85606b5048b1b70f8aab9d71a407267,corrected_replacement_20260918,5703,0,0,0,1,1
6a7449c8f4a1251fd92a1a6d42365f19fc845df85845b18d6ac62afc47037ace,corrected_replacement_20260918,10909,0,0,0,0,5
df8f8d0cb9cd2344d97e82a142f4358d8e66c79ab0f516aede7df74751970d19,corrected_replacement_20260918,11069,0,0,0,0,3
c80963a1dbc79529ac7e5b61e7825281b2fad1ab9ee2df5608033709ca7912d7,corrected_replacement_20260918,6058,0,0,0,3,1
67efa29a2141b84091d625716138e0ef8fbe48eb99ade73e9ae3f3fbbccebb02,corrected_replacement_20260918,6509,0,0,0,0,5
baf2efe09746b197dbe30e846643576f89dca332e9a43b71e2dda2c9c0dac4b8,corrected_replacement_20260918,9767,0,0,0,2,0
d28bf33f3f31ba4e48b49f9f0fc658a624404d2728b339da705288fd11cb93fb,corrected_replacement_20260918,12364,0,0,1,3,2
7df7b26476141c5b326a343ba53487851ebb0ee0a59c7a58fcd2fee5420bc8cc,corrected_replacement_20260918,11939,0,0,0,0,0
bbd5d75bbad2420142ffafc5b1166551fa36883832fec957f7fc8522d689f046,corrected_replacement_20260918,7723,0,0,0,7,3
e219ff4321e5f099ed34cd61688bc29ac5856f1feba95535df14606be2b873fa,corrected_replacement_20260918,6313,0,0,0,4,0
1e3fe38f2f8cef6d684e1a55a2f8c8b6bde71ea6513067bd9e3f75911c5f27d1,corrected_replacement_20260918,6515,0,0,0,1,0
31c6e1c4e50b904351cc223381aa807879bd285c1a0deecaf6d2c42bd808784b,corrected_replacement_20260918,5981,0,0,0,0,0
f5520f1a9b1be7e12eedba906ba6244f5c5acca17500c7d5d57d7050f9777f7a,corrected_replacement_20260918,10136,0,0,0,0,4
da65224b77c33d3a610d82a0e1ab45982167b6a135350da1481c92169b2a0ba5,corrected_replacement_20260918,10072,0,0,0,0,2
b13e05554689adc1b566c70f0f62541b0b34fcc63e9e6be2852afbe602e35681,corrected_replacement_20260918,10212,0,0,0,3,15
b919da02911af8dae00eaed4b83486257220a9ea5ed0649b83b6f9ded68899ea,corrected_replacement_20260918,6531,0,0,0,1,0
982b7d5a4f19f67cc26fba9c32e5f04c2b029a2da3753fc52109cfb095f01ebf,corrected_replacement_20260918,5792,0,0,0,3,2
14bae0262a6acd5bbf51228072517b55794afe50a25af0e5893c1a2551677321,corrected_replacement_20260918,8519,0,0,0,0,0
2a255049105b85461dd9e6203c34801e0c7c3b2932e80ce1a910d2c4486794bb,corrected_replacement_20260918,8839,0,0,0,1,9
b65130b2fe261fd1f9f186f554612a0b0347b9f0c0d21113830a10f79e637382,corrected_replacement_20260918,7114,0,0,0,0,3
9f77db85a1b898c9b611b6e9403bd47918a0111fa46dc00ceb4d36330fb4081b,corrected_replacement_20260918,8602,0,0,0,1,3
f65acc83b49b93e90967251d8f9d0ab3ff703bbc5ae9ab433a7a5319f90dc3c7,corrected_replacement_20260918,8471,0,0,1,3,3
1c49bb0a3d101b99c2b33e1f7d9c704bac6292a851ec48e0272fbabc5fc6d272,corrected_replacement_20260918,12168,0,0,0,0,0
e4101bedc4f0ff57e031df2a2b0442908690bf990daa9b7bbab32dddbe74c9c3,corrected_replacement_20260918,11087,0,0,0,0,4
3343542e90fd38acb54cf2347ecd7473b3377774ca77adcd5a9e8ecaeb7e4794,corrected_replacement_20260918,7258,0,0,0,3,0
aaa0e59f68a9109002d42af741c52c6a03835bd37f15ceccb7de105703f941e3,corrected_replacement_20260918,7729,0,0,0,3,0
73b79fd0d702b849e2cd6a334eb88aaaae225b0184abc2ba02e732f4d09c4b1a,corrected_replacement_20260918,5760,0,0,0,7,3
791facf8f8c6f8f4fefc5b07931104cf88f5eed37e6c210e9c0999566662be42,corrected_replacement_20260918,12047,0,0,0,0,0
c6ece7c29207ec975ae8b646228050eac274568349a4e14686c91ae9f839afe3,corrected_replacement_20260918,6092,0,0,0,5,0
b8861ad1c8163df0ebaf14e238eee3230fd7f17c4d99601be6a59fc82d6c02e2,corrected_replacement_20260918,10280,0,0,0,0,4
ff3e733f0926ed57979ef301e4d71acd6aa5afe8e7ff3eaf808cd1a84f47cc7d,corrected_replacement_20260918,7722,0,0,0,0,0
6504295d24e9a922c8727a1397188650c2214f743482724b48ca942dee3528da,corrected_replacement_20260918,9217,0,0,0,9,1
febc09683c79fe3c8017ec53d3c82759eacffd4d718d9905c2d02ef93ad19e20,corrected_replacement_20260918,8401,0,0,0,0,0
e1ef1816dcf5799a6b581fd95c7aa73cddec7c9432d80b6259684312389b16a4,corrected_replacement_20260918,8797,0,0,0,0,3
e2b968ec45169840ffd75ec13e58f7eaa35a4801a69b5d1413d8759feb436cbd,corrected_replacement_20260918,6376,0,0,0,3,0
ab94235a225d675e35761a72a3befae29a8396945a6bb1642266aa2b22811f05,corrected_replacement_20260918,9562,0,0,0,7,3
06586513fa56e747a6c27020ee4e8e673d896434ae14442558d27afab686207a,corrected_replacement_20260918,8601,0,0,0,0,3
873c59d106567ed9bd59413f694943dcb58774f613e7dc68b0ab169aae35f258,corrected_replacement_20260918,8632,0,0,0,0,5
cec9d4f064b1478f535d16e9c0dcae130e1365178d28815d04a2a9b7b8f14287,corrected_replacement_20260918,8510,0,0,0,3,0
15b2ba07b46cfe8596cba1861a85d0cca847bddb7637fc37298aa1ade4e92eda,corrected_replacement_20260918,8213,0,0,0,0,3
3921cc3ef0d5f48414afb2cfd151475282a1ee058f8340e786caf0106d79a0cb,corrected_replacement_20260918,5753,0,0,0,2,1
5d02b35352ff2bd9ca74e0e59140ebed72af4ecae756942b71cd94f834dc627b,corrected_replacement_20260918,10834,0,0,0,0,1
7542ec61edb55680b559f59cfe6430ab57cae6caa24f6d20bf9656263e3b6542,corrected_replacement_20260918,8820,0,0,0,7,0
1ae4b2586e6382a91dc444955653d73bf84164daba6d38801264d84602d039ef,corrected_replacement_20260918,12301,0,0,0,8,0
c502e85d11092367b5c4c138a66e284b78c51b179a5262c424e5987f38551ec2,corrected_replacement_20260918,7680,0,0,0,0,0
2ceb5f55abe8f7fa69c6a9732fce101bb2042baefbfd313b8be7ceafe2889de7,corrected_replacement_20260918,8864,0,0,0,1,4
91745734b79041e2a59461a89837cc487a022b95f042338e39ab06d9edea4ac9,corrected_replacement_20260918,7567,0,0,0,0,3
e6cf447933ecc27c07a09eadba290c016b7f71ba6782fb42a6776e70fcb5f5ad,corrected_replacement_20260918,7724,0,0,1,2,3
7ad9ca8751f0b0cf3a3008dd6969528b4ff90a514b1141f4b54a9d444ca6a42d,corrected_replacement_20260918,5678,0,0,0,1,4
695058bc60cb7e63cf94c4a9cced9cfe9fd36907dfbfd537cf0348e56f61b993,corrected_replacement_20260918,8974,0,0,0,7,2
0b35c71625c7c2d91b336213f22928d079c0fdd76b538a24c4f77486c8f59c9b,corrected_replacement_20260918,9991,0,0,0,0,7
84ea9632040ff4f0fb2bd62cb37bf76e598da38a1d32589d4751dca787f6aafa,corrected_replacement_20260918,11322,0,0,0,0,4
b8bd238dd608e0c4760dc742f0fc7a5da92ab28a79283276959760c212c3f1eb,corrected_replacement_20260918,7916,0,0,0,0,0
439d1b126b554440bd2599ddaa12009877f92941886a86f4ecad3a1cae3e88a0,corrected_replacement_20260918,8891,0,0,0,3,6
28964c62475a7a298dc46dfd64cde5356e2df999e879f2581dc33c2f420193d0,corrected_replacement_20260918,9185,0,0,0,0,5
56713c84ebfe044da6c45aa5a0d460aeff7c52d1207cd8f75387994af595e5af,corrected_replacement_20260918,5407,0,0,0,0,0
e8e9f060a513b623f67dfb99275e718894d77211caf298563d4fb999384a7236,corrected_replacement_20260918,8030,0,0,0,0,2
73a1872e67b3f75d4f4a428e768abf15a0aecbe536b79fc58392d0d8b682dae2,corrected_replacement_20260918,11964,0,0,0,0,0
e5b6d33b3ad6e9656a158bf5b590b6cfdfced1ccc649e7f7eb30a0f6a2c91123,corrected_replacement_20260918,9883,0,0,0,0,0
33f20a9c3da75597e69e177fe9a4ed85c94a7a0c507883e2676ac0e416752157,corrected_replacement_20260918,7629,0,0,0,5,4
e6eb28abb2c7eba159ebb1cadd1c361898bd2743223b591a790bd6e348922bd4,corrected_replacement_20260918,7602,0,0,0,5,2
3618fa7a42acc27a5b2fe848e3de41819576f9f01fa2fd69694d1dbcf4983d64,corrected_replacement_20260918,9711,0,0,0,0,3
581fc6a3b91d7cfd4d49c8aad09a37612b9766f8d713b293963811ea015c9e99,corrected_replacement_20260918,11538,0,0,0,2,7
82fea6fb35b6ba7bdf567853d1096d1926ce21bf9c33078c062021d035958c47,corrected_replacement_20260918,8118,0,0,0,0,1
6d601f731dd48e48a08f9e0b32fcd54faa29fd53c93d83084160e6f05c2ee55c,corrected_replacement_20260918,7040,0,0,0,0,2
f5f274f9086b0c75351a641453765d4b1ef192c46487144f7bd8e28d1e191dcc,corrected_replacement_20260918,8870,0,0,0,8,7
1016d3e443e8682268b304dd32615b6501782cf694977c069edc8d4fa6672697,corrected_replacement_20260918,6215,0,0,0,0,6
e117851318787cea02577a7a762a4912521a79a22f17387b2e98934ed21b072b,corrected_replacement_20260918,8220,0,0,0,0,2
fbc7da836a102a8945ff9759608d088f3203740c36cb11306f6d4eac263ca202,corrected_replacement_20260918,9876,0,0,0,8,0
c81f5d55300f762706b2d087f2baadd2401319a462123bf2aea661e7d5fa2470,corrected_replacement_20260918,10256,0,0,0,1,2
23d70ea3b6bd02ebbcabe02e65cfb84516fcf3167269995275d04715ff732fd3,corrected_replacement_20260918,8850,0,0,0,0,4
fb92b9d7c130e398e9d97bf0010a8b211828bd53a2a1b5e39f4e86c53b7d2aa5,corrected_replacement_20260918,6958,0,0,0,5,1
17f4c786b76f720601f7a5dd9127eaa0aaa73f55b080b437cb5fd47f4cc050a4,corrected_replacement_20260918,6335,0,0,0,0,0
1c8d2d7d6a8f847d1c266268a30db2b5324b23985f1b5a149f93b76ce387f15b,corrected_replacement_20260918,5021,0,0,0,3,0
68c7df41433e9f181e33b081776b13dbee618b58287f848a2156a01dfb5dea48,corrected_replacement_20260918,11290,0,0,0,0,0
c4465ca9b78ebd1445f8692743d2071cb258f2e02f962311a78ab86881fdad6b,corrected_replacement_20260918,7919,0,0,0,0,0
a17a63b0812b0566f126b5d59277cdfae6f089eba05e061fa6543b6cdca5aa1a,corrected_replacement_20260918,8064,0,0,0,0,1
9b23756dc0429c0ac265da5b2a16f9b12bbc56a6d2fef4da94ae928f1b76ffce,corrected_replacement_20260918,10104,0,0,0,4,11
3427ead6e6cdc081d0870c9bb59aeae70c932f2a7585eb3aac5c777cd1632d00,corrected_replacement_20260918,10982,0,0,0,0,2
2267f032a9c56642c63ebdcda38ec43decda5a7b12d30e1837ca4dceb164e350,corrected_replacement_20260918,11018,0,0,0,0,3
7c497e6379ea6c6aad307057d0f355cd5112d190b8eddd760825ace768a34008,corrected_replacement_20260918,8156,0,0,1,5,6
42796e44e969ef6b380dd5537ff8a0dbc3857f5e0bd07fb9feceadb91397db96,corrected_replacement_20260918,11012,0,0,0,6,4
d065e989e57e7ce3764d45dfa538ac5c6783572020458e13512a710af9c0c693,corrected_replacement_20260918,8328,0,0,0,2,1
bcf91e763f3b189dd828b5f673b8138cdfabc4a9f1f38916444dd07f04678aae,corrected_replacement_20260918,8647,0,0,0,0,3
71eee4afa38c0996b013d8033d22c4a6441262c525950abc2878325e633a29ff,corrected_replacement_20260918,9449,0,0,0,1,7
11d748fe81c0f814c302568af837cb3a76631330806f71788740625be9519eb3,corrected_replacement_20260918,7337,0,0,0,1,0
e0be8956c7bd4231279c4de3d0953e98d32d400a5dedeaa188332861bda28d9c,corrected_replacement_20260918,7517,0,0,0,5,2
b8cc895705111224d29dcb37efbafee091a4343aaec65f189b8e2d9d0571adaf,corrected_replacement_20260918,5920,0,0,0,1,0
2ed02ae1e1c479fb2b3f51d3c4c4a6cb048cdad6d1a678108517a0d8d145dbdb,corrected_replacement_20260918,9514,0,0,0,0,4
db5c7c434b989fd5f659f94f92ceee740cd54dad12c1509076e7fff3728d6346,corrected_replacement_20260918,9843,0,0,0,1,3
b19b3ae38e334ee486e7a78430a9eeb5d2c63822e7ded63c81f05d52d23b53ec,corrected_replacement_20260918,10456,0,0,0,0,2
e16b7086364102bd70523feb6cefa9d00ac25d4e88421a09c7cdd32ac76a6b34,corrected_replacement_20260918,8074,0,0,0,2,0
828236bfda68f95eb6db0397d12b30df1f1135fdeca867e435b5e16cf5322f2f,corrected_replacement_20260918,6166,0,0,0,0,3
fdeb968d612907a5fa45c9f395f6f78d2262bee6824b9d89cc81ee59e6a6bd0f,corrected_replacement_20260918,10690,0,0,0,1,2
b6366e44b1e5651ae4fc2cfb5f6c1775278d3b4c9575b4c6c9af737b5c9c64e7,corrected_replacement_20260918,10004,0,0,0,6,3
ef78a2f80a14b579d521b4cfec2ef563bb2d98ede3e0d66ac80f39d5bc595c72,corrected_replacement_20260918,10334,0,0,0,0,0
359ce0b48eec7573e168838dd5550bc937a4a1cb2407d65e8fe3bb97eecc8c27,corrected_replacement_20260918,5522,0,0,0,3,0
c0e873ad124ebdde3aee43d5728de94ff9fa61caec63a1abe4b19f0e0e082cf4,corrected_replacement_20260918,5895,0,0,0,3,6
658abf569996a70c172daf4829f97f3c30820b00e9bf5cbf388985cd8656e691,corrected_replacement_20260918,8979,0,0,0,1,0
8c9077c7eb7a5286893849001233de40a43a2cb74819f5e807b6349cfac97faf,corrected_replacement_20260918,10096,0,0,0,3,6
005706601e1df77673eb929993d392352b4fdee4997992f4580a9f948788d845,corrected_replacement_20260918,7744,0,0,0,0,4
0df98b7b12bb912e003a626b77f63cdc928e5aaaaf9b3bc66787b59da03a5a23,corrected_replacement_20260918,9494,0,0,0,0,5
523e33f0eb5fbdd0acad1cb52f84004f832f9dfe2f9726b4928998ec6c534e6b,corrected_replacement_20260918,7840,0,0,0,6,3
57c4e104ed406c82a58654aba9d414965570d2591967e7ecb5d5affb7ccd965b,corrected_replacement_20260918,5091,0,0,0,0,0
c37e0ea1c1fc1ccefd4b2719abc182f20af1988fbcac8aee30259553959bb0df,corrected_replacement_20260918,6684,0,0,0,0,3
b41ffe0fa15e1e98111a6d12ccbfc226d058397f826fa72bc12f193355a3f44c,corrected_replacement_20260918,8872,0,0,0,3,0
892bc883d056ce2a46bf56e9dc8c6ce72e68082f6f30f9c8931fee896025588d,corrected_replacement_20260918,8012,0,0,2,1,4
c40343eddb6bb53fb28850d877c2472b155a6b950acf52f3d83d75a7b4502945,corrected_replacement_20260918,11971,0,0,0,0,4
398a62f227935948750bc4049e2bdc723639563e108bf965b9061fd6d75fe028,corrected_replacement_20260918,11728,0,0,0,0,10
e69231b3f14178a6b24f780860bf9e985cf0be29682a0de20c9855d3f7ff22c2,corrected_replacement_20260918,7922,0,0,0,2,6
5c8326eb993229a352ed1f6c7853bf9c6d6e7c757d733f1658a9af6bb5b7fe02,corrected_replacement_20260918,8403,0,0,0,0,1
9acd2945b2a55968bf19685e1e4872cb7bf5ca77912b280b532668f75b83688a,corrected_replacement_20260918,7508,0,0,0,0,0
7fcabc967c415a11614cd49bc7aa83687c56899e5828741aaa2d715af3c13994,corrected_replacement_20260918,12247,0,0,1,0,7
e0bc86125fdcfda13c0e061483729125ecc140cc568c18ac379960e8e2b6da90,corrected_replacement_20260918,4771,0,0,0,1,2
7ceff5091ceef94aa88cc4550c8380008b172593073611c92a393259ffda5ff1,corrected_replacement_20260918,6164,0,0,0,3,0
5e4f5b4ddcd6e50cc4ea90c8e5329f254caa9813443eca55771a7c021e6b4769,corrected_replacement_20260918,10327,0,0,0,0,4
0e63a4dbfbb25b810c3399c13014588981317b588dc424c169da91ca25203073,corrected_replacement_20260918,8098,0,0,0,0,0
38dbe4fba977acaff9bd3973db0ec8900fad70292cdc6b266f3ad1c20239aa9f,corrected_replacement_20260918,7358,0,0,0,0,2
f979cec7efcbb8bfd6aa985a106925055c0020e54d0aad15ea17d3fb29b5ca7d,corrected_replacement_20260918,10111,0,0,0,0,4
c821cb0442c7b354bf5d0174971df2476bfd12396e63248ab78d4d3bc6f8404f,corrected_replacement_20260918,8471,0,0,0,0,0
74553310749824f138af6fdbc2c6a198891805cbddc77059ccc2649d1026d938,corrected_replacement_20260918,9584,0,0,0,3,4
78d3a906d72ede577c56d6c93cb77f60ab08de198f6c8aed8d654d6f05058fc5,corrected_replacement_20260918,9210,0,0,0,0,0
bcc18bed156cf57101749889c78d6ae23bfb6d826a4a68df22f162badf3c1024,corrected_replacement_20260918,6061,0,0,0,4,0
1c04e436714e35045ad401b691a62d004f6e0f357aa748b8bfdf5a512cea5e5e,corrected_replacement_20260918,7583,0,0,0,8,4
0b8711195ca91e924ba20219848f6643cba142508634f6a528093c261296562a,corrected_replacement_20260918,8411,0,0,0,0,3
5915de35d49ad11ca40e1b314e140682842b0cb7fa483b916d5204d2f7acbd69,corrected_replacement_20260918,9082,0,0,0,0,0
be628dc562e4e7d1664091c8a3b68693d4cdaa8535c9e7f406eac310d886234b,corrected_replacement_20260918,7578,0,0,1,6,0
42b6e0a26041f2f534c1bdbb6ffa8e488968ae1f9ee9799dedef58998a89d2ac,corrected_replacement_20260918,12298,0,0,0,1,5
7dfcad3f565b6618614a83b6c4f17c4809cd7b800d85c5fcadfbe665be6dc808,corrected_replacement_20260918,8661,0,0,0,2,3
74cdbffafba0c0afe169aae2d641d98ba52ddea41f3790a2f054b66dde444a18,corrected_replacement_20260918,10695,0,0,0,0,1
c2fa6fa19e58f5e5c448fa050451c8fc90559abc571420b227e60e824227cdc3,corrected_replacement_20260918,5159,0,0,0,3,1
064751691421efbe238e0a4daeeb7b6039b58a06ed148926c78ebbcd736afdd7,corrected_replacement_20260918,13386,0,0,0,0,3
a43bd17db486e757c042fcbbcb6427e44a29dcaf2383e60c8619ef9d9ca149be,corrected_replacement_20260918,5262,0,0,0,1,4
715154e099811ec3968332e6a53642f22bdd0db0443592463b4d3f396ecdf868,corrected_replacement_20260918,5845,0,0,0,1,0
061933e7de65b1689e931e45bf4ef97edfad3062ef735980026b5c3f57475620,corrected_replacement_20260918,8318,0,0,0,0,2
c3dbfdb665b3dfc2498f62a1fc60e3389548270d2a10a4786a028c69a794af6b,corrected_replacement_20260918,7799,0,0,0,0,5
7ff58c8ce2e0660d7c61e1c8973fa060cd51e29fd97c473a7a59836e0e17bd5d,corrected_replacement_20260918,9767,0,0,0,4,9
cdd3d1fd8ca4390f02a8352ae0871e80cc7b1db471556bd3622acd941bc43e90,corrected_replacement_20260918,7695,0,0,0,0,4
aed43fc8f18785e8ea64956c82ffc97faff0531ecc82832fcf3d5eba8a67ea59,corrected_replacement_20260918,10904,0,0,0,0,0
ea4cf7dd173580d65bf223f2b5ab3eb6dc323e03bf79f41f4f367a4a50058d9b,corrected_replacement_20260918,5841,0,0,0,3,0
40d91bafbd944e59eb25e27b5ad5921e6e8e5917e75c23a08eea9dd0df2ea2c3,corrected_replacement_20260918,7472,0,0,0,1,3
b3c210369446d51534b444b7b195a81949d8ddafa3a0be563ec5874a1b3ede84,corrected_replacement_20260918,10365,0,0,1,1,6
9057d08bce5a4d04adb87cc0e2975fa87e9b1ab771d26ee4e8695d56f3df0ac2,corrected_replacement_20260918,8703,0,0,0,4,4
43066c8baedd2cab07d35f9c16bace4c1218a3d69b59a9bf47a8861cec62b2e8,corrected_replacement_20260918,7466,0,0,0,4,4
d0ebb81fa5a9c5c4e82feb676fe2b8bf4e0c34c059fb2726fe268d01abdc8960,corrected_replacement_20260918,6981,0,0,0,1,0
905ac67474560298a14a39e681440f2f16809476f1583d2c57ecaf3e31c1c52b,corrected_replacement_20260918,5684,0,0,0,0,4
23f767f8aab6614a8d2dc6fca0b69d75893cb7becce89ac656209e6606c8763a,corrected_replacement_20260918,9107,0,0,0,0,0
81f9cde31b3961b21724b3237c19b04692bffbd773f372da95a21885d58e595a,corrected_replacement_20260918,11484,0,0,0,0,0
1da281736edc91f8154200426ad6443484b58a9be50e98010bfe0ed136a98a1e,corrected_replacement_20260918,8924,0,0,0,3,5
c04069d5427feafbcaa678fdf4c971d9f9536e143307e170a3e901474eae5bd9,corrected_replacement_20260918,8244,0,0,0,3,0
f9529cdefe5b2b3d82a7a4b0e3559848bc370589528d35daac51c124b7314ae0,corrected_replacement_20260918,8844,0,0,0,0,0
5507cc299c167ad8b8c331d787b9ceb1d0eca614a14706d5233cce61e34f15c9,corrected_replacement_20260918,8169,0,0,0,1,0
660fc5b561fc871df7aa98b1e29fc038e53e02d5bca421924648ac85f7790418,corrected_replacement_20260918,6466,0,0,0,6,2
404406b4e83998e98befb1aaaa244537b4a2a9b8b550535468f065b4c5a25636,corrected_replacement_20260918,9998,0,0,0,4,6
92c50973140aeda0e10411ee22469185ab6652430d204d83d5a9f5a3c6a3a948,corrected_replacement_20260918,9149,0,0,0,0,0
25ee7a8791f0494e3682695ce7939257687a5d549e68f550b6e3be66f159627d,corrected_replacement_20260918,8288,0,0,0,7,5
d4ebe0a2734597dcc3c8eaa9ea85872a3f5f6cd0082823d5e997137554216c3d,corrected_replacement_20260918,8337,0,0,0,1,0
12149e650d63fe0d68128544f012e927a8047411c6116a9579c28bdc7da68898,corrected_replacement_20260918,8901,0,0,0,2,0
845a940ffca8ccaf59d34ebdbc8b899ce64870cc530cab19dd06c55303cd3654,corrected_replacement_20260918,6802,0,0,0,0,1
1765cc5aab42e476f7f9fc82812905d3e8397ff379a2ac9d67a41ca33f2ff003,corrected_replacement_20260918,8531,0,0,0,0,5
6d0b1519b9f2a48464c37b5890488db41e00f5dcb23b6635419ab736dc0f88b6,corrected_replacement_20260918,5021,0,0,0,3,0
1afc360128c64f3376c542ae396ea34322b5b3405a0a65f12aac279714eb006b,corrected_replacement_20260918,6815,0,0,0,0,5
177334d616929c23e503c66915780be85d79d9e20ffb6c429f0ffb60dc4a9120,corrected_replacement_20260918,5701,0,0,0,1,0
c4afef999a9d363f00ce76c13ad80d964c1345d118dcba45e7c42bded4226ca2,corrected_replacement_20260918,8493,0,0,0,4,0
fae43234a75cf82e61da3acdf801ad07eb48f990ac9a390f9cbdf0f5e3136860,corrected_replacement_20260918,8162,0,0,0,4,6
3201add1fbae1fcee3117ed7c41f21f85c75d1eefd403d840b0f84f1128805b7,corrected_replacement_20260918,10661,0,0,0,0,0
8276762cc3085a57899982fcba3d3e015d10380ed564b274f603a6d8e2665f6d,corrected_replacement_20260918,8095,0,0,0,5,5
168d59a4d85f34c63309cbcb9661ef6de3e4bbda4dfe9e2409d605b72055fba0,corrected_replacement_20260918,8459,0,0,0,6,1
c13a68a32efa60f4b25fa36c85f805759c89d0efe28ea26985f36a8869661642,corrected_replacement_20260918,7782,0,0,0,0,4
7e75f0fb548cc32b66aad684380c2ac35899b0f3345b5088ac2e6fe2d9003c9f,corrected_replacement_20260918,13301,0,0,2,5,6
f74d118dc1b3e31c5f0dcdfefacd4461224398ddf59ef84087ccdd922bb476af,corrected_replacement_20260918,9037,0,0,0,6,1
830fa64a4fd635d4b9df44fd3d39c9962344d08dc5e8cefa87cdf4cca33c8397,corrected_replacement_20260918,6694,0,0,0,5,0
7304d80a351b5097b27e16b94dc6fb3236ef2d6b0856a01733beb480315785d6,corrected_replacement_20260918,7521,0,0,0,10,0
3011f022fd1b090dc9daa5da9d55579edf4cb7143a33aaa448ba429e188fca98,corrected_replacement_20260918,8798,0,0,0,1,1
b633112a2379dbc57ed3d1707833be007530cbd5a3cecbf9f2b4aca8d450bfc7,corrected_replacement_20260918,7556,0,0,0,0,3
e2b4f28c66cfb0d6f9dc19d05d772c726531be38dee489360e3925f134a24308,corrected_replacement_20260918,6592,0,0,0,0,0
02730b97cb8ef02d7a5d3ccffd73782be771489160cf71958a4061cf5be491c7,corrected_replacement_20260918,5883,0,0,0,1,5
b4cfe44b3e4a20dca6932b10a5b07cb1fb7e82d6c1f1449a2030a6079cdc2816,corrected_replacement_20260918,5524,0,0,0,0,0
ed9d35175865dd30f9bb7b678965cda93fc13daf4120f3f529ee2f1a1af6b1be,corrected_replacement_20260918,11595,0,0,0,10,3
3bab9c5e9111c778281f7d9aeedf582f58e83b52dbdf32b6760db0f7d9fd98e5,corrected_replacement_20260918,5742,0,0,0,0,0
22acc9e3aa18b35043c0a839750b7184fc832528d133e18acb3c6731494acbfd,corrected_replacement_20260918,5713,0,0,0,3,0
0309879a2decc15a11ba38305fd3afdeef2b7b4aacdcaaa069544dc1fa8fcfb0,corrected_replacement_20260918,7966,0,0,0,0,6
31ef476810ba277127b0c3197b849488143838e0d3054f181a32ad2ea806c730,corrected_replacement_20260918,9447,0,0,0,0,0
c24daded9a7f3ca872f5653c27380089642a0f805290253660f422859d9432c0,corrected_replacement_20260918,10747,0,0,0,0,6
53d5f1bb603e65d9399bd0fb76ae99e689082edc10454bb89d1481316076d296,corrected_replacement_20260918,6491,0,0,0,1,4
6b0751793d043dd5aaa69ef992da85b516e0c71730a24046237e37f493bae4b1,corrected_replacement_20260918,7482,0,0,0,0,0
0e7125f3a5927ec2385ae1b82b4950ed11ab90961995e8cdcb368d637f07dde5,corrected_replacement_20260918,5776,0,0,0,2,1
6ae69138807f5166914defb88faffb559c5d7b3acb8978ac1a69c5ed532dda81,corrected_replacement_20260918,7724,0,0,0,1,2
a99f4d3e6a68aa6d47bb338fa05c0e488161893de8a0b73f6af102a3b392cae3,corrected_replacement_20260918,8545,0,0,0,3,3
733d57993b3e9ba740701f12900babeedfe4eaa3e21c02d2c138ff72e625a0da,corrected_replacement_20260918,8428,0,0,0,2,0
fac3b3897a4e0ec395c3792b68263b37b38c0ea8682f9b7a00e138329c19f6fb,corrected_replacement_20260918,8748,0,0,0,0,3
11725cd526ea7e4d3aaa23bb024fb3556daa7fbb052a94883810c8f7d9fd65aa,corrected_replacement_20260918,8733,0,0,0,0,5
73c38ed1e66ca0c511fce89c910b8042488c9c779cdb5914829a7f99a7d93b72,corrected_replacement_20260918,9782,0,0,0,0,0
89cc6db4acbb194bab2aae95068cc885b4c4b7286347330f099fb79a5253a5d7,corrected_replacement_20260918,5934,0,0,0,2,6
57228706a610897b544e7d765fca8ee70595a51fd806b1c2ee4cb9c260b68241,corrected_replacement_20260918,7779,0,0,0,0,3
da5bf3272b6c2ac995b8f187d27471aba799d23e0bb93a824b1e42e9b16a9ae0,corrected_replacement_20260918,5288,0,0,0,3,0
a36fbdf97944e97381d9011a004dbbb486e97419a14eadbbe412ee804d8c719d,corrected_replacement_20260918,5498,0,0,0,5,4
95280351dcbd6225df6d48249fff57f20a5c7334b6e021e76fe5312b609d05ba,corrected_replacement_20260918,10240,0,0,0,0,2
e2069ae65fed22f1a014a8985efb2e8898e795a706a296df6ab01a825e6c2c55,corrected_replacement_20260918,5143,0,0,0,1,0
980f9c916959fc0bfed07919c6df99a019289bb8a5b2baae974b1711995e9799,corrected_replacement_20260918,11574,0,0,0,0,0
be5ca104782683c2baf9bc4a8c270fdc65482d2652c2ac438b659abce700ad53,corrected_replacement_20260918,6195,0,0,0,1,7
c5ba3c54e12fb9fe33ad8457f7448035d3d64a0d2c2ac5f0e9dd5d3d9f7f19e3,corrected_replacement_20260918,9244,0,0,0,0,6
45f42694b66aeeefa4bb1ec88ead1290dcb1cb2ffaf8f6a6237e24d6d8b511dc,corrected_replacement_20260918,12817,0,0,0,0,6
253c7fd4b1e5d8ab66aeab324014721749a665727eec86489390fcefc4d0269d,corrected_replacement_20260918,10812,0,0,0,0,0
03edea87266ab9438032d1c9ba6ab2df5407965fab4de3eeb019a6120fc3931b,corrected_replacement_20260918,4710,0,0,0,0,0
34cb340055cbb778f1dd339561aaabfadc71760974186747e9f39721ee2dd358,corrected_replacement_20260918,10141,0,0,0,0,2
eb259c8c7eac05bfdd16ddf384a3472765a611b237a2fc51b5b7ec9fe75d01c9,corrected_replacement_20260918,6701,0,0,0,0,0
89a3fc7fe8f34806f433808f9c2a050c3ff7236cc3500781b1f54f83d006aca8,corrected_replacement_20260918,10730,0,0,0,0,0
32cd061c416b718a79a963bfc281cc64aaf28d60050e85b121125d72281c4c74,corrected_replacement_20260918,5883,0,0,0,9,5
46b4fb101650b9069a6f3136ba9567ecb97f8cecd97097c1ce4d0b8d432bdff8,corrected_replacement_20260918,8829,0,0,0,6,0
e90b6a582d069911ca5b4b5e57c2ceb974d25fc0e16b1cde07fd57828792efba,corrected_replacement_20260918,7243,0,0,0,3,8
b469f95a4701a77688221413908daab8c7d15399eb13344af1e07133fa077456,corrected_replacement_20260918,11187,0,0,0,4,3
ad170355034be727242e9822f79048d3cbd862a55636ca71df31af4db911ade8,corrected_replacement_20260918,8259,0,0,0,5,7
63b6e0437297a85713f811179ce27c93848c437d5168470a6fcf9977061a29cc,corrected_replacement_20260918,6810,0,0,0,0,5
9be814941e5f9f403e0ba8a6a81e579471e6e0cf0fc2bee595075f134684e140,corrected_replacement_20260918,6674,0,0,0,0,0
44c13975675f4449431282a3b9db55d327c6ff0e3c4570aa2772f1c6f02f4458,corrected_replacement_20260918,9855,0,0,0,0,0
cadb2be6dae5d100b10a978bdb9096fd3f5ec1dd109e62051ff9541ebb6ba9ae,corrected_replacement_20260918,11484,0,0,0,7,0
23a9cb47484321a96eef3d217a9805ce2b72b3d529c7be0698be3a8b22b4e515,corrected_replacement_20260918,6166,0,0,0,1,0
f091a623ba584078b58126cff0c85baeef3e6394659c672cb230d315a2a00579,corrected_replacement_20260918,7314,0,0,0,3,1
6aedf83e0cb055ebbb19bb1ab68db222a2736e1a6bad7a7896391e23e74ae590,corrected_replacement_20260918,10338,0,0,1,0,0
bc3ab86fc033b80925f65e3f296d779bd9d58302881d02c72c3af9a2c50aacb1,corrected_replacement_20260918,6553,0,0,0,0,2
b57540eed8f6ee64ab231f86692db36462a1ebd23ab32f13904b8f3da00d964b,corrected_replacement_20260918,5836,0,0,0,4,1
b4b299df791a4cf8bbc4f929a39a77219af0d2746b9d5458f0d360e8e67a243c,corrected_replacement_20260918,6653,0,0,0,0,3
a12d89de0787cc486f6844b0b4f23bd7c91d0cea77ad3c077b664dac3f0ce6f9,corrected_replacement_20260918,4973,0,0,0,0,0
4fc2098df38ea13285afd5332192951a006b171e22a1d9cdeafbfeed15d6b76e,corrected_replacement_20260918,12547,0,0,0,2,10
55e049e70eaafe98d0e486294c539831a5a805a151730a56c435bd9aeb811a57,corrected_replacement_20260918,6551,0,0,0,4,9
597a33c163e57928e5f239875675736c9ba44bd58c5e879ca39f1656d2b0dbab,corrected_replacement_20260918,7381,0,0,0,0,3
34465587e10a97c760c01c04b19e065a9b38912e5a445fd1c50865027b51eb1b,corrected_replacement_20260918,5610,0,0,0,1,2
e3bd1913d12a8b3920675fcd72c90900f7047d836f6397f0cabc2e8e52d36d0b,corrected_replacement_20260918,7921,0,0,0,0,0
f6ca0c93d129a3980c605b4e49afbec425a2f9a29743ce6b601dce4ab956487e,corrected_replacement_20260918,6740,0,0,0,2,3
c66db41c49b49d66a0d24722600cd720b442e9ca95269eef5b3d17d0586a8da3,corrected_replacement_20260918,6707,0,0,0,3,4
e6e917ee09e5c3d48045bcf62c781df471d4e0b44089a6915d43a0c9c3e91397,corrected_replacement_20260918,7827,0,0,0,0,2
755df4c6487c774a44e35f81eea11c9b2111414ac0db8b23cf5e38557d36d3fc,corrected_replacement_20260918,8532,0,0,1,6,8
64d5131cd219326ece8473dca466cd09cda2ca2f88aa19bec0de2fd02729d64d,corrected_replacement_20260918,7879,0,0,0,0,1
e2eab975b92f26a2ae1e9eca6d0e26bf83629e69eb47557947321d2dbfb3daf7,corrected_replacement_20260918,9417,0,0,0,7,2
85c6cfb5ff1c6147f7ee22c3eed1bb63ea36044cca08a5f44d6fbf83d1e5609d,corrected_replacement_20260918,7741,0,0,0,0,0
8c00d31132cf053d23280ab9462f02b837f2b345df3df51dcf1b0a84984646f6,corrected_replacement_20260918,11764,0,0,0,0,4
72c0fffbf80785e6440e5530b5db2276f6fadd09956414a0fdf5b511b86ddb60,corrected_replacement_20260918,9992,0,0,0,3,8
9e53a1b4eb82f723c15988388c25ba9a424ef19335887c05339eb2ebf646cf6f,corrected_replacement_20260918,4676,0,0,0,2,3
34b22346684aaccc729fe8e54d12473ed186c39bdd24308bf279b6c27f2c9d6f,corrected_replacement_20260918,11339,0,0,0,0,0
aee8126ee72980abb708d1cc7164787dba51fa9111ecc30f6ebc3e3ed512db30,corrected_replacement_20260918,8009,0,0,0,0,0
c9496f0e71e0b3459bee00ba1c2627300234da00ec1942284beb934c06e16a8d,corrected_replacement_20260918,8039,0,0,0,0,3
4b44df1c1c7fda19c748a5e3263d7e2ec2bd10b8c3aadb776396179710d9fcf1,corrected_replacement_20260918,9318,0,0,0,0,7
3a32878fd08e2ee2a820d5f9ecfee0360b0b61ee7ad4d0f38f6fa2ba8086258e,corrected_replacement_20260918,5196,0,0,0,0,0
02a5c208e91edcafbb2e993e3d302d12068612a029b66de7f2466f360791d78a,corrected_replacement_20260918,9406,0,0,0,3,2
07a0236af7d6515a6115a372e1a46134de80412c1eff715eccd580c932a90d2f,corrected_replacement_20260918,9324,0,0,0,1,3
27a2c4b3fdbe204dde463ebb77c8ace98c157f14a2ee331fc955ff51ae845c84,corrected_replacement_20260918,8521,0,0,0,0,0
67461fbdd34814360d2ab83afdd468682fcee86bd34b3cc798c5b118b2a34dc5,corrected_replacement_20260918,8751,0,0,0,2,0
22f0e1c3d442c34c087cdaea121f10690f5405aff02efeb6926787d688845352,corrected_replacement_20260918,5268,0,0,1,4,4
e09f14fad349a6fb08969fa401e5d303aeb5f487f5d795980b1ded3100ff21c8,corrected_replacement_20260918,5856,0,0,0,0,0
a2d894abfec79f56d3bd9fa80a1cf5d29186ad31be9f7695656f3573c1c378dd,corrected_replacement_20260918,6008,0,0,0,1,2
db4e770b9614997f31b5ef08a30f1893dd87add2a18bc049c934578d506c53c8,corrected_replacement_20260918,8841,0,0,0,1,5
b59ddd6cc9dc921ef56dea089e5546754b6da847a111bec37395750244ee3fda,corrected_replacement_20260918,6872,0,0,1,0,4
946401f678ec5614bca9da5e09eb0c8bc9a841ccb2e38d726c77db51c3de51d5,corrected_replacement_20260918,9227,0,0,0,3,2
6bfcbecb9f7247403496b955498202a3e66a8db3c0945e4cb68b8d36934dfe45,corrected_replacement_20260918,13180,0,0,0,0,6
0820158ac2230a67cba61e4e121603f9f1b907595f5ebc60764563c7783cd779,corrected_replacement_20260918,8599,0,0,0,3,2
16a702dc0828811f5813ffe72200b8b94e5a699da8175cf74b4346862e7402ab,corrected_replacement_20260918,12085,0,0,0,6,0
f66cd6baf5be64724cd2195b3c2d07a6cb4b6125b73f096a7f03ca64df1dc24f,corrected_replacement_20260918,9090,0,0,0,1,4
97c71c6f2ffbfe30d8f185927c197c4f0e3c0c6c9a819fa55d28df632e9c000b,corrected_replacement_20260918,8242,0,0,0,1,4
d9d85084858129e26c82548dc13c1bb7accd95538648c19c9508f021022417f4,corrected_replacement_20260918,4968,0,0,0,0,3
2dcb03ccc2b27eaea05228081c56556de02503e0a69fcaea382ce3bb256b50a9,corrected_replacement_20260918,14514,0,0,1,0,0
b8af9ff9f6ad2ad236fb74a96a9643729ba2c1366e3982b8116dbb2c234c5176,corrected_replacement_20260918,7610,0,0,0,1,0
1794c65c8d24a326d27c686de474d71618fd0df460cf763a238fc9d98b509c46,corrected_replacement_20260918,9613,0,0,0,0,8
c31ecb909e34e8f8947a213ab201e073b716f4dbe28c13679a17d45f3a9107fc,corrected_replacement_20260918,6419,0,0,0,2,4
f0f31784a518672636211992c45b9bf76991d4a265bfe2a7125ac96e2318d07a,corrected_replacement_20260918,9781,0,0,0,2,1
ef5937797be74831a2a5885cf085abfc75ffea09abcdf6dbad9608ec3fbebc8b,corrected_replacement_20260918,13145,0,0,0,0,2
5286d5df272d5275f50a3fb26500f4fea1ddab7796ba05fd09edc5032a83059e,corrected_replacement_20260918,9236,0,0,0,4,4
5ea6f5b41bd7e808a2a6ac52a8f9393832768cadbbf62333a11fb15f56f6f432,corrected_replacement_20260918,8659,0,0,0,0,6
20745d2adfeb1c88469f50574abe7f17a28e91544cee89144c3eec577dcad22a,corrected_replacement_20260918,6921,0,0,0,2,0
3ea5b769433e6d8e5dc149bd4a77809a2744aba9c8b6dc42fa1e5bbf1048d86c,corrected_replacement_20260918,8149,0,0,0,0,2
2e92b7c3e3172780b5284d86677192d2a4ad713ef1efe2d82bc19300ea52ec3c,corrected_replacement_20260918,12217,0,0,0,0,6
4dfbe391af1f729f1d66d72e45d9e5313f950dbd6f609c0396741bb71f79d975,corrected_replacement_20260918,5857,0,0,0,3,4
d2943b13945aa12f9ff9e4f1f4c3f99d0f7033eb2ef74533b6bb3a28bd93be3a,corrected_replacement_20260918,9462,0,0,0,4,3
59747d441ad6d0dcb748f63afbf60d03bbc7e4d9f66f4f50075236ba9fac2ec5,corrected_replacement_20260918,11497,0,0,0,4,7
3b3a311ef370c21944790599f232e2809742ff41fbee0809daede6110e9a46a2,corrected_replacement_20260918,7451,0,0,0,0,3
66e583de62da472161ec95b813e616e7f8544e7d4a5d7ac3ff5a5edc1225e261,corrected_replacement_20260918,5228,0,0,0,0,3
392dcfdb4242f41f295afc121f2b1544b5263a9b923ae5cafb3f6b459276ab40,corrected_replacement_20260918,7507,0,0,0,0,0
3dffb3ed533acffe2724bfc13d4cbfc3a056a47aa4c89fec69b61d7c00d28042,corrected_replacement_20260918,10927,0,0,0,0,6
cc1e29a9702c2ff6f2c3ad69af457805fd860796f88dc86e0970a3ff8642ffda,corrected_replacement_20260918,7691,0,0,0,1,0
10c124eb5815f07bd34ff590d8b2d35421a01d48650b193c6f6e1fb274eeab65,corrected_replacement_20260918,8063,0,0,0,0,0
4008edeb3256f85ffccdc30f7fc0086789e86f1a1d10693ae4a638d57672fb6a,corrected_replacement_20260918,6876,0,0,0,2,2
24c0793a6a3b03faf92319a6796a62b9877a6d4a050c9542654b25231630eb14,corrected_replacement_20260918,9126,0,0,0,1,3
5b81124687037749a5cc0a74094fb8591efe8b45a0a3bf2c74a7edbb6ae0a7b6,corrected_replacement_20260918,8136,0,0,0,0,0
a66d141bd5fe0f53488fa0465d45f94b5ba6dfb26d7ed57d06a55fe218700a0a,corrected_replacement_20260918,8728,0,0,0,0,3
06a9f490e07648101b6e9731e3bd4df739aacdc4d84de2e8a498597c78eb5ae9,corrected_replacement_20260918,9185,0,0,0,3,2
97052709e5a85098a848ca2954b5117d7007b605b2cf6208964ffd5902be4b13,corrected_replacement_20260918,7983,0,0,0,0,0
3160ecd6b505f4e25c21d97f7b0c088054fc442116a4d50bde49c863d4df4433,corrected_replacement_20260918,5329,0,0,0,0,0
3656c4c1b50667bc9450152376aba8b746eca70693a00fb35acc92c2f61a85fb,corrected_replacement_20260918,5589,0,0,0,0,3
13cc02d5a9b69b535cf46c5014f749b4e0ba8458a21772fa40b19f24f0068cad,corrected_replacement_20260918,5105,0,0,0,4,5
ed41c92a8d702f0f1cff3122be006c159510a4a7b84a4cd61c531dd119562ada,corrected_replacement_20260918,11401,0,0,0,0,5
0a8ed4a51068d67daaa94d77d7d29edf553ab749a0b01776986925a122434a84,corrected_replacement_20260918,6960,0,0,0,1,0
33cc0fbdffe43580dd4ba4ed685dd1ed7e99f1702411fc0a3bdc216f1c53de40,corrected_replacement_20260918,7408,0,0,0,0,5
049b98802c97809db83b006d8e1233cefb7df80e68e4f46ff98dfa1c53db6709,corrected_replacement_20260918,6974,0,0,0,0,3
c8fd1f55bc52fcaeb3ced0a40aa2dce49d410bc9fc1ca477fcf2f59ee01075cb,corrected_replacement_20260918,7089,0,0,0,3,4
915bf4ef224c0c0880f63324649f7d4f60b5a5cbc02d3196d60beadc1ef03c45,corrected_replacement_20260918,6864,0,0,0,4,0
53cdecc33ed39e75f65da1ad2c3d8dcede944781f4c36ef55f642e986c91ef13,corrected_replacement_20260918,7941,0,0,0,0,6
ebafe7d7309248defeaa8933a590c0d2182eb28bc6cb72c9b2997f4c8a788464,corrected_replacement_20260918,6210,0,0,0,0,4
06c0b37ead71e7711878eade9cbafee736d94aa0ecd78348ca536283be42eae5,corrected_replacement_20260918,6791,0,0,0,0,0
22b312c3bb1e18fde0e729532214ddf4dcc6f4dceea27e02207aecc5045a8865,corrected_replacement_20260918,9994,0,0,0,0,6
e78f035dc07660e4ec8b20cadc07fdc4110fbc07ec92f0a3d0698590a490e951,corrected_replacement_20260918,8691,0,0,0,0,4
d92e310c8b65726727603d1a1904d758508b118b6385121a068da0adb669ddd7,corrected_replacement_20260918,10754,0,0,0,0,0
611370a820ab6bddd5c000dcacdd528545602b5c6e10c21e88660c58c1bb07c6,corrected_replacement_20260918,10186,0,0,0,0,0
f1bfae754010a4636ba35d08469547253386e8a7eb7f25d11adae47b93176ffe,corrected_replacement_20260918,7645,0,0,0,2,3
4c31103174fd5b610ea7acf7d78f2af7eaca582579dab8e286db9822b19c174d,corrected_replacement_20260918,12941,0,0,0,0,2
739e896f11ea12c4105f256a0ce92467dfbd16c12a59f44a9392087bee09837d,corrected_replacement_20260918,8257,0,0,0,0,5
a24843cce85642e04f4d39d871b5a9000e244adb58c11cc683fee9761914058e,corrected_replacement_20260918,8374,0,0,0,5,1
08f4e3617b672a4fb177f2d22d533d9040836c8a8bc666732168d62232daa15d,corrected_replacement_20260918,5230,0,0,0,0,2
d5311cf633f9aa896c43fd7f97753a34192c1a4f55797875101123683248fac8,corrected_replacement_20260918,11183,0,0,0,6,0
615e0ca1c11dc4e989190cc515bfdf0e99f3077835011f84b2040964b3463272,corrected_replacement_20260918,11269,0,0,0,1,5
01c7f4a5d0aceeb094c39b7e779f6adc9b8204b7664ef17b2842b52f094493b2,corrected_replacement_20260918,9130,0,0,0,4,0
fe7e5d02762fb2e452bf691e352afa61227b93530d40a0c048e444564d141d87,corrected_replacement_20260918,7904,0,0,0,0,0
86d977133f3811101b1c4b0e2f7020e2b3a6abf1ac15fe85cbe5d42fec833d0c,corrected_replacement_20260918,9316,0,0,0,6,0
596020ffd1f81dee290adfbf0f227c923aad184921cef072ea5503cde7925844,corrected_replacement_20260918,7557,0,0,0,0,0
200136dfb7c9125b72723954031860dc9867133d0c61a049e6a75c7a992aacc9,corrected_replacement_20260918,8023,0,0,0,0,4
35305da282f0d13d2cabc9d895192642a803005bb232a9b4213945a602a12728,corrected_replacement_20260918,5269,0,0,0,1,1
4297eb12801b7ee6a4b3f3b82a636d912dd8eea1bf636b31640d6cbd1c13100a,corrected_replacement_20260918,7145,0,0,0,5,7
427d81a7e2b62ccceb9a823262e6e5b505a1a4e0aaf44e40d3eb0a27082fc9d4,corrected_replacement_20260918,9073,0,0,0,1,4
1f8a5aa79e376885db15d4b2fea84105cfd9fbd39da7daadd8b55782c9c93f82,corrected_replacement_20260918,6071,0,0,1,1,6
3fc000538a5aa5e07dcb9a701fdd0b9a235eb9f1b10d4ed8db1bb2b0a89f7fbd,corrected_replacement_20260918,5858,0,0,0,0,2
776bea47c4f31e5e37b003aac48ab4ca6f1b3672a2f1a8f19a29cdc9c5a6c9c7,corrected_replacement_20260918,8745,0,0,0,0,0
2f66864e285b2792eb68ddb02da84f0660c466fbf1d93695bafbc88ea4dbff50,corrected_replacement_20260918,10023,0,0,0,0,0
8d8f752693bd64455dab2b6af2bcaf7037ec9d5c5055ce25976fc3ca984dd516,corrected_replacement_20260918,7750,0,0,0,1,3
bcc25aad76758990be98ccecd23693e2d609d6e188ffc5c3839a71d47df45386,corrected_replacement_20260918,9924,0,0,1,1,7
10faad43251f91c22562ce970161d73bd23fcb19a6a4e960fb4382f3b2f663ce,corrected_replacement_20260918,5814,0,0,0,2,1
ef45e4a403699a056e96b830f636c3fef0854aa942376cb876062e509244f965,corrected_replacement_20260918,9774,0,0,0,2,0
53e36b5d31d3025931fc9b814cf404c9256be8b117edf32c372fecfad930e8f4,corrected_replacement_20260918,10779,0,0,0,0,2
dae00b68b5e4ffcfbe77099f910c5da1555a5b2c37c12242a0f3e49e237ea4bf,corrected_replacement_20260918,15423,0,0,1,16,4
16ad6b7be5a48f5f4e4cedf72b1f9d446b0abe548de8ed5d4efde9ae1ae67af3,corrected_replacement_20260918,8673,0,0,0,5,10
3195789524e5c682e9987424edfc14ecdf43f7c9f3f7fd4979b61c49792cdb8b,corrected_replacement_20260918,7185,0,0,0,0,2
1fd9d79dffbf0ac2befb05c9ab92be139e1b5cc94fe44f55099f8dd50924e2a7,corrected_replacement_20260918,5319,0,0,1,1,1
4876a45b930e1fb6b6b1c753eaa09da1c550efd2fa35ea2c3831b3b448a78468,corrected_replacement_20260918,7151,0,0,0,0,0
be478a7b571492ea3e7fe611b0faa9eb3fad8f06e764187ea56de8822b3d36e1,corrected_replacement_20260918,6057,0,0,0,1,0
0627c138b067a7ddab734e81deceda621d6f10dee1691d73cfae9f616b5a5888,corrected_replacement_20260918,6232,0,0,0,0,1
67677c9803ba81420dac6a435ad0f5ad64f1d83881e49d0f90fbab58016b4e62,corrected_replacement_20260918,9716,0,0,0,0,0
b73f55c7176e65774023477cb633f8ad4223283aa2c52b742f4896ef29a0f768,corrected_replacement_20260918,13409,0,0,0,0,6
9f0b5ad462e3ccbae8f02964e4cce79f2b4fe73a15c320014b914620ab94eb91,corrected_replacement_20260918,5741,0,0,0,3,3
c06d5332de8a2d50ab19ceb9fe7576c06c622d47b3d3298fbf5d72aac5ab584b,corrected_replacement_20260918,8390,0,0,1,7,1
9f230e95f69f8d9735e48ce3db18fe54fcf946fadc8831ed0ba1722c9bdc48ed,corrected_replacement_20260918,5985,0,0,0,0,2
d1160ec1f0ada343efcdee5154d776456f4a4a9b062cbf2a91858aaf4efece61,corrected_replacement_20260918,5241,0,0,0,5,0
91d39b16e61fb06986c96667e32e2437ec660bc0db9c1a985b3677bbeaea4482,corrected_replacement_20260918,9323,0,0,0,6,0
00c3a9fa681019e5bc054e7b2ca284a98cdaa2cb0718f570feef95d25891d679,corrected_replacement_20260918,5935,0,0,0,2,0
1e87b8ae208578ea4e604c13e77c3815e73ee0aa64dccb03d4492a216a25edec,corrected_replacement_20260918,9661,0,0,0,0,5
0da7ae726ac5f0d92c8a6d0bb0dae5919eb721e4a3353698e43a371abdf2bddf,corrected_replacement_20260918,8636,0,0,0,0,2
12ffb8ba01dd270f5b1eada193b977ec8a01aca4d6c5d9d2a2d0d932880aad9d,corrected_replacement_20260918,4258,0,0,0,3,4
c99310b57aacb1953cb440eb6a4600a0b9c304877f629e20920bba29c07c9b44,corrected_replacement_20260918,10304,0,0,0,0,4
643a4f2c375730a65120d1258e6c4b44204b65cf36bcd588ce7ae7ec996e2378,corrected_replacement_20260918,5428,0,0,0,0,0
72a544882a455d8f554ec649f80e5467b3716f6dd2b80bce6838732393d179b6,corrected_replacement_20260918,13297,0,0,0,0,5
019ba169d81210fd994dff2de107ecc903fe3cf3df656a0c0b2c819a2d066938,corrected_replacement_20260918,11066,0,0,1,0,5
22de8af406eaac0fc94d256cbc98b09b052578611ea404fe3718eab9bbe9f796,corrected_replacement_20260918,16063,0,0,0,0,6
f169dee318b1217c84b31d966d8fd174603e4e48b74e47505ca3e3e305a1a370,corrected_replacement_20260918,8027,0,0,0,0,2
252c7c8323f67a8979b3f37ce17e340c01aa4cb7805338defb18a0dbe95a14cd,corrected_replacement_20260918,10501,0,0,0,0,3
7534e568a2e6d597b9d0712b9f62872fed87a1770ab69d9dc184965993701321,corrected_replacement_20260918,10104,0,0,0,0,4
25f043f43384770d82336eef03fa5a68999c8b38423be43862d5bd7d540b28a4,corrected_replacement_20260918,5024,0,0,0,3,8
0ebc5ba68398baab68ef01be87cd4815e5e1d14fa4a9ca282d2b2a9ef4852150,corrected_replacement_20260918,6277,0,0,0,7,1
275ee1257ef3f1a83b9bf4e7a8f3ff689b4c8170ea214dd684664777afc4bf82,corrected_replacement_20260918,6306,0,0,0,4,9
5cb6646ad8279d301e7d07b767eb87996698f25391821348a224cb27b3718602,corrected_replacement_20260918,7882,0,0,0,0,0
b72e788d5dd4c9ee69a03d04e1f51a8147a84360f6e6762216681fea734faac2,corrected_replacement_20260918,8471,0,0,0,0,0
59f8fa9b1c05a65cc95747bfa627e32040e5075c0a2b28bac6709f4795c83fed,corrected_replacement_20260918,9254,0,0,0,0,0
19df7f20e488d91784878b4a5f39d3d848334ea58b1aa4d4dff0a67161bc2c29,corrected_replacement_20260918,9650,0,0,0,0,1
28cd368a1e026e5efeba6aac8b363223e125bb16b9cbc10d15ce1fee5d959945,corrected_replacement_20260918,8680,0,0,0,1,6
b050e60d882929feed8d9b7aea3de34a3fa437bad826b440f748259fc8fecb2e,corrected_replacement_20260918,10083,0,0,0,0,4
b77d66833526c44c19b1704a47cce42640222b0f633d92578d40e09455048805,corrected_replacement_20260918,9762,0,0,0,5,2
988307dd177a1a791587f62bf6521ece54cd9df9735100610233c63b50128353,corrected_replacement_20260918,14287,0,0,0,0,4
bb07368262568ebf8f7c3b171cd24c3f18df4a2ed2abd8232109e656d06b2aef,corrected_replacement_20260918,11323,0,0,0,0,5
