id,probe,metric,n,mean
c2083d22cb4c87dc156f7b25107f1b9643b3f4b8b92acaba5ad6a4ba4c8e0747,suite__L39,trigger_distance,132,19.325757575757574
c2083d22cb4c87dc156f7b25107f1b9643b3f4b8b92acaba5ad6a4ba4c8e0747,suite__L39,silent_gap,89,27.179775280898877
c2083d22cb4c87dc156f7b25107f1b9643b3f4b8b92acaba5ad6a4ba4c8e0747,suite__L39,burst_start_distance,89,28.651685393258425
c2083d22cb4c87dc156f7b25107f1b9643b3f4b8b92acaba5ad6a4ba4c8e0747,validator__L39,trigger_distance,90,22.633333333333333
c2083d22cb4c87dc156f7b25107f1b9643b3f4b8b92acaba5ad6a4ba4c8e0747,validator__L39,silent_gap,53,36.735849056603776
c2083d22cb4c87dc156f7b25107f1b9643b3f4b8b92acaba5ad6a4ba4c8e0747,validator__L39,burst_start_distance,53,38.43396226415094
c2083d22cb4c87dc156f7b25107f1b9643b3f4b8b92acaba5ad6a4ba4c8e0747,scorefile__L39,trigger_distance,106,23.91509433962264
c2083d22cb4c87dc156f7b25107f1b9643b3f4b8b92acaba5ad6a4ba4c8e0747,scorefile__L39,silent_gap,73,33.273972602739725
c2083d22cb4c87dc156f7b25107f1b9643b3f4b8b92acaba5ad6a4ba4c8e0747,scorefile__L39,burst_start_distance,73,34.726027397260275
c2083d22cb4c87dc156f7b25107f1b9643b3f4b8b92acaba5ad6a4ba4c8e0747,acquire__L39,trigger_distance,110,23.081818181818182
c2083d22cb4c87dc156f7b25107f1b9643b3f4b8b92acaba5ad6a4ba4c8e0747,acquire__L39,silent_gap,77,31.545454545454547
c2083d22cb4c87dc156f7b25107f1b9643b3f4b8b92acaba5ad6a4ba4c8e0747,acquire__L39,burst_start_distance,77,32.97402597402598
c2083d22cb4c87dc156f7b25107f1b9643b3f4b8b92acaba5ad6a4ba4c8e0747,report__L39,trigger_distance,223,11.242152466367713
c2083d22cb4c87dc156f7b25107f1b9643b3f4b8b92acaba5ad6a4ba4c8e0747,report__L39,silent_gap,74,30.864864864864863
c2083d22cb4c87dc156f7b25107f1b9643b3f4b8b92acaba5ad6a4ba4c8e0747,report__L39,burst_start_distance,74,33.58108108108108
c2083d22cb4c87dc156f7b25107f1b9643b3f4b8b92acaba5ad6a4ba4c8e0747,motivated__L39,trigger_distance,170,14.458823529411765
c2083d22cb4c87dc156f7b25107f1b9643b3f4b8b92acaba5ad6a4ba4c8e0747,motivated__L39,silent_gap,87,26.298850574712645
c2083d22cb4c87dc156f7b25107f1b9643b3f4b8b92acaba5ad6a4ba4c8e0747,motivated__L39,burst_start_distance,87,28.229885057471265
536b963895b5b846720ea46418529f48ab06af2578df0606e43e13ead28fefeb,suite__L39,trigger_distance,343,12.17201166180758
536b963895b5b846720ea46418529f48ab06af2578df0606e43e13ead28fefeb,suite__L39,silent_gap,189,20.275132275132275
536b963895b5b846720ea46418529f48ab06af2578df0606e43e13ead28fefeb,suite__L39,burst_start_distance,189,22.084656084656086
536b963895b5b846720ea46418529f48ab06af2578df0606e43e13ead28fefeb,validator__L39,trigger_distance,309,13.190938511326861
536b963895b5b846720ea46418529f48ab06af2578df0606e43e13ead28fefeb,validator__L39,silent_gap,128,29.4296875
536b963895b5b846720ea46418529f48ab06af2578df0606e43e13ead28fefeb,validator__L39,burst_start_distance,128,31.84375
536b963895b5b846720ea46418529f48ab06af2578df0606e43e13ead28fefeb,scorefile__L39,trigger_distance,339,12.36283185840708
536b963895b5b846720ea46418529f48ab06af2578df0606e43e13ead28fefeb,scorefile__L39,silent_gap,182,21.164835164835164
536b963895b5b846720ea46418529f48ab06af2578df0606e43e13ead28fefeb,scorefile__L39,burst_start_distance,182,23.02747252747253
536b963895b5b846720ea46418529f48ab06af2578df0606e43e13ead28fefeb,acquire__L39,trigger_distance,172,24.401162790697676
536b963895b5b846720ea46418529f48ab06af2578df0606e43e13ead28fefeb,acquire__L39,silent_gap,125,32.2
536b963895b5b846720ea46418529f48ab06af2578df0606e43e13ead28fefeb,acquire__L39,burst_start_distance,125,33.536
536b963895b5b846720ea46418529f48ab06af2578df0606e43e13ead28fefeb,report__L39,trigger_distance,254,16.19685039370079
536b963895b5b846720ea46418529f48ab06af2578df0606e43e13ead28fefeb,report__L39,silent_gap,75,51.46666666666667
536b963895b5b846720ea46418529f48ab06af2578df0606e43e13ead28fefeb,report__L39,burst_start_distance,75,54.84
536b963895b5b846720ea46418529f48ab06af2578df0606e43e13ead28fefeb,motivated__L39,trigger_distance,303,13.151815181518153
536b963895b5b846720ea46418529f48ab06af2578df0606e43e13ead28fefeb,motivated__L39,silent_gap,155,23.75483870967742
536b963895b5b846720ea46418529f48ab06af2578df0606e43e13ead28fefeb,motivated__L39,burst_start_distance,155,25.70967741935484
f579dba56247a2c8b121c4ef7cec08fa54d73a6ad616fb639039bad6957933c5,suite__L39,trigger_distance,119,22.941176470588236
f579dba56247a2c8b121c4ef7cec08fa54d73a6ad616fb639039bad6957933c5,suite__L39,silent_gap,67,38.97014925373134
f579dba56247a2c8b121c4ef7cec08fa54d73a6ad616fb639039bad6957933c5,suite__L39,burst_start_distance,67,40.73134328358209
f579dba56247a2c8b121c4ef7cec08fa54d73a6ad616fb639039bad6957933c5,validator__L39,trigger_distance,104,25.71153846153846
f579dba56247a2c8b121c4ef7cec08fa54d73a6ad616fb639039bad6957933c5,validator__L39,silent_gap,57,45.08771929824562
f579dba56247a2c8b121c4ef7cec08fa54d73a6ad616fb639039bad6957933c5,validator__L39,burst_start_distance,57,46.89473684210526
f579dba56247a2c8b121c4ef7cec08fa54d73a6ad616fb639039bad6957933c5,scorefile__L39,trigger_distance,133,20.63157894736842
f579dba56247a2c8b121c4ef7cec08fa54d73a6ad616fb639039bad6957933c5,scorefile__L39,silent_gap,90,29.011111111111113
f579dba56247a2c8b121c4ef7cec08fa54d73a6ad616fb639039bad6957933c5,scorefile__L39,burst_start_distance,90,30.477777777777778
f579dba56247a2c8b121c4ef7cec08fa54d73a6ad616fb639039bad6957933c5,acquire__L39,trigger_distance,145,18.944827586206898
f579dba56247a2c8b121c4ef7cec08fa54d73a6ad616fb639039bad6957933c5,acquire__L39,silent_gap,100,26.02
f579dba56247a2c8b121c4ef7cec08fa54d73a6ad616fb639039bad6957933c5,acquire__L39,burst_start_distance,100,27.47
f579dba56247a2c8b121c4ef7cec08fa54d73a6ad616fb639039bad6957933c5,report__L39,trigger_distance,110,24.37272727272727
f579dba56247a2c8b121c4ef7cec08fa54d73a6ad616fb639039bad6957933c5,report__L39,silent_gap,45,57.13333333333333
f579dba56247a2c8b121c4ef7cec08fa54d73a6ad616fb639039bad6957933c5,report__L39,burst_start_distance,45,59.2
f579dba56247a2c8b121c4ef7cec08fa54d73a6ad616fb639039bad6957933c5,motivated__L39,trigger_distance,177,15.01129943502825
f579dba56247a2c8b121c4ef7cec08fa54d73a6ad616fb639039bad6957933c5,motivated__L39,silent_gap,98,25.306122448979593
f579dba56247a2c8b121c4ef7cec08fa54d73a6ad616fb639039bad6957933c5,motivated__L39,burst_start_distance,98,27.112244897959183
7b3b52a95b57e78a43b9637a6948937445f1f8e877e9aa72848f406393949435,suite__L39,trigger_distance,218,15.564220183486238
7b3b52a95b57e78a43b9637a6948937445f1f8e877e9aa72848f406393949435,suite__L39,silent_gap,126,25.1984126984127
7b3b52a95b57e78a43b9637a6948937445f1f8e877e9aa72848f406393949435,suite__L39,burst_start_distance,126,26.92063492063492
7b3b52a95b57e78a43b9637a6948937445f1f8e877e9aa72848f406393949435,validator__L39,trigger_distance,235,14.13191489361702
7b3b52a95b57e78a43b9637a6948937445f1f8e877e9aa72848f406393949435,validator__L39,silent_gap,115,26.83478260869565
7b3b52a95b57e78a43b9637a6948937445f1f8e877e9aa72848f406393949435,validator__L39,burst_start_distance,115,28.878260869565217
7b3b52a95b57e78a43b9637a6948937445f1f8e877e9aa72848f406393949435,scorefile__L39,trigger_distance,207,16.44927536231884
7b3b52a95b57e78a43b9637a6948937445f1f8e877e9aa72848f406393949435,scorefile__L39,silent_gap,127,25.181102362204726
7b3b52a95b57e78a43b9637a6948937445f1f8e877e9aa72848f406393949435,scorefile__L39,burst_start_distance,127,26.80314960629921
7b3b52a95b57e78a43b9637a6948937445f1f8e877e9aa72848f406393949435,acquire__L39,trigger_distance,166,20.53614457831325
7b3b52a95b57e78a43b9637a6948937445f1f8e877e9aa72848f406393949435,acquire__L39,silent_gap,111,29.216216216216218
7b3b52a95b57e78a43b9637a6948937445f1f8e877e9aa72848f406393949435,acquire__L39,burst_start_distance,111,30.7027027027027
7b3b52a95b57e78a43b9637a6948937445f1f8e877e9aa72848f406393949435,report__L39,trigger_distance,211,15.810426540284361
7b3b52a95b57e78a43b9637a6948937445f1f8e877e9aa72848f406393949435,report__L39,silent_gap,69,45.289855072463766
7b3b52a95b57e78a43b9637a6948937445f1f8e877e9aa72848f406393949435,report__L39,burst_start_distance,69,48.2463768115942
7b3b52a95b57e78a43b9637a6948937445f1f8e877e9aa72848f406393949435,motivated__L39,trigger_distance,251,13.02788844621514
7b3b52a95b57e78a43b9637a6948937445f1f8e877e9aa72848f406393949435,motivated__L39,silent_gap,127,23.771653543307085
7b3b52a95b57e78a43b9637a6948937445f1f8e877e9aa72848f406393949435,motivated__L39,burst_start_distance,127,25.748031496062993
590b3bbcc96017d3ed78e14bb7c533ac793f9e96e40c5bc1ee5afb8c8e54e2d5,suite__L39,trigger_distance,108,31.574074074074073
590b3bbcc96017d3ed78e14bb7c533ac793f9e96e40c5bc1ee5afb8c8e54e2d5,suite__L39,silent_gap,76,43.44736842105263
590b3bbcc96017d3ed78e14bb7c533ac793f9e96e40c5bc1ee5afb8c8e54e2d5,suite__L39,burst_start_distance,76,44.86842105263158
590b3bbcc96017d3ed78e14bb7c533ac793f9e96e40c5bc1ee5afb8c8e54e2d5,validator__L39,trigger_distance,100,30.62
590b3bbcc96017d3ed78e14bb7c533ac793f9e96e40c5bc1ee5afb8c8e54e2d5,validator__L39,silent_gap,48,61.708333333333336
590b3bbcc96017d3ed78e14bb7c533ac793f9e96e40c5bc1ee5afb8c8e54e2d5,validator__L39,burst_start_distance,48,63.75
590b3bbcc96017d3ed78e14bb7c533ac793f9e96e40c5bc1ee5afb8c8e54e2d5,scorefile__L39,trigger_distance,151,22.662251655629138
590b3bbcc96017d3ed78e14bb7c533ac793f9e96e40c5bc1ee5afb8c8e54e2d5,scorefile__L39,silent_gap,116,28.198275862068964
590b3bbcc96017d3ed78e14bb7c533ac793f9e96e40c5bc1ee5afb8c8e54e2d5,scorefile__L39,burst_start_distance,116,29.5
590b3bbcc96017d3ed78e14bb7c533ac793f9e96e40c5bc1ee5afb8c8e54e2d5,acquire__L39,trigger_distance,213,16.08450704225352
590b3bbcc96017d3ed78e14bb7c533ac793f9e96e40c5bc1ee5afb8c8e54e2d5,acquire__L39,silent_gap,129,24.906976744186046
590b3bbcc96017d3ed78e14bb7c533ac793f9e96e40c5bc1ee5afb8c8e54e2d5,acquire__L39,burst_start_distance,129,26.558139534883722
590b3bbcc96017d3ed78e14bb7c533ac793f9e96e40c5bc1ee5afb8c8e54e2d5,report__L39,trigger_distance,68,30.676470588235293
590b3bbcc96017d3ed78e14bb7c533ac793f9e96e40c5bc1ee5afb8c8e54e2d5,report__L39,silent_gap,43,46.93023255813954
590b3bbcc96017d3ed78e14bb7c533ac793f9e96e40c5bc1ee5afb8c8e54e2d5,report__L39,burst_start_distance,43,48.46511627906977
590b3bbcc96017d3ed78e14bb7c533ac793f9e96e40c5bc1ee5afb8c8e54e2d5,motivated__L39,trigger_distance,181,18.535911602209946
590b3bbcc96017d3ed78e14bb7c533ac793f9e96e40c5bc1ee5afb8c8e54e2d5,motivated__L39,silent_gap,101,31.425742574257427
590b3bbcc96017d3ed78e14bb7c533ac793f9e96e40c5bc1ee5afb8c8e54e2d5,motivated__L39,burst_start_distance,101,33.21782178217822
2c3d9ea3788c169c0f577bcd8e6a0ab0996cb6c0f40f8c06933823c672871778,suite__L39,trigger_distance,99,25.7979797979798
2c3d9ea3788c169c0f577bcd8e6a0ab0996cb6c0f40f8c06933823c672871778,suite__L39,silent_gap,74,33.17567567567568
2c3d9ea3788c169c0f577bcd8e6a0ab0996cb6c0f40f8c06933823c672871778,suite__L39,burst_start_distance,74,34.5
2c3d9ea3788c169c0f577bcd8e6a0ab0996cb6c0f40f8c06933823c672871778,validator__L39,trigger_distance,133,18.56390977443609
2c3d9ea3788c169c0f577bcd8e6a0ab0996cb6c0f40f8c06933823c672871778,validator__L39,silent_gap,68,34.35294117647059
2c3d9ea3788c169c0f577bcd8e6a0ab0996cb6c0f40f8c06933823c672871778,validator__L39,burst_start_distance,68,36.279411764705884
2c3d9ea3788c169c0f577bcd8e6a0ab0996cb6c0f40f8c06933823c672871778,scorefile__L39,trigger_distance,134,19.15671641791045
2c3d9ea3788c169c0f577bcd8e6a0ab0996cb6c0f40f8c06933823c672871778,scorefile__L39,silent_gap,91,26.736263736263737
2c3d9ea3788c169c0f577bcd8e6a0ab0996cb6c0f40f8c06933823c672871778,scorefile__L39,burst_start_distance,91,28.197802197802197
2c3d9ea3788c169c0f577bcd8e6a0ab0996cb6c0f40f8c06933823c672871778,acquire__L39,trigger_distance,118,21.779661016949152
2c3d9ea3788c169c0f577bcd8e6a0ab0996cb6c0f40f8c06933823c672871778,acquire__L39,silent_gap,80,30.65
2c3d9ea3788c169c0f577bcd8e6a0ab0996cb6c0f40f8c06933823c672871778,acquire__L39,burst_start_distance,80,32.125
2c3d9ea3788c169c0f577bcd8e6a0ab0996cb6c0f40f8c06933823c672871778,report__L39,trigger_distance,115,21.608695652173914
2c3d9ea3788c169c0f577bcd8e6a0ab0996cb6c0f40f8c06933823c672871778,report__L39,silent_gap,58,40.86206896551724
2c3d9ea3788c169c0f577bcd8e6a0ab0996cb6c0f40f8c06933823c672871778,report__L39,burst_start_distance,58,42.56896551724138
2c3d9ea3788c169c0f577bcd8e6a0ab0996cb6c0f40f8c06933823c672871778,motivated__L39,trigger_distance,170,14.523529411764706
2c3d9ea3788c169c0f577bcd8e6a0ab0996cb6c0f40f8c06933823c672871778,motivated__L39,silent_gap,93,24.72043010752688
2c3d9ea3788c169c0f577bcd8e6a0ab0996cb6c0f40f8c06933823c672871778,motivated__L39,burst_start_distance,93,26.537634408602152
380e8e09e37a770796b087e7b0246854a108150991d9a763a6534b0a239135cc,suite__L39,trigger_distance,138,18.05072463768116
380e8e09e37a770796b087e7b0246854a108150991d9a763a6534b0a239135cc,suite__L39,silent_gap,95,24.768421052631577
380e8e09e37a770796b087e7b0246854a108150991d9a763a6534b0a239135cc,suite__L39,burst_start_distance,95,26.189473684210526
380e8e09e37a770796b087e7b0246854a108150991d9a763a6534b0a239135cc,validator__L39,trigger_distance,71,33.901408450704224
380e8e09e37a770796b087e7b0246854a108150991d9a763a6534b0a239135cc,validator__L39,silent_gap,39,59.8974358974359
380e8e09e37a770796b087e7b0246854a108150991d9a763a6534b0a239135cc,validator__L39,burst_start_distance,39,61.717948717948715
380e8e09e37a770796b087e7b0246854a108150991d9a763a6534b0a239135cc,scorefile__L39,trigger_distance,94,25.5
380e8e09e37a770796b087e7b0246854a108150991d9a763a6534b0a239135cc,scorefile__L39,silent_gap,70,32.9
380e8e09e37a770796b087e7b0246854a108150991d9a763a6534b0a239135cc,scorefile__L39,burst_start_distance,70,34.24285714285714
380e8e09e37a770796b087e7b0246854a108150991d9a763a6534b0a239135cc,acquire__L39,trigger_distance,126,19.3015873015873
380e8e09e37a770796b087e7b0246854a108150991d9a763a6534b0a239135cc,acquire__L39,silent_gap,88,26.204545454545453
380e8e09e37a770796b087e7b0246854a108150991d9a763a6534b0a239135cc,acquire__L39,burst_start_distance,88,27.59090909090909
380e8e09e37a770796b087e7b0246854a108150991d9a763a6534b0a239135cc,report__L39,trigger_distance,193,12.606217616580311
380e8e09e37a770796b087e7b0246854a108150991d9a763a6534b0a239135cc,report__L39,silent_gap,66,33.93939393939394
380e8e09e37a770796b087e7b0246854a108150991d9a763a6534b0a239135cc,report__L39,burst_start_distance,66,36.621212121212125
380e8e09e37a770796b087e7b0246854a108150991d9a763a6534b0a239135cc,motivated__L39,trigger_distance,114,21.105263157894736
380e8e09e37a770796b087e7b0246854a108150991d9a763a6534b0a239135cc,motivated__L39,silent_gap,65,35.261538461538464
380e8e09e37a770796b087e7b0246854a108150991d9a763a6534b0a239135cc,motivated__L39,burst_start_distance,65,37.01538461538462
1686f9382b6e665489767d47b415ffbb75ce1dab51f47866cc3c853aed21ddc8,suite__L39,trigger_distance,125,23.376
1686f9382b6e665489767d47b415ffbb75ce1dab51f47866cc3c853aed21ddc8,suite__L39,silent_gap,88,31.78409090909091
1686f9382b6e665489767d47b415ffbb75ce1dab51f47866cc3c853aed21ddc8,suite__L39,burst_start_distance,88,33.20454545454545
1686f9382b6e665489767d47b415ffbb75ce1dab51f47866cc3c853aed21ddc8,validator__L39,trigger_distance,179,16.022346368715084
1686f9382b6e665489767d47b415ffbb75ce1dab51f47866cc3c853aed21ddc8,validator__L39,silent_gap,80,33.6125
1686f9382b6e665489767d47b415ffbb75ce1dab51f47866cc3c853aed21ddc8,validator__L39,burst_start_distance,80,35.7875
1686f9382b6e665489767d47b415ffbb75ce1dab51f47866cc3c853aed21ddc8,scorefile__L39,trigger_distance,187,15.850267379679144
1686f9382b6e665489767d47b415ffbb75ce1dab51f47866cc3c853aed21ddc8,scorefile__L39,silent_gap,127,21.866141732283463
1686f9382b6e665489767d47b415ffbb75ce1dab51f47866cc3c853aed21ddc8,scorefile__L39,burst_start_distance,127,23.338582677165356
1686f9382b6e665489767d47b415ffbb75ce1dab51f47866cc3c853aed21ddc8,acquire__L39,trigger_distance,148,19.35810810810811
1686f9382b6e665489767d47b415ffbb75ce1dab51f47866cc3c853aed21ddc8,acquire__L39,silent_gap,97,28.010309278350515
1686f9382b6e665489767d47b415ffbb75ce1dab51f47866cc3c853aed21ddc8,acquire__L39,burst_start_distance,97,29.536082474226806
1686f9382b6e665489767d47b415ffbb75ce1dab51f47866cc3c853aed21ddc8,report__L39,trigger_distance,102,28.294117647058822
1686f9382b6e665489767d47b415ffbb75ce1dab51f47866cc3c853aed21ddc8,report__L39,silent_gap,63,44.19047619047619
1686f9382b6e665489767d47b415ffbb75ce1dab51f47866cc3c853aed21ddc8,report__L39,burst_start_distance,63,45.65079365079365
1686f9382b6e665489767d47b415ffbb75ce1dab51f47866cc3c853aed21ddc8,motivated__L39,trigger_distance,232,12.362068965517242
1686f9382b6e665489767d47b415ffbb75ce1dab51f47866cc3c853aed21ddc8,motivated__L39,silent_gap,118,22.338983050847457
1686f9382b6e665489767d47b415ffbb75ce1dab51f47866cc3c853aed21ddc8,motivated__L39,burst_start_distance,118,24.305084745762713
a8c0b1a2a66f6516baa22052cd00d6b69841eef62def17735269f3e26504b0fc,suite__L39,trigger_distance,163,23.766871165644172
a8c0b1a2a66f6516baa22052cd00d6b69841eef62def17735269f3e26504b0fc,suite__L39,silent_gap,114,32.55263157894737
a8c0b1a2a66f6516baa22052cd00d6b69841eef62def17735269f3e26504b0fc,suite__L39,burst_start_distance,114,33.95614035087719
a8c0b1a2a66f6516baa22052cd00d6b69841eef62def17735269f3e26504b0fc,validator__L39,trigger_distance,142,26.718309859154928
a8c0b1a2a66f6516baa22052cd00d6b69841eef62def17735269f3e26504b0fc,validator__L39,silent_gap,74,49.351351351351354
a8c0b1a2a66f6516baa22052cd00d6b69841eef62def17735269f3e26504b0fc,validator__L39,burst_start_distance,74,51.270270270270274
a8c0b1a2a66f6516baa22052cd00d6b69841eef62def17735269f3e26504b0fc,scorefile__L39,trigger_distance,182,21.181318681318682
a8c0b1a2a66f6516baa22052cd00d6b69841eef62def17735269f3e26504b0fc,scorefile__L39,silent_gap,134,27.41044776119403
a8c0b1a2a66f6516baa22052cd00d6b69841eef62def17735269f3e26504b0fc,scorefile__L39,burst_start_distance,134,28.76865671641791
a8c0b1a2a66f6516baa22052cd00d6b69841eef62def17735269f3e26504b0fc,acquire__L39,trigger_distance,188,19.909574468085108
a8c0b1a2a66f6516baa22052cd00d6b69841eef62def17735269f3e26504b0fc,acquire__L39,silent_gap,133,26.729323308270676
a8c0b1a2a66f6516baa22052cd00d6b69841eef62def17735269f3e26504b0fc,acquire__L39,burst_start_distance,133,28.105263157894736
a8c0b1a2a66f6516baa22052cd00d6b69841eef62def17735269f3e26504b0fc,report__L39,trigger_distance,203,18.76847290640394
a8c0b1a2a66f6516baa22052cd00d6b69841eef62def17735269f3e26504b0fc,report__L39,silent_gap,80,45.0875
a8c0b1a2a66f6516baa22052cd00d6b69841eef62def17735269f3e26504b0fc,report__L39,burst_start_distance,80,47.525
a8c0b1a2a66f6516baa22052cd00d6b69841eef62def17735269f3e26504b0fc,motivated__L39,trigger_distance,244,15.290983606557377
a8c0b1a2a66f6516baa22052cd00d6b69841eef62def17735269f3e26504b0fc,motivated__L39,silent_gap,128,27.2421875
a8c0b1a2a66f6516baa22052cd00d6b69841eef62def17735269f3e26504b0fc,motivated__L39,burst_start_distance,128,29.1484375
d0a1e653c893c382d01188ea32814c5aded728a5a777cc4fcc40a7d2ff323c88,suite__L39,trigger_distance,187,14.197860962566844
d0a1e653c893c382d01188ea32814c5aded728a5a777cc4fcc40a7d2ff323c88,suite__L39,silent_gap,106,23.28301886792453
d0a1e653c893c382d01188ea32814c5aded728a5a777cc4fcc40a7d2ff323c88,suite__L39,burst_start_distance,106,24.9811320754717
d0a1e653c893c382d01188ea32814c5aded728a5a777cc4fcc40a7d2ff323c88,validator__L39,trigger_distance,141,18.51063829787234
d0a1e653c893c382d01188ea32814c5aded728a5a777cc4fcc40a7d2ff323c88,validator__L39,silent_gap,82,30.109756097560975
d0a1e653c893c382d01188ea32814c5aded728a5a777cc4fcc40a7d2ff323c88,validator__L39,burst_start_distance,82,31.829268292682926
d0a1e653c893c382d01188ea32814c5aded728a5a777cc4fcc40a7d2ff323c88,scorefile__L39,trigger_distance,125,21.208
d0a1e653c893c382d01188ea32814c5aded728a5a777cc4fcc40a7d2ff323c88,scorefile__L39,silent_gap,85,29.71764705882353
d0a1e653c893c382d01188ea32814c5aded728a5a777cc4fcc40a7d2ff323c88,scorefile__L39,burst_start_distance,85,31.188235294117646
d0a1e653c893c382d01188ea32814c5aded728a5a777cc4fcc40a7d2ff323c88,acquire__L39,trigger_distance,102,25.598039215686274
d0a1e653c893c382d01188ea32814c5aded728a5a777cc4fcc40a7d2ff323c88,acquire__L39,silent_gap,67,37.44776119402985
d0a1e653c893c382d01188ea32814c5aded728a5a777cc4fcc40a7d2ff323c88,acquire__L39,burst_start_distance,67,38.97014925373134
d0a1e653c893c382d01188ea32814c5aded728a5a777cc4fcc40a7d2ff323c88,report__L39,trigger_distance,227,11.519823788546255
d0a1e653c893c382d01188ea32814c5aded728a5a777cc4fcc40a7d2ff323c88,report__L39,silent_gap,63,37.904761904761905
d0a1e653c893c382d01188ea32814c5aded728a5a777cc4fcc40a7d2ff323c88,report__L39,burst_start_distance,63,41.301587301587304
d0a1e653c893c382d01188ea32814c5aded728a5a777cc4fcc40a7d2ff323c88,motivated__L39,trigger_distance,174,13.89080459770115
d0a1e653c893c382d01188ea32814c5aded728a5a777cc4fcc40a7d2ff323c88,motivated__L39,silent_gap,85,26.388235294117646
d0a1e653c893c382d01188ea32814c5aded728a5a777cc4fcc40a7d2ff323c88,motivated__L39,burst_start_distance,85,28.435294117647057
c9fce5dc305b53061eb1fa956b2e5f210b5fc67424b68caa3504e17d15e25fc4,suite__L39,trigger_distance,192,19.947916666666668
c9fce5dc305b53061eb1fa956b2e5f210b5fc67424b68caa3504e17d15e25fc4,suite__L39,silent_gap,125,29.104
c9fce5dc305b53061eb1fa956b2e5f210b5fc67424b68caa3504e17d15e25fc4,suite__L39,burst_start_distance,125,30.616
c9fce5dc305b53061eb1fa956b2e5f210b5fc67424b68caa3504e17d15e25fc4,validator__L39,trigger_distance,123,30.715447154471544
c9fce5dc305b53061eb1fa956b2e5f210b5fc67424b68caa3504e17d15e25fc4,validator__L39,silent_gap,69,52.971014492753625
c9fce5dc305b53061eb1fa956b2e5f210b5fc67424b68caa3504e17d15e25fc4,validator__L39,burst_start_distance,69,54.710144927536234
c9fce5dc305b53061eb1fa956b2e5f210b5fc67424b68caa3504e17d15e25fc4,scorefile__L39,trigger_distance,160,23.95
c9fce5dc305b53061eb1fa956b2e5f210b5fc67424b68caa3504e17d15e25fc4,scorefile__L39,silent_gap,114,32.21052631578947
c9fce5dc305b53061eb1fa956b2e5f210b5fc67424b68caa3504e17d15e25fc4,scorefile__L39,burst_start_distance,114,33.60526315789474
c9fce5dc305b53061eb1fa956b2e5f210b5fc67424b68caa3504e17d15e25fc4,acquire__L39,trigger_distance,206,17.597087378640776
c9fce5dc305b53061eb1fa956b2e5f210b5fc67424b68caa3504e17d15e25fc4,acquire__L39,silent_gap,117,29.22222222222222
c9fce5dc305b53061eb1fa956b2e5f210b5fc67424b68caa3504e17d15e25fc4,acquire__L39,burst_start_distance,117,30.982905982905983
c9fce5dc305b53061eb1fa956b2e5f210b5fc67424b68caa3504e17d15e25fc4,report__L39,trigger_distance,184,20.57608695652174
c9fce5dc305b53061eb1fa956b2e5f210b5fc67424b68caa3504e17d15e25fc4,report__L39,silent_gap,77,46.77922077922078
c9fce5dc305b53061eb1fa956b2e5f210b5fc67424b68caa3504e17d15e25fc4,report__L39,burst_start_distance,77,49.03896103896104
c9fce5dc305b53061eb1fa956b2e5f210b5fc67424b68caa3504e17d15e25fc4,motivated__L39,trigger_distance,179,21.100558659217878
c9fce5dc305b53061eb1fa956b2e5f210b5fc67424b68caa3504e17d15e25fc4,motivated__L39,silent_gap,102,35.27450980392157
c9fce5dc305b53061eb1fa956b2e5f210b5fc67424b68caa3504e17d15e25fc4,motivated__L39,burst_start_distance,102,37.029411764705884
897b8d9093cc92e49857742ad6be3ad23d4b098c7e8bd9e9de89e3ad0be50391,suite__L39,trigger_distance,158,22.645569620253166
897b8d9093cc92e49857742ad6be3ad23d4b098c7e8bd9e9de89e3ad0be50391,suite__L39,silent_gap,96,35.625
897b8d9093cc92e49857742ad6be3ad23d4b098c7e8bd9e9de89e3ad0be50391,suite__L39,burst_start_distance,96,37.270833333333336
897b8d9093cc92e49857742ad6be3ad23d4b098c7e8bd9e9de89e3ad0be50391,validator__L39,trigger_distance,166,21.349397590361445
897b8d9093cc92e49857742ad6be3ad23d4b098c7e8bd9e9de89e3ad0be50391,validator__L39,silent_gap,85,39.741176470588236
897b8d9093cc92e49857742ad6be3ad23d4b098c7e8bd9e9de89e3ad0be50391,validator__L39,burst_start_distance,85,41.68235294117647
897b8d9093cc92e49857742ad6be3ad23d4b098c7e8bd9e9de89e3ad0be50391,scorefile__L39,trigger_distance,229,15.751091703056769
897b8d9093cc92e49857742ad6be3ad23d4b098c7e8bd9e9de89e3ad0be50391,scorefile__L39,silent_gap,136,24.83823529411765
897b8d9093cc92e49857742ad6be3ad23d4b098c7e8bd9e9de89e3ad0be50391,scorefile__L39,burst_start_distance,136,26.522058823529413
897b8d9093cc92e49857742ad6be3ad23d4b098c7e8bd9e9de89e3ad0be50391,acquire__L39,trigger_distance,185,19.589189189189188
897b8d9093cc92e49857742ad6be3ad23d4b098c7e8bd9e9de89e3ad0be50391,acquire__L39,silent_gap,121,28.421487603305785
897b8d9093cc92e49857742ad6be3ad23d4b098c7e8bd9e9de89e3ad0be50391,acquire__L39,burst_start_distance,121,29.950413223140497
897b8d9093cc92e49857742ad6be3ad23d4b098c7e8bd9e9de89e3ad0be50391,report__L39,trigger_distance,71,38.521126760563384
897b8d9093cc92e49857742ad6be3ad23d4b098c7e8bd9e9de89e3ad0be50391,report__L39,silent_gap,36,74.0
897b8d9093cc92e49857742ad6be3ad23d4b098c7e8bd9e9de89e3ad0be50391,report__L39,burst_start_distance,36,75.80555555555556
897b8d9093cc92e49857742ad6be3ad23d4b098c7e8bd9e9de89e3ad0be50391,motivated__L39,trigger_distance,262,13.240458015267176
897b8d9093cc92e49857742ad6be3ad23d4b098c7e8bd9e9de89e3ad0be50391,motivated__L39,silent_gap,147,21.816326530612244
897b8d9093cc92e49857742ad6be3ad23d4b098c7e8bd9e9de89e3ad0be50391,motivated__L39,burst_start_distance,147,23.598639455782312
d4e6a0bd17e1c36f7844da5726ea3660ae824d3aab94f726e6ee9c47ecfb0348,suite__L39,trigger_distance,73,34.19178082191781
d4e6a0bd17e1c36f7844da5726ea3660ae824d3aab94f726e6ee9c47ecfb0348,suite__L39,silent_gap,55,44.054545454545455
d4e6a0bd17e1c36f7844da5726ea3660ae824d3aab94f726e6ee9c47ecfb0348,suite__L39,burst_start_distance,55,45.38181818181818
d4e6a0bd17e1c36f7844da5726ea3660ae824d3aab94f726e6ee9c47ecfb0348,validator__L39,trigger_distance,79,31.0126582278481
d4e6a0bd17e1c36f7844da5726ea3660ae824d3aab94f726e6ee9c47ecfb0348,validator__L39,silent_gap,43,55.13953488372093
d4e6a0bd17e1c36f7844da5726ea3660ae824d3aab94f726e6ee9c47ecfb0348,validator__L39,burst_start_distance,43,56.95348837209303
d4e6a0bd17e1c36f7844da5726ea3660ae824d3aab94f726e6ee9c47ecfb0348,scorefile__L39,trigger_distance,129,19.426356589147286
d4e6a0bd17e1c36f7844da5726ea3660ae824d3aab94f726e6ee9c47ecfb0348,scorefile__L39,silent_gap,93,25.559139784946236
d4e6a0bd17e1c36f7844da5726ea3660ae824d3aab94f726e6ee9c47ecfb0348,scorefile__L39,burst_start_distance,93,26.946236559139784
d4e6a0bd17e1c36f7844da5726ea3660ae824d3aab94f726e6ee9c47ecfb0348,acquire__L39,trigger_distance,137,18.080291970802918
d4e6a0bd17e1c36f7844da5726ea3660ae824d3aab94f726e6ee9c47ecfb0348,acquire__L39,silent_gap,83,28.19277108433735
d4e6a0bd17e1c36f7844da5726ea3660ae824d3aab94f726e6ee9c47ecfb0348,acquire__L39,burst_start_distance,83,29.843373493975903
d4e6a0bd17e1c36f7844da5726ea3660ae824d3aab94f726e6ee9c47ecfb0348,report__L39,trigger_distance,61,40.09836065573771
d4e6a0bd17e1c36f7844da5726ea3660ae824d3aab94f726e6ee9c47ecfb0348,report__L39,silent_gap,32,74.53125
d4e6a0bd17e1c36f7844da5726ea3660ae824d3aab94f726e6ee9c47ecfb0348,report__L39,burst_start_distance,32,76.21875
d4e6a0bd17e1c36f7844da5726ea3660ae824d3aab94f726e6ee9c47ecfb0348,motivated__L39,trigger_distance,150,15.76
d4e6a0bd17e1c36f7844da5726ea3660ae824d3aab94f726e6ee9c47ecfb0348,motivated__L39,silent_gap,81,27.333333333333332
d4e6a0bd17e1c36f7844da5726ea3660ae824d3aab94f726e6ee9c47ecfb0348,motivated__L39,burst_start_distance,81,29.185185185185187
e206ce54abd5c8baa83a58597a8e9fbf9cd211b589a1f9ef6479909f9f0566d1,suite__L39,trigger_distance,153,23.58823529411765
e206ce54abd5c8baa83a58597a8e9fbf9cd211b589a1f9ef6479909f9f0566d1,suite__L39,silent_gap,85,40.65882352941176
e206ce54abd5c8baa83a58597a8e9fbf9cd211b589a1f9ef6479909f9f0566d1,suite__L39,burst_start_distance,85,42.45882352941177
e206ce54abd5c8baa83a58597a8e9fbf9cd211b589a1f9ef6479909f9f0566d1,validator__L39,trigger_distance,216,16.37962962962963
e206ce54abd5c8baa83a58597a8e9fbf9cd211b589a1f9ef6479909f9f0566d1,validator__L39,silent_gap,86,38.627906976744185
e206ce54abd5c8baa83a58597a8e9fbf9cd211b589a1f9ef6479909f9f0566d1,validator__L39,burst_start_distance,86,41.116279069767444
e206ce54abd5c8baa83a58597a8e9fbf9cd211b589a1f9ef6479909f9f0566d1,scorefile__L39,trigger_distance,227,15.960352422907489
e206ce54abd5c8baa83a58597a8e9fbf9cd211b589a1f9ef6479909f9f0566d1,scorefile__L39,silent_gap,130,26.123076923076923
e206ce54abd5c8baa83a58597a8e9fbf9cd211b589a1f9ef6479909f9f0566d1,scorefile__L39,burst_start_distance,130,27.869230769230768
e206ce54abd5c8baa83a58597a8e9fbf9cd211b589a1f9ef6479909f9f0566d1,acquire__L39,trigger_distance,153,23.705882352941178
e206ce54abd5c8baa83a58597a8e9fbf9cd211b589a1f9ef6479909f9f0566d1,acquire__L39,silent_gap,97,35.81443298969072
e206ce54abd5c8baa83a58597a8e9fbf9cd211b589a1f9ef6479909f9f0566d1,acquire__L39,burst_start_distance,97,37.391752577319586
e206ce54abd5c8baa83a58597a8e9fbf9cd211b589a1f9ef6479909f9f0566d1,report__L39,trigger_distance,85,41.62352941176471
e206ce54abd5c8baa83a58597a8e9fbf9cd211b589a1f9ef6479909f9f0566d1,report__L39,silent_gap,47,73.46808510638297
e206ce54abd5c8baa83a58597a8e9fbf9cd211b589a1f9ef6479909f9f0566d1,report__L39,burst_start_distance,47,75.23404255319149
e206ce54abd5c8baa83a58597a8e9fbf9cd211b589a1f9ef6479909f9f0566d1,motivated__L39,trigger_distance,342,10.298245614035087
e206ce54abd5c8baa83a58597a8e9fbf9cd211b589a1f9ef6479909f9f0566d1,motivated__L39,silent_gap,158,20.126582278481013
e206ce54abd5c8baa83a58597a8e9fbf9cd211b589a1f9ef6479909f9f0566d1,motivated__L39,burst_start_distance,158,22.259493670886076
9434f28e248a1af00a221f5c655b6ce3bc15b8d2d7db16356c92ea4fe5752d18,suite__L39,trigger_distance,26,47.65384615384615
9434f28e248a1af00a221f5c655b6ce3bc15b8d2d7db16356c92ea4fe5752d18,suite__L39,silent_gap,24,50.541666666666664
9434f28e248a1af00a221f5c655b6ce3bc15b8d2d7db16356c92ea4fe5752d18,suite__L39,burst_start_distance,24,51.625
9434f28e248a1af00a221f5c655b6ce3bc15b8d2d7db16356c92ea4fe5752d18,validator__L39,trigger_distance,51,23.352941176470587
9434f28e248a1af00a221f5c655b6ce3bc15b8d2d7db16356c92ea4fe5752d18,validator__L39,silent_gap,28,40.714285714285715
9434f28e248a1af00a221f5c655b6ce3bc15b8d2d7db16356c92ea4fe5752d18,validator__L39,burst_start_distance,28,42.535714285714285
9434f28e248a1af00a221f5c655b6ce3bc15b8d2d7db16356c92ea4fe5752d18,scorefile__L39,trigger_distance,63,19.46031746031746
9434f28e248a1af00a221f5c655b6ce3bc15b8d2d7db16356c92ea4fe5752d18,scorefile__L39,silent_gap,46,25.282608695652176
9434f28e248a1af00a221f5c655b6ce3bc15b8d2d7db16356c92ea4fe5752d18,scorefile__L39,burst_start_distance,46,26.630434782608695
9434f28e248a1af00a221f5c655b6ce3bc15b8d2d7db16356c92ea4fe5752d18,acquire__L39,trigger_distance,72,17.458333333333332
9434f28e248a1af00a221f5c655b6ce3bc15b8d2d7db16356c92ea4fe5752d18,acquire__L39,silent_gap,48,24.6875
9434f28e248a1af00a221f5c655b6ce3bc15b8d2d7db16356c92ea4fe5752d18,acquire__L39,burst_start_distance,48,26.1875
9434f28e248a1af00a221f5c655b6ce3bc15b8d2d7db16356c92ea4fe5752d18,report__L39,trigger_distance,55,21.745454545454546
9434f28e248a1af00a221f5c655b6ce3bc15b8d2d7db16356c92ea4fe5752d18,report__L39,silent_gap,29,39.3448275862069
9434f28e248a1af00a221f5c655b6ce3bc15b8d2d7db16356c92ea4fe5752d18,report__L39,burst_start_distance,29,41.06896551724138
9434f28e248a1af00a221f5c655b6ce3bc15b8d2d7db16356c92ea4fe5752d18,motivated__L39,trigger_distance,99,11.95959595959596
9434f28e248a1af00a221f5c655b6ce3bc15b8d2d7db16356c92ea4fe5752d18,motivated__L39,silent_gap,50,21.7
9434f28e248a1af00a221f5c655b6ce3bc15b8d2d7db16356c92ea4fe5752d18,motivated__L39,burst_start_distance,50,23.68
594597cab6b9f561609c61dd15530c7bbc1857cb8c955367e7e349ec175b973c,suite__L39,trigger_distance,115,25.991304347826087
594597cab6b9f561609c61dd15530c7bbc1857cb8c955367e7e349ec175b973c,suite__L39,silent_gap,73,39.36986301369863
594597cab6b9f561609c61dd15530c7bbc1857cb8c955367e7e349ec175b973c,suite__L39,burst_start_distance,73,40.945205479452056
594597cab6b9f561609c61dd15530c7bbc1857cb8c955367e7e349ec175b973c,validator__L39,trigger_distance,131,22.458015267175572
594597cab6b9f561609c61dd15530c7bbc1857cb8c955367e7e349ec175b973c,validator__L39,silent_gap,66,42.59090909090909
594597cab6b9f561609c61dd15530c7bbc1857cb8c955367e7e349ec175b973c,validator__L39,burst_start_distance,66,44.53030303030303
594597cab6b9f561609c61dd15530c7bbc1857cb8c955367e7e349ec175b973c,scorefile__L39,trigger_distance,129,23.27906976744186
594597cab6b9f561609c61dd15530c7bbc1857cb8c955367e7e349ec175b973c,scorefile__L39,silent_gap,92,31.23913043478261
594597cab6b9f561609c61dd15530c7bbc1857cb8c955367e7e349ec175b973c,scorefile__L39,burst_start_distance,92,32.641304347826086
594597cab6b9f561609c61dd15530c7bbc1857cb8c955367e7e349ec175b973c,acquire__L39,trigger_distance,136,22.110294117647058
594597cab6b9f561609c61dd15530c7bbc1857cb8c955367e7e349ec175b973c,acquire__L39,silent_gap,89,32.258426966292134
594597cab6b9f561609c61dd15530c7bbc1857cb8c955367e7e349ec175b973c,acquire__L39,burst_start_distance,89,33.78651685393258
594597cab6b9f561609c61dd15530c7bbc1857cb8c955367e7e349ec175b973c,report__L39,trigger_distance,69,42.710144927536234
594597cab6b9f561609c61dd15530c7bbc1857cb8c955367e7e349ec175b973c,report__L39,silent_gap,43,66.93023255813954
594597cab6b9f561609c61dd15530c7bbc1857cb8c955367e7e349ec175b973c,report__L39,burst_start_distance,43,68.27906976744185
594597cab6b9f561609c61dd15530c7bbc1857cb8c955367e7e349ec175b973c,motivated__L39,trigger_distance,213,13.572769953051644
594597cab6b9f561609c61dd15530c7bbc1857cb8c955367e7e349ec175b973c,motivated__L39,silent_gap,128,20.921875
594597cab6b9f561609c61dd15530c7bbc1857cb8c955367e7e349ec175b973c,motivated__L39,burst_start_distance,128,22.578125
fd275177fe429c3ea786b0107b8ee2c282a407d8a8f3a425bf5297139d480bd4,suite__L39,trigger_distance,137,22.773722627737225
fd275177fe429c3ea786b0107b8ee2c282a407d8a8f3a425bf5297139d480bd4,suite__L39,silent_gap,86,34.68604651162791
fd275177fe429c3ea786b0107b8ee2c282a407d8a8f3a425bf5297139d480bd4,suite__L39,burst_start_distance,86,36.26744186046512
fd275177fe429c3ea786b0107b8ee2c282a407d8a8f3a425bf5297139d480bd4,validator__L39,trigger_distance,161,19.012422360248447
fd275177fe429c3ea786b0107b8ee2c282a407d8a8f3a425bf5297139d480bd4,validator__L39,silent_gap,77,37.66233766233766
fd275177fe429c3ea786b0107b8ee2c282a407d8a8f3a425bf5297139d480bd4,validator__L39,burst_start_distance,77,39.74025974025974
fd275177fe429c3ea786b0107b8ee2c282a407d8a8f3a425bf5297139d480bd4,scorefile__L39,trigger_distance,173,18.115606936416185
fd275177fe429c3ea786b0107b8ee2c282a407d8a8f3a425bf5297139d480bd4,scorefile__L39,silent_gap,108,27.416666666666668
fd275177fe429c3ea786b0107b8ee2c282a407d8a8f3a425bf5297139d480bd4,scorefile__L39,burst_start_distance,108,29.01851851851852
fd275177fe429c3ea786b0107b8ee2c282a407d8a8f3a425bf5297139d480bd4,acquire__L39,trigger_distance,166,18.91566265060241
fd275177fe429c3ea786b0107b8ee2c282a407d8a8f3a425bf5297139d480bd4,acquire__L39,silent_gap,94,31.638297872340427
fd275177fe429c3ea786b0107b8ee2c282a407d8a8f3a425bf5297139d480bd4,acquire__L39,burst_start_distance,94,33.351063829787236
fd275177fe429c3ea786b0107b8ee2c282a407d8a8f3a425bf5297139d480bd4,report__L39,trigger_distance,156,19.673076923076923
fd275177fe429c3ea786b0107b8ee2c282a407d8a8f3a425bf5297139d480bd4,report__L39,silent_gap,48,60.6875
fd275177fe429c3ea786b0107b8ee2c282a407d8a8f3a425bf5297139d480bd4,report__L39,burst_start_distance,48,63.9375
fd275177fe429c3ea786b0107b8ee2c282a407d8a8f3a425bf5297139d480bd4,motivated__L39,trigger_distance,277,11.036101083032491
fd275177fe429c3ea786b0107b8ee2c282a407d8a8f3a425bf5297139d480bd4,motivated__L39,silent_gap,137,20.291970802919707
fd275177fe429c3ea786b0107b8ee2c282a407d8a8f3a425bf5297139d480bd4,motivated__L39,burst_start_distance,137,22.313868613138688
a4cb338f854b268b888cd406166fd10754e7c5b53995b1d42bd85ab82da08588,suite__L39,trigger_distance,44,37.25
a4cb338f854b268b888cd406166fd10754e7c5b53995b1d42bd85ab82da08588,suite__L39,silent_gap,33,48.333333333333336
a4cb338f854b268b888cd406166fd10754e7c5b53995b1d42bd85ab82da08588,suite__L39,burst_start_distance,33,49.666666666666664
a4cb338f854b268b888cd406166fd10754e7c5b53995b1d42bd85ab82da08588,validator__L39,trigger_distance,48,33.125
a4cb338f854b268b888cd406166fd10754e7c5b53995b1d42bd85ab82da08588,validator__L39,silent_gap,28,55.07142857142857
a4cb338f854b268b888cd406166fd10754e7c5b53995b1d42bd85ab82da08588,validator__L39,burst_start_distance,28,56.785714285714285
a4cb338f854b268b888cd406166fd10754e7c5b53995b1d42bd85ab82da08588,scorefile__L39,trigger_distance,102,16.098039215686274
a4cb338f854b268b888cd406166fd10754e7c5b53995b1d42bd85ab82da08588,scorefile__L39,silent_gap,56,27.5
a4cb338f854b268b888cd406166fd10754e7c5b53995b1d42bd85ab82da08588,scorefile__L39,burst_start_distance,56,29.232142857142858
a4cb338f854b268b888cd406166fd10754e7c5b53995b1d42bd85ab82da08588,acquire__L39,trigger_distance,63,26.444444444444443
a4cb338f854b268b888cd406166fd10754e7c5b53995b1d42bd85ab82da08588,acquire__L39,silent_gap,41,39.09756097560975
a4cb338f854b268b888cd406166fd10754e7c5b53995b1d42bd85ab82da08588,acquire__L39,burst_start_distance,41,40.63414634146341
a4cb338f854b268b888cd406166fd10754e7c5b53995b1d42bd85ab82da08588,report__L39,trigger_distance,82,19.414634146341463
a4cb338f854b268b888cd406166fd10754e7c5b53995b1d42bd85ab82da08588,report__L39,silent_gap,39,38.717948717948715
a4cb338f854b268b888cd406166fd10754e7c5b53995b1d42bd85ab82da08588,report__L39,burst_start_distance,39,40.76923076923077
a4cb338f854b268b888cd406166fd10754e7c5b53995b1d42bd85ab82da08588,motivated__L39,trigger_distance,129,11.937984496124031
a4cb338f854b268b888cd406166fd10754e7c5b53995b1d42bd85ab82da08588,motivated__L39,silent_gap,61,23.131147540983605
a4cb338f854b268b888cd406166fd10754e7c5b53995b1d42bd85ab82da08588,motivated__L39,burst_start_distance,61,25.19672131147541
bcf759af133bdda9abf8d3c51d38d5f5d738fda7c97c166b4704b0e6b2907eb6,suite__L39,trigger_distance,58,32.46551724137931
bcf759af133bdda9abf8d3c51d38d5f5d738fda7c97c166b4704b0e6b2907eb6,suite__L39,silent_gap,48,38.020833333333336
bcf759af133bdda9abf8d3c51d38d5f5d738fda7c97c166b4704b0e6b2907eb6,suite__L39,burst_start_distance,48,39.229166666666664
bcf759af133bdda9abf8d3c51d38d5f5d738fda7c97c166b4704b0e6b2907eb6,validator__L39,trigger_distance,84,21.916666666666668
bcf759af133bdda9abf8d3c51d38d5f5d738fda7c97c166b4704b0e6b2907eb6,validator__L39,silent_gap,45,39.044444444444444
bcf759af133bdda9abf8d3c51d38d5f5d738fda7c97c166b4704b0e6b2907eb6,validator__L39,burst_start_distance,45,40.91111111111111
bcf759af133bdda9abf8d3c51d38d5f5d738fda7c97c166b4704b0e6b2907eb6,scorefile__L39,trigger_distance,53,35.39622641509434
bcf759af133bdda9abf8d3c51d38d5f5d738fda7c97c166b4704b0e6b2907eb6,scorefile__L39,silent_gap,45,40.51111111111111
bcf759af133bdda9abf8d3c51d38d5f5d738fda7c97c166b4704b0e6b2907eb6,scorefile__L39,burst_start_distance,45,41.68888888888889
bcf759af133bdda9abf8d3c51d38d5f5d738fda7c97c166b4704b0e6b2907eb6,acquire__L39,trigger_distance,60,31.683333333333334
bcf759af133bdda9abf8d3c51d38d5f5d738fda7c97c166b4704b0e6b2907eb6,acquire__L39,silent_gap,41,44.90243902439025
bcf759af133bdda9abf8d3c51d38d5f5d738fda7c97c166b4704b0e6b2907eb6,acquire__L39,burst_start_distance,41,46.36585365853659
bcf759af133bdda9abf8d3c51d38d5f5d738fda7c97c166b4704b0e6b2907eb6,report__L39,trigger_distance,62,29.629032258064516
bcf759af133bdda9abf8d3c51d38d5f5d738fda7c97c166b4704b0e6b2907eb6,report__L39,silent_gap,32,55.46875
bcf759af133bdda9abf8d3c51d38d5f5d738fda7c97c166b4704b0e6b2907eb6,report__L39,burst_start_distance,32,57.21875
bcf759af133bdda9abf8d3c51d38d5f5d738fda7c97c166b4704b0e6b2907eb6,motivated__L39,trigger_distance,168,10.898809523809524
bcf759af133bdda9abf8d3c51d38d5f5d738fda7c97c166b4704b0e6b2907eb6,motivated__L39,silent_gap,94,17.69148936170213
bcf759af133bdda9abf8d3c51d38d5f5d738fda7c97c166b4704b0e6b2907eb6,motivated__L39,burst_start_distance,94,19.47872340425532
052367918fa4beb68496568a4cdf982b3bab751b28a4027d713c8c177008cb6d,suite__L39,trigger_distance,95,28.357894736842105
052367918fa4beb68496568a4cdf982b3bab751b28a4027d713c8c177008cb6d,suite__L39,silent_gap,57,45.59649122807018
052367918fa4beb68496568a4cdf982b3bab751b28a4027d713c8c177008cb6d,suite__L39,burst_start_distance,57,47.24561403508772
052367918fa4beb68496568a4cdf982b3bab751b28a4027d713c8c177008cb6d,validator__L39,trigger_distance,132,19.28030303030303
052367918fa4beb68496568a4cdf982b3bab751b28a4027d713c8c177008cb6d,validator__L39,silent_gap,63,38.301587301587304
052367918fa4beb68496568a4cdf982b3bab751b28a4027d713c8c177008cb6d,validator__L39,burst_start_distance,63,40.3968253968254
052367918fa4beb68496568a4cdf982b3bab751b28a4027d713c8c177008cb6d,scorefile__L39,trigger_distance,165,16.612121212121213
052367918fa4beb68496568a4cdf982b3bab751b28a4027d713c8c177008cb6d,scorefile__L39,silent_gap,109,23.63302752293578
052367918fa4beb68496568a4cdf982b3bab751b28a4027d713c8c177008cb6d,scorefile__L39,burst_start_distance,109,25.146788990825687
052367918fa4beb68496568a4cdf982b3bab751b28a4027d713c8c177008cb6d,acquire__L39,trigger_distance,113,24.4070796460177
052367918fa4beb68496568a4cdf982b3bab751b28a4027d713c8c177008cb6d,acquire__L39,silent_gap,80,33.0625
052367918fa4beb68496568a4cdf982b3bab751b28a4027d713c8c177008cb6d,acquire__L39,burst_start_distance,80,34.475
052367918fa4beb68496568a4cdf982b3bab751b28a4027d713c8c177008cb6d,report__L39,trigger_distance,63,42.26984126984127
052367918fa4beb68496568a4cdf982b3bab751b28a4027d713c8c177008cb6d,report__L39,silent_gap,38,68.42105263157895
052367918fa4beb68496568a4cdf982b3bab751b28a4027d713c8c177008cb6d,report__L39,burst_start_distance,38,69.92105263157895
052367918fa4beb68496568a4cdf982b3bab751b28a4027d713c8c177008cb6d,motivated__L39,trigger_distance,168,15.779761904761905
052367918fa4beb68496568a4cdf982b3bab751b28a4027d713c8c177008cb6d,motivated__L39,silent_gap,91,27.285714285714285
052367918fa4beb68496568a4cdf982b3bab751b28a4027d713c8c177008cb6d,motivated__L39,burst_start_distance,91,29.13186813186813
0d58cfd5498ee2563356fe444b48bdc8a0c5a1149f5768a985012d5003ce2f32,suite__L39,trigger_distance,168,20.0
0d58cfd5498ee2563356fe444b48bdc8a0c5a1149f5768a985012d5003ce2f32,suite__L39,silent_gap,113,28.24778761061947
0d58cfd5498ee2563356fe444b48bdc8a0c5a1149f5768a985012d5003ce2f32,suite__L39,burst_start_distance,113,29.72566371681416
0d58cfd5498ee2563356fe444b48bdc8a0c5a1149f5768a985012d5003ce2f32,validator__L39,trigger_distance,124,26.70967741935484
0d58cfd5498ee2563356fe444b48bdc8a0c5a1149f5768a985012d5003ce2f32,validator__L39,silent_gap,63,50.6031746031746
0d58cfd5498ee2563356fe444b48bdc8a0c5a1149f5768a985012d5003ce2f32,validator__L39,burst_start_distance,63,52.57142857142857
0d58cfd5498ee2563356fe444b48bdc8a0c5a1149f5768a985012d5003ce2f32,scorefile__L39,trigger_distance,198,17.035353535353536
0d58cfd5498ee2563356fe444b48bdc8a0c5a1149f5768a985012d5003ce2f32,scorefile__L39,silent_gap,117,27.136752136752136
0d58cfd5498ee2563356fe444b48bdc8a0c5a1149f5768a985012d5003ce2f32,scorefile__L39,burst_start_distance,117,28.82051282051282
0d58cfd5498ee2563356fe444b48bdc8a0c5a1149f5768a985012d5003ce2f32,acquire__L39,trigger_distance,142,22.816901408450704
0d58cfd5498ee2563356fe444b48bdc8a0c5a1149f5768a985012d5003ce2f32,acquire__L39,silent_gap,91,34.043956043956044
0d58cfd5498ee2563356fe444b48bdc8a0c5a1149f5768a985012d5003ce2f32,acquire__L39,burst_start_distance,91,35.59340659340659
0d58cfd5498ee2563356fe444b48bdc8a0c5a1149f5768a985012d5003ce2f32,report__L39,trigger_distance,154,21.538961038961038
0d58cfd5498ee2563356fe444b48bdc8a0c5a1149f5768a985012d5003ce2f32,report__L39,silent_gap,64,49.421875
0d58cfd5498ee2563356fe444b48bdc8a0c5a1149f5768a985012d5003ce2f32,report__L39,burst_start_distance,64,51.5625
0d58cfd5498ee2563356fe444b48bdc8a0c5a1149f5768a985012d5003ce2f32,motivated__L39,trigger_distance,248,12.951612903225806
0d58cfd5498ee2563356fe444b48bdc8a0c5a1149f5768a985012d5003ce2f32,motivated__L39,silent_gap,130,22.8
0d58cfd5498ee2563356fe444b48bdc8a0c5a1149f5768a985012d5003ce2f32,motivated__L39,burst_start_distance,130,24.70769230769231
211c152f3c231790e51a834dec7f32eebf0b681f64425b3a92a2afac5a5894e0,suite__L39,trigger_distance,189,21.64021164021164
211c152f3c231790e51a834dec7f32eebf0b681f64425b3a92a2afac5a5894e0,suite__L39,silent_gap,123,31.715447154471544
211c152f3c231790e51a834dec7f32eebf0b681f64425b3a92a2afac5a5894e0,suite__L39,burst_start_distance,123,33.2520325203252
211c152f3c231790e51a834dec7f32eebf0b681f64425b3a92a2afac5a5894e0,validator__L39,trigger_distance,200,18.795
211c152f3c231790e51a834dec7f32eebf0b681f64425b3a92a2afac5a5894e0,validator__L39,silent_gap,109,32.65137614678899
211c152f3c231790e51a834dec7f32eebf0b681f64425b3a92a2afac5a5894e0,validator__L39,burst_start_distance,109,34.45871559633027
211c152f3c231790e51a834dec7f32eebf0b681f64425b3a92a2afac5a5894e0,scorefile__L39,trigger_distance,279,14.709677419354838
211c152f3c231790e51a834dec7f32eebf0b681f64425b3a92a2afac5a5894e0,scorefile__L39,silent_gap,152,25.164473684210527
211c152f3c231790e51a834dec7f32eebf0b681f64425b3a92a2afac5a5894e0,scorefile__L39,burst_start_distance,152,27.0
211c152f3c231790e51a834dec7f32eebf0b681f64425b3a92a2afac5a5894e0,acquire__L39,trigger_distance,223,18.42152466367713
211c152f3c231790e51a834dec7f32eebf0b681f64425b3a92a2afac5a5894e0,acquire__L39,silent_gap,139,27.949640287769785
211c152f3c231790e51a834dec7f32eebf0b681f64425b3a92a2afac5a5894e0,acquire__L39,burst_start_distance,139,29.553956834532375
211c152f3c231790e51a834dec7f32eebf0b681f64425b3a92a2afac5a5894e0,report__L39,trigger_distance,90,31.455555555555556
211c152f3c231790e51a834dec7f32eebf0b681f64425b3a92a2afac5a5894e0,report__L39,silent_gap,50,54.82
211c152f3c231790e51a834dec7f32eebf0b681f64425b3a92a2afac5a5894e0,report__L39,burst_start_distance,50,56.54
211c152f3c231790e51a834dec7f32eebf0b681f64425b3a92a2afac5a5894e0,motivated__L39,trigger_distance,338,11.57396449704142
211c152f3c231790e51a834dec7f32eebf0b681f64425b3a92a2afac5a5894e0,motivated__L39,silent_gap,183,19.530054644808743
211c152f3c231790e51a834dec7f32eebf0b681f64425b3a92a2afac5a5894e0,motivated__L39,burst_start_distance,183,21.37704918032787
99121ce971e7573e6f92f8d966a8a6fa33906c3bac2aa46c9619094a61c77fe1,suite__L39,trigger_distance,56,45.732142857142854
99121ce971e7573e6f92f8d966a8a6fa33906c3bac2aa46c9619094a61c77fe1,suite__L39,silent_gap,40,62.625
99121ce971e7573e6f92f8d966a8a6fa33906c3bac2aa46c9619094a61c77fe1,suite__L39,burst_start_distance,40,64.0
99121ce971e7573e6f92f8d966a8a6fa33906c3bac2aa46c9619094a61c77fe1,validator__L39,trigger_distance,74,33.63513513513514
99121ce971e7573e6f92f8d966a8a6fa33906c3bac2aa46c9619094a61c77fe1,validator__L39,silent_gap,46,52.5
99121ce971e7573e6f92f8d966a8a6fa33906c3bac2aa46c9619094a61c77fe1,validator__L39,burst_start_distance,46,54.108695652173914
99121ce971e7573e6f92f8d966a8a6fa33906c3bac2aa46c9619094a61c77fe1,scorefile__L39,trigger_distance,99,25.848484848484848
99121ce971e7573e6f92f8d966a8a6fa33906c3bac2aa46c9619094a61c77fe1,scorefile__L39,silent_gap,71,34.647887323943664
99121ce971e7573e6f92f8d966a8a6fa33906c3bac2aa46c9619094a61c77fe1,scorefile__L39,burst_start_distance,71,36.04225352112676
99121ce971e7573e6f92f8d966a8a6fa33906c3bac2aa46c9619094a61c77fe1,acquire__L39,trigger_distance,124,20.798387096774192
99121ce971e7573e6f92f8d966a8a6fa33906c3bac2aa46c9619094a61c77fe1,acquire__L39,silent_gap,78,31.474358974358974
99121ce971e7573e6f92f8d966a8a6fa33906c3bac2aa46c9619094a61c77fe1,acquire__L39,burst_start_distance,78,33.06410256410256
99121ce971e7573e6f92f8d966a8a6fa33906c3bac2aa46c9619094a61c77fe1,report__L39,trigger_distance,71,35.40845070422535
99121ce971e7573e6f92f8d966a8a6fa33906c3bac2aa46c9619094a61c77fe1,report__L39,silent_gap,36,67.86111111111111
99121ce971e7573e6f92f8d966a8a6fa33906c3bac2aa46c9619094a61c77fe1,report__L39,burst_start_distance,36,69.63888888888889
99121ce971e7573e6f92f8d966a8a6fa33906c3bac2aa46c9619094a61c77fe1,motivated__L39,trigger_distance,153,16.313725490196077
99121ce971e7573e6f92f8d966a8a6fa33906c3bac2aa46c9619094a61c77fe1,motivated__L39,silent_gap,91,25.747252747252748
99121ce971e7573e6f92f8d966a8a6fa33906c3bac2aa46c9619094a61c77fe1,motivated__L39,burst_start_distance,91,27.428571428571427
125be3b20d6e0ba28798c282413165e0688838ff499159e47aa1136fc9dd45f3,suite__L39,trigger_distance,159,13.59119496855346
125be3b20d6e0ba28798c282413165e0688838ff499159e47aa1136fc9dd45f3,suite__L39,silent_gap,99,20.22222222222222
125be3b20d6e0ba28798c282413165e0688838ff499159e47aa1136fc9dd45f3,suite__L39,burst_start_distance,99,21.757575757575758
125be3b20d6e0ba28798c282413165e0688838ff499159e47aa1136fc9dd45f3,validator__L39,trigger_distance,110,18.963636363636365
125be3b20d6e0ba28798c282413165e0688838ff499159e47aa1136fc9dd45f3,validator__L39,silent_gap,57,34.666666666666664
125be3b20d6e0ba28798c282413165e0688838ff499159e47aa1136fc9dd45f3,validator__L39,burst_start_distance,57,36.59649122807018
125be3b20d6e0ba28798c282413165e0688838ff499159e47aa1136fc9dd45f3,scorefile__L39,trigger_distance,130,16.723076923076924
125be3b20d6e0ba28798c282413165e0688838ff499159e47aa1136fc9dd45f3,scorefile__L39,silent_gap,85,24.04705882352941
125be3b20d6e0ba28798c282413165e0688838ff499159e47aa1136fc9dd45f3,scorefile__L39,burst_start_distance,85,25.576470588235296
125be3b20d6e0ba28798c282413165e0688838ff499159e47aa1136fc9dd45f3,acquire__L39,trigger_distance,84,25.30952380952381
125be3b20d6e0ba28798c282413165e0688838ff499159e47aa1136fc9dd45f3,acquire__L39,silent_gap,53,38.528301886792455
125be3b20d6e0ba28798c282413165e0688838ff499159e47aa1136fc9dd45f3,acquire__L39,burst_start_distance,53,40.113207547169814
125be3b20d6e0ba28798c282413165e0688838ff499159e47aa1136fc9dd45f3,report__L39,trigger_distance,163,13.006134969325153
125be3b20d6e0ba28798c282413165e0688838ff499159e47aa1136fc9dd45f3,report__L39,silent_gap,57,34.333333333333336
125be3b20d6e0ba28798c282413165e0688838ff499159e47aa1136fc9dd45f3,report__L39,burst_start_distance,57,37.14035087719298
125be3b20d6e0ba28798c282413165e0688838ff499159e47aa1136fc9dd45f3,motivated__L39,trigger_distance,159,12.572327044025156
125be3b20d6e0ba28798c282413165e0688838ff499159e47aa1136fc9dd45f3,motivated__L39,silent_gap,81,22.71604938271605
125be3b20d6e0ba28798c282413165e0688838ff499159e47aa1136fc9dd45f3,motivated__L39,burst_start_distance,81,24.666666666666668
65fc7d820f41b68049afc0a0705dd0cc08d00dfd8ef8ea1e54d2c73277bfa295,suite__L39,trigger_distance,229,18.995633187772924
65fc7d820f41b68049afc0a0705dd0cc08d00dfd8ef8ea1e54d2c73277bfa295,suite__L39,silent_gap,140,29.435714285714287
65fc7d820f41b68049afc0a0705dd0cc08d00dfd8ef8ea1e54d2c73277bfa295,suite__L39,burst_start_distance,140,31.05
65fc7d820f41b68049afc0a0705dd0cc08d00dfd8ef8ea1e54d2c73277bfa295,validator__L39,trigger_distance,141,29.00709219858156
65fc7d820f41b68049afc0a0705dd0cc08d00dfd8ef8ea1e54d2c73277bfa295,validator__L39,silent_gap,88,44.875
65fc7d820f41b68049afc0a0705dd0cc08d00dfd8ef8ea1e54d2c73277bfa295,validator__L39,burst_start_distance,88,46.47727272727273
65fc7d820f41b68049afc0a0705dd0cc08d00dfd8ef8ea1e54d2c73277bfa295,scorefile__L39,trigger_distance,229,18.951965065502183
65fc7d820f41b68049afc0a0705dd0cc08d00dfd8ef8ea1e54d2c73277bfa295,scorefile__L39,silent_gap,155,26.52258064516129
65fc7d820f41b68049afc0a0705dd0cc08d00dfd8ef8ea1e54d2c73277bfa295,scorefile__L39,burst_start_distance,155,28.0
65fc7d820f41b68049afc0a0705dd0cc08d00dfd8ef8ea1e54d2c73277bfa295,acquire__L39,trigger_distance,230,18.81304347826087
65fc7d820f41b68049afc0a0705dd0cc08d00dfd8ef8ea1e54d2c73277bfa295,acquire__L39,silent_gap,145,28.255172413793105
65fc7d820f41b68049afc0a0705dd0cc08d00dfd8ef8ea1e54d2c73277bfa295,acquire__L39,burst_start_distance,145,29.841379310344827
65fc7d820f41b68049afc0a0705dd0cc08d00dfd8ef8ea1e54d2c73277bfa295,report__L39,trigger_distance,244,13.155737704918034
65fc7d820f41b68049afc0a0705dd0cc08d00dfd8ef8ea1e54d2c73277bfa295,report__L39,silent_gap,82,36.170731707317074
65fc7d820f41b68049afc0a0705dd0cc08d00dfd8ef8ea1e54d2c73277bfa295,report__L39,burst_start_distance,82,38.9390243902439
65fc7d820f41b68049afc0a0705dd0cc08d00dfd8ef8ea1e54d2c73277bfa295,motivated__L39,trigger_distance,263,16.11406844106464
65fc7d820f41b68049afc0a0705dd0cc08d00dfd8ef8ea1e54d2c73277bfa295,motivated__L39,silent_gap,141,28.19148936170213
65fc7d820f41b68049afc0a0705dd0cc08d00dfd8ef8ea1e54d2c73277bfa295,motivated__L39,burst_start_distance,141,30.05673758865248
1184545aa5eef26b17e2d7cf11370b8a2e9188607244721185a94a713d83ecfc,suite__L39,trigger_distance,170,20.91176470588235
1184545aa5eef26b17e2d7cf11370b8a2e9188607244721185a94a713d83ecfc,suite__L39,silent_gap,107,31.635514018691588
1184545aa5eef26b17e2d7cf11370b8a2e9188607244721185a94a713d83ecfc,suite__L39,burst_start_distance,107,33.205607476635514
1184545aa5eef26b17e2d7cf11370b8a2e9188607244721185a94a713d83ecfc,validator__L39,trigger_distance,162,21.432098765432098
1184545aa5eef26b17e2d7cf11370b8a2e9188607244721185a94a713d83ecfc,validator__L39,silent_gap,89,37.19101123595506
1184545aa5eef26b17e2d7cf11370b8a2e9188607244721185a94a713d83ecfc,validator__L39,burst_start_distance,89,39.01123595505618
1184545aa5eef26b17e2d7cf11370b8a2e9188607244721185a94a713d83ecfc,scorefile__L39,trigger_distance,226,15.685840707964601
1184545aa5eef26b17e2d7cf11370b8a2e9188607244721185a94a713d83ecfc,scorefile__L39,silent_gap,123,26.983739837398375
1184545aa5eef26b17e2d7cf11370b8a2e9188607244721185a94a713d83ecfc,scorefile__L39,burst_start_distance,123,28.8130081300813
1184545aa5eef26b17e2d7cf11370b8a2e9188607244721185a94a713d83ecfc,acquire__L39,trigger_distance,232,15.189655172413794
1184545aa5eef26b17e2d7cf11370b8a2e9188607244721185a94a713d83ecfc,acquire__L39,silent_gap,133,24.75187969924812
1184545aa5eef26b17e2d7cf11370b8a2e9188607244721185a94a713d83ecfc,acquire__L39,burst_start_distance,133,26.49624060150376
1184545aa5eef26b17e2d7cf11370b8a2e9188607244721185a94a713d83ecfc,report__L39,trigger_distance,128,27.4375
1184545aa5eef26b17e2d7cf11370b8a2e9188607244721185a94a713d83ecfc,report__L39,silent_gap,49,69.06122448979592
1184545aa5eef26b17e2d7cf11370b8a2e9188607244721185a94a713d83ecfc,report__L39,burst_start_distance,49,71.38775510204081
1184545aa5eef26b17e2d7cf11370b8a2e9188607244721185a94a713d83ecfc,motivated__L39,trigger_distance,213,15.901408450704226
1184545aa5eef26b17e2d7cf11370b8a2e9188607244721185a94a713d83ecfc,motivated__L39,silent_gap,118,26.89830508474576
1184545aa5eef26b17e2d7cf11370b8a2e9188607244721185a94a713d83ecfc,motivated__L39,burst_start_distance,118,28.703389830508474
ec71f46b9255f914b7d78471ee06151b53b491690d6b48811a2739d3dc515632,suite__L39,trigger_distance,236,15.88135593220339
ec71f46b9255f914b7d78471ee06151b53b491690d6b48811a2739d3dc515632,suite__L39,silent_gap,138,25.44927536231884
ec71f46b9255f914b7d78471ee06151b53b491690d6b48811a2739d3dc515632,suite__L39,burst_start_distance,138,27.13768115942029
ec71f46b9255f914b7d78471ee06151b53b491690d6b48811a2739d3dc515632,validator__L39,trigger_distance,129,28.635658914728683
ec71f46b9255f914b7d78471ee06151b53b491690d6b48811a2739d3dc515632,validator__L39,silent_gap,72,49.513888888888886
ec71f46b9255f914b7d78471ee06151b53b491690d6b48811a2739d3dc515632,validator__L39,burst_start_distance,72,51.30555555555556
ec71f46b9255f914b7d78471ee06151b53b491690d6b48811a2739d3dc515632,scorefile__L39,trigger_distance,162,22.882716049382715
ec71f46b9255f914b7d78471ee06151b53b491690d6b48811a2739d3dc515632,scorefile__L39,silent_gap,114,31.096491228070175
ec71f46b9255f914b7d78471ee06151b53b491690d6b48811a2739d3dc515632,scorefile__L39,burst_start_distance,114,32.51754385964912
ec71f46b9255f914b7d78471ee06151b53b491690d6b48811a2739d3dc515632,acquire__L39,trigger_distance,132,28.151515151515152
ec71f46b9255f914b7d78471ee06151b53b491690d6b48811a2739d3dc515632,acquire__L39,silent_gap,90,39.82222222222222
ec71f46b9255f914b7d78471ee06151b53b491690d6b48811a2739d3dc515632,acquire__L39,burst_start_distance,90,41.27777777777778
ec71f46b9255f914b7d78471ee06151b53b491690d6b48811a2739d3dc515632,report__L39,trigger_distance,251,14.721115537848606
ec71f46b9255f914b7d78471ee06151b53b491690d6b48811a2739d3dc515632,report__L39,silent_gap,86,40.04651162790697
ec71f46b9255f914b7d78471ee06151b53b491690d6b48811a2739d3dc515632,report__L39,burst_start_distance,86,42.76744186046512
ec71f46b9255f914b7d78471ee06151b53b491690d6b48811a2739d3dc515632,motivated__L39,trigger_distance,219,15.80365296803653
ec71f46b9255f914b7d78471ee06151b53b491690d6b48811a2739d3dc515632,motivated__L39,silent_gap,123,26.357723577235774
ec71f46b9255f914b7d78471ee06151b53b491690d6b48811a2739d3dc515632,motivated__L39,burst_start_distance,123,28.121951219512194
7d57a1efe86b6e2aa3fdf14df35a40538c2c874cbb7408ad79e3679e2643b047,suite__L39,trigger_distance,57,43.280701754385966
7d57a1efe86b6e2aa3fdf14df35a40538c2c874cbb7408ad79e3679e2643b047,suite__L39,silent_gap,47,51.276595744680854
7d57a1efe86b6e2aa3fdf14df35a40538c2c874cbb7408ad79e3679e2643b047,suite__L39,burst_start_distance,47,52.48936170212766
7d57a1efe86b6e2aa3fdf14df35a40538c2c874cbb7408ad79e3679e2643b047,validator__L39,trigger_distance,74,32.513513513513516
7d57a1efe86b6e2aa3fdf14df35a40538c2c874cbb7408ad79e3679e2643b047,validator__L39,silent_gap,41,56.8780487804878
7d57a1efe86b6e2aa3fdf14df35a40538c2c874cbb7408ad79e3679e2643b047,validator__L39,burst_start_distance,41,58.68292682926829
7d57a1efe86b6e2aa3fdf14df35a40538c2c874cbb7408ad79e3679e2643b047,scorefile__L39,trigger_distance,104,23.701923076923077
7d57a1efe86b6e2aa3fdf14df35a40538c2c874cbb7408ad79e3679e2643b047,scorefile__L39,silent_gap,62,38.08064516129032
7d57a1efe86b6e2aa3fdf14df35a40538c2c874cbb7408ad79e3679e2643b047,scorefile__L39,burst_start_distance,62,39.75806451612903
7d57a1efe86b6e2aa3fdf14df35a40538c2c874cbb7408ad79e3679e2643b047,acquire__L39,trigger_distance,126,17.333333333333332
7d57a1efe86b6e2aa3fdf14df35a40538c2c874cbb7408ad79e3679e2643b047,acquire__L39,silent_gap,81,25.40740740740741
7d57a1efe86b6e2aa3fdf14df35a40538c2c874cbb7408ad79e3679e2643b047,acquire__L39,burst_start_distance,81,26.962962962962962
7d57a1efe86b6e2aa3fdf14df35a40538c2c874cbb7408ad79e3679e2643b047,report__L39,trigger_distance,47,51.297872340425535
7d57a1efe86b6e2aa3fdf14df35a40538c2c874cbb7408ad79e3679e2643b047,report__L39,silent_gap,25,94.56
7d57a1efe86b6e2aa3fdf14df35a40538c2c874cbb7408ad79e3679e2643b047,report__L39,burst_start_distance,25,96.28
7d57a1efe86b6e2aa3fdf14df35a40538c2c874cbb7408ad79e3679e2643b047,motivated__L39,trigger_distance,141,16.921985815602838
7d57a1efe86b6e2aa3fdf14df35a40538c2c874cbb7408ad79e3679e2643b047,motivated__L39,silent_gap,77,29.155844155844157
7d57a1efe86b6e2aa3fdf14df35a40538c2c874cbb7408ad79e3679e2643b047,motivated__L39,burst_start_distance,77,30.974025974025974
b7349d2ff60c5ea65712056a89b5e70076059d71770d65477e4f15f99e773c56,suite__L39,trigger_distance,158,20.38607594936709
b7349d2ff60c5ea65712056a89b5e70076059d71770d65477e4f15f99e773c56,suite__L39,silent_gap,93,32.935483870967744
b7349d2ff60c5ea65712056a89b5e70076059d71770d65477e4f15f99e773c56,suite__L39,burst_start_distance,93,34.60215053763441
b7349d2ff60c5ea65712056a89b5e70076059d71770d65477e4f15f99e773c56,validator__L39,trigger_distance,133,23.42105263157895
b7349d2ff60c5ea65712056a89b5e70076059d71770d65477e4f15f99e773c56,validator__L39,silent_gap,57,52.31578947368421
b7349d2ff60c5ea65712056a89b5e70076059d71770d65477e4f15f99e773c56,validator__L39,burst_start_distance,57,54.64912280701754
b7349d2ff60c5ea65712056a89b5e70076059d71770d65477e4f15f99e773c56,scorefile__L39,trigger_distance,183,17.530054644808743
b7349d2ff60c5ea65712056a89b5e70076059d71770d65477e4f15f99e773c56,scorefile__L39,silent_gap,116,26.07758620689655
b7349d2ff60c5ea65712056a89b5e70076059d71770d65477e4f15f99e773c56,scorefile__L39,burst_start_distance,116,27.612068965517242
b7349d2ff60c5ea65712056a89b5e70076059d71770d65477e4f15f99e773c56,acquire__L39,trigger_distance,137,22.759124087591243
b7349d2ff60c5ea65712056a89b5e70076059d71770d65477e4f15f99e773c56,acquire__L39,silent_gap,84,35.48809523809524
b7349d2ff60c5ea65712056a89b5e70076059d71770d65477e4f15f99e773c56,acquire__L39,burst_start_distance,84,37.11904761904762
b7349d2ff60c5ea65712056a89b5e70076059d71770d65477e4f15f99e773c56,report__L39,trigger_distance,135,19.733333333333334
b7349d2ff60c5ea65712056a89b5e70076059d71770d65477e4f15f99e773c56,report__L39,silent_gap,54,46.833333333333336
b7349d2ff60c5ea65712056a89b5e70076059d71770d65477e4f15f99e773c56,report__L39,burst_start_distance,54,49.18518518518518
b7349d2ff60c5ea65712056a89b5e70076059d71770d65477e4f15f99e773c56,motivated__L39,trigger_distance,210,14.071428571428571
b7349d2ff60c5ea65712056a89b5e70076059d71770d65477e4f15f99e773c56,motivated__L39,silent_gap,108,25.416666666666668
b7349d2ff60c5ea65712056a89b5e70076059d71770d65477e4f15f99e773c56,motivated__L39,burst_start_distance,108,27.35185185185185
c5a01d3b0fc3c528ffad610e93b65d4a861873fc17846753eb493be495842673,suite__L39,trigger_distance,58,39.672413793103445
c5a01d3b0fc3c528ffad610e93b65d4a861873fc17846753eb493be495842673,suite__L39,silent_gap,44,50.97727272727273
c5a01d3b0fc3c528ffad610e93b65d4a861873fc17846753eb493be495842673,suite__L39,burst_start_distance,44,52.27272727272727
c5a01d3b0fc3c528ffad610e93b65d4a861873fc17846753eb493be495842673,validator__L39,trigger_distance,97,23.082474226804123
c5a01d3b0fc3c528ffad610e93b65d4a861873fc17846753eb493be495842673,validator__L39,silent_gap,55,38.945454545454545
c5a01d3b0fc3c528ffad610e93b65d4a861873fc17846753eb493be495842673,validator__L39,burst_start_distance,55,40.67272727272727
c5a01d3b0fc3c528ffad610e93b65d4a861873fc17846753eb493be495842673,scorefile__L39,trigger_distance,108,21.01851851851852
c5a01d3b0fc3c528ffad610e93b65d4a861873fc17846753eb493be495842673,scorefile__L39,silent_gap,65,33.261538461538464
c5a01d3b0fc3c528ffad610e93b65d4a861873fc17846753eb493be495842673,scorefile__L39,burst_start_distance,65,34.92307692307692
c5a01d3b0fc3c528ffad610e93b65d4a861873fc17846753eb493be495842673,acquire__L39,trigger_distance,130,17.853846153846153
c5a01d3b0fc3c528ffad610e93b65d4a861873fc17846753eb493be495842673,acquire__L39,silent_gap,72,30.430555555555557
c5a01d3b0fc3c528ffad610e93b65d4a861873fc17846753eb493be495842673,acquire__L39,burst_start_distance,72,32.236111111111114
c5a01d3b0fc3c528ffad610e93b65d4a861873fc17846753eb493be495842673,report__L39,trigger_distance,91,24.65934065934066
c5a01d3b0fc3c528ffad610e93b65d4a861873fc17846753eb493be495842673,report__L39,silent_gap,47,45.808510638297875
c5a01d3b0fc3c528ffad610e93b65d4a861873fc17846753eb493be495842673,report__L39,burst_start_distance,47,47.723404255319146
c5a01d3b0fc3c528ffad610e93b65d4a861873fc17846753eb493be495842673,motivated__L39,trigger_distance,132,16.863636363636363
c5a01d3b0fc3c528ffad610e93b65d4a861873fc17846753eb493be495842673,motivated__L39,silent_gap,77,27.194805194805195
c5a01d3b0fc3c528ffad610e93b65d4a861873fc17846753eb493be495842673,motivated__L39,burst_start_distance,77,28.90909090909091
736675d619577f554f265cb8e01c75de04db7e104dd4dd2e959ee2bc79e002ca,suite__L39,trigger_distance,106,27.9811320754717
736675d619577f554f265cb8e01c75de04db7e104dd4dd2e959ee2bc79e002ca,suite__L39,silent_gap,79,36.20253164556962
736675d619577f554f265cb8e01c75de04db7e104dd4dd2e959ee2bc79e002ca,suite__L39,burst_start_distance,79,37.53164556962025
736675d619577f554f265cb8e01c75de04db7e104dd4dd2e959ee2bc79e002ca,validator__L39,trigger_distance,127,22.881889763779526
736675d619577f554f265cb8e01c75de04db7e104dd4dd2e959ee2bc79e002ca,validator__L39,silent_gap,70,39.7
736675d619577f554f265cb8e01c75de04db7e104dd4dd2e959ee2bc79e002ca,validator__L39,burst_start_distance,70,41.5
736675d619577f554f265cb8e01c75de04db7e104dd4dd2e959ee2bc79e002ca,scorefile__L39,trigger_distance,113,26.38053097345133
736675d619577f554f265cb8e01c75de04db7e104dd4dd2e959ee2bc79e002ca,scorefile__L39,silent_gap,94,30.51063829787234
736675d619577f554f265cb8e01c75de04db7e104dd4dd2e959ee2bc79e002ca,scorefile__L39,burst_start_distance,94,31.70212765957447
736675d619577f554f265cb8e01c75de04db7e104dd4dd2e959ee2bc79e002ca,acquire__L39,trigger_distance,147,20.306122448979593
736675d619577f554f265cb8e01c75de04db7e104dd4dd2e959ee2bc79e002ca,acquire__L39,silent_gap,101,28.099009900990097
736675d619577f554f265cb8e01c75de04db7e104dd4dd2e959ee2bc79e002ca,acquire__L39,burst_start_distance,101,29.544554455445546
736675d619577f554f265cb8e01c75de04db7e104dd4dd2e959ee2bc79e002ca,report__L39,trigger_distance,190,15.368421052631579
736675d619577f554f265cb8e01c75de04db7e104dd4dd2e959ee2bc79e002ca,report__L39,silent_gap,68,40.14705882352941
736675d619577f554f265cb8e01c75de04db7e104dd4dd2e959ee2bc79e002ca,report__L39,burst_start_distance,68,42.88235294117647
736675d619577f554f265cb8e01c75de04db7e104dd4dd2e959ee2bc79e002ca,motivated__L39,trigger_distance,219,12.707762557077626
736675d619577f554f265cb8e01c75de04db7e104dd4dd2e959ee2bc79e002ca,motivated__L39,silent_gap,117,21.914529914529915
736675d619577f554f265cb8e01c75de04db7e104dd4dd2e959ee2bc79e002ca,motivated__L39,burst_start_distance,117,23.77777777777778
d381274558757fd4a248516a7518daadbd71e4d684de2082ffe200f5f09cce48,suite__L39,trigger_distance,252,19.678571428571427
d381274558757fd4a248516a7518daadbd71e4d684de2082ffe200f5f09cce48,suite__L39,silent_gap,149,31.590604026845636
d381274558757fd4a248516a7518daadbd71e4d684de2082ffe200f5f09cce48,suite__L39,burst_start_distance,149,33.281879194630875
d381274558757fd4a248516a7518daadbd71e4d684de2082ffe200f5f09cce48,validator__L39,trigger_distance,210,21.409523809523808
d381274558757fd4a248516a7518daadbd71e4d684de2082ffe200f5f09cce48,validator__L39,silent_gap,101,42.43564356435643
d381274558757fd4a248516a7518daadbd71e4d684de2082ffe200f5f09cce48,validator__L39,burst_start_distance,101,44.51485148514851
d381274558757fd4a248516a7518daadbd71e4d684de2082ffe200f5f09cce48,scorefile__L39,trigger_distance,296,16.780405405405407
d381274558757fd4a248516a7518daadbd71e4d684de2082ffe200f5f09cce48,scorefile__L39,silent_gap,176,26.539772727272727
d381274558757fd4a248516a7518daadbd71e4d684de2082ffe200f5f09cce48,scorefile__L39,burst_start_distance,176,28.204545454545453
d381274558757fd4a248516a7518daadbd71e4d684de2082ffe200f5f09cce48,acquire__L39,trigger_distance,252,19.71825396825397
d381274558757fd4a248516a7518daadbd71e4d684de2082ffe200f5f09cce48,acquire__L39,silent_gap,150,31.446666666666665
d381274558757fd4a248516a7518daadbd71e4d684de2082ffe200f5f09cce48,acquire__L39,burst_start_distance,150,33.126666666666665
d381274558757fd4a248516a7518daadbd71e4d684de2082ffe200f5f09cce48,report__L39,trigger_distance,233,17.107296137339056
d381274558757fd4a248516a7518daadbd71e4d684de2082ffe200f5f09cce48,report__L39,silent_gap,92,40.79347826086956
d381274558757fd4a248516a7518daadbd71e4d684de2082ffe200f5f09cce48,report__L39,burst_start_distance,92,43.27173913043478
d381274558757fd4a248516a7518daadbd71e4d684de2082ffe200f5f09cce48,motivated__L39,trigger_distance,338,14.310650887573965
d381274558757fd4a248516a7518daadbd71e4d684de2082ffe200f5f09cce48,motivated__L39,silent_gap,193,23.310880829015545
d381274558757fd4a248516a7518daadbd71e4d684de2082ffe200f5f09cce48,motivated__L39,burst_start_distance,193,25.041450777202073
c2bd93f455482e1ad8c65bcd34cf7566512fe3f5be747238c5859d8ef21e3579,suite__L39,trigger_distance,182,21.02747252747253
c2bd93f455482e1ad8c65bcd34cf7566512fe3f5be747238c5859d8ef21e3579,suite__L39,silent_gap,115,31.695652173913043
c2bd93f455482e1ad8c65bcd34cf7566512fe3f5be747238c5859d8ef21e3579,suite__L39,burst_start_distance,115,33.278260869565216
c2bd93f455482e1ad8c65bcd34cf7566512fe3f5be747238c5859d8ef21e3579,validator__L39,trigger_distance,224,16.964285714285715
c2bd93f455482e1ad8c65bcd34cf7566512fe3f5be747238c5859d8ef21e3579,validator__L39,silent_gap,115,31.095652173913045
c2bd93f455482e1ad8c65bcd34cf7566512fe3f5be747238c5859d8ef21e3579,validator__L39,burst_start_distance,115,33.03478260869565
c2bd93f455482e1ad8c65bcd34cf7566512fe3f5be747238c5859d8ef21e3579,scorefile__L39,trigger_distance,231,16.93073593073593
c2bd93f455482e1ad8c65bcd34cf7566512fe3f5be747238c5859d8ef21e3579,scorefile__L39,silent_gap,147,25.034013605442176
c2bd93f455482e1ad8c65bcd34cf7566512fe3f5be747238c5859d8ef21e3579,scorefile__L39,burst_start_distance,147,26.60544217687075
c2bd93f455482e1ad8c65bcd34cf7566512fe3f5be747238c5859d8ef21e3579,acquire__L39,trigger_distance,218,17.958715596330276
c2bd93f455482e1ad8c65bcd34cf7566512fe3f5be747238c5859d8ef21e3579,acquire__L39,silent_gap,135,27.385185185185186
c2bd93f455482e1ad8c65bcd34cf7566512fe3f5be747238c5859d8ef21e3579,acquire__L39,burst_start_distance,135,29.0
c2bd93f455482e1ad8c65bcd34cf7566512fe3f5be747238c5859d8ef21e3579,report__L39,trigger_distance,115,33.0
c2bd93f455482e1ad8c65bcd34cf7566512fe3f5be747238c5859d8ef21e3579,report__L39,silent_gap,58,63.44827586206897
c2bd93f455482e1ad8c65bcd34cf7566512fe3f5be747238c5859d8ef21e3579,report__L39,burst_start_distance,58,65.34482758620689
c2bd93f455482e1ad8c65bcd34cf7566512fe3f5be747238c5859d8ef21e3579,motivated__L39,trigger_distance,263,14.346007604562738
c2bd93f455482e1ad8c65bcd34cf7566512fe3f5be747238c5859d8ef21e3579,motivated__L39,silent_gap,156,22.5
c2bd93f455482e1ad8c65bcd34cf7566512fe3f5be747238c5859d8ef21e3579,motivated__L39,burst_start_distance,156,24.17948717948718
bdf4f75effa8c4eb853632760d9fa6057aa3eb317bf27ae59317c3c2e364ee85,suite__L39,trigger_distance,181,19.259668508287294
bdf4f75effa8c4eb853632760d9fa6057aa3eb317bf27ae59317c3c2e364ee85,suite__L39,silent_gap,114,28.99122807017544
bdf4f75effa8c4eb853632760d9fa6057aa3eb317bf27ae59317c3c2e364ee85,suite__L39,burst_start_distance,114,30.56140350877193
bdf4f75effa8c4eb853632760d9fa6057aa3eb317bf27ae59317c3c2e364ee85,validator__L39,trigger_distance,154,22.11038961038961
bdf4f75effa8c4eb853632760d9fa6057aa3eb317bf27ae59317c3c2e364ee85,validator__L39,silent_gap,75,43.346666666666664
bdf4f75effa8c4eb853632760d9fa6057aa3eb317bf27ae59317c3c2e364ee85,validator__L39,burst_start_distance,75,45.38666666666666
bdf4f75effa8c4eb853632760d9fa6057aa3eb317bf27ae59317c3c2e364ee85,scorefile__L39,trigger_distance,157,22.29299363057325
bdf4f75effa8c4eb853632760d9fa6057aa3eb317bf27ae59317c3c2e364ee85,scorefile__L39,silent_gap,119,28.092436974789916
bdf4f75effa8c4eb853632760d9fa6057aa3eb317bf27ae59317c3c2e364ee85,scorefile__L39,burst_start_distance,119,29.41176470588235
bdf4f75effa8c4eb853632760d9fa6057aa3eb317bf27ae59317c3c2e364ee85,acquire__L39,trigger_distance,146,24.0
bdf4f75effa8c4eb853632760d9fa6057aa3eb317bf27ae59317c3c2e364ee85,acquire__L39,silent_gap,102,32.92156862745098
bdf4f75effa8c4eb853632760d9fa6057aa3eb317bf27ae59317c3c2e364ee85,acquire__L39,burst_start_distance,102,34.35294117647059
bdf4f75effa8c4eb853632760d9fa6057aa3eb317bf27ae59317c3c2e364ee85,report__L39,trigger_distance,267,12.779026217228465
bdf4f75effa8c4eb853632760d9fa6057aa3eb317bf27ae59317c3c2e364ee85,report__L39,silent_gap,93,33.81720430107527
bdf4f75effa8c4eb853632760d9fa6057aa3eb317bf27ae59317c3c2e364ee85,report__L39,burst_start_distance,93,36.516129032258064
bdf4f75effa8c4eb853632760d9fa6057aa3eb317bf27ae59317c3c2e364ee85,motivated__L39,trigger_distance,212,15.45754716981132
bdf4f75effa8c4eb853632760d9fa6057aa3eb317bf27ae59317c3c2e364ee85,motivated__L39,silent_gap,121,25.330578512396695
bdf4f75effa8c4eb853632760d9fa6057aa3eb317bf27ae59317c3c2e364ee85,motivated__L39,burst_start_distance,121,27.082644628099175
4e2b6e8adeade8f559c0da6d429461c538da6ec02491eeefe4b8edd90eea11ed,suite__L39,trigger_distance,112,26.25
4e2b6e8adeade8f559c0da6d429461c538da6ec02491eeefe4b8edd90eea11ed,suite__L39,silent_gap,69,40.98550724637681
4e2b6e8adeade8f559c0da6d429461c538da6ec02491eeefe4b8edd90eea11ed,suite__L39,burst_start_distance,69,42.608695652173914
4e2b6e8adeade8f559c0da6d429461c538da6ec02491eeefe4b8edd90eea11ed,validator__L39,trigger_distance,137,20.94890510948905
4e2b6e8adeade8f559c0da6d429461c538da6ec02491eeefe4b8edd90eea11ed,validator__L39,silent_gap,67,40.791044776119406
4e2b6e8adeade8f559c0da6d429461c538da6ec02491eeefe4b8edd90eea11ed,validator__L39,burst_start_distance,67,42.82089552238806
4e2b6e8adeade8f559c0da6d429461c538da6ec02491eeefe4b8edd90eea11ed,scorefile__L39,trigger_distance,213,14.093896713615024
4e2b6e8adeade8f559c0da6d429461c538da6ec02491eeefe4b8edd90eea11ed,scorefile__L39,silent_gap,111,25.126126126126128
4e2b6e8adeade8f559c0da6d429461c538da6ec02491eeefe4b8edd90eea11ed,scorefile__L39,burst_start_distance,111,27.045045045045047
4e2b6e8adeade8f559c0da6d429461c538da6ec02491eeefe4b8edd90eea11ed,acquire__L39,trigger_distance,157,19.197452229299362
4e2b6e8adeade8f559c0da6d429461c538da6ec02491eeefe4b8edd90eea11ed,acquire__L39,silent_gap,85,33.61176470588235
4e2b6e8adeade8f559c0da6d429461c538da6ec02491eeefe4b8edd90eea11ed,acquire__L39,burst_start_distance,85,35.45882352941177
4e2b6e8adeade8f559c0da6d429461c538da6ec02491eeefe4b8edd90eea11ed,report__L39,trigger_distance,53,55.15094339622642
4e2b6e8adeade8f559c0da6d429461c538da6ec02491eeefe4b8edd90eea11ed,report__L39,silent_gap,43,66.74418604651163
4e2b6e8adeade8f559c0da6d429461c538da6ec02491eeefe4b8edd90eea11ed,report__L39,burst_start_distance,43,67.93023255813954
4e2b6e8adeade8f559c0da6d429461c538da6ec02491eeefe4b8edd90eea11ed,motivated__L39,trigger_distance,237,11.983122362869198
4e2b6e8adeade8f559c0da6d429461c538da6ec02491eeefe4b8edd90eea11ed,motivated__L39,silent_gap,115,22.63478260869565
4e2b6e8adeade8f559c0da6d429461c538da6ec02491eeefe4b8edd90eea11ed,motivated__L39,burst_start_distance,115,24.68695652173913
c689dc4a2a9bf62492b134586538115f7b6432a8821d2b4b91acffee87ca082a,suite__L39,trigger_distance,276,15.02536231884058
c689dc4a2a9bf62492b134586538115f7b6432a8821d2b4b91acffee87ca082a,suite__L39,silent_gap,155,24.974193548387095
c689dc4a2a9bf62492b134586538115f7b6432a8821d2b4b91acffee87ca082a,suite__L39,burst_start_distance,155,26.73548387096774
c689dc4a2a9bf62492b134586538115f7b6432a8821d2b4b91acffee87ca082a,validator__L39,trigger_distance,207,19.666666666666668
c689dc4a2a9bf62492b134586538115f7b6432a8821d2b4b91acffee87ca082a,validator__L39,silent_gap,97,39.83505154639175
c689dc4a2a9bf62492b134586538115f7b6432a8821d2b4b91acffee87ca082a,validator__L39,burst_start_distance,97,41.91752577319588
c689dc4a2a9bf62492b134586538115f7b6432a8821d2b4b91acffee87ca082a,scorefile__L39,trigger_distance,213,19.384976525821596
c689dc4a2a9bf62492b134586538115f7b6432a8821d2b4b91acffee87ca082a,scorefile__L39,silent_gap,143,27.384615384615383
c689dc4a2a9bf62492b134586538115f7b6432a8821d2b4b91acffee87ca082a,scorefile__L39,burst_start_distance,143,28.853146853146853
c689dc4a2a9bf62492b134586538115f7b6432a8821d2b4b91acffee87ca082a,acquire__L39,trigger_distance,199,20.7035175879397
c689dc4a2a9bf62492b134586538115f7b6432a8821d2b4b91acffee87ca082a,acquire__L39,silent_gap,120,32.675
c689dc4a2a9bf62492b134586538115f7b6432a8821d2b4b91acffee87ca082a,acquire__L39,burst_start_distance,120,34.333333333333336
c689dc4a2a9bf62492b134586538115f7b6432a8821d2b4b91acffee87ca082a,report__L39,trigger_distance,332,12.331325301204819
c689dc4a2a9bf62492b134586538115f7b6432a8821d2b4b91acffee87ca082a,report__L39,silent_gap,118,31.88135593220339
c689dc4a2a9bf62492b134586538115f7b6432a8821d2b4b91acffee87ca082a,report__L39,burst_start_distance,118,34.57627118644068
c689dc4a2a9bf62492b134586538115f7b6432a8821d2b4b91acffee87ca082a,motivated__L39,trigger_distance,275,14.785454545454545
c689dc4a2a9bf62492b134586538115f7b6432a8821d2b4b91acffee87ca082a,motivated__L39,silent_gap,137,27.67153284671533
c689dc4a2a9bf62492b134586538115f7b6432a8821d2b4b91acffee87ca082a,motivated__L39,burst_start_distance,137,29.67883211678832
ef71df56eca31bd3828c80b26a355b44b2f62e8d4ca7460f67e9c4747abf5a22,suite__L39,trigger_distance,96,27.260416666666668
ef71df56eca31bd3828c80b26a355b44b2f62e8d4ca7460f67e9c4747abf5a22,suite__L39,silent_gap,44,57.29545454545455
ef71df56eca31bd3828c80b26a355b44b2f62e8d4ca7460f67e9c4747abf5a22,suite__L39,burst_start_distance,44,59.43181818181818
ef71df56eca31bd3828c80b26a355b44b2f62e8d4ca7460f67e9c4747abf5a22,validator__L39,trigger_distance,127,20.47244094488189
ef71df56eca31bd3828c80b26a355b44b2f62e8d4ca7460f67e9c4747abf5a22,validator__L39,silent_gap,58,42.63793103448276
ef71df56eca31bd3828c80b26a355b44b2f62e8d4ca7460f67e9c4747abf5a22,validator__L39,burst_start_distance,58,44.775862068965516
ef71df56eca31bd3828c80b26a355b44b2f62e8d4ca7460f67e9c4747abf5a22,scorefile__L39,trigger_distance,127,21.133858267716537
ef71df56eca31bd3828c80b26a355b44b2f62e8d4ca7460f67e9c4747abf5a22,scorefile__L39,silent_gap,76,33.64473684210526
ef71df56eca31bd3828c80b26a355b44b2f62e8d4ca7460f67e9c4747abf5a22,scorefile__L39,burst_start_distance,76,35.31578947368421
ef71df56eca31bd3828c80b26a355b44b2f62e8d4ca7460f67e9c4747abf5a22,acquire__L39,trigger_distance,113,22.513274336283185
ef71df56eca31bd3828c80b26a355b44b2f62e8d4ca7460f67e9c4747abf5a22,acquire__L39,silent_gap,72,33.763888888888886
ef71df56eca31bd3828c80b26a355b44b2f62e8d4ca7460f67e9c4747abf5a22,acquire__L39,burst_start_distance,72,35.333333333333336
ef71df56eca31bd3828c80b26a355b44b2f62e8d4ca7460f67e9c4747abf5a22,report__L39,trigger_distance,123,21.24390243902439
ef71df56eca31bd3828c80b26a355b44b2f62e8d4ca7460f67e9c4747abf5a22,report__L39,silent_gap,50,49.8
ef71df56eca31bd3828c80b26a355b44b2f62e8d4ca7460f67e9c4747abf5a22,report__L39,burst_start_distance,50,52.1
ef71df56eca31bd3828c80b26a355b44b2f62e8d4ca7460f67e9c4747abf5a22,motivated__L39,trigger_distance,156,16.346153846153847
ef71df56eca31bd3828c80b26a355b44b2f62e8d4ca7460f67e9c4747abf5a22,motivated__L39,silent_gap,92,26.02173913043478
ef71df56eca31bd3828c80b26a355b44b2f62e8d4ca7460f67e9c4747abf5a22,motivated__L39,burst_start_distance,92,27.706521739130434
e7ae301dc1ecf1f43fd4b39269f347bada57700af14fbea3045d5d97d0ba0aa0,suite__L39,trigger_distance,244,14.844262295081966
e7ae301dc1ecf1f43fd4b39269f347bada57700af14fbea3045d5d97d0ba0aa0,suite__L39,silent_gap,155,21.793548387096774
e7ae301dc1ecf1f43fd4b39269f347bada57700af14fbea3045d5d97d0ba0aa0,suite__L39,burst_start_distance,155,23.348387096774193
e7ae301dc1ecf1f43fd4b39269f347bada57700af14fbea3045d5d97d0ba0aa0,validator__L39,trigger_distance,175,20.382857142857144
e7ae301dc1ecf1f43fd4b39269f347bada57700af14fbea3045d5d97d0ba0aa0,validator__L39,silent_gap,86,39.44186046511628
e7ae301dc1ecf1f43fd4b39269f347bada57700af14fbea3045d5d97d0ba0aa0,validator__L39,burst_start_distance,86,41.47674418604651
e7ae301dc1ecf1f43fd4b39269f347bada57700af14fbea3045d5d97d0ba0aa0,scorefile__L39,trigger_distance,159,21.446540880503143
e7ae301dc1ecf1f43fd4b39269f347bada57700af14fbea3045d5d97d0ba0aa0,scorefile__L39,silent_gap,117,27.786324786324787
e7ae301dc1ecf1f43fd4b39269f347bada57700af14fbea3045d5d97d0ba0aa0,scorefile__L39,burst_start_distance,117,29.145299145299145
e7ae301dc1ecf1f43fd4b39269f347bada57700af14fbea3045d5d97d0ba0aa0,acquire__L39,trigger_distance,147,24.53061224489796
e7ae301dc1ecf1f43fd4b39269f347bada57700af14fbea3045d5d97d0ba0aa0,acquire__L39,silent_gap,95,36.410526315789475
e7ae301dc1ecf1f43fd4b39269f347bada57700af14fbea3045d5d97d0ba0aa0,acquire__L39,burst_start_distance,95,37.94736842105263
e7ae301dc1ecf1f43fd4b39269f347bada57700af14fbea3045d5d97d0ba0aa0,report__L39,trigger_distance,250,11.896
e7ae301dc1ecf1f43fd4b39269f347bada57700af14fbea3045d5d97d0ba0aa0,report__L39,silent_gap,98,27.79591836734694
e7ae301dc1ecf1f43fd4b39269f347bada57700af14fbea3045d5d97d0ba0aa0,report__L39,burst_start_distance,98,30.224489795918366
e7ae301dc1ecf1f43fd4b39269f347bada57700af14fbea3045d5d97d0ba0aa0,motivated__L39,trigger_distance,242,14.731404958677686
e7ae301dc1ecf1f43fd4b39269f347bada57700af14fbea3045d5d97d0ba0aa0,motivated__L39,silent_gap,131,25.366412213740457
e7ae301dc1ecf1f43fd4b39269f347bada57700af14fbea3045d5d97d0ba0aa0,motivated__L39,burst_start_distance,131,27.213740458015266
4e97d4670903f9c23eb153fdfa4bbe24fa84ad78c39d2e042bd63f40f0036052,suite__L39,trigger_distance,172,17.587209302325583
4e97d4670903f9c23eb153fdfa4bbe24fa84ad78c39d2e042bd63f40f0036052,suite__L39,silent_gap,117,24.384615384615383
4e97d4670903f9c23eb153fdfa4bbe24fa84ad78c39d2e042bd63f40f0036052,suite__L39,burst_start_distance,117,25.82905982905983
4e97d4670903f9c23eb153fdfa4bbe24fa84ad78c39d2e042bd63f40f0036052,validator__L39,trigger_distance,150,19.706666666666667
4e97d4670903f9c23eb153fdfa4bbe24fa84ad78c39d2e042bd63f40f0036052,validator__L39,silent_gap,68,41.26470588235294
4e97d4670903f9c23eb153fdfa4bbe24fa84ad78c39d2e042bd63f40f0036052,validator__L39,burst_start_distance,68,43.470588235294116
4e97d4670903f9c23eb153fdfa4bbe24fa84ad78c39d2e042bd63f40f0036052,scorefile__L39,trigger_distance,153,19.392156862745097
4e97d4670903f9c23eb153fdfa4bbe24fa84ad78c39d2e042bd63f40f0036052,scorefile__L39,silent_gap,104,27.057692307692307
4e97d4670903f9c23eb153fdfa4bbe24fa84ad78c39d2e042bd63f40f0036052,scorefile__L39,burst_start_distance,104,28.528846153846153
4e97d4670903f9c23eb153fdfa4bbe24fa84ad78c39d2e042bd63f40f0036052,acquire__L39,trigger_distance,130,22.323076923076922
4e97d4670903f9c23eb153fdfa4bbe24fa84ad78c39d2e042bd63f40f0036052,acquire__L39,silent_gap,84,33.0
4e97d4670903f9c23eb153fdfa4bbe24fa84ad78c39d2e042bd63f40f0036052,acquire__L39,burst_start_distance,84,34.54761904761905
4e97d4670903f9c23eb153fdfa4bbe24fa84ad78c39d2e042bd63f40f0036052,report__L39,trigger_distance,160,18.54375
4e97d4670903f9c23eb153fdfa4bbe24fa84ad78c39d2e042bd63f40f0036052,report__L39,silent_gap,72,38.986111111111114
4e97d4670903f9c23eb153fdfa4bbe24fa84ad78c39d2e042bd63f40f0036052,report__L39,burst_start_distance,72,40.94444444444444
4e97d4670903f9c23eb153fdfa4bbe24fa84ad78c39d2e042bd63f40f0036052,motivated__L39,trigger_distance,190,15.384210526315789
4e97d4670903f9c23eb153fdfa4bbe24fa84ad78c39d2e042bd63f40f0036052,motivated__L39,silent_gap,97,28.175257731958762
4e97d4670903f9c23eb153fdfa4bbe24fa84ad78c39d2e042bd63f40f0036052,motivated__L39,burst_start_distance,97,30.1340206185567
c38423897fea66d93484de07072b75c0094292c02d33299ca66df55289eb3890,suite__L39,trigger_distance,71,33.63380281690141
c38423897fea66d93484de07072b75c0094292c02d33299ca66df55289eb3890,suite__L39,silent_gap,47,49.297872340425535
c38423897fea66d93484de07072b75c0094292c02d33299ca66df55289eb3890,suite__L39,burst_start_distance,47,50.787234042553195
c38423897fea66d93484de07072b75c0094292c02d33299ca66df55289eb3890,validator__L39,trigger_distance,97,24.02061855670103
c38423897fea66d93484de07072b75c0094292c02d33299ca66df55289eb3890,validator__L39,silent_gap,60,37.21666666666667
c38423897fea66d93484de07072b75c0094292c02d33299ca66df55289eb3890,validator__L39,burst_start_distance,60,38.833333333333336
c38423897fea66d93484de07072b75c0094292c02d33299ca66df55289eb3890,scorefile__L39,trigger_distance,120,19.916666666666668
c38423897fea66d93484de07072b75c0094292c02d33299ca66df55289eb3890,scorefile__L39,silent_gap,77,29.48051948051948
c38423897fea66d93484de07072b75c0094292c02d33299ca66df55289eb3890,scorefile__L39,burst_start_distance,77,31.038961038961038
c38423897fea66d93484de07072b75c0094292c02d33299ca66df55289eb3890,acquire__L39,trigger_distance,167,13.694610778443113
c38423897fea66d93484de07072b75c0094292c02d33299ca66df55289eb3890,acquire__L39,silent_gap,98,21.632653061224488
c38423897fea66d93484de07072b75c0094292c02d33299ca66df55289eb3890,acquire__L39,burst_start_distance,98,23.336734693877553
c38423897fea66d93484de07072b75c0094292c02d33299ca66df55289eb3890,report__L39,trigger_distance,69,22.246376811594203
c38423897fea66d93484de07072b75c0094292c02d33299ca66df55289eb3890,report__L39,silent_gap,39,37.58974358974359
c38423897fea66d93484de07072b75c0094292c02d33299ca66df55289eb3890,report__L39,burst_start_distance,39,39.333333333333336
c38423897fea66d93484de07072b75c0094292c02d33299ca66df55289eb3890,motivated__L39,trigger_distance,169,13.502958579881657
c38423897fea66d93484de07072b75c0094292c02d33299ca66df55289eb3890,motivated__L39,silent_gap,87,24.28735632183908
c38423897fea66d93484de07072b75c0094292c02d33299ca66df55289eb3890,motivated__L39,burst_start_distance,87,26.20689655172414
d102c8e3cdbb837eb519dde852d1c5759594c791992bec20fbff8775811de68e,suite__L39,trigger_distance,85,28.95294117647059
d102c8e3cdbb837eb519dde852d1c5759594c791992bec20fbff8775811de68e,suite__L39,silent_gap,58,40.96551724137931
d102c8e3cdbb837eb519dde852d1c5759594c791992bec20fbff8775811de68e,suite__L39,burst_start_distance,58,42.41379310344828
d102c8e3cdbb837eb519dde852d1c5759594c791992bec20fbff8775811de68e,validator__L39,trigger_distance,82,29.524390243902438
d102c8e3cdbb837eb519dde852d1c5759594c791992bec20fbff8775811de68e,validator__L39,silent_gap,54,43.31481481481482
d102c8e3cdbb837eb519dde852d1c5759594c791992bec20fbff8775811de68e,validator__L39,burst_start_distance,54,44.833333333333336
d102c8e3cdbb837eb519dde852d1c5759594c791992bec20fbff8775811de68e,scorefile__L39,trigger_distance,117,21.00854700854701
d102c8e3cdbb837eb519dde852d1c5759594c791992bec20fbff8775811de68e,scorefile__L39,silent_gap,82,28.548780487804876
d102c8e3cdbb837eb519dde852d1c5759594c791992bec20fbff8775811de68e,scorefile__L39,burst_start_distance,82,29.975609756097562
d102c8e3cdbb837eb519dde852d1c5759594c791992bec20fbff8775811de68e,acquire__L39,trigger_distance,123,19.211382113821138
d102c8e3cdbb837eb519dde852d1c5759594c791992bec20fbff8775811de68e,acquire__L39,silent_gap,92,24.347826086956523
d102c8e3cdbb837eb519dde852d1c5759594c791992bec20fbff8775811de68e,acquire__L39,burst_start_distance,92,25.684782608695652
d102c8e3cdbb837eb519dde852d1c5759594c791992bec20fbff8775811de68e,report__L39,trigger_distance,84,28.80952380952381
d102c8e3cdbb837eb519dde852d1c5759594c791992bec20fbff8775811de68e,report__L39,silent_gap,46,50.78260869565217
d102c8e3cdbb837eb519dde852d1c5759594c791992bec20fbff8775811de68e,report__L39,burst_start_distance,46,52.58695652173913
d102c8e3cdbb837eb519dde852d1c5759594c791992bec20fbff8775811de68e,motivated__L39,trigger_distance,205,11.62439024390244
d102c8e3cdbb837eb519dde852d1c5759594c791992bec20fbff8775811de68e,motivated__L39,silent_gap,108,20.166666666666668
d102c8e3cdbb837eb519dde852d1c5759594c791992bec20fbff8775811de68e,motivated__L39,burst_start_distance,108,22.064814814814813
06b4ddd9127bdddfb60b94d8c1dab7160482e804963d6e05cb02df50272a311c,suite__L39,trigger_distance,104,24.307692307692307
06b4ddd9127bdddfb60b94d8c1dab7160482e804963d6e05cb02df50272a311c,suite__L39,silent_gap,62,39.096774193548384
06b4ddd9127bdddfb60b94d8c1dab7160482e804963d6e05cb02df50272a311c,suite__L39,burst_start_distance,62,40.774193548387096
06b4ddd9127bdddfb60b94d8c1dab7160482e804963d6e05cb02df50272a311c,validator__L39,trigger_distance,120,20.716666666666665
06b4ddd9127bdddfb60b94d8c1dab7160482e804963d6e05cb02df50272a311c,validator__L39,silent_gap,54,43.81481481481482
06b4ddd9127bdddfb60b94d8c1dab7160482e804963d6e05cb02df50272a311c,validator__L39,burst_start_distance,54,45.98148148148148
06b4ddd9127bdddfb60b94d8c1dab7160482e804963d6e05cb02df50272a311c,scorefile__L39,trigger_distance,164,15.5
06b4ddd9127bdddfb60b94d8c1dab7160482e804963d6e05cb02df50272a311c,scorefile__L39,silent_gap,94,25.29787234042553
06b4ddd9127bdddfb60b94d8c1dab7160482e804963d6e05cb02df50272a311c,scorefile__L39,burst_start_distance,94,27.04255319148936
06b4ddd9127bdddfb60b94d8c1dab7160482e804963d6e05cb02df50272a311c,acquire__L39,trigger_distance,113,22.530973451327434
06b4ddd9127bdddfb60b94d8c1dab7160482e804963d6e05cb02df50272a311c,acquire__L39,silent_gap,78,31.192307692307693
06b4ddd9127bdddfb60b94d8c1dab7160482e804963d6e05cb02df50272a311c,acquire__L39,burst_start_distance,78,32.64102564102564
06b4ddd9127bdddfb60b94d8c1dab7160482e804963d6e05cb02df50272a311c,report__L39,trigger_distance,64,38.84375
06b4ddd9127bdddfb60b94d8c1dab7160482e804963d6e05cb02df50272a311c,report__L39,silent_gap,37,65.45945945945945
06b4ddd9127bdddfb60b94d8c1dab7160482e804963d6e05cb02df50272a311c,report__L39,burst_start_distance,37,67.08108108108108
06b4ddd9127bdddfb60b94d8c1dab7160482e804963d6e05cb02df50272a311c,motivated__L39,trigger_distance,259,9.405405405405405
06b4ddd9127bdddfb60b94d8c1dab7160482e804963d6e05cb02df50272a311c,motivated__L39,silent_gap,120,18.141666666666666
06b4ddd9127bdddfb60b94d8c1dab7160482e804963d6e05cb02df50272a311c,motivated__L39,burst_start_distance,120,20.3
d3485fb658db3632ee20d4efade0f24842c58e210aa3f5667801f84b23d62948,suite__L39,trigger_distance,236,14.182203389830509
d3485fb658db3632ee20d4efade0f24842c58e210aa3f5667801f84b23d62948,suite__L39,silent_gap,126,24.69047619047619
d3485fb658db3632ee20d4efade0f24842c58e210aa3f5667801f84b23d62948,suite__L39,burst_start_distance,126,26.547619047619047
d3485fb658db3632ee20d4efade0f24842c58e210aa3f5667801f84b23d62948,validator__L39,trigger_distance,154,14.584415584415584
d3485fb658db3632ee20d4efade0f24842c58e210aa3f5667801f84b23d62948,validator__L39,silent_gap,65,32.184615384615384
d3485fb658db3632ee20d4efade0f24842c58e210aa3f5667801f84b23d62948,validator__L39,burst_start_distance,65,34.55384615384615
d3485fb658db3632ee20d4efade0f24842c58e210aa3f5667801f84b23d62948,scorefile__L39,trigger_distance,182,18.46153846153846
d3485fb658db3632ee20d4efade0f24842c58e210aa3f5667801f84b23d62948,scorefile__L39,silent_gap,104,30.557692307692307
d3485fb658db3632ee20d4efade0f24842c58e210aa3f5667801f84b23d62948,scorefile__L39,burst_start_distance,104,32.30769230769231
d3485fb658db3632ee20d4efade0f24842c58e210aa3f5667801f84b23d62948,acquire__L39,trigger_distance,138,23.32608695652174
d3485fb658db3632ee20d4efade0f24842c58e210aa3f5667801f84b23d62948,acquire__L39,silent_gap,86,35.825581395348834
d3485fb658db3632ee20d4efade0f24842c58e210aa3f5667801f84b23d62948,acquire__L39,burst_start_distance,86,37.43023255813954
d3485fb658db3632ee20d4efade0f24842c58e210aa3f5667801f84b23d62948,report__L39,trigger_distance,257,12.778210116731518
d3485fb658db3632ee20d4efade0f24842c58e210aa3f5667801f84b23d62948,report__L39,silent_gap,78,38.80769230769231
d3485fb658db3632ee20d4efade0f24842c58e210aa3f5667801f84b23d62948,report__L39,burst_start_distance,78,42.06410256410256
d3485fb658db3632ee20d4efade0f24842c58e210aa3f5667801f84b23d62948,motivated__L39,trigger_distance,194,15.927835051546392
d3485fb658db3632ee20d4efade0f24842c58e210aa3f5667801f84b23d62948,motivated__L39,silent_gap,108,26.814814814814813
d3485fb658db3632ee20d4efade0f24842c58e210aa3f5667801f84b23d62948,motivated__L39,burst_start_distance,108,28.61111111111111
887fc450a61222487810a1b9076fa6f4e84f8162c1da458ed57d7c6bf77c5993,suite__L39,trigger_distance,223,17.58744394618834
887fc450a61222487810a1b9076fa6f4e84f8162c1da458ed57d7c6bf77c5993,suite__L39,silent_gap,146,25.335616438356166
887fc450a61222487810a1b9076fa6f4e84f8162c1da458ed57d7c6bf77c5993,suite__L39,burst_start_distance,146,26.863013698630137
887fc450a61222487810a1b9076fa6f4e84f8162c1da458ed57d7c6bf77c5993,validator__L39,trigger_distance,164,23.23780487804878
887fc450a61222487810a1b9076fa6f4e84f8162c1da458ed57d7c6bf77c5993,validator__L39,silent_gap,86,42.406976744186046
887fc450a61222487810a1b9076fa6f4e84f8162c1da458ed57d7c6bf77c5993,validator__L39,burst_start_distance,86,44.31395348837209
887fc450a61222487810a1b9076fa6f4e84f8162c1da458ed57d7c6bf77c5993,scorefile__L39,trigger_distance,213,18.450704225352112
887fc450a61222487810a1b9076fa6f4e84f8162c1da458ed57d7c6bf77c5993,scorefile__L39,silent_gap,128,29.0390625
887fc450a61222487810a1b9076fa6f4e84f8162c1da458ed57d7c6bf77c5993,scorefile__L39,burst_start_distance,128,30.703125
887fc450a61222487810a1b9076fa6f4e84f8162c1da458ed57d7c6bf77c5993,acquire__L39,trigger_distance,213,18.488262910798124
887fc450a61222487810a1b9076fa6f4e84f8162c1da458ed57d7c6bf77c5993,acquire__L39,silent_gap,117,31.837606837606838
887fc450a61222487810a1b9076fa6f4e84f8162c1da458ed57d7c6bf77c5993,acquire__L39,burst_start_distance,117,33.65811965811966
887fc450a61222487810a1b9076fa6f4e84f8162c1da458ed57d7c6bf77c5993,report__L39,trigger_distance,138,27.971014492753625
887fc450a61222487810a1b9076fa6f4e84f8162c1da458ed57d7c6bf77c5993,report__L39,silent_gap,69,53.94202898550725
887fc450a61222487810a1b9076fa6f4e84f8162c1da458ed57d7c6bf77c5993,report__L39,burst_start_distance,69,55.89855072463768
887fc450a61222487810a1b9076fa6f4e84f8162c1da458ed57d7c6bf77c5993,motivated__L39,trigger_distance,277,13.945848375451263
887fc450a61222487810a1b9076fa6f4e84f8162c1da458ed57d7c6bf77c5993,motivated__L39,silent_gap,146,24.561643835616437
887fc450a61222487810a1b9076fa6f4e84f8162c1da458ed57d7c6bf77c5993,motivated__L39,burst_start_distance,146,26.45205479452055
82611063f9257d8e0ab07efc7e99c8ed4522b89f6caf878f87a5e8e9e776eea8,suite__L39,trigger_distance,173,18.791907514450866
82611063f9257d8e0ab07efc7e99c8ed4522b89f6caf878f87a5e8e9e776eea8,suite__L39,silent_gap,113,27.238938053097346
82611063f9257d8e0ab07efc7e99c8ed4522b89f6caf878f87a5e8e9e776eea8,suite__L39,burst_start_distance,113,28.76991150442478
82611063f9257d8e0ab07efc7e99c8ed4522b89f6caf878f87a5e8e9e776eea8,validator__L39,trigger_distance,181,17.668508287292816
82611063f9257d8e0ab07efc7e99c8ed4522b89f6caf878f87a5e8e9e776eea8,validator__L39,silent_gap,102,29.57843137254902
82611063f9257d8e0ab07efc7e99c8ed4522b89f6caf878f87a5e8e9e776eea8,validator__L39,burst_start_distance,102,31.34313725490196
82611063f9257d8e0ab07efc7e99c8ed4522b89f6caf878f87a5e8e9e776eea8,scorefile__L39,trigger_distance,145,22.179310344827588
82611063f9257d8e0ab07efc7e99c8ed4522b89f6caf878f87a5e8e9e776eea8,scorefile__L39,silent_gap,93,33.02150537634409
82611063f9257d8e0ab07efc7e99c8ed4522b89f6caf878f87a5e8e9e776eea8,scorefile__L39,burst_start_distance,93,34.53763440860215
82611063f9257d8e0ab07efc7e99c8ed4522b89f6caf878f87a5e8e9e776eea8,acquire__L39,trigger_distance,137,23.416058394160583
82611063f9257d8e0ab07efc7e99c8ed4522b89f6caf878f87a5e8e9e776eea8,acquire__L39,silent_gap,99,31.02020202020202
82611063f9257d8e0ab07efc7e99c8ed4522b89f6caf878f87a5e8e9e776eea8,acquire__L39,burst_start_distance,99,32.4040404040404
82611063f9257d8e0ab07efc7e99c8ed4522b89f6caf878f87a5e8e9e776eea8,report__L39,trigger_distance,211,15.218009478672986
82611063f9257d8e0ab07efc7e99c8ed4522b89f6caf878f87a5e8e9e776eea8,report__L39,silent_gap,73,41.0958904109589
82611063f9257d8e0ab07efc7e99c8ed4522b89f6caf878f87a5e8e9e776eea8,report__L39,burst_start_distance,73,43.726027397260275
82611063f9257d8e0ab07efc7e99c8ed4522b89f6caf878f87a5e8e9e776eea8,motivated__L39,trigger_distance,278,11.39568345323741
82611063f9257d8e0ab07efc7e99c8ed4522b89f6caf878f87a5e8e9e776eea8,motivated__L39,silent_gap,139,20.79136690647482
82611063f9257d8e0ab07efc7e99c8ed4522b89f6caf878f87a5e8e9e776eea8,motivated__L39,burst_start_distance,139,22.784172661870503
9d6e4863f1979f3acb0ca971d8528927647e39d2b4383f538815a39e4c5375d6,suite__L39,trigger_distance,183,21.491803278688526
9d6e4863f1979f3acb0ca971d8528927647e39d2b4383f538815a39e4c5375d6,suite__L39,silent_gap,132,28.40909090909091
9d6e4863f1979f3acb0ca971d8528927647e39d2b4383f538815a39e4c5375d6,suite__L39,burst_start_distance,132,29.765151515151516
9d6e4863f1979f3acb0ca971d8528927647e39d2b4383f538815a39e4c5375d6,validator__L39,trigger_distance,213,17.366197183098592
9d6e4863f1979f3acb0ca971d8528927647e39d2b4383f538815a39e4c5375d6,validator__L39,silent_gap,101,34.51485148514851
9d6e4863f1979f3acb0ca971d8528927647e39d2b4383f538815a39e4c5375d6,validator__L39,burst_start_distance,101,36.603960396039604
9d6e4863f1979f3acb0ca971d8528927647e39d2b4383f538815a39e4c5375d6,scorefile__L39,trigger_distance,182,21.208791208791208
9d6e4863f1979f3acb0ca971d8528927647e39d2b4383f538815a39e4c5375d6,scorefile__L39,silent_gap,128,28.734375
9d6e4863f1979f3acb0ca971d8528927647e39d2b4383f538815a39e4c5375d6,scorefile__L39,burst_start_distance,128,30.15625
9d6e4863f1979f3acb0ca971d8528927647e39d2b4383f538815a39e4c5375d6,acquire__L39,trigger_distance,143,26.90909090909091
9d6e4863f1979f3acb0ca971d8528927647e39d2b4383f538815a39e4c5375d6,acquire__L39,silent_gap,105,35.285714285714285
9d6e4863f1979f3acb0ca971d8528927647e39d2b4383f538815a39e4c5375d6,acquire__L39,burst_start_distance,105,36.647619047619045
9d6e4863f1979f3acb0ca971d8528927647e39d2b4383f538815a39e4c5375d6,report__L39,trigger_distance,227,17.158590308370044
9d6e4863f1979f3acb0ca971d8528927647e39d2b4383f538815a39e4c5375d6,report__L39,silent_gap,96,38.208333333333336
9d6e4863f1979f3acb0ca971d8528927647e39d2b4383f538815a39e4c5375d6,report__L39,burst_start_distance,96,40.427083333333336
9d6e4863f1979f3acb0ca971d8528927647e39d2b4383f538815a39e4c5375d6,motivated__L39,trigger_distance,257,14.95330739299611
9d6e4863f1979f3acb0ca971d8528927647e39d2b4383f538815a39e4c5375d6,motivated__L39,silent_gap,136,26.36764705882353
9d6e4863f1979f3acb0ca971d8528927647e39d2b4383f538815a39e4c5375d6,motivated__L39,burst_start_distance,136,28.25735294117647
d907a6f719d75a57317c610da0f2a00263b5e4702a74b33d4a155d9964761bb1,suite__L39,trigger_distance,84,27.88095238095238
d907a6f719d75a57317c610da0f2a00263b5e4702a74b33d4a155d9964761bb1,suite__L39,silent_gap,58,38.93103448275862
d907a6f719d75a57317c610da0f2a00263b5e4702a74b33d4a155d9964761bb1,suite__L39,burst_start_distance,58,40.37931034482759
d907a6f719d75a57317c610da0f2a00263b5e4702a74b33d4a155d9964761bb1,validator__L39,trigger_distance,108,21.462962962962962
d907a6f719d75a57317c610da0f2a00263b5e4702a74b33d4a155d9964761bb1,validator__L39,silent_gap,46,48.04347826086956
d907a6f719d75a57317c610da0f2a00263b5e4702a74b33d4a155d9964761bb1,validator__L39,burst_start_distance,46,50.34782608695652
d907a6f719d75a57317c610da0f2a00263b5e4702a74b33d4a155d9964761bb1,scorefile__L39,trigger_distance,116,20.801724137931036
d907a6f719d75a57317c610da0f2a00263b5e4702a74b33d4a155d9964761bb1,scorefile__L39,silent_gap,73,31.465753424657535
d907a6f719d75a57317c610da0f2a00263b5e4702a74b33d4a155d9964761bb1,scorefile__L39,burst_start_distance,73,33.054794520547944
d907a6f719d75a57317c610da0f2a00263b5e4702a74b33d4a155d9964761bb1,acquire__L39,trigger_distance,112,21.0
d907a6f719d75a57317c610da0f2a00263b5e4702a74b33d4a155d9964761bb1,acquire__L39,silent_gap,67,33.43283582089552
d907a6f719d75a57317c610da0f2a00263b5e4702a74b33d4a155d9964761bb1,acquire__L39,burst_start_distance,67,35.08955223880597
d907a6f719d75a57317c610da0f2a00263b5e4702a74b33d4a155d9964761bb1,report__L39,trigger_distance,75,31.026666666666667
d907a6f719d75a57317c610da0f2a00263b5e4702a74b33d4a155d9964761bb1,report__L39,silent_gap,45,50.044444444444444
d907a6f719d75a57317c610da0f2a00263b5e4702a74b33d4a155d9964761bb1,report__L39,burst_start_distance,45,51.68888888888889
d907a6f719d75a57317c610da0f2a00263b5e4702a74b33d4a155d9964761bb1,motivated__L39,trigger_distance,121,18.90909090909091
d907a6f719d75a57317c610da0f2a00263b5e4702a74b33d4a155d9964761bb1,motivated__L39,silent_gap,72,30.09722222222222
d907a6f719d75a57317c610da0f2a00263b5e4702a74b33d4a155d9964761bb1,motivated__L39,burst_start_distance,72,31.77777777777778
cb7936bac9d653c74dd21412377b8c7d9b628581c3e92a542b9353c484e2e133,suite__L39,trigger_distance,52,36.19230769230769
cb7936bac9d653c74dd21412377b8c7d9b628581c3e92a542b9353c484e2e133,suite__L39,silent_gap,35,52.285714285714285
cb7936bac9d653c74dd21412377b8c7d9b628581c3e92a542b9353c484e2e133,suite__L39,burst_start_distance,35,53.77142857142857
cb7936bac9d653c74dd21412377b8c7d9b628581c3e92a542b9353c484e2e133,validator__L39,trigger_distance,92,15.554347826086957
cb7936bac9d653c74dd21412377b8c7d9b628581c3e92a542b9353c484e2e133,validator__L39,silent_gap,48,27.895833333333332
cb7936bac9d653c74dd21412377b8c7d9b628581c3e92a542b9353c484e2e133,validator__L39,burst_start_distance,48,29.729166666666668
cb7936bac9d653c74dd21412377b8c7d9b628581c3e92a542b9353c484e2e133,scorefile__L39,trigger_distance,78,24.615384615384617
cb7936bac9d653c74dd21412377b8c7d9b628581c3e92a542b9353c484e2e133,scorefile__L39,silent_gap,55,33.49090909090909
cb7936bac9d653c74dd21412377b8c7d9b628581c3e92a542b9353c484e2e133,scorefile__L39,burst_start_distance,55,34.90909090909091
cb7936bac9d653c74dd21412377b8c7d9b628581c3e92a542b9353c484e2e133,acquire__L39,trigger_distance,82,23.463414634146343
cb7936bac9d653c74dd21412377b8c7d9b628581c3e92a542b9353c484e2e133,acquire__L39,silent_gap,55,33.49090909090909
cb7936bac9d653c74dd21412377b8c7d9b628581c3e92a542b9353c484e2e133,acquire__L39,burst_start_distance,55,34.981818181818184
cb7936bac9d653c74dd21412377b8c7d9b628581c3e92a542b9353c484e2e133,report__L39,trigger_distance,62,29.661290322580644
cb7936bac9d653c74dd21412377b8c7d9b628581c3e92a542b9353c484e2e133,report__L39,silent_gap,31,57.32258064516129
cb7936bac9d653c74dd21412377b8c7d9b628581c3e92a542b9353c484e2e133,report__L39,burst_start_distance,31,59.096774193548384
cb7936bac9d653c74dd21412377b8c7d9b628581c3e92a542b9353c484e2e133,motivated__L39,trigger_distance,143,12.48951048951049
cb7936bac9d653c74dd21412377b8c7d9b628581c3e92a542b9353c484e2e133,motivated__L39,silent_gap,76,21.61842105263158
cb7936bac9d653c74dd21412377b8c7d9b628581c3e92a542b9353c484e2e133,motivated__L39,burst_start_distance,76,23.5
e6f2a6f75af0dd4ed72426205457affb30bc75d340190539fdf63c325aa6d0e2,suite__L39,trigger_distance,102,21.372549019607842
e6f2a6f75af0dd4ed72426205457affb30bc75d340190539fdf63c325aa6d0e2,suite__L39,silent_gap,70,29.685714285714287
e6f2a6f75af0dd4ed72426205457affb30bc75d340190539fdf63c325aa6d0e2,suite__L39,burst_start_distance,70,31.114285714285714
e6f2a6f75af0dd4ed72426205457affb30bc75d340190539fdf63c325aa6d0e2,validator__L39,trigger_distance,56,34.142857142857146
e6f2a6f75af0dd4ed72426205457affb30bc75d340190539fdf63c325aa6d0e2,validator__L39,silent_gap,33,56.24242424242424
e6f2a6f75af0dd4ed72426205457affb30bc75d340190539fdf63c325aa6d0e2,validator__L39,burst_start_distance,33,57.93939393939394
e6f2a6f75af0dd4ed72426205457affb30bc75d340190539fdf63c325aa6d0e2,scorefile__L39,trigger_distance,85,25.611764705882354
e6f2a6f75af0dd4ed72426205457affb30bc75d340190539fdf63c325aa6d0e2,scorefile__L39,silent_gap,55,38.03636363636364
e6f2a6f75af0dd4ed72426205457affb30bc75d340190539fdf63c325aa6d0e2,scorefile__L39,burst_start_distance,55,39.56363636363636
e6f2a6f75af0dd4ed72426205457affb30bc75d340190539fdf63c325aa6d0e2,acquire__L39,trigger_distance,90,22.977777777777778
e6f2a6f75af0dd4ed72426205457affb30bc75d340190539fdf63c325aa6d0e2,acquire__L39,silent_gap,64,30.90625
e6f2a6f75af0dd4ed72426205457affb30bc75d340190539fdf63c325aa6d0e2,acquire__L39,burst_start_distance,64,32.296875
e6f2a6f75af0dd4ed72426205457affb30bc75d340190539fdf63c325aa6d0e2,report__L39,trigger_distance,156,13.58974358974359
e6f2a6f75af0dd4ed72426205457affb30bc75d340190539fdf63c325aa6d0e2,report__L39,silent_gap,56,35.07142857142857
e6f2a6f75af0dd4ed72426205457affb30bc75d340190539fdf63c325aa6d0e2,report__L39,burst_start_distance,56,37.589285714285715
e6f2a6f75af0dd4ed72426205457affb30bc75d340190539fdf63c325aa6d0e2,motivated__L39,trigger_distance,103,20.368932038834952
e6f2a6f75af0dd4ed72426205457affb30bc75d340190539fdf63c325aa6d0e2,motivated__L39,silent_gap,56,35.625
e6f2a6f75af0dd4ed72426205457affb30bc75d340190539fdf63c325aa6d0e2,motivated__L39,burst_start_distance,56,37.464285714285715
9e282b9d631b394b6edc8985962a19349aa1a610e2be7b6cd5312a222184831c,suite__L39,trigger_distance,290,16.617241379310343
9e282b9d631b394b6edc8985962a19349aa1a610e2be7b6cd5312a222184831c,suite__L39,silent_gap,177,25.587570621468927
9e282b9d631b394b6edc8985962a19349aa1a610e2be7b6cd5312a222184831c,suite__L39,burst_start_distance,177,27.225988700564972
9e282b9d631b394b6edc8985962a19349aa1a610e2be7b6cd5312a222184831c,validator__L39,trigger_distance,260,18.415384615384614
9e282b9d631b394b6edc8985962a19349aa1a610e2be7b6cd5312a222184831c,validator__L39,silent_gap,117,38.7008547008547
9e282b9d631b394b6edc8985962a19349aa1a610e2be7b6cd5312a222184831c,validator__L39,burst_start_distance,117,40.92307692307692
9e282b9d631b394b6edc8985962a19349aa1a610e2be7b6cd5312a222184831c,scorefile__L39,trigger_distance,286,17.08041958041958
9e282b9d631b394b6edc8985962a19349aa1a610e2be7b6cd5312a222184831c,scorefile__L39,silent_gap,160,28.74375
9e282b9d631b394b6edc8985962a19349aa1a610e2be7b6cd5312a222184831c,scorefile__L39,burst_start_distance,160,30.53125
9e282b9d631b394b6edc8985962a19349aa1a610e2be7b6cd5312a222184831c,acquire__L39,trigger_distance,218,22.18348623853211
9e282b9d631b394b6edc8985962a19349aa1a610e2be7b6cd5312a222184831c,acquire__L39,silent_gap,140,32.98571428571429
9e282b9d631b394b6edc8985962a19349aa1a610e2be7b6cd5312a222184831c,acquire__L39,burst_start_distance,140,34.542857142857144
9e282b9d631b394b6edc8985962a19349aa1a610e2be7b6cd5312a222184831c,report__L39,trigger_distance,225,21.244444444444444
9e282b9d631b394b6edc8985962a19349aa1a610e2be7b6cd5312a222184831c,report__L39,silent_gap,104,43.79807692307692
9e282b9d631b394b6edc8985962a19349aa1a610e2be7b6cd5312a222184831c,report__L39,burst_start_distance,104,45.91346153846154
9e282b9d631b394b6edc8985962a19349aa1a610e2be7b6cd5312a222184831c,motivated__L39,trigger_distance,305,15.308196721311475
9e282b9d631b394b6edc8985962a19349aa1a610e2be7b6cd5312a222184831c,motivated__L39,silent_gap,160,27.275
9e282b9d631b394b6edc8985962a19349aa1a610e2be7b6cd5312a222184831c,motivated__L39,burst_start_distance,160,29.18125
a7ff4cba677aef84d4e5b0997650c125fcf85b9fe5fa4aec30d98dabd3248172,suite__L39,trigger_distance,65,40.215384615384615
a7ff4cba677aef84d4e5b0997650c125fcf85b9fe5fa4aec30d98dabd3248172,suite__L39,silent_gap,48,53.104166666666664
a7ff4cba677aef84d4e5b0997650c125fcf85b9fe5fa4aec30d98dabd3248172,suite__L39,burst_start_distance,48,54.416666666666664
a7ff4cba677aef84d4e5b0997650c125fcf85b9fe5fa4aec30d98dabd3248172,validator__L39,trigger_distance,76,28.526315789473685
a7ff4cba677aef84d4e5b0997650c125fcf85b9fe5fa4aec30d98dabd3248172,validator__L39,silent_gap,41,51.02439024390244
a7ff4cba677aef84d4e5b0997650c125fcf85b9fe5fa4aec30d98dabd3248172,validator__L39,burst_start_distance,41,52.829268292682926
a7ff4cba677aef84d4e5b0997650c125fcf85b9fe5fa4aec30d98dabd3248172,scorefile__L39,trigger_distance,101,26.06930693069307
a7ff4cba677aef84d4e5b0997650c125fcf85b9fe5fa4aec30d98dabd3248172,scorefile__L39,silent_gap,80,31.65
a7ff4cba677aef84d4e5b0997650c125fcf85b9fe5fa4aec30d98dabd3248172,scorefile__L39,burst_start_distance,80,32.9125
a7ff4cba677aef84d4e5b0997650c125fcf85b9fe5fa4aec30d98dabd3248172,acquire__L39,trigger_distance,103,25.601941747572816
a7ff4cba677aef84d4e5b0997650c125fcf85b9fe5fa4aec30d98dabd3248172,acquire__L39,silent_gap,79,32.075949367088604
a7ff4cba677aef84d4e5b0997650c125fcf85b9fe5fa4aec30d98dabd3248172,acquire__L39,burst_start_distance,79,33.379746835443036
a7ff4cba677aef84d4e5b0997650c125fcf85b9fe5fa4aec30d98dabd3248172,report__L39,trigger_distance,74,27.54054054054054
a7ff4cba677aef84d4e5b0997650c125fcf85b9fe5fa4aec30d98dabd3248172,report__L39,silent_gap,45,43.644444444444446
a7ff4cba677aef84d4e5b0997650c125fcf85b9fe5fa4aec30d98dabd3248172,report__L39,burst_start_distance,45,45.22222222222222
a7ff4cba677aef84d4e5b0997650c125fcf85b9fe5fa4aec30d98dabd3248172,motivated__L39,trigger_distance,186,13.801075268817204
a7ff4cba677aef84d4e5b0997650c125fcf85b9fe5fa4aec30d98dabd3248172,motivated__L39,silent_gap,97,24.54639175257732
a7ff4cba677aef84d4e5b0997650c125fcf85b9fe5fa4aec30d98dabd3248172,motivated__L39,burst_start_distance,97,26.463917525773194
7527a788a97c04b2058eeaa019728eca043d2c154424d1bcd5f5c5381f38e135,suite__L39,trigger_distance,61,30.852459016393443
7527a788a97c04b2058eeaa019728eca043d2c154424d1bcd5f5c5381f38e135,suite__L39,silent_gap,49,37.16326530612245
7527a788a97c04b2058eeaa019728eca043d2c154424d1bcd5f5c5381f38e135,suite__L39,burst_start_distance,49,38.40816326530612
7527a788a97c04b2058eeaa019728eca043d2c154424d1bcd5f5c5381f38e135,validator__L39,trigger_distance,71,25.3943661971831
7527a788a97c04b2058eeaa019728eca043d2c154424d1bcd5f5c5381f38e135,validator__L39,silent_gap,40,43.3
7527a788a97c04b2058eeaa019728eca043d2c154424d1bcd5f5c5381f38e135,validator__L39,burst_start_distance,40,45.075
7527a788a97c04b2058eeaa019728eca043d2c154424d1bcd5f5c5381f38e135,scorefile__L39,trigger_distance,107,17.57943925233645
7527a788a97c04b2058eeaa019728eca043d2c154424d1bcd5f5c5381f38e135,scorefile__L39,silent_gap,72,24.63888888888889
7527a788a97c04b2058eeaa019728eca043d2c154424d1bcd5f5c5381f38e135,scorefile__L39,burst_start_distance,72,26.11111111111111
7527a788a97c04b2058eeaa019728eca043d2c154424d1bcd5f5c5381f38e135,acquire__L39,trigger_distance,88,20.397727272727273
7527a788a97c04b2058eeaa019728eca043d2c154424d1bcd5f5c5381f38e135,acquire__L39,silent_gap,65,26.26153846153846
7527a788a97c04b2058eeaa019728eca043d2c154424d1bcd5f5c5381f38e135,acquire__L39,burst_start_distance,65,27.615384615384617
7527a788a97c04b2058eeaa019728eca043d2c154424d1bcd5f5c5381f38e135,report__L39,trigger_distance,49,36.95918367346939
7527a788a97c04b2058eeaa019728eca043d2c154424d1bcd5f5c5381f38e135,report__L39,silent_gap,28,62.92857142857143
7527a788a97c04b2058eeaa019728eca043d2c154424d1bcd5f5c5381f38e135,report__L39,burst_start_distance,28,64.35714285714286
7527a788a97c04b2058eeaa019728eca043d2c154424d1bcd5f5c5381f38e135,motivated__L39,trigger_distance,116,15.543103448275861
7527a788a97c04b2058eeaa019728eca043d2c154424d1bcd5f5c5381f38e135,motivated__L39,silent_gap,63,26.77777777777778
7527a788a97c04b2058eeaa019728eca043d2c154424d1bcd5f5c5381f38e135,motivated__L39,burst_start_distance,63,28.61904761904762
ae6461f2eb1d919f064b9601679a9c48d82e6f8feae8cbcf5ecc962f3e6e658e,suite__L39,trigger_distance,225,15.933333333333334
ae6461f2eb1d919f064b9601679a9c48d82e6f8feae8cbcf5ecc962f3e6e658e,suite__L39,silent_gap,123,27.317073170731707
ae6461f2eb1d919f064b9601679a9c48d82e6f8feae8cbcf5ecc962f3e6e658e,suite__L39,burst_start_distance,123,29.121951219512194
ae6461f2eb1d919f064b9601679a9c48d82e6f8feae8cbcf5ecc962f3e6e658e,validator__L39,trigger_distance,142,25.049295774647888
ae6461f2eb1d919f064b9601679a9c48d82e6f8feae8cbcf5ecc962f3e6e658e,validator__L39,silent_gap,71,48.098591549295776
ae6461f2eb1d919f064b9601679a9c48d82e6f8feae8cbcf5ecc962f3e6e658e,validator__L39,burst_start_distance,71,50.098591549295776
ae6461f2eb1d919f064b9601679a9c48d82e6f8feae8cbcf5ecc962f3e6e658e,scorefile__L39,trigger_distance,164,21.585365853658537
ae6461f2eb1d919f064b9601679a9c48d82e6f8feae8cbcf5ecc962f3e6e658e,scorefile__L39,silent_gap,120,28.133333333333333
ae6461f2eb1d919f064b9601679a9c48d82e6f8feae8cbcf5ecc962f3e6e658e,scorefile__L39,burst_start_distance,120,29.5
ae6461f2eb1d919f064b9601679a9c48d82e6f8feae8cbcf5ecc962f3e6e658e,acquire__L39,trigger_distance,189,18.862433862433864
ae6461f2eb1d919f064b9601679a9c48d82e6f8feae8cbcf5ecc962f3e6e658e,acquire__L39,silent_gap,114,29.614035087719298
ae6461f2eb1d919f064b9601679a9c48d82e6f8feae8cbcf5ecc962f3e6e658e,acquire__L39,burst_start_distance,114,31.271929824561404
ae6461f2eb1d919f064b9601679a9c48d82e6f8feae8cbcf5ecc962f3e6e658e,report__L39,trigger_distance,224,15.053571428571429
ae6461f2eb1d919f064b9601679a9c48d82e6f8feae8cbcf5ecc962f3e6e658e,report__L39,silent_gap,75,41.973333333333336
ae6461f2eb1d919f064b9601679a9c48d82e6f8feae8cbcf5ecc962f3e6e658e,report__L39,burst_start_distance,75,44.8
ae6461f2eb1d919f064b9601679a9c48d82e6f8feae8cbcf5ecc962f3e6e658e,motivated__L39,trigger_distance,174,19.93103448275862
ae6461f2eb1d919f064b9601679a9c48d82e6f8feae8cbcf5ecc962f3e6e658e,motivated__L39,silent_gap,98,33.61224489795919
ae6461f2eb1d919f064b9601679a9c48d82e6f8feae8cbcf5ecc962f3e6e658e,motivated__L39,burst_start_distance,98,35.37755102040816
7f93064000d0c7bd79efeadeb779199c66c3f730722a5d17e8bc6845565a4da3,suite__L39,trigger_distance,226,16.26991150442478
7f93064000d0c7bd79efeadeb779199c66c3f730722a5d17e8bc6845565a4da3,suite__L39,silent_gap,156,22.121794871794872
7f93064000d0c7bd79efeadeb779199c66c3f730722a5d17e8bc6845565a4da3,suite__L39,burst_start_distance,156,23.55128205128205
7f93064000d0c7bd79efeadeb779199c66c3f730722a5d17e8bc6845565a4da3,validator__L39,trigger_distance,197,17.573604060913706
7f93064000d0c7bd79efeadeb779199c66c3f730722a5d17e8bc6845565a4da3,validator__L39,silent_gap,87,37.52873563218391
7f93064000d0c7bd79efeadeb779199c66c3f730722a5d17e8bc6845565a4da3,validator__L39,burst_start_distance,87,39.793103448275865
7f93064000d0c7bd79efeadeb779199c66c3f730722a5d17e8bc6845565a4da3,scorefile__L39,trigger_distance,200,17.885
7f93064000d0c7bd79efeadeb779199c66c3f730722a5d17e8bc6845565a4da3,scorefile__L39,silent_gap,138,24.471014492753625
7f93064000d0c7bd79efeadeb779199c66c3f730722a5d17e8bc6845565a4da3,scorefile__L39,burst_start_distance,138,25.91304347826087
7f93064000d0c7bd79efeadeb779199c66c3f730722a5d17e8bc6845565a4da3,acquire__L39,trigger_distance,173,19.76878612716763
7f93064000d0c7bd79efeadeb779199c66c3f730722a5d17e8bc6845565a4da3,acquire__L39,silent_gap,92,35.29347826086956
7f93064000d0c7bd79efeadeb779199c66c3f730722a5d17e8bc6845565a4da3,acquire__L39,burst_start_distance,92,37.17391304347826
7f93064000d0c7bd79efeadeb779199c66c3f730722a5d17e8bc6845565a4da3,report__L39,trigger_distance,195,17.764102564102565
7f93064000d0c7bd79efeadeb779199c66c3f730722a5d17e8bc6845565a4da3,report__L39,silent_gap,79,41.379746835443036
7f93064000d0c7bd79efeadeb779199c66c3f730722a5d17e8bc6845565a4da3,report__L39,burst_start_distance,79,43.74683544303797
7f93064000d0c7bd79efeadeb779199c66c3f730722a5d17e8bc6845565a4da3,motivated__L39,trigger_distance,285,12.575438596491228
7f93064000d0c7bd79efeadeb779199c66c3f730722a5d17e8bc6845565a4da3,motivated__L39,silent_gap,149,22.140939597315437
7f93064000d0c7bd79efeadeb779199c66c3f730722a5d17e8bc6845565a4da3,motivated__L39,burst_start_distance,149,24.053691275167786
b064b8e606b99ca2641a7b578434a5ca5932f4431236353a1343a65933b367cf,suite__L39,trigger_distance,224,17.151785714285715
b064b8e606b99ca2641a7b578434a5ca5932f4431236353a1343a65933b367cf,suite__L39,silent_gap,122,29.65573770491803
b064b8e606b99ca2641a7b578434a5ca5932f4431236353a1343a65933b367cf,suite__L39,burst_start_distance,122,31.4672131147541
b064b8e606b99ca2641a7b578434a5ca5932f4431236353a1343a65933b367cf,validator__L39,trigger_distance,171,21.619883040935672
b064b8e606b99ca2641a7b578434a5ca5932f4431236353a1343a65933b367cf,validator__L39,silent_gap,78,45.205128205128204
b064b8e606b99ca2641a7b578434a5ca5932f4431236353a1343a65933b367cf,validator__L39,burst_start_distance,78,47.3974358974359
b064b8e606b99ca2641a7b578434a5ca5932f4431236353a1343a65933b367cf,scorefile__L39,trigger_distance,195,19.656410256410258
b064b8e606b99ca2641a7b578434a5ca5932f4431236353a1343a65933b367cf,scorefile__L39,silent_gap,115,31.63478260869565
b064b8e606b99ca2641a7b578434a5ca5932f4431236353a1343a65933b367cf,scorefile__L39,burst_start_distance,115,33.3304347826087
b064b8e606b99ca2641a7b578434a5ca5932f4431236353a1343a65933b367cf,acquire__L39,trigger_distance,168,22.083333333333332
b064b8e606b99ca2641a7b578434a5ca5932f4431236353a1343a65933b367cf,acquire__L39,silent_gap,103,34.38834951456311
b064b8e606b99ca2641a7b578434a5ca5932f4431236353a1343a65933b367cf,acquire__L39,burst_start_distance,103,36.019417475728154
b064b8e606b99ca2641a7b578434a5ca5932f4431236353a1343a65933b367cf,report__L39,trigger_distance,256,14.80859375
b064b8e606b99ca2641a7b578434a5ca5932f4431236353a1343a65933b367cf,report__L39,silent_gap,77,45.90909090909091
b064b8e606b99ca2641a7b578434a5ca5932f4431236353a1343a65933b367cf,report__L39,burst_start_distance,77,49.05194805194805
b064b8e606b99ca2641a7b578434a5ca5932f4431236353a1343a65933b367cf,motivated__L39,trigger_distance,260,14.511538461538462
b064b8e606b99ca2641a7b578434a5ca5932f4431236353a1343a65933b367cf,motivated__L39,silent_gap,134,26.21641791044776
b064b8e606b99ca2641a7b578434a5ca5932f4431236353a1343a65933b367cf,motivated__L39,burst_start_distance,134,28.15671641791045
3bf3c4db37eae49e737d2f5ac91076025cf671014201548652acf831092db247,suite__L39,trigger_distance,252,13.38888888888889
3bf3c4db37eae49e737d2f5ac91076025cf671014201548652acf831092db247,suite__L39,silent_gap,145,21.53103448275862
3bf3c4db37eae49e737d2f5ac91076025cf671014201548652acf831092db247,suite__L39,burst_start_distance,145,23.26206896551724
3bf3c4db37eae49e737d2f5ac91076025cf671014201548652acf831092db247,validator__L39,trigger_distance,198,16.58080808080808
3bf3c4db37eae49e737d2f5ac91076025cf671014201548652acf831092db247,validator__L39,silent_gap,107,28.83177570093458
3bf3c4db37eae49e737d2f5ac91076025cf671014201548652acf831092db247,validator__L39,burst_start_distance,107,30.682242990654206
3bf3c4db37eae49e737d2f5ac91076025cf671014201548652acf831092db247,scorefile__L39,trigger_distance,226,14.991150442477876
3bf3c4db37eae49e737d2f5ac91076025cf671014201548652acf831092db247,scorefile__L39,silent_gap,135,23.42222222222222
3bf3c4db37eae49e737d2f5ac91076025cf671014201548652acf831092db247,scorefile__L39,burst_start_distance,135,25.08888888888889
3bf3c4db37eae49e737d2f5ac91076025cf671014201548652acf831092db247,acquire__L39,trigger_distance,166,20.44578313253012
3bf3c4db37eae49e737d2f5ac91076025cf671014201548652acf831092db247,acquire__L39,silent_gap,108,29.88888888888889
3bf3c4db37eae49e737d2f5ac91076025cf671014201548652acf831092db247,acquire__L39,burst_start_distance,108,31.425925925925927
3bf3c4db37eae49e737d2f5ac91076025cf671014201548652acf831092db247,report__L39,trigger_distance,229,14.563318777292576
3bf3c4db37eae49e737d2f5ac91076025cf671014201548652acf831092db247,report__L39,silent_gap,83,37.42168674698795
3bf3c4db37eae49e737d2f5ac91076025cf671014201548652acf831092db247,report__L39,burst_start_distance,83,40.08433734939759
3bf3c4db37eae49e737d2f5ac91076025cf671014201548652acf831092db247,motivated__L39,trigger_distance,263,12.452471482889734
3bf3c4db37eae49e737d2f5ac91076025cf671014201548652acf831092db247,motivated__L39,silent_gap,135,22.31111111111111
3bf3c4db37eae49e737d2f5ac91076025cf671014201548652acf831092db247,motivated__L39,burst_start_distance,135,24.25925925925926
d61c493f24a699636982c54d6c2d3f8aadf431789a28cf3011bd95d5d6da474c,suite__L39,trigger_distance,93,24.29032258064516
d61c493f24a699636982c54d6c2d3f8aadf431789a28cf3011bd95d5d6da474c,suite__L39,silent_gap,58,37.3448275862069
d61c493f24a699636982c54d6c2d3f8aadf431789a28cf3011bd95d5d6da474c,suite__L39,burst_start_distance,58,38.94827586206897
d61c493f24a699636982c54d6c2d3f8aadf431789a28cf3011bd95d5d6da474c,validator__L39,trigger_distance,111,16.91891891891892
d61c493f24a699636982c54d6c2d3f8aadf431789a28cf3011bd95d5d6da474c,validator__L39,silent_gap,53,33.339622641509436
d61c493f24a699636982c54d6c2d3f8aadf431789a28cf3011bd95d5d6da474c,validator__L39,burst_start_distance,53,35.43396226415094
d61c493f24a699636982c54d6c2d3f8aadf431789a28cf3011bd95d5d6da474c,scorefile__L39,trigger_distance,144,15.965277777777779
d61c493f24a699636982c54d6c2d3f8aadf431789a28cf3011bd95d5d6da474c,scorefile__L39,silent_gap,79,27.27848101265823
d61c493f24a699636982c54d6c2d3f8aadf431789a28cf3011bd95d5d6da474c,scorefile__L39,burst_start_distance,79,29.10126582278481
d61c493f24a699636982c54d6c2d3f8aadf431789a28cf3011bd95d5d6da474c,acquire__L39,trigger_distance,146,15.773972602739725
d61c493f24a699636982c54d6c2d3f8aadf431789a28cf3011bd95d5d6da474c,acquire__L39,silent_gap,91,23.703296703296704
d61c493f24a699636982c54d6c2d3f8aadf431789a28cf3011bd95d5d6da474c,acquire__L39,burst_start_distance,91,25.307692307692307
d61c493f24a699636982c54d6c2d3f8aadf431789a28cf3011bd95d5d6da474c,report__L39,trigger_distance,39,56.30769230769231
d61c493f24a699636982c54d6c2d3f8aadf431789a28cf3011bd95d5d6da474c,report__L39,silent_gap,24,89.875
d61c493f24a699636982c54d6c2d3f8aadf431789a28cf3011bd95d5d6da474c,report__L39,burst_start_distance,24,91.33333333333333
d61c493f24a699636982c54d6c2d3f8aadf431789a28cf3011bd95d5d6da474c,motivated__L39,trigger_distance,148,14.743243243243244
d61c493f24a699636982c54d6c2d3f8aadf431789a28cf3011bd95d5d6da474c,motivated__L39,silent_gap,78,26.076923076923077
d61c493f24a699636982c54d6c2d3f8aadf431789a28cf3011bd95d5d6da474c,motivated__L39,burst_start_distance,78,27.974358974358974
ee940de5dfcdc76e50d00f02024ce0a381a85e0fa038db201d729fabb7b4d2f3,suite__L39,trigger_distance,66,28.727272727272727
ee940de5dfcdc76e50d00f02024ce0a381a85e0fa038db201d729fabb7b4d2f3,suite__L39,silent_gap,46,39.78260869565217
ee940de5dfcdc76e50d00f02024ce0a381a85e0fa038db201d729fabb7b4d2f3,suite__L39,burst_start_distance,46,41.21739130434783
ee940de5dfcdc76e50d00f02024ce0a381a85e0fa038db201d729fabb7b4d2f3,validator__L39,trigger_distance,72,25.77777777777778
ee940de5dfcdc76e50d00f02024ce0a381a85e0fa038db201d729fabb7b4d2f3,validator__L39,silent_gap,36,49.55555555555556
ee940de5dfcdc76e50d00f02024ce0a381a85e0fa038db201d729fabb7b4d2f3,validator__L39,burst_start_distance,36,51.55555555555556
ee940de5dfcdc76e50d00f02024ce0a381a85e0fa038db201d729fabb7b4d2f3,scorefile__L39,trigger_distance,103,18.42718446601942
ee940de5dfcdc76e50d00f02024ce0a381a85e0fa038db201d729fabb7b4d2f3,scorefile__L39,silent_gap,69,26.014492753623188
ee940de5dfcdc76e50d00f02024ce0a381a85e0fa038db201d729fabb7b4d2f3,scorefile__L39,burst_start_distance,69,27.507246376811594
ee940de5dfcdc76e50d00f02024ce0a381a85e0fa038db201d729fabb7b4d2f3,acquire__L39,trigger_distance,63,30.476190476190474
ee940de5dfcdc76e50d00f02024ce0a381a85e0fa038db201d729fabb7b4d2f3,acquire__L39,silent_gap,42,44.214285714285715
ee940de5dfcdc76e50d00f02024ce0a381a85e0fa038db201d729fabb7b4d2f3,acquire__L39,burst_start_distance,42,45.714285714285715
ee940de5dfcdc76e50d00f02024ce0a381a85e0fa038db201d729fabb7b4d2f3,report__L39,trigger_distance,79,16.10126582278481
ee940de5dfcdc76e50d00f02024ce0a381a85e0fa038db201d729fabb7b4d2f3,report__L39,silent_gap,43,27.74418604651163
ee940de5dfcdc76e50d00f02024ce0a381a85e0fa038db201d729fabb7b4d2f3,report__L39,burst_start_distance,43,29.511627906976745
ee940de5dfcdc76e50d00f02024ce0a381a85e0fa038db201d729fabb7b4d2f3,motivated__L39,trigger_distance,133,13.699248120300751
ee940de5dfcdc76e50d00f02024ce0a381a85e0fa038db201d729fabb7b4d2f3,motivated__L39,silent_gap,74,22.824324324324323
ee940de5dfcdc76e50d00f02024ce0a381a85e0fa038db201d729fabb7b4d2f3,motivated__L39,burst_start_distance,74,24.62162162162162
fac92e3a5d72bf07a2448b73233e0aae54b518667d2300bcb5b132dbff7b1312,suite__L39,trigger_distance,79,31.481012658227847
fac92e3a5d72bf07a2448b73233e0aae54b518667d2300bcb5b132dbff7b1312,suite__L39,silent_gap,56,43.0
fac92e3a5d72bf07a2448b73233e0aae54b518667d2300bcb5b132dbff7b1312,suite__L39,burst_start_distance,56,44.392857142857146
fac92e3a5d72bf07a2448b73233e0aae54b518667d2300bcb5b132dbff7b1312,validator__L39,trigger_distance,84,26.297619047619047
fac92e3a5d72bf07a2448b73233e0aae54b518667d2300bcb5b132dbff7b1312,validator__L39,silent_gap,44,48.29545454545455
fac92e3a5d72bf07a2448b73233e0aae54b518667d2300bcb5b132dbff7b1312,validator__L39,burst_start_distance,44,50.20454545454545
fac92e3a5d72bf07a2448b73233e0aae54b518667d2300bcb5b132dbff7b1312,scorefile__L39,trigger_distance,116,22.03448275862069
fac92e3a5d72bf07a2448b73233e0aae54b518667d2300bcb5b132dbff7b1312,scorefile__L39,silent_gap,90,27.11111111111111
fac92e3a5d72bf07a2448b73233e0aae54b518667d2300bcb5b132dbff7b1312,scorefile__L39,burst_start_distance,90,28.38888888888889
fac92e3a5d72bf07a2448b73233e0aae54b518667d2300bcb5b132dbff7b1312,acquire__L39,trigger_distance,131,19.53435114503817
fac92e3a5d72bf07a2448b73233e0aae54b518667d2300bcb5b132dbff7b1312,acquire__L39,silent_gap,72,33.72222222222222
fac92e3a5d72bf07a2448b73233e0aae54b518667d2300bcb5b132dbff7b1312,acquire__L39,burst_start_distance,72,35.541666666666664
fac92e3a5d72bf07a2448b73233e0aae54b518667d2300bcb5b132dbff7b1312,report__L39,trigger_distance,102,24.225490196078432
fac92e3a5d72bf07a2448b73233e0aae54b518667d2300bcb5b132dbff7b1312,report__L39,silent_gap,53,44.698113207547166
fac92e3a5d72bf07a2448b73233e0aae54b518667d2300bcb5b132dbff7b1312,report__L39,burst_start_distance,53,46.37735849056604
fac92e3a5d72bf07a2448b73233e0aae54b518667d2300bcb5b132dbff7b1312,motivated__L39,trigger_distance,151,15.841059602649006
fac92e3a5d72bf07a2448b73233e0aae54b518667d2300bcb5b132dbff7b1312,motivated__L39,silent_gap,85,26.36470588235294
fac92e3a5d72bf07a2448b73233e0aae54b518667d2300bcb5b132dbff7b1312,motivated__L39,burst_start_distance,85,28.129411764705882
49edb5e1b4393a85a5e8f6ef0b713d6aa8f990b4e5667f3481ecb8aabca870d0,suite__L39,trigger_distance,117,22.376068376068375
49edb5e1b4393a85a5e8f6ef0b713d6aa8f990b4e5667f3481ecb8aabca870d0,suite__L39,silent_gap,68,36.779411764705884
49edb5e1b4393a85a5e8f6ef0b713d6aa8f990b4e5667f3481ecb8aabca870d0,suite__L39,burst_start_distance,68,38.455882352941174
49edb5e1b4393a85a5e8f6ef0b713d6aa8f990b4e5667f3481ecb8aabca870d0,validator__L39,trigger_distance,110,22.581818181818182
49edb5e1b4393a85a5e8f6ef0b713d6aa8f990b4e5667f3481ecb8aabca870d0,validator__L39,silent_gap,56,42.392857142857146
49edb5e1b4393a85a5e8f6ef0b713d6aa8f990b4e5667f3481ecb8aabca870d0,validator__L39,burst_start_distance,56,44.32142857142857
49edb5e1b4393a85a5e8f6ef0b713d6aa8f990b4e5667f3481ecb8aabca870d0,scorefile__L39,trigger_distance,116,22.663793103448278
49edb5e1b4393a85a5e8f6ef0b713d6aa8f990b4e5667f3481ecb8aabca870d0,scorefile__L39,silent_gap,76,33.06578947368421
49edb5e1b4393a85a5e8f6ef0b713d6aa8f990b4e5667f3481ecb8aabca870d0,scorefile__L39,burst_start_distance,76,34.5921052631579
49edb5e1b4393a85a5e8f6ef0b713d6aa8f990b4e5667f3481ecb8aabca870d0,acquire__L39,trigger_distance,100,26.31
49edb5e1b4393a85a5e8f6ef0b713d6aa8f990b4e5667f3481ecb8aabca870d0,acquire__L39,silent_gap,71,35.647887323943664
49edb5e1b4393a85a5e8f6ef0b713d6aa8f990b4e5667f3481ecb8aabca870d0,acquire__L39,burst_start_distance,71,37.056338028169016
49edb5e1b4393a85a5e8f6ef0b713d6aa8f990b4e5667f3481ecb8aabca870d0,report__L39,trigger_distance,203,12.482758620689655
49edb5e1b4393a85a5e8f6ef0b713d6aa8f990b4e5667f3481ecb8aabca870d0,report__L39,silent_gap,79,29.50632911392405
49edb5e1b4393a85a5e8f6ef0b713d6aa8f990b4e5667f3481ecb8aabca870d0,report__L39,burst_start_distance,79,31.911392405063292
49edb5e1b4393a85a5e8f6ef0b713d6aa8f990b4e5667f3481ecb8aabca870d0,motivated__L39,trigger_distance,142,17.211267605633804
49edb5e1b4393a85a5e8f6ef0b713d6aa8f990b4e5667f3481ecb8aabca870d0,motivated__L39,silent_gap,79,29.139240506329113
49edb5e1b4393a85a5e8f6ef0b713d6aa8f990b4e5667f3481ecb8aabca870d0,motivated__L39,burst_start_distance,79,30.924050632911392
93a3f8d4780a8a656d67908bf0d4ac0fe531efc510d5b620ac0f7fbc6aaa2e41,suite__L39,trigger_distance,189,16.84656084656085
93a3f8d4780a8a656d67908bf0d4ac0fe531efc510d5b620ac0f7fbc6aaa2e41,suite__L39,silent_gap,111,26.98198198198198
93a3f8d4780a8a656d67908bf0d4ac0fe531efc510d5b620ac0f7fbc6aaa2e41,suite__L39,burst_start_distance,111,28.65765765765766
93a3f8d4780a8a656d67908bf0d4ac0fe531efc510d5b620ac0f7fbc6aaa2e41,validator__L39,trigger_distance,150,20.69333333333333
93a3f8d4780a8a656d67908bf0d4ac0fe531efc510d5b620ac0f7fbc6aaa2e41,validator__L39,silent_gap,77,38.36363636363637
93a3f8d4780a8a656d67908bf0d4ac0fe531efc510d5b620ac0f7fbc6aaa2e41,validator__L39,burst_start_distance,77,40.311688311688314
93a3f8d4780a8a656d67908bf0d4ac0fe531efc510d5b620ac0f7fbc6aaa2e41,scorefile__L39,trigger_distance,164,19.48780487804878
93a3f8d4780a8a656d67908bf0d4ac0fe531efc510d5b620ac0f7fbc6aaa2e41,scorefile__L39,silent_gap,101,30.019801980198018
93a3f8d4780a8a656d67908bf0d4ac0fe531efc510d5b620ac0f7fbc6aaa2e41,scorefile__L39,burst_start_distance,101,31.643564356435643
93a3f8d4780a8a656d67908bf0d4ac0fe531efc510d5b620ac0f7fbc6aaa2e41,acquire__L39,trigger_distance,170,18.511764705882353
93a3f8d4780a8a656d67908bf0d4ac0fe531efc510d5b620ac0f7fbc6aaa2e41,acquire__L39,silent_gap,113,26.345132743362832
93a3f8d4780a8a656d67908bf0d4ac0fe531efc510d5b620ac0f7fbc6aaa2e41,acquire__L39,burst_start_distance,113,27.84070796460177
93a3f8d4780a8a656d67908bf0d4ac0fe531efc510d5b620ac0f7fbc6aaa2e41,report__L39,trigger_distance,261,12.053639846743295
93a3f8d4780a8a656d67908bf0d4ac0fe531efc510d5b620ac0f7fbc6aaa2e41,report__L39,silent_gap,82,35.18292682926829
93a3f8d4780a8a656d67908bf0d4ac0fe531efc510d5b620ac0f7fbc6aaa2e41,report__L39,burst_start_distance,82,38.18292682926829
93a3f8d4780a8a656d67908bf0d4ac0fe531efc510d5b620ac0f7fbc6aaa2e41,motivated__L39,trigger_distance,194,16.108247422680414
93a3f8d4780a8a656d67908bf0d4ac0fe531efc510d5b620ac0f7fbc6aaa2e41,motivated__L39,silent_gap,114,25.710526315789473
93a3f8d4780a8a656d67908bf0d4ac0fe531efc510d5b620ac0f7fbc6aaa2e41,motivated__L39,burst_start_distance,114,27.403508771929825
e0ee70fa4757b181865ba4bdcbc30c2666246096756c094c47b1b9b25e060e0e,suite__L39,trigger_distance,252,16.444444444444443
e0ee70fa4757b181865ba4bdcbc30c2666246096756c094c47b1b9b25e060e0e,suite__L39,silent_gap,149,26.120805369127517
e0ee70fa4757b181865ba4bdcbc30c2666246096756c094c47b1b9b25e060e0e,suite__L39,burst_start_distance,149,27.79194630872483
e0ee70fa4757b181865ba4bdcbc30c2666246096756c094c47b1b9b25e060e0e,validator__L39,trigger_distance,217,17.80184331797235
e0ee70fa4757b181865ba4bdcbc30c2666246096756c094c47b1b9b25e060e0e,validator__L39,silent_gap,104,35.05769230769231
e0ee70fa4757b181865ba4bdcbc30c2666246096756c094c47b1b9b25e060e0e,validator__L39,burst_start_distance,104,37.13461538461539
e0ee70fa4757b181865ba4bdcbc30c2666246096756c094c47b1b9b25e060e0e,scorefile__L39,trigger_distance,183,22.683060109289617
e0ee70fa4757b181865ba4bdcbc30c2666246096756c094c47b1b9b25e060e0e,scorefile__L39,silent_gap,125,31.744
e0ee70fa4757b181865ba4bdcbc30c2666246096756c094c47b1b9b25e060e0e,scorefile__L39,burst_start_distance,125,33.208
e0ee70fa4757b181865ba4bdcbc30c2666246096756c094c47b1b9b25e060e0e,acquire__L39,trigger_distance,160,25.78125
e0ee70fa4757b181865ba4bdcbc30c2666246096756c094c47b1b9b25e060e0e,acquire__L39,silent_gap,112,35.401785714285715
e0ee70fa4757b181865ba4bdcbc30c2666246096756c094c47b1b9b25e060e0e,acquire__L39,burst_start_distance,112,36.830357142857146
e0ee70fa4757b181865ba4bdcbc30c2666246096756c094c47b1b9b25e060e0e,report__L39,trigger_distance,268,15.406716417910447
e0ee70fa4757b181865ba4bdcbc30c2666246096756c094c47b1b9b25e060e0e,report__L39,silent_gap,94,41.07446808510638
e0ee70fa4757b181865ba4bdcbc30c2666246096756c094c47b1b9b25e060e0e,report__L39,burst_start_distance,94,43.734042553191486
e0ee70fa4757b181865ba4bdcbc30c2666246096756c094c47b1b9b25e060e0e,motivated__L39,trigger_distance,297,13.797979797979798
e0ee70fa4757b181865ba4bdcbc30c2666246096756c094c47b1b9b25e060e0e,motivated__L39,silent_gap,155,24.52258064516129
e0ee70fa4757b181865ba4bdcbc30c2666246096756c094c47b1b9b25e060e0e,motivated__L39,burst_start_distance,155,26.43225806451613
a8bd271d42ebd49746f82561641b3de596fc6a0b61a744e59c2b96bfda3e3ad1,suite__L39,trigger_distance,210,16.20952380952381
a8bd271d42ebd49746f82561641b3de596fc6a0b61a744e59c2b96bfda3e3ad1,suite__L39,silent_gap,133,24.015037593984964
a8bd271d42ebd49746f82561641b3de596fc6a0b61a744e59c2b96bfda3e3ad1,suite__L39,burst_start_distance,133,25.571428571428573
a8bd271d42ebd49746f82561641b3de596fc6a0b61a744e59c2b96bfda3e3ad1,validator__L39,trigger_distance,183,18.273224043715846
a8bd271d42ebd49746f82561641b3de596fc6a0b61a744e59c2b96bfda3e3ad1,validator__L39,silent_gap,86,36.75581395348837
a8bd271d42ebd49746f82561641b3de596fc6a0b61a744e59c2b96bfda3e3ad1,validator__L39,burst_start_distance,86,38.883720930232556
a8bd271d42ebd49746f82561641b3de596fc6a0b61a744e59c2b96bfda3e3ad1,scorefile__L39,trigger_distance,243,13.699588477366255
a8bd271d42ebd49746f82561641b3de596fc6a0b61a744e59c2b96bfda3e3ad1,scorefile__L39,silent_gap,129,23.92248062015504
a8bd271d42ebd49746f82561641b3de596fc6a0b61a744e59c2b96bfda3e3ad1,scorefile__L39,burst_start_distance,129,25.8062015503876
a8bd271d42ebd49746f82561641b3de596fc6a0b61a744e59c2b96bfda3e3ad1,acquire__L39,trigger_distance,140,24.164285714285715
a8bd271d42ebd49746f82561641b3de596fc6a0b61a744e59c2b96bfda3e3ad1,acquire__L39,silent_gap,95,34.136842105263156
a8bd271d42ebd49746f82561641b3de596fc6a0b61a744e59c2b96bfda3e3ad1,acquire__L39,burst_start_distance,95,35.61052631578947
a8bd271d42ebd49746f82561641b3de596fc6a0b61a744e59c2b96bfda3e3ad1,report__L39,trigger_distance,209,16.10047846889952
a8bd271d42ebd49746f82561641b3de596fc6a0b61a744e59c2b96bfda3e3ad1,report__L39,silent_gap,69,45.73913043478261
a8bd271d42ebd49746f82561641b3de596fc6a0b61a744e59c2b96bfda3e3ad1,report__L39,burst_start_distance,69,48.63768115942029
a8bd271d42ebd49746f82561641b3de596fc6a0b61a744e59c2b96bfda3e3ad1,motivated__L39,trigger_distance,280,11.964285714285714
a8bd271d42ebd49746f82561641b3de596fc6a0b61a744e59c2b96bfda3e3ad1,motivated__L39,silent_gap,148,20.743243243243242
a8bd271d42ebd49746f82561641b3de596fc6a0b61a744e59c2b96bfda3e3ad1,motivated__L39,burst_start_distance,148,22.635135135135137
4db1dd11cad3942b3724b656cf348e525d9c569185a7342c0a9244d31332252e,suite__L39,trigger_distance,157,20.03184713375796
4db1dd11cad3942b3724b656cf348e525d9c569185a7342c0a9244d31332252e,suite__L39,silent_gap,105,28.457142857142856
4db1dd11cad3942b3724b656cf348e525d9c569185a7342c0a9244d31332252e,suite__L39,burst_start_distance,105,29.923809523809524
4db1dd11cad3942b3724b656cf348e525d9c569185a7342c0a9244d31332252e,validator__L39,trigger_distance,141,20.70212765957447
4db1dd11cad3942b3724b656cf348e525d9c569185a7342c0a9244d31332252e,validator__L39,silent_gap,72,38.583333333333336
4db1dd11cad3942b3724b656cf348e525d9c569185a7342c0a9244d31332252e,validator__L39,burst_start_distance,72,40.541666666666664
4db1dd11cad3942b3724b656cf348e525d9c569185a7342c0a9244d31332252e,scorefile__L39,trigger_distance,170,18.44705882352941
4db1dd11cad3942b3724b656cf348e525d9c569185a7342c0a9244d31332252e,scorefile__L39,silent_gap,97,30.577319587628867
4db1dd11cad3942b3724b656cf348e525d9c569185a7342c0a9244d31332252e,scorefile__L39,burst_start_distance,97,32.28865979381443
4db1dd11cad3942b3724b656cf348e525d9c569185a7342c0a9244d31332252e,acquire__L39,trigger_distance,126,24.658730158730158
4db1dd11cad3942b3724b656cf348e525d9c569185a7342c0a9244d31332252e,acquire__L39,silent_gap,81,36.80246913580247
4db1dd11cad3942b3724b656cf348e525d9c569185a7342c0a9244d31332252e,acquire__L39,burst_start_distance,81,38.358024691358025
4db1dd11cad3942b3724b656cf348e525d9c569185a7342c0a9244d31332252e,report__L39,trigger_distance,224,13.75
4db1dd11cad3942b3724b656cf348e525d9c569185a7342c0a9244d31332252e,report__L39,silent_gap,86,33.2093023255814
4db1dd11cad3942b3724b656cf348e525d9c569185a7342c0a9244d31332252e,report__L39,burst_start_distance,86,35.63953488372093
4db1dd11cad3942b3724b656cf348e525d9c569185a7342c0a9244d31332252e,motivated__L39,trigger_distance,196,15.704081632653061
4db1dd11cad3942b3724b656cf348e525d9c569185a7342c0a9244d31332252e,motivated__L39,silent_gap,105,27.447619047619046
4db1dd11cad3942b3724b656cf348e525d9c569185a7342c0a9244d31332252e,motivated__L39,burst_start_distance,105,29.314285714285713
ab555ee73d3418d2199f5803235687107f4ee6d56d4c544bb29f37e76df2374e,suite__L39,trigger_distance,183,19.808743169398905
ab555ee73d3418d2199f5803235687107f4ee6d56d4c544bb29f37e76df2374e,suite__L39,silent_gap,116,29.67241379310345
ab555ee73d3418d2199f5803235687107f4ee6d56d4c544bb29f37e76df2374e,suite__L39,burst_start_distance,116,31.224137931034484
ab555ee73d3418d2199f5803235687107f4ee6d56d4c544bb29f37e76df2374e,validator__L39,trigger_distance,157,20.503184713375795
ab555ee73d3418d2199f5803235687107f4ee6d56d4c544bb29f37e76df2374e,validator__L39,silent_gap,86,35.604651162790695
ab555ee73d3418d2199f5803235687107f4ee6d56d4c544bb29f37e76df2374e,validator__L39,burst_start_distance,86,37.43023255813954
ab555ee73d3418d2199f5803235687107f4ee6d56d4c544bb29f37e76df2374e,scorefile__L39,trigger_distance,194,18.314432989690722
ab555ee73d3418d2199f5803235687107f4ee6d56d4c544bb29f37e76df2374e,scorefile__L39,silent_gap,141,23.822695035460992
ab555ee73d3418d2199f5803235687107f4ee6d56d4c544bb29f37e76df2374e,scorefile__L39,burst_start_distance,141,25.19858156028369
ab555ee73d3418d2199f5803235687107f4ee6d56d4c544bb29f37e76df2374e,acquire__L39,trigger_distance,212,16.754716981132077
ab555ee73d3418d2199f5803235687107f4ee6d56d4c544bb29f37e76df2374e,acquire__L39,silent_gap,124,26.93548387096774
ab555ee73d3418d2199f5803235687107f4ee6d56d4c544bb29f37e76df2374e,acquire__L39,burst_start_distance,124,28.64516129032258
ab555ee73d3418d2199f5803235687107f4ee6d56d4c544bb29f37e76df2374e,report__L39,trigger_distance,157,22.43312101910828
ab555ee73d3418d2199f5803235687107f4ee6d56d4c544bb29f37e76df2374e,report__L39,silent_gap,58,58.01724137931034
ab555ee73d3418d2199f5803235687107f4ee6d56d4c544bb29f37e76df2374e,report__L39,burst_start_distance,58,60.55172413793103
ab555ee73d3418d2199f5803235687107f4ee6d56d4c544bb29f37e76df2374e,motivated__L39,trigger_distance,258,13.155038759689923
ab555ee73d3418d2199f5803235687107f4ee6d56d4c544bb29f37e76df2374e,motivated__L39,silent_gap,128,24.5
ab555ee73d3418d2199f5803235687107f4ee6d56d4c544bb29f37e76df2374e,motivated__L39,burst_start_distance,128,26.5078125
62a1cf4899114d40ebb5cad6708f6cfc831bb605206baf0fddd9739aaa988ba7,suite__L39,trigger_distance,222,16.44144144144144
62a1cf4899114d40ebb5cad6708f6cfc831bb605206baf0fddd9739aaa988ba7,suite__L39,silent_gap,150,22.85333333333333
62a1cf4899114d40ebb5cad6708f6cfc831bb605206baf0fddd9739aaa988ba7,suite__L39,burst_start_distance,150,24.313333333333333
62a1cf4899114d40ebb5cad6708f6cfc831bb605206baf0fddd9739aaa988ba7,validator__L39,trigger_distance,211,16.786729857819907
62a1cf4899114d40ebb5cad6708f6cfc831bb605206baf0fddd9739aaa988ba7,validator__L39,silent_gap,94,35.43617021276596
62a1cf4899114d40ebb5cad6708f6cfc831bb605206baf0fddd9739aaa988ba7,validator__L39,burst_start_distance,94,37.670212765957444
62a1cf4899114d40ebb5cad6708f6cfc831bb605206baf0fddd9739aaa988ba7,scorefile__L39,trigger_distance,202,17.717821782178216
62a1cf4899114d40ebb5cad6708f6cfc831bb605206baf0fddd9739aaa988ba7,scorefile__L39,silent_gap,123,27.45528455284553
62a1cf4899114d40ebb5cad6708f6cfc831bb605206baf0fddd9739aaa988ba7,scorefile__L39,burst_start_distance,123,29.089430894308943
62a1cf4899114d40ebb5cad6708f6cfc831bb605206baf0fddd9739aaa988ba7,acquire__L39,trigger_distance,136,26.551470588235293
62a1cf4899114d40ebb5cad6708f6cfc831bb605206baf0fddd9739aaa988ba7,acquire__L39,silent_gap,95,36.578947368421055
62a1cf4899114d40ebb5cad6708f6cfc831bb605206baf0fddd9739aaa988ba7,acquire__L39,burst_start_distance,95,38.01052631578948
62a1cf4899114d40ebb5cad6708f6cfc831bb605206baf0fddd9739aaa988ba7,report__L39,trigger_distance,231,15.54978354978355
62a1cf4899114d40ebb5cad6708f6cfc831bb605206baf0fddd9739aaa988ba7,report__L39,silent_gap,95,35.37894736842105
62a1cf4899114d40ebb5cad6708f6cfc831bb605206baf0fddd9739aaa988ba7,report__L39,burst_start_distance,95,37.71578947368421
62a1cf4899114d40ebb5cad6708f6cfc831bb605206baf0fddd9739aaa988ba7,motivated__L39,trigger_distance,288,12.427083333333334
62a1cf4899114d40ebb5cad6708f6cfc831bb605206baf0fddd9739aaa988ba7,motivated__L39,silent_gap,149,22.08724832214765
62a1cf4899114d40ebb5cad6708f6cfc831bb605206baf0fddd9739aaa988ba7,motivated__L39,burst_start_distance,149,24.02013422818792
ed8cc8d22a2609ce66920268ebee276904d2c820068183d0d19666c055b71ef1,suite__L39,trigger_distance,112,23.616071428571427
ed8cc8d22a2609ce66920268ebee276904d2c820068183d0d19666c055b71ef1,suite__L39,silent_gap,72,35.18055555555556
ed8cc8d22a2609ce66920268ebee276904d2c820068183d0d19666c055b71ef1,suite__L39,burst_start_distance,72,36.736111111111114
ed8cc8d22a2609ce66920268ebee276904d2c820068183d0d19666c055b71ef1,validator__L39,trigger_distance,124,20.838709677419356
ed8cc8d22a2609ce66920268ebee276904d2c820068183d0d19666c055b71ef1,validator__L39,silent_gap,59,41.69491525423729
ed8cc8d22a2609ce66920268ebee276904d2c820068183d0d19666c055b71ef1,validator__L39,burst_start_distance,59,43.79661016949152
ed8cc8d22a2609ce66920268ebee276904d2c820068183d0d19666c055b71ef1,scorefile__L39,trigger_distance,168,15.827380952380953
ed8cc8d22a2609ce66920268ebee276904d2c820068183d0d19666c055b71ef1,scorefile__L39,silent_gap,113,22.04424778761062
ed8cc8d22a2609ce66920268ebee276904d2c820068183d0d19666c055b71ef1,scorefile__L39,burst_start_distance,113,23.530973451327434
ed8cc8d22a2609ce66920268ebee276904d2c820068183d0d19666c055b71ef1,acquire__L39,trigger_distance,131,20.328244274809162
ed8cc8d22a2609ce66920268ebee276904d2c820068183d0d19666c055b71ef1,acquire__L39,silent_gap,79,32.050632911392405
ed8cc8d22a2609ce66920268ebee276904d2c820068183d0d19666c055b71ef1,acquire__L39,burst_start_distance,79,33.70886075949367
ed8cc8d22a2609ce66920268ebee276904d2c820068183d0d19666c055b71ef1,report__L39,trigger_distance,50,51.7
ed8cc8d22a2609ce66920268ebee276904d2c820068183d0d19666c055b71ef1,report__L39,silent_gap,38,66.71052631578948
ed8cc8d22a2609ce66920268ebee276904d2c820068183d0d19666c055b71ef1,report__L39,burst_start_distance,38,67.97368421052632
ed8cc8d22a2609ce66920268ebee276904d2c820068183d0d19666c055b71ef1,motivated__L39,trigger_distance,221,11.610859728506787
ed8cc8d22a2609ce66920268ebee276904d2c820068183d0d19666c055b71ef1,motivated__L39,silent_gap,117,20.042735042735043
ed8cc8d22a2609ce66920268ebee276904d2c820068183d0d19666c055b71ef1,motivated__L39,burst_start_distance,117,21.931623931623932
fc727d96551d53b78ebb0cbe2905cd0e1aa48a75cf1c6871c9eaae107026fe4a,suite__L39,trigger_distance,274,16.846715328467152
fc727d96551d53b78ebb0cbe2905cd0e1aa48a75cf1c6871c9eaae107026fe4a,suite__L39,silent_gap,168,25.845238095238095
fc727d96551d53b78ebb0cbe2905cd0e1aa48a75cf1c6871c9eaae107026fe4a,suite__L39,burst_start_distance,168,27.458333333333332
fc727d96551d53b78ebb0cbe2905cd0e1aa48a75cf1c6871c9eaae107026fe4a,validator__L39,trigger_distance,335,13.316417910447761
fc727d96551d53b78ebb0cbe2905cd0e1aa48a75cf1c6871c9eaae107026fe4a,validator__L39,silent_gap,164,25.158536585365855
fc727d96551d53b78ebb0cbe2905cd0e1aa48a75cf1c6871c9eaae107026fe4a,validator__L39,burst_start_distance,164,27.195121951219512
fc727d96551d53b78ebb0cbe2905cd0e1aa48a75cf1c6871c9eaae107026fe4a,scorefile__L39,trigger_distance,310,14.803225806451612
fc727d96551d53b78ebb0cbe2905cd0e1aa48a75cf1c6871c9eaae107026fe4a,scorefile__L39,silent_gap,176,24.3125
fc727d96551d53b78ebb0cbe2905cd0e1aa48a75cf1c6871c9eaae107026fe4a,scorefile__L39,burst_start_distance,176,26.073863636363637
fc727d96551d53b78ebb0cbe2905cd0e1aa48a75cf1c6871c9eaae107026fe4a,acquire__L39,trigger_distance,229,20.026200873362445
fc727d96551d53b78ebb0cbe2905cd0e1aa48a75cf1c6871c9eaae107026fe4a,acquire__L39,silent_gap,165,26.406060606060606
fc727d96551d53b78ebb0cbe2905cd0e1aa48a75cf1c6871c9eaae107026fe4a,acquire__L39,burst_start_distance,165,27.793939393939393
fc727d96551d53b78ebb0cbe2905cd0e1aa48a75cf1c6871c9eaae107026fe4a,report__L39,trigger_distance,240,18.95
fc727d96551d53b78ebb0cbe2905cd0e1aa48a75cf1c6871c9eaae107026fe4a,report__L39,silent_gap,79,54.53164556962025
fc727d96551d53b78ebb0cbe2905cd0e1aa48a75cf1c6871c9eaae107026fe4a,report__L39,burst_start_distance,79,57.43037974683544
fc727d96551d53b78ebb0cbe2905cd0e1aa48a75cf1c6871c9eaae107026fe4a,motivated__L39,trigger_distance,344,13.07267441860465
fc727d96551d53b78ebb0cbe2905cd0e1aa48a75cf1c6871c9eaae107026fe4a,motivated__L39,silent_gap,197,21.081218274111674
fc727d96551d53b78ebb0cbe2905cd0e1aa48a75cf1c6871c9eaae107026fe4a,motivated__L39,burst_start_distance,197,22.82741116751269
4a9bcd08c8e062f4997019e2e2aa0fb143c282428662691cab1f7fe4ae096b12,suite__L39,trigger_distance,137,21.248175182481752
4a9bcd08c8e062f4997019e2e2aa0fb143c282428662691cab1f7fe4ae096b12,suite__L39,silent_gap,100,27.74
4a9bcd08c8e062f4997019e2e2aa0fb143c282428662691cab1f7fe4ae096b12,suite__L39,burst_start_distance,100,29.09
4a9bcd08c8e062f4997019e2e2aa0fb143c282428662691cab1f7fe4ae096b12,validator__L39,trigger_distance,154,18.5
4a9bcd08c8e062f4997019e2e2aa0fb143c282428662691cab1f7fe4ae096b12,validator__L39,silent_gap,82,32.86585365853659
4a9bcd08c8e062f4997019e2e2aa0fb143c282428662691cab1f7fe4ae096b12,validator__L39,burst_start_distance,82,34.74390243902439
4a9bcd08c8e062f4997019e2e2aa0fb143c282428662691cab1f7fe4ae096b12,scorefile__L39,trigger_distance,123,23.471544715447155
4a9bcd08c8e062f4997019e2e2aa0fb143c282428662691cab1f7fe4ae096b12,scorefile__L39,silent_gap,91,30.373626373626372
4a9bcd08c8e062f4997019e2e2aa0fb143c282428662691cab1f7fe4ae096b12,scorefile__L39,burst_start_distance,91,31.714285714285715
4a9bcd08c8e062f4997019e2e2aa0fb143c282428662691cab1f7fe4ae096b12,acquire__L39,trigger_distance,125,22.472
4a9bcd08c8e062f4997019e2e2aa0fb143c282428662691cab1f7fe4ae096b12,acquire__L39,silent_gap,87,30.850574712643677
4a9bcd08c8e062f4997019e2e2aa0fb143c282428662691cab1f7fe4ae096b12,acquire__L39,burst_start_distance,87,32.275862068965516
4a9bcd08c8e062f4997019e2e2aa0fb143c282428662691cab1f7fe4ae096b12,report__L39,trigger_distance,177,16.11864406779661
4a9bcd08c8e062f4997019e2e2aa0fb143c282428662691cab1f7fe4ae096b12,report__L39,silent_gap,85,31.48235294117647
4a9bcd08c8e062f4997019e2e2aa0fb143c282428662691cab1f7fe4ae096b12,report__L39,burst_start_distance,85,33.423529411764704
4a9bcd08c8e062f4997019e2e2aa0fb143c282428662691cab1f7fe4ae096b12,motivated__L39,trigger_distance,185,15.264864864864865
4a9bcd08c8e062f4997019e2e2aa0fb143c282428662691cab1f7fe4ae096b12,motivated__L39,silent_gap,98,26.928571428571427
4a9bcd08c8e062f4997019e2e2aa0fb143c282428662691cab1f7fe4ae096b12,motivated__L39,burst_start_distance,98,28.816326530612244
143599f4b2395a73bdfb380200742397b4010ee5464459b12fef5fb008a2c766,suite__L39,trigger_distance,169,18.041420118343197
143599f4b2395a73bdfb380200742397b4010ee5464459b12fef5fb008a2c766,suite__L39,silent_gap,111,25.945945945945947
143599f4b2395a73bdfb380200742397b4010ee5464459b12fef5fb008a2c766,suite__L39,burst_start_distance,111,27.45945945945946
143599f4b2395a73bdfb380200742397b4010ee5464459b12fef5fb008a2c766,validator__L39,trigger_distance,148,19.763513513513512
143599f4b2395a73bdfb380200742397b4010ee5464459b12fef5fb008a2c766,validator__L39,silent_gap,63,44.07936507936508
143599f4b2395a73bdfb380200742397b4010ee5464459b12fef5fb008a2c766,validator__L39,burst_start_distance,63,46.41269841269841
143599f4b2395a73bdfb380200742397b4010ee5464459b12fef5fb008a2c766,scorefile__L39,trigger_distance,122,24.42622950819672
143599f4b2395a73bdfb380200742397b4010ee5464459b12fef5fb008a2c766,scorefile__L39,silent_gap,91,31.406593406593405
143599f4b2395a73bdfb380200742397b4010ee5464459b12fef5fb008a2c766,scorefile__L39,burst_start_distance,91,32.747252747252745
143599f4b2395a73bdfb380200742397b4010ee5464459b12fef5fb008a2c766,acquire__L39,trigger_distance,125,23.808
143599f4b2395a73bdfb380200742397b4010ee5464459b12fef5fb008a2c766,acquire__L39,silent_gap,88,32.39772727272727
143599f4b2395a73bdfb380200742397b4010ee5464459b12fef5fb008a2c766,acquire__L39,burst_start_distance,88,33.81818181818182
143599f4b2395a73bdfb380200742397b4010ee5464459b12fef5fb008a2c766,report__L39,trigger_distance,199,15.00502512562814
143599f4b2395a73bdfb380200742397b4010ee5464459b12fef5fb008a2c766,report__L39,silent_gap,82,33.98780487804878
143599f4b2395a73bdfb380200742397b4010ee5464459b12fef5fb008a2c766,report__L39,burst_start_distance,82,36.353658536585364
143599f4b2395a73bdfb380200742397b4010ee5464459b12fef5fb008a2c766,motivated__L39,trigger_distance,209,13.641148325358852
143599f4b2395a73bdfb380200742397b4010ee5464459b12fef5fb008a2c766,motivated__L39,silent_gap,106,24.92452830188679
143599f4b2395a73bdfb380200742397b4010ee5464459b12fef5fb008a2c766,motivated__L39,burst_start_distance,106,26.89622641509434
a01cf9f9a7caf65774bb74771fd6cbcaf5aafd25ca0be8f3a369dae541b7846c,suite__L39,trigger_distance,93,24.118279569892472
a01cf9f9a7caf65774bb74771fd6cbcaf5aafd25ca0be8f3a369dae541b7846c,suite__L39,silent_gap,61,35.24590163934426
a01cf9f9a7caf65774bb74771fd6cbcaf5aafd25ca0be8f3a369dae541b7846c,suite__L39,burst_start_distance,61,36.77049180327869
a01cf9f9a7caf65774bb74771fd6cbcaf5aafd25ca0be8f3a369dae541b7846c,validator__L39,trigger_distance,96,22.583333333333332
a01cf9f9a7caf65774bb74771fd6cbcaf5aafd25ca0be8f3a369dae541b7846c,validator__L39,silent_gap,42,49.333333333333336
a01cf9f9a7caf65774bb74771fd6cbcaf5aafd25ca0be8f3a369dae541b7846c,validator__L39,burst_start_distance,42,51.57142857142857
a01cf9f9a7caf65774bb74771fd6cbcaf5aafd25ca0be8f3a369dae541b7846c,scorefile__L39,trigger_distance,89,25.179775280898877
a01cf9f9a7caf65774bb74771fd6cbcaf5aafd25ca0be8f3a369dae541b7846c,scorefile__L39,silent_gap,63,34.15873015873016
a01cf9f9a7caf65774bb74771fd6cbcaf5aafd25ca0be8f3a369dae541b7846c,scorefile__L39,burst_start_distance,63,35.57142857142857
a01cf9f9a7caf65774bb74771fd6cbcaf5aafd25ca0be8f3a369dae541b7846c,acquire__L39,trigger_distance,107,21.11214953271028
a01cf9f9a7caf65774bb74771fd6cbcaf5aafd25ca0be8f3a369dae541b7846c,acquire__L39,silent_gap,63,34.15873015873016
a01cf9f9a7caf65774bb74771fd6cbcaf5aafd25ca0be8f3a369dae541b7846c,acquire__L39,burst_start_distance,63,35.857142857142854
a01cf9f9a7caf65774bb74771fd6cbcaf5aafd25ca0be8f3a369dae541b7846c,report__L39,trigger_distance,96,22.677083333333332
a01cf9f9a7caf65774bb74771fd6cbcaf5aafd25ca0be8f3a369dae541b7846c,report__L39,silent_gap,48,43.354166666666664
a01cf9f9a7caf65774bb74771fd6cbcaf5aafd25ca0be8f3a369dae541b7846c,report__L39,burst_start_distance,48,45.145833333333336
a01cf9f9a7caf65774bb74771fd6cbcaf5aafd25ca0be8f3a369dae541b7846c,motivated__L39,trigger_distance,148,14.655405405405405
a01cf9f9a7caf65774bb74771fd6cbcaf5aafd25ca0be8f3a369dae541b7846c,motivated__L39,silent_gap,76,26.592105263157894
a01cf9f9a7caf65774bb74771fd6cbcaf5aafd25ca0be8f3a369dae541b7846c,motivated__L39,burst_start_distance,76,28.513157894736842
e39e26221b3f38fd943ebee92102c2b57eb2fff0c34be1c5c963be3ba8dd2985,suite__L39,trigger_distance,142,22.281690140845072
e39e26221b3f38fd943ebee92102c2b57eb2fff0c34be1c5c963be3ba8dd2985,suite__L39,silent_gap,87,34.735632183908045
e39e26221b3f38fd943ebee92102c2b57eb2fff0c34be1c5c963be3ba8dd2985,suite__L39,burst_start_distance,87,36.28735632183908
e39e26221b3f38fd943ebee92102c2b57eb2fff0c34be1c5c963be3ba8dd2985,validator__L39,trigger_distance,130,23.26923076923077
e39e26221b3f38fd943ebee92102c2b57eb2fff0c34be1c5c963be3ba8dd2985,validator__L39,silent_gap,80,36.1875
e39e26221b3f38fd943ebee92102c2b57eb2fff0c34be1c5c963be3ba8dd2985,validator__L39,burst_start_distance,80,37.8125
e39e26221b3f38fd943ebee92102c2b57eb2fff0c34be1c5c963be3ba8dd2985,scorefile__L39,trigger_distance,175,18.14857142857143
e39e26221b3f38fd943ebee92102c2b57eb2fff0c34be1c5c963be3ba8dd2985,scorefile__L39,silent_gap,108,27.787037037037038
e39e26221b3f38fd943ebee92102c2b57eb2fff0c34be1c5c963be3ba8dd2985,scorefile__L39,burst_start_distance,108,29.40740740740741
e39e26221b3f38fd943ebee92102c2b57eb2fff0c34be1c5c963be3ba8dd2985,acquire__L39,trigger_distance,160,18.89375
e39e26221b3f38fd943ebee92102c2b57eb2fff0c34be1c5c963be3ba8dd2985,acquire__L39,silent_gap,99,28.91919191919192
e39e26221b3f38fd943ebee92102c2b57eb2fff0c34be1c5c963be3ba8dd2985,acquire__L39,burst_start_distance,99,30.494949494949495
e39e26221b3f38fd943ebee92102c2b57eb2fff0c34be1c5c963be3ba8dd2985,report__L39,trigger_distance,199,15.653266331658292
e39e26221b3f38fd943ebee92102c2b57eb2fff0c34be1c5c963be3ba8dd2985,report__L39,silent_gap,56,52.07142857142857
e39e26221b3f38fd943ebee92102c2b57eb2fff0c34be1c5c963be3ba8dd2985,report__L39,burst_start_distance,56,55.57142857142857
e39e26221b3f38fd943ebee92102c2b57eb2fff0c34be1c5c963be3ba8dd2985,motivated__L39,trigger_distance,232,12.974137931034482
e39e26221b3f38fd943ebee92102c2b57eb2fff0c34be1c5c963be3ba8dd2985,motivated__L39,silent_gap,116,23.948275862068964
e39e26221b3f38fd943ebee92102c2b57eb2fff0c34be1c5c963be3ba8dd2985,motivated__L39,burst_start_distance,116,25.948275862068964
512da248a143738ec26ff46d307b3851b03fbce76e425270087b835a78e7ee3d,suite__L39,trigger_distance,89,32.943820224719104
512da248a143738ec26ff46d307b3851b03fbce76e425270087b835a78e7ee3d,suite__L39,silent_gap,57,49.87719298245614
512da248a143738ec26ff46d307b3851b03fbce76e425270087b835a78e7ee3d,suite__L39,burst_start_distance,57,51.40350877192982
512da248a143738ec26ff46d307b3851b03fbce76e425270087b835a78e7ee3d,validator__L39,trigger_distance,125,23.016
512da248a143738ec26ff46d307b3851b03fbce76e425270087b835a78e7ee3d,validator__L39,silent_gap,55,50.03636363636364
512da248a143738ec26ff46d307b3851b03fbce76e425270087b835a78e7ee3d,validator__L39,burst_start_distance,55,52.30909090909091
512da248a143738ec26ff46d307b3851b03fbce76e425270087b835a78e7ee3d,scorefile__L39,trigger_distance,153,19.254901960784313
512da248a143738ec26ff46d307b3851b03fbce76e425270087b835a78e7ee3d,scorefile__L39,silent_gap,110,25.39090909090909
512da248a143738ec26ff46d307b3851b03fbce76e425270087b835a78e7ee3d,scorefile__L39,burst_start_distance,110,26.763636363636362
512da248a143738ec26ff46d307b3851b03fbce76e425270087b835a78e7ee3d,acquire__L39,trigger_distance,116,25.413793103448278
512da248a143738ec26ff46d307b3851b03fbce76e425270087b835a78e7ee3d,acquire__L39,silent_gap,82,34.53658536585366
512da248a143738ec26ff46d307b3851b03fbce76e425270087b835a78e7ee3d,acquire__L39,burst_start_distance,82,35.951219512195124
512da248a143738ec26ff46d307b3851b03fbce76e425270087b835a78e7ee3d,report__L39,trigger_distance,116,24.896551724137932
512da248a143738ec26ff46d307b3851b03fbce76e425270087b835a78e7ee3d,report__L39,silent_gap,54,51.333333333333336
512da248a143738ec26ff46d307b3851b03fbce76e425270087b835a78e7ee3d,report__L39,burst_start_distance,54,53.351851851851855
512da248a143738ec26ff46d307b3851b03fbce76e425270087b835a78e7ee3d,motivated__L39,trigger_distance,166,17.120481927710845
512da248a143738ec26ff46d307b3851b03fbce76e425270087b835a78e7ee3d,motivated__L39,silent_gap,95,28.16842105263158
512da248a143738ec26ff46d307b3851b03fbce76e425270087b835a78e7ee3d,motivated__L39,burst_start_distance,95,29.91578947368421
c99e9dfbd03947f54b19506fc12ec1bcb6f16f1f91e2a0eef6af5c0ea69f5060,suite__L39,trigger_distance,165,23.03030303030303
c99e9dfbd03947f54b19506fc12ec1bcb6f16f1f91e2a0eef6af5c0ea69f5060,suite__L39,silent_gap,99,36.717171717171716
c99e9dfbd03947f54b19506fc12ec1bcb6f16f1f91e2a0eef6af5c0ea69f5060,suite__L39,burst_start_distance,99,38.38383838383838
c99e9dfbd03947f54b19506fc12ec1bcb6f16f1f91e2a0eef6af5c0ea69f5060,validator__L39,trigger_distance,143,25.174825174825173
c99e9dfbd03947f54b19506fc12ec1bcb6f16f1f91e2a0eef6af5c0ea69f5060,validator__L39,silent_gap,69,50.10144927536232
c99e9dfbd03947f54b19506fc12ec1bcb6f16f1f91e2a0eef6af5c0ea69f5060,validator__L39,burst_start_distance,69,52.17391304347826
c99e9dfbd03947f54b19506fc12ec1bcb6f16f1f91e2a0eef6af5c0ea69f5060,scorefile__L39,trigger_distance,177,21.43502824858757
c99e9dfbd03947f54b19506fc12ec1bcb6f16f1f91e2a0eef6af5c0ea69f5060,scorefile__L39,silent_gap,116,31.18103448275862
c99e9dfbd03947f54b19506fc12ec1bcb6f16f1f91e2a0eef6af5c0ea69f5060,scorefile__L39,burst_start_distance,116,32.706896551724135
c99e9dfbd03947f54b19506fc12ec1bcb6f16f1f91e2a0eef6af5c0ea69f5060,acquire__L39,trigger_distance,211,18.099526066350712
c99e9dfbd03947f54b19506fc12ec1bcb6f16f1f91e2a0eef6af5c0ea69f5060,acquire__L39,silent_gap,124,29.096774193548388
c99e9dfbd03947f54b19506fc12ec1bcb6f16f1f91e2a0eef6af5c0ea69f5060,acquire__L39,burst_start_distance,124,30.798387096774192
c99e9dfbd03947f54b19506fc12ec1bcb6f16f1f91e2a0eef6af5c0ea69f5060,report__L39,trigger_distance,97,38.144329896907216
c99e9dfbd03947f54b19506fc12ec1bcb6f16f1f91e2a0eef6af5c0ea69f5060,report__L39,silent_gap,46,78.32608695652173
c99e9dfbd03947f54b19506fc12ec1bcb6f16f1f91e2a0eef6af5c0ea69f5060,report__L39,burst_start_distance,46,80.30434782608695
c99e9dfbd03947f54b19506fc12ec1bcb6f16f1f91e2a0eef6af5c0ea69f5060,motivated__L39,trigger_distance,279,13.362007168458781
c99e9dfbd03947f54b19506fc12ec1bcb6f16f1f91e2a0eef6af5c0ea69f5060,motivated__L39,silent_gap,154,22.396103896103895
c99e9dfbd03947f54b19506fc12ec1bcb6f16f1f91e2a0eef6af5c0ea69f5060,motivated__L39,burst_start_distance,154,24.207792207792206
665987b36b7aede860d5f4ef2e46af59c41b9f0bc7f4911370c119d2556fc420,suite__L39,trigger_distance,165,20.612121212121213
665987b36b7aede860d5f4ef2e46af59c41b9f0bc7f4911370c119d2556fc420,suite__L39,silent_gap,99,32.686868686868685
665987b36b7aede860d5f4ef2e46af59c41b9f0bc7f4911370c119d2556fc420,suite__L39,burst_start_distance,99,34.35353535353536
665987b36b7aede860d5f4ef2e46af59c41b9f0bc7f4911370c119d2556fc420,validator__L39,trigger_distance,115,29.026086956521738
665987b36b7aede860d5f4ef2e46af59c41b9f0bc7f4911370c119d2556fc420,validator__L39,silent_gap,62,51.983870967741936
665987b36b7aede860d5f4ef2e46af59c41b9f0bc7f4911370c119d2556fc420,validator__L39,burst_start_distance,62,53.806451612903224
665987b36b7aede860d5f4ef2e46af59c41b9f0bc7f4911370c119d2556fc420,scorefile__L39,trigger_distance,162,21.067901234567902
665987b36b7aede860d5f4ef2e46af59c41b9f0bc7f4911370c119d2556fc420,scorefile__L39,silent_gap,110,29.554545454545455
665987b36b7aede860d5f4ef2e46af59c41b9f0bc7f4911370c119d2556fc420,scorefile__L39,burst_start_distance,110,31.027272727272727
665987b36b7aede860d5f4ef2e46af59c41b9f0bc7f4911370c119d2556fc420,acquire__L39,trigger_distance,166,20.58433734939759
665987b36b7aede860d5f4ef2e46af59c41b9f0bc7f4911370c119d2556fc420,acquire__L39,silent_gap,96,33.864583333333336
665987b36b7aede860d5f4ef2e46af59c41b9f0bc7f4911370c119d2556fc420,acquire__L39,burst_start_distance,96,35.59375
665987b36b7aede860d5f4ef2e46af59c41b9f0bc7f4911370c119d2556fc420,report__L39,trigger_distance,71,47.12676056338028
665987b36b7aede860d5f4ef2e46af59c41b9f0bc7f4911370c119d2556fc420,report__L39,silent_gap,46,71.19565217391305
665987b36b7aede860d5f4ef2e46af59c41b9f0bc7f4911370c119d2556fc420,report__L39,burst_start_distance,46,72.56521739130434
665987b36b7aede860d5f4ef2e46af59c41b9f0bc7f4911370c119d2556fc420,motivated__L39,trigger_distance,267,12.183520599250937
665987b36b7aede860d5f4ef2e46af59c41b9f0bc7f4911370c119d2556fc420,motivated__L39,silent_gap,138,21.63768115942029
665987b36b7aede860d5f4ef2e46af59c41b9f0bc7f4911370c119d2556fc420,motivated__L39,burst_start_distance,138,23.57246376811594
c50f46be3b81dcec04345ef59f61ce672f7696eb0daf4f43c2399b4bc91c4ff2,suite__L39,trigger_distance,111,24.936936936936938
c50f46be3b81dcec04345ef59f61ce672f7696eb0daf4f43c2399b4bc91c4ff2,suite__L39,silent_gap,80,33.2125
c50f46be3b81dcec04345ef59f61ce672f7696eb0daf4f43c2399b4bc91c4ff2,suite__L39,burst_start_distance,80,34.6
c50f46be3b81dcec04345ef59f61ce672f7696eb0daf4f43c2399b4bc91c4ff2,validator__L39,trigger_distance,96,28.375
c50f46be3b81dcec04345ef59f61ce672f7696eb0daf4f43c2399b4bc91c4ff2,validator__L39,silent_gap,63,41.714285714285715
c50f46be3b81dcec04345ef59f61ce672f7696eb0daf4f43c2399b4bc91c4ff2,validator__L39,burst_start_distance,63,43.22222222222222
c50f46be3b81dcec04345ef59f61ce672f7696eb0daf4f43c2399b4bc91c4ff2,scorefile__L39,trigger_distance,160,17.2375
c50f46be3b81dcec04345ef59f61ce672f7696eb0daf4f43c2399b4bc91c4ff2,scorefile__L39,silent_gap,100,25.98
c50f46be3b81dcec04345ef59f61ce672f7696eb0daf4f43c2399b4bc91c4ff2,scorefile__L39,burst_start_distance,100,27.58
c50f46be3b81dcec04345ef59f61ce672f7696eb0daf4f43c2399b4bc91c4ff2,acquire__L39,trigger_distance,164,17.304878048780488
c50f46be3b81dcec04345ef59f61ce672f7696eb0daf4f43c2399b4bc91c4ff2,acquire__L39,silent_gap,98,27.285714285714285
c50f46be3b81dcec04345ef59f61ce672f7696eb0daf4f43c2399b4bc91c4ff2,acquire__L39,burst_start_distance,98,28.959183673469386
c50f46be3b81dcec04345ef59f61ce672f7696eb0daf4f43c2399b4bc91c4ff2,report__L39,trigger_distance,69,39.53623188405797
c50f46be3b81dcec04345ef59f61ce672f7696eb0daf4f43c2399b4bc91c4ff2,report__L39,silent_gap,38,69.97368421052632
c50f46be3b81dcec04345ef59f61ce672f7696eb0daf4f43c2399b4bc91c4ff2,report__L39,burst_start_distance,38,71.6842105263158
c50f46be3b81dcec04345ef59f61ce672f7696eb0daf4f43c2399b4bc91c4ff2,motivated__L39,trigger_distance,219,12.036529680365296
c50f46be3b81dcec04345ef59f61ce672f7696eb0daf4f43c2399b4bc91c4ff2,motivated__L39,silent_gap,117,20.65811965811966
c50f46be3b81dcec04345ef59f61ce672f7696eb0daf4f43c2399b4bc91c4ff2,motivated__L39,burst_start_distance,117,22.52991452991453
01e1f8dc06f8caf9ef6e52ef4ac7ee5c3c7ad6c7dd6a1e628be236ac88179b78,suite__L39,trigger_distance,66,39.303030303030305
01e1f8dc06f8caf9ef6e52ef4ac7ee5c3c7ad6c7dd6a1e628be236ac88179b78,suite__L39,silent_gap,54,46.81481481481482
01e1f8dc06f8caf9ef6e52ef4ac7ee5c3c7ad6c7dd6a1e628be236ac88179b78,suite__L39,burst_start_distance,54,48.03703703703704
01e1f8dc06f8caf9ef6e52ef4ac7ee5c3c7ad6c7dd6a1e628be236ac88179b78,validator__L39,trigger_distance,99,24.666666666666668
01e1f8dc06f8caf9ef6e52ef4ac7ee5c3c7ad6c7dd6a1e628be236ac88179b78,validator__L39,silent_gap,46,50.93478260869565
01e1f8dc06f8caf9ef6e52ef4ac7ee5c3c7ad6c7dd6a1e628be236ac88179b78,validator__L39,burst_start_distance,46,53.08695652173913
01e1f8dc06f8caf9ef6e52ef4ac7ee5c3c7ad6c7dd6a1e628be236ac88179b78,scorefile__L39,trigger_distance,117,22.22222222222222
01e1f8dc06f8caf9ef6e52ef4ac7ee5c3c7ad6c7dd6a1e628be236ac88179b78,scorefile__L39,silent_gap,79,31.430379746835442
01e1f8dc06f8caf9ef6e52ef4ac7ee5c3c7ad6c7dd6a1e628be236ac88179b78,scorefile__L39,burst_start_distance,79,32.87341772151899
01e1f8dc06f8caf9ef6e52ef4ac7ee5c3c7ad6c7dd6a1e628be236ac88179b78,acquire__L39,trigger_distance,123,21.26829268292683
01e1f8dc06f8caf9ef6e52ef4ac7ee5c3c7ad6c7dd6a1e628be236ac88179b78,acquire__L39,silent_gap,71,35.11267605633803
01e1f8dc06f8caf9ef6e52ef4ac7ee5c3c7ad6c7dd6a1e628be236ac88179b78,acquire__L39,burst_start_distance,71,36.84507042253521
01e1f8dc06f8caf9ef6e52ef4ac7ee5c3c7ad6c7dd6a1e628be236ac88179b78,report__L39,trigger_distance,111,22.045045045045047
01e1f8dc06f8caf9ef6e52ef4ac7ee5c3c7ad6c7dd6a1e628be236ac88179b78,report__L39,silent_gap,61,38.295081967213115
01e1f8dc06f8caf9ef6e52ef4ac7ee5c3c7ad6c7dd6a1e628be236ac88179b78,report__L39,burst_start_distance,61,39.83606557377049
01e1f8dc06f8caf9ef6e52ef4ac7ee5c3c7ad6c7dd6a1e628be236ac88179b78,motivated__L39,trigger_distance,173,14.751445086705202
01e1f8dc06f8caf9ef6e52ef4ac7ee5c3c7ad6c7dd6a1e628be236ac88179b78,motivated__L39,silent_gap,87,27.344827586206897
01e1f8dc06f8caf9ef6e52ef4ac7ee5c3c7ad6c7dd6a1e628be236ac88179b78,motivated__L39,burst_start_distance,87,29.333333333333332
eb98c342e7d59ffe05de5232f2004d2546514c6bc096fa089f73b768058e7007,suite__L39,trigger_distance,243,19.226337448559672
eb98c342e7d59ffe05de5232f2004d2546514c6bc096fa089f73b768058e7007,suite__L39,silent_gap,155,28.574193548387097
eb98c342e7d59ffe05de5232f2004d2546514c6bc096fa089f73b768058e7007,suite__L39,burst_start_distance,155,30.129032258064516
eb98c342e7d59ffe05de5232f2004d2546514c6bc096fa089f73b768058e7007,validator__L39,trigger_distance,217,21.29953917050691
eb98c342e7d59ffe05de5232f2004d2546514c6bc096fa089f73b768058e7007,validator__L39,silent_gap,107,41.16822429906542
eb98c342e7d59ffe05de5232f2004d2546514c6bc096fa089f73b768058e7007,validator__L39,burst_start_distance,107,43.19626168224299
eb98c342e7d59ffe05de5232f2004d2546514c6bc096fa089f73b768058e7007,scorefile__L39,trigger_distance,251,17.657370517928285
eb98c342e7d59ffe05de5232f2004d2546514c6bc096fa089f73b768058e7007,scorefile__L39,silent_gap,150,27.873333333333335
eb98c342e7d59ffe05de5232f2004d2546514c6bc096fa089f73b768058e7007,scorefile__L39,burst_start_distance,150,29.546666666666667
eb98c342e7d59ffe05de5232f2004d2546514c6bc096fa089f73b768058e7007,acquire__L39,trigger_distance,183,23.907103825136613
eb98c342e7d59ffe05de5232f2004d2546514c6bc096fa089f73b768058e7007,acquire__L39,silent_gap,128,32.75
eb98c342e7d59ffe05de5232f2004d2546514c6bc096fa089f73b768058e7007,acquire__L39,burst_start_distance,128,34.1796875
eb98c342e7d59ffe05de5232f2004d2546514c6bc096fa089f73b768058e7007,report__L39,trigger_distance,127,36.36220472440945
eb98c342e7d59ffe05de5232f2004d2546514c6bc096fa089f73b768058e7007,report__L39,silent_gap,71,63.25352112676056
eb98c342e7d59ffe05de5232f2004d2546514c6bc096fa089f73b768058e7007,report__L39,burst_start_distance,71,64.87323943661971
eb98c342e7d59ffe05de5232f2004d2546514c6bc096fa089f73b768058e7007,motivated__L39,trigger_distance,333,13.774774774774775
eb98c342e7d59ffe05de5232f2004d2546514c6bc096fa089f73b768058e7007,motivated__L39,silent_gap,182,23.373626373626372
eb98c342e7d59ffe05de5232f2004d2546514c6bc096fa089f73b768058e7007,motivated__L39,burst_start_distance,182,25.203296703296704
a2a1985160d0f27afa6a6ad24c72b8b6841673d9d73d9a43c3efea79478d85d0,suite__L39,trigger_distance,40,40.275
a2a1985160d0f27afa6a6ad24c72b8b6841673d9d73d9a43c3efea79478d85d0,suite__L39,silent_gap,37,42.45945945945946
a2a1985160d0f27afa6a6ad24c72b8b6841673d9d73d9a43c3efea79478d85d0,suite__L39,burst_start_distance,37,43.54054054054054
a2a1985160d0f27afa6a6ad24c72b8b6841673d9d73d9a43c3efea79478d85d0,validator__L39,trigger_distance,63,25.11111111111111
a2a1985160d0f27afa6a6ad24c72b8b6841673d9d73d9a43c3efea79478d85d0,validator__L39,silent_gap,33,46.03030303030303
a2a1985160d0f27afa6a6ad24c72b8b6841673d9d73d9a43c3efea79478d85d0,validator__L39,burst_start_distance,33,47.93939393939394
a2a1985160d0f27afa6a6ad24c72b8b6841673d9d73d9a43c3efea79478d85d0,scorefile__L39,trigger_distance,103,15.79611650485437
a2a1985160d0f27afa6a6ad24c72b8b6841673d9d73d9a43c3efea79478d85d0,scorefile__L39,silent_gap,62,24.580645161290324
a2a1985160d0f27afa6a6ad24c72b8b6841673d9d73d9a43c3efea79478d85d0,scorefile__L39,burst_start_distance,62,26.241935483870968
a2a1985160d0f27afa6a6ad24c72b8b6841673d9d73d9a43c3efea79478d85d0,acquire__L39,trigger_distance,93,17.688172043010752
a2a1985160d0f27afa6a6ad24c72b8b6841673d9d73d9a43c3efea79478d85d0,acquire__L39,silent_gap,61,25.442622950819672
a2a1985160d0f27afa6a6ad24c72b8b6841673d9d73d9a43c3efea79478d85d0,acquire__L39,burst_start_distance,61,26.9672131147541
a2a1985160d0f27afa6a6ad24c72b8b6841673d9d73d9a43c3efea79478d85d0,report__L39,trigger_distance,72,22.01388888888889
a2a1985160d0f27afa6a6ad24c72b8b6841673d9d73d9a43c3efea79478d85d0,report__L39,silent_gap,41,36.90243902439025
a2a1985160d0f27afa6a6ad24c72b8b6841673d9d73d9a43c3efea79478d85d0,report__L39,burst_start_distance,41,38.58536585365854
a2a1985160d0f27afa6a6ad24c72b8b6841673d9d73d9a43c3efea79478d85d0,motivated__L39,trigger_distance,131,11.65648854961832
a2a1985160d0f27afa6a6ad24c72b8b6841673d9d73d9a43c3efea79478d85d0,motivated__L39,silent_gap,59,23.661016949152543
a2a1985160d0f27afa6a6ad24c72b8b6841673d9d73d9a43c3efea79478d85d0,motivated__L39,burst_start_distance,59,25.864406779661017
6d65cf25dc3b9beffe5fa99c6fbe9f3d6d909f5dbd87c143ef8a2d2e705df84a,suite__L39,trigger_distance,134,21.53731343283582
6d65cf25dc3b9beffe5fa99c6fbe9f3d6d909f5dbd87c143ef8a2d2e705df84a,suite__L39,silent_gap,94,29.27659574468085
6d65cf25dc3b9beffe5fa99c6fbe9f3d6d909f5dbd87c143ef8a2d2e705df84a,suite__L39,burst_start_distance,94,30.680851063829788
6d65cf25dc3b9beffe5fa99c6fbe9f3d6d909f5dbd87c143ef8a2d2e705df84a,validator__L39,trigger_distance,172,16.686046511627907
6d65cf25dc3b9beffe5fa99c6fbe9f3d6d909f5dbd87c143ef8a2d2e705df84a,validator__L39,silent_gap,89,30.314606741573034
6d65cf25dc3b9beffe5fa99c6fbe9f3d6d909f5dbd87c143ef8a2d2e705df84a,validator__L39,burst_start_distance,89,32.247191011235955
6d65cf25dc3b9beffe5fa99c6fbe9f3d6d909f5dbd87c143ef8a2d2e705df84a,scorefile__L39,trigger_distance,173,17.13294797687861
6d65cf25dc3b9beffe5fa99c6fbe9f3d6d909f5dbd87c143ef8a2d2e705df84a,scorefile__L39,silent_gap,107,26.08411214953271
6d65cf25dc3b9beffe5fa99c6fbe9f3d6d909f5dbd87c143ef8a2d2e705df84a,scorefile__L39,burst_start_distance,107,27.700934579439252
6d65cf25dc3b9beffe5fa99c6fbe9f3d6d909f5dbd87c143ef8a2d2e705df84a,acquire__L39,trigger_distance,137,21.48175182481752
6d65cf25dc3b9beffe5fa99c6fbe9f3d6d909f5dbd87c143ef8a2d2e705df84a,acquire__L39,silent_gap,96,29.229166666666668
6d65cf25dc3b9beffe5fa99c6fbe9f3d6d909f5dbd87c143ef8a2d2e705df84a,acquire__L39,burst_start_distance,96,30.645833333333332
6d65cf25dc3b9beffe5fa99c6fbe9f3d6d909f5dbd87c143ef8a2d2e705df84a,report__L39,trigger_distance,210,10.157142857142857
6d65cf25dc3b9beffe5fa99c6fbe9f3d6d909f5dbd87c143ef8a2d2e705df84a,report__L39,silent_gap,83,23.16867469879518
6d65cf25dc3b9beffe5fa99c6fbe9f3d6d909f5dbd87c143ef8a2d2e705df84a,report__L39,burst_start_distance,83,25.50602409638554
6d65cf25dc3b9beffe5fa99c6fbe9f3d6d909f5dbd87c143ef8a2d2e705df84a,motivated__L39,trigger_distance,220,12.75
6d65cf25dc3b9beffe5fa99c6fbe9f3d6d909f5dbd87c143ef8a2d2e705df84a,motivated__L39,silent_gap,125,20.68
6d65cf25dc3b9beffe5fa99c6fbe9f3d6d909f5dbd87c143ef8a2d2e705df84a,motivated__L39,burst_start_distance,125,22.432
37311285891e46214a03a6a1712ea21666bae0ea2ef53cf51b1093d26adc9d43,suite__L39,trigger_distance,56,38.69642857142857
37311285891e46214a03a6a1712ea21666bae0ea2ef53cf51b1093d26adc9d43,suite__L39,silent_gap,41,51.48780487804878
37311285891e46214a03a6a1712ea21666bae0ea2ef53cf51b1093d26adc9d43,suite__L39,burst_start_distance,41,52.853658536585364
37311285891e46214a03a6a1712ea21666bae0ea2ef53cf51b1093d26adc9d43,validator__L39,trigger_distance,77,26.98701298701299
37311285891e46214a03a6a1712ea21666bae0ea2ef53cf51b1093d26adc9d43,validator__L39,silent_gap,41,48.80487804878049
37311285891e46214a03a6a1712ea21666bae0ea2ef53cf51b1093d26adc9d43,validator__L39,burst_start_distance,41,50.68292682926829
37311285891e46214a03a6a1712ea21666bae0ea2ef53cf51b1093d26adc9d43,scorefile__L39,trigger_distance,135,16.48148148148148
37311285891e46214a03a6a1712ea21666bae0ea2ef53cf51b1093d26adc9d43,scorefile__L39,silent_gap,100,20.9
37311285891e46214a03a6a1712ea21666bae0ea2ef53cf51b1093d26adc9d43,scorefile__L39,burst_start_distance,100,22.25
37311285891e46214a03a6a1712ea21666bae0ea2ef53cf51b1093d26adc9d43,acquire__L39,trigger_distance,133,16.7593984962406
37311285891e46214a03a6a1712ea21666bae0ea2ef53cf51b1093d26adc9d43,acquire__L39,silent_gap,81,25.876543209876544
37311285891e46214a03a6a1712ea21666bae0ea2ef53cf51b1093d26adc9d43,acquire__L39,burst_start_distance,81,27.51851851851852
37311285891e46214a03a6a1712ea21666bae0ea2ef53cf51b1093d26adc9d43,report__L39,trigger_distance,35,61.05714285714286
37311285891e46214a03a6a1712ea21666bae0ea2ef53cf51b1093d26adc9d43,report__L39,silent_gap,23,91.3913043478261
37311285891e46214a03a6a1712ea21666bae0ea2ef53cf51b1093d26adc9d43,report__L39,burst_start_distance,23,92.82608695652173
37311285891e46214a03a6a1712ea21666bae0ea2ef53cf51b1093d26adc9d43,motivated__L39,trigger_distance,157,13.45859872611465
37311285891e46214a03a6a1712ea21666bae0ea2ef53cf51b1093d26adc9d43,motivated__L39,silent_gap,84,23.285714285714285
37311285891e46214a03a6a1712ea21666bae0ea2ef53cf51b1093d26adc9d43,motivated__L39,burst_start_distance,84,25.142857142857142
36878f7ed0ec505dbc8909c2fda45ef006e611fa5bcc2add7a590c81976bbcab,suite__L39,trigger_distance,169,20.792899408284022
36878f7ed0ec505dbc8909c2fda45ef006e611fa5bcc2add7a590c81976bbcab,suite__L39,silent_gap,113,29.601769911504423
36878f7ed0ec505dbc8909c2fda45ef006e611fa5bcc2add7a590c81976bbcab,suite__L39,burst_start_distance,113,31.079646017699115
36878f7ed0ec505dbc8909c2fda45ef006e611fa5bcc2add7a590c81976bbcab,validator__L39,trigger_distance,134,25.71641791044776
36878f7ed0ec505dbc8909c2fda45ef006e611fa5bcc2add7a590c81976bbcab,validator__L39,silent_gap,79,41.924050632911396
36878f7ed0ec505dbc8909c2fda45ef006e611fa5bcc2add7a590c81976bbcab,validator__L39,burst_start_distance,79,43.620253164556964
36878f7ed0ec505dbc8909c2fda45ef006e611fa5bcc2add7a590c81976bbcab,scorefile__L39,trigger_distance,136,25.926470588235293
36878f7ed0ec505dbc8909c2fda45ef006e611fa5bcc2add7a590c81976bbcab,scorefile__L39,silent_gap,97,34.94845360824742
36878f7ed0ec505dbc8909c2fda45ef006e611fa5bcc2add7a590c81976bbcab,scorefile__L39,burst_start_distance,97,36.329896907216494
36878f7ed0ec505dbc8909c2fda45ef006e611fa5bcc2add7a590c81976bbcab,acquire__L39,trigger_distance,128,27.5625
36878f7ed0ec505dbc8909c2fda45ef006e611fa5bcc2add7a590c81976bbcab,acquire__L39,silent_gap,90,37.77777777777778
36878f7ed0ec505dbc8909c2fda45ef006e611fa5bcc2add7a590c81976bbcab,acquire__L39,burst_start_distance,90,39.2
36878f7ed0ec505dbc8909c2fda45ef006e611fa5bcc2add7a590c81976bbcab,report__L39,trigger_distance,209,16.535885167464116
36878f7ed0ec505dbc8909c2fda45ef006e611fa5bcc2add7a590c81976bbcab,report__L39,silent_gap,85,38.2
36878f7ed0ec505dbc8909c2fda45ef006e611fa5bcc2add7a590c81976bbcab,report__L39,burst_start_distance,85,40.55294117647059
36878f7ed0ec505dbc8909c2fda45ef006e611fa5bcc2add7a590c81976bbcab,motivated__L39,trigger_distance,171,19.72514619883041
36878f7ed0ec505dbc8909c2fda45ef006e611fa5bcc2add7a590c81976bbcab,motivated__L39,silent_gap,103,31.0873786407767
36878f7ed0ec505dbc8909c2fda45ef006e611fa5bcc2add7a590c81976bbcab,motivated__L39,burst_start_distance,103,32.74757281553398
61c5800481329afa0149ad74083be032c9e82869e9a5589d865c286795de83e0,suite__L39,trigger_distance,239,14.97907949790795
61c5800481329afa0149ad74083be032c9e82869e9a5589d865c286795de83e0,suite__L39,silent_gap,139,24.035971223021583
61c5800481329afa0149ad74083be032c9e82869e9a5589d865c286795de83e0,suite__L39,burst_start_distance,139,25.73381294964029
61c5800481329afa0149ad74083be032c9e82869e9a5589d865c286795de83e0,validator__L39,trigger_distance,170,20.564705882352943
61c5800481329afa0149ad74083be032c9e82869e9a5589d865c286795de83e0,validator__L39,silent_gap,84,39.595238095238095
61c5800481329afa0149ad74083be032c9e82869e9a5589d865c286795de83e0,validator__L39,burst_start_distance,84,41.61904761904762
61c5800481329afa0149ad74083be032c9e82869e9a5589d865c286795de83e0,scorefile__L39,trigger_distance,176,19.806818181818183
61c5800481329afa0149ad74083be032c9e82869e9a5589d865c286795de83e0,scorefile__L39,silent_gap,124,26.693548387096776
61c5800481329afa0149ad74083be032c9e82869e9a5589d865c286795de83e0,scorefile__L39,burst_start_distance,124,28.112903225806452
61c5800481329afa0149ad74083be032c9e82869e9a5589d865c286795de83e0,acquire__L39,trigger_distance,109,32.18348623853211
61c5800481329afa0149ad74083be032c9e82869e9a5589d865c286795de83e0,acquire__L39,silent_gap,77,44.142857142857146
61c5800481329afa0149ad74083be032c9e82869e9a5589d865c286795de83e0,acquire__L39,burst_start_distance,77,45.55844155844156
61c5800481329afa0149ad74083be032c9e82869e9a5589d865c286795de83e0,report__L39,trigger_distance,337,10.427299703264095
61c5800481329afa0149ad74083be032c9e82869e9a5589d865c286795de83e0,report__L39,silent_gap,111,28.62162162162162
61c5800481329afa0149ad74083be032c9e82869e9a5589d865c286795de83e0,report__L39,burst_start_distance,111,31.62162162162162
61c5800481329afa0149ad74083be032c9e82869e9a5589d865c286795de83e0,motivated__L39,trigger_distance,274,12.437956204379562
61c5800481329afa0149ad74083be032c9e82869e9a5589d865c286795de83e0,motivated__L39,silent_gap,142,22.070422535211268
61c5800481329afa0149ad74083be032c9e82869e9a5589d865c286795de83e0,motivated__L39,burst_start_distance,142,24.0
42b5ae5ee64adb7492327b8c9e4ec63c97201737b96670fa33cc852937b8540e,suite__L39,trigger_distance,196,21.035714285714285
42b5ae5ee64adb7492327b8c9e4ec63c97201737b96670fa33cc852937b8540e,suite__L39,silent_gap,137,28.664233576642335
42b5ae5ee64adb7492327b8c9e4ec63c97201737b96670fa33cc852937b8540e,suite__L39,burst_start_distance,137,30.072992700729927
42b5ae5ee64adb7492327b8c9e4ec63c97201737b96670fa33cc852937b8540e,validator__L39,trigger_distance,202,20.14851485148515
42b5ae5ee64adb7492327b8c9e4ec63c97201737b96670fa33cc852937b8540e,validator__L39,silent_gap,107,36.149532710280376
42b5ae5ee64adb7492327b8c9e4ec63c97201737b96670fa33cc852937b8540e,validator__L39,burst_start_distance,107,38.03738317757009
42b5ae5ee64adb7492327b8c9e4ec63c97201737b96670fa33cc852937b8540e,scorefile__L39,trigger_distance,194,21.314432989690722
42b5ae5ee64adb7492327b8c9e4ec63c97201737b96670fa33cc852937b8540e,scorefile__L39,silent_gap,130,30.315384615384616
42b5ae5ee64adb7492327b8c9e4ec63c97201737b96670fa33cc852937b8540e,scorefile__L39,burst_start_distance,130,31.807692307692307
42b5ae5ee64adb7492327b8c9e4ec63c97201737b96670fa33cc852937b8540e,acquire__L39,trigger_distance,224,17.700892857142858
42b5ae5ee64adb7492327b8c9e4ec63c97201737b96670fa33cc852937b8540e,acquire__L39,silent_gap,130,28.776923076923076
42b5ae5ee64adb7492327b8c9e4ec63c97201737b96670fa33cc852937b8540e,acquire__L39,burst_start_distance,130,30.484615384615385
42b5ae5ee64adb7492327b8c9e4ec63c97201737b96670fa33cc852937b8540e,report__L39,trigger_distance,195,20.92820512820513
42b5ae5ee64adb7492327b8c9e4ec63c97201737b96670fa33cc852937b8540e,report__L39,silent_gap,70,55.51428571428571
42b5ae5ee64adb7492327b8c9e4ec63c97201737b96670fa33cc852937b8540e,report__L39,burst_start_distance,70,58.01428571428571
42b5ae5ee64adb7492327b8c9e4ec63c97201737b96670fa33cc852937b8540e,motivated__L39,trigger_distance,348,11.620689655172415
42b5ae5ee64adb7492327b8c9e4ec63c97201737b96670fa33cc852937b8540e,motivated__L39,silent_gap,178,20.764044943820224
42b5ae5ee64adb7492327b8c9e4ec63c97201737b96670fa33cc852937b8540e,motivated__L39,burst_start_distance,178,22.719101123595507
83a6a78daca17124cf88fe83d4aa7160628a1afecfa9926f4badec47a3fd878e,suite__L39,trigger_distance,27,52.925925925925924
83a6a78daca17124cf88fe83d4aa7160628a1afecfa9926f4badec47a3fd878e,suite__L39,silent_gap,22,63.72727272727273
83a6a78daca17124cf88fe83d4aa7160628a1afecfa9926f4badec47a3fd878e,suite__L39,burst_start_distance,22,64.95454545454545
83a6a78daca17124cf88fe83d4aa7160628a1afecfa9926f4badec47a3fd878e,validator__L39,trigger_distance,48,29.1875
83a6a78daca17124cf88fe83d4aa7160628a1afecfa9926f4badec47a3fd878e,validator__L39,silent_gap,22,61.5
83a6a78daca17124cf88fe83d4aa7160628a1afecfa9926f4badec47a3fd878e,validator__L39,burst_start_distance,22,63.63636363636363
83a6a78daca17124cf88fe83d4aa7160628a1afecfa9926f4badec47a3fd878e,scorefile__L39,trigger_distance,44,34.0
83a6a78daca17124cf88fe83d4aa7160628a1afecfa9926f4badec47a3fd878e,scorefile__L39,silent_gap,36,40.333333333333336
83a6a78daca17124cf88fe83d4aa7160628a1afecfa9926f4badec47a3fd878e,scorefile__L39,burst_start_distance,36,41.55555555555556
83a6a78daca17124cf88fe83d4aa7160628a1afecfa9926f4badec47a3fd878e,acquire__L39,trigger_distance,60,23.316666666666666
83a6a78daca17124cf88fe83d4aa7160628a1afecfa9926f4badec47a3fd878e,acquire__L39,silent_gap,41,32.65853658536585
83a6a78daca17124cf88fe83d4aa7160628a1afecfa9926f4badec47a3fd878e,acquire__L39,burst_start_distance,41,34.1219512195122
83a6a78daca17124cf88fe83d4aa7160628a1afecfa9926f4badec47a3fd878e,report__L39,trigger_distance,47,29.78723404255319
83a6a78daca17124cf88fe83d4aa7160628a1afecfa9926f4badec47a3fd878e,report__L39,silent_gap,31,43.645161290322584
83a6a78daca17124cf88fe83d4aa7160628a1afecfa9926f4badec47a3fd878e,report__L39,burst_start_distance,31,45.12903225806452
83a6a78daca17124cf88fe83d4aa7160628a1afecfa9926f4badec47a3fd878e,motivated__L39,trigger_distance,88,14.840909090909092
83a6a78daca17124cf88fe83d4aa7160628a1afecfa9926f4badec47a3fd878e,motivated__L39,silent_gap,37,32.91891891891892
83a6a78daca17124cf88fe83d4aa7160628a1afecfa9926f4badec47a3fd878e,motivated__L39,burst_start_distance,37,35.270270270270274
9ea6038d2bf8b6b96ca603c1391df598950af1fed1f1f012cffe8909d0ec3e3a,suite__L39,trigger_distance,238,17.436974789915965
9ea6038d2bf8b6b96ca603c1391df598950af1fed1f1f012cffe8909d0ec3e3a,suite__L39,silent_gap,151,25.90728476821192
9ea6038d2bf8b6b96ca603c1391df598950af1fed1f1f012cffe8909d0ec3e3a,suite__L39,burst_start_distance,151,27.4635761589404
9ea6038d2bf8b6b96ca603c1391df598950af1fed1f1f012cffe8909d0ec3e3a,validator__L39,trigger_distance,201,18.696517412935325
9ea6038d2bf8b6b96ca603c1391df598950af1fed1f1f012cffe8909d0ec3e3a,validator__L39,silent_gap,100,35.57
9ea6038d2bf8b6b96ca603c1391df598950af1fed1f1f012cffe8909d0ec3e3a,validator__L39,burst_start_distance,100,37.58
9ea6038d2bf8b6b96ca603c1391df598950af1fed1f1f012cffe8909d0ec3e3a,scorefile__L39,trigger_distance,236,17.64406779661017
9ea6038d2bf8b6b96ca603c1391df598950af1fed1f1f012cffe8909d0ec3e3a,scorefile__L39,silent_gap,149,26.36241610738255
9ea6038d2bf8b6b96ca603c1391df598950af1fed1f1f012cffe8909d0ec3e3a,scorefile__L39,burst_start_distance,149,27.93959731543624
9ea6038d2bf8b6b96ca603c1391df598950af1fed1f1f012cffe8909d0ec3e3a,acquire__L39,trigger_distance,237,16.9831223628692
9ea6038d2bf8b6b96ca603c1391df598950af1fed1f1f012cffe8909d0ec3e3a,acquire__L39,silent_gap,144,26.305555555555557
9ea6038d2bf8b6b96ca603c1391df598950af1fed1f1f012cffe8909d0ec3e3a,acquire__L39,burst_start_distance,144,27.95138888888889
9ea6038d2bf8b6b96ca603c1391df598950af1fed1f1f012cffe8909d0ec3e3a,report__L39,trigger_distance,141,20.666666666666668
9ea6038d2bf8b6b96ca603c1391df598950af1fed1f1f012cffe8909d0ec3e3a,report__L39,silent_gap,55,50.41818181818182
9ea6038d2bf8b6b96ca603c1391df598950af1fed1f1f012cffe8909d0ec3e3a,report__L39,burst_start_distance,55,52.836363636363636
9ea6038d2bf8b6b96ca603c1391df598950af1fed1f1f012cffe8909d0ec3e3a,motivated__L39,trigger_distance,319,12.699059561128527
9ea6038d2bf8b6b96ca603c1391df598950af1fed1f1f012cffe8909d0ec3e3a,motivated__L39,silent_gap,159,23.471698113207548
9ea6038d2bf8b6b96ca603c1391df598950af1fed1f1f012cffe8909d0ec3e3a,motivated__L39,burst_start_distance,159,25.471698113207548
add9e6c47ee82606285ce1e25d2020e2526db14c98954a165add78a447f9e378,suite__L39,trigger_distance,58,42.706896551724135
add9e6c47ee82606285ce1e25d2020e2526db14c98954a165add78a447f9e378,suite__L39,silent_gap,45,53.75555555555555
add9e6c47ee82606285ce1e25d2020e2526db14c98954a165add78a447f9e378,suite__L39,burst_start_distance,45,55.0
add9e6c47ee82606285ce1e25d2020e2526db14c98954a165add78a447f9e378,validator__L39,trigger_distance,95,25.71578947368421
add9e6c47ee82606285ce1e25d2020e2526db14c98954a165add78a447f9e378,validator__L39,silent_gap,47,49.95744680851064
add9e6c47ee82606285ce1e25d2020e2526db14c98954a165add78a447f9e378,validator__L39,burst_start_distance,47,51.95744680851064
add9e6c47ee82606285ce1e25d2020e2526db14c98954a165add78a447f9e378,scorefile__L39,trigger_distance,132,18.515151515151516
add9e6c47ee82606285ce1e25d2020e2526db14c98954a165add78a447f9e378,scorefile__L39,silent_gap,86,26.88372093023256
add9e6c47ee82606285ce1e25d2020e2526db14c98954a165add78a447f9e378,scorefile__L39,burst_start_distance,86,28.41860465116279
add9e6c47ee82606285ce1e25d2020e2526db14c98954a165add78a447f9e378,acquire__L39,trigger_distance,91,27.46153846153846
add9e6c47ee82606285ce1e25d2020e2526db14c98954a165add78a447f9e378,acquire__L39,silent_gap,71,33.91549295774648
add9e6c47ee82606285ce1e25d2020e2526db14c98954a165add78a447f9e378,acquire__L39,burst_start_distance,71,35.19718309859155
add9e6c47ee82606285ce1e25d2020e2526db14c98954a165add78a447f9e378,report__L39,trigger_distance,103,23.718446601941746
add9e6c47ee82606285ce1e25d2020e2526db14c98954a165add78a447f9e378,report__L39,silent_gap,52,45.0
add9e6c47ee82606285ce1e25d2020e2526db14c98954a165add78a447f9e378,report__L39,burst_start_distance,52,46.82692307692308
add9e6c47ee82606285ce1e25d2020e2526db14c98954a165add78a447f9e378,motivated__L39,trigger_distance,175,13.891428571428571
add9e6c47ee82606285ce1e25d2020e2526db14c98954a165add78a447f9e378,motivated__L39,silent_gap,88,25.636363636363637
add9e6c47ee82606285ce1e25d2020e2526db14c98954a165add78a447f9e378,motivated__L39,burst_start_distance,88,27.625
9acc71ce57fe49102977b0ab9c5a3fefdedb8e418773c9936dd698e3193f0022,suite__L39,trigger_distance,66,43.484848484848484
9acc71ce57fe49102977b0ab9c5a3fefdedb8e418773c9936dd698e3193f0022,suite__L39,silent_gap,54,51.925925925925924
9acc71ce57fe49102977b0ab9c5a3fefdedb8e418773c9936dd698e3193f0022,suite__L39,burst_start_distance,54,53.148148148148145
9acc71ce57fe49102977b0ab9c5a3fefdedb8e418773c9936dd698e3193f0022,validator__L39,trigger_distance,163,16.650306748466257
9acc71ce57fe49102977b0ab9c5a3fefdedb8e418773c9936dd698e3193f0022,validator__L39,silent_gap,87,29.32183908045977
9acc71ce57fe49102977b0ab9c5a3fefdedb8e418773c9936dd698e3193f0022,validator__L39,burst_start_distance,87,31.195402298850574
9acc71ce57fe49102977b0ab9c5a3fefdedb8e418773c9936dd698e3193f0022,scorefile__L39,trigger_distance,141,19.886524822695037
9acc71ce57fe49102977b0ab9c5a3fefdedb8e418773c9936dd698e3193f0022,scorefile__L39,silent_gap,99,26.8989898989899
9acc71ce57fe49102977b0ab9c5a3fefdedb8e418773c9936dd698e3193f0022,scorefile__L39,burst_start_distance,99,28.282828282828284
9acc71ce57fe49102977b0ab9c5a3fefdedb8e418773c9936dd698e3193f0022,acquire__L39,trigger_distance,173,16.69942196531792
9acc71ce57fe49102977b0ab9c5a3fefdedb8e418773c9936dd698e3193f0022,acquire__L39,silent_gap,101,26.89108910891089
9acc71ce57fe49102977b0ab9c5a3fefdedb8e418773c9936dd698e3193f0022,acquire__L39,burst_start_distance,101,28.603960396039604
9acc71ce57fe49102977b0ab9c5a3fefdedb8e418773c9936dd698e3193f0022,report__L39,trigger_distance,76,37.21052631578947
9acc71ce57fe49102977b0ab9c5a3fefdedb8e418773c9936dd698e3193f0022,report__L39,silent_gap,40,68.8
9acc71ce57fe49102977b0ab9c5a3fefdedb8e418773c9936dd698e3193f0022,report__L39,burst_start_distance,40,70.575
9acc71ce57fe49102977b0ab9c5a3fefdedb8e418773c9936dd698e3193f0022,motivated__L39,trigger_distance,253,11.150197628458498
9acc71ce57fe49102977b0ab9c5a3fefdedb8e418773c9936dd698e3193f0022,motivated__L39,silent_gap,128,20.0625
9acc71ce57fe49102977b0ab9c5a3fefdedb8e418773c9936dd698e3193f0022,motivated__L39,burst_start_distance,128,22.03125
1f6436b654ef82342b5175e848ebbf21b8f82f214bcd1e2de211de0cf45cde27,suite__L39,trigger_distance,118,22.73728813559322
1f6436b654ef82342b5175e848ebbf21b8f82f214bcd1e2de211de0cf45cde27,suite__L39,silent_gap,79,32.46835443037975
1f6436b654ef82342b5175e848ebbf21b8f82f214bcd1e2de211de0cf45cde27,suite__L39,burst_start_distance,79,33.924050632911396
1f6436b654ef82342b5175e848ebbf21b8f82f214bcd1e2de211de0cf45cde27,validator__L39,trigger_distance,172,15.279069767441861
1f6436b654ef82342b5175e848ebbf21b8f82f214bcd1e2de211de0cf45cde27,validator__L39,silent_gap,88,27.90909090909091
1f6436b654ef82342b5175e848ebbf21b8f82f214bcd1e2de211de0cf45cde27,validator__L39,burst_start_distance,88,29.852272727272727
1f6436b654ef82342b5175e848ebbf21b8f82f214bcd1e2de211de0cf45cde27,scorefile__L39,trigger_distance,143,18.755244755244757
1f6436b654ef82342b5175e848ebbf21b8f82f214bcd1e2de211de0cf45cde27,scorefile__L39,silent_gap,97,26.175257731958762
1f6436b654ef82342b5175e848ebbf21b8f82f214bcd1e2de211de0cf45cde27,scorefile__L39,burst_start_distance,97,27.628865979381445
1f6436b654ef82342b5175e848ebbf21b8f82f214bcd1e2de211de0cf45cde27,acquire__L39,trigger_distance,139,18.72661870503597
1f6436b654ef82342b5175e848ebbf21b8f82f214bcd1e2de211de0cf45cde27,acquire__L39,silent_gap,94,26.21276595744681
1f6436b654ef82342b5175e848ebbf21b8f82f214bcd1e2de211de0cf45cde27,acquire__L39,burst_start_distance,94,27.69148936170213
1f6436b654ef82342b5175e848ebbf21b8f82f214bcd1e2de211de0cf45cde27,report__L39,trigger_distance,170,9.98235294117647
1f6436b654ef82342b5175e848ebbf21b8f82f214bcd1e2de211de0cf45cde27,report__L39,silent_gap,57,26.789473684210527
1f6436b654ef82342b5175e848ebbf21b8f82f214bcd1e2de211de0cf45cde27,report__L39,burst_start_distance,57,29.49122807017544
1f6436b654ef82342b5175e848ebbf21b8f82f214bcd1e2de211de0cf45cde27,motivated__L39,trigger_distance,205,12.673170731707318
1f6436b654ef82342b5175e848ebbf21b8f82f214bcd1e2de211de0cf45cde27,motivated__L39,silent_gap,116,20.629310344827587
1f6436b654ef82342b5175e848ebbf21b8f82f214bcd1e2de211de0cf45cde27,motivated__L39,burst_start_distance,116,22.396551724137932
bb95ad680aa8d7c59c8b07eb87e37f1b242592cf8c12bea63467e7e410131c60,suite__L39,trigger_distance,40,40.525
bb95ad680aa8d7c59c8b07eb87e37f1b242592cf8c12bea63467e7e410131c60,suite__L39,silent_gap,33,47.90909090909091
bb95ad680aa8d7c59c8b07eb87e37f1b242592cf8c12bea63467e7e410131c60,suite__L39,burst_start_distance,33,49.121212121212125
bb95ad680aa8d7c59c8b07eb87e37f1b242592cf8c12bea63467e7e410131c60,validator__L39,trigger_distance,51,31.058823529411764
bb95ad680aa8d7c59c8b07eb87e37f1b242592cf8c12bea63467e7e410131c60,validator__L39,silent_gap,28,54.75
bb95ad680aa8d7c59c8b07eb87e37f1b242592cf8c12bea63467e7e410131c60,validator__L39,burst_start_distance,28,56.5
bb95ad680aa8d7c59c8b07eb87e37f1b242592cf8c12bea63467e7e410131c60,scorefile__L39,trigger_distance,62,27.35483870967742
bb95ad680aa8d7c59c8b07eb87e37f1b242592cf8c12bea63467e7e410131c60,scorefile__L39,silent_gap,46,35.52173913043478
bb95ad680aa8d7c59c8b07eb87e37f1b242592cf8c12bea63467e7e410131c60,scorefile__L39,burst_start_distance,46,36.82608695652174
bb95ad680aa8d7c59c8b07eb87e37f1b242592cf8c12bea63467e7e410131c60,acquire__L39,trigger_distance,74,21.594594594594593
bb95ad680aa8d7c59c8b07eb87e37f1b242592cf8c12bea63467e7e410131c60,acquire__L39,silent_gap,45,33.86666666666667
bb95ad680aa8d7c59c8b07eb87e37f1b242592cf8c12bea63467e7e410131c60,acquire__L39,burst_start_distance,45,35.48888888888889
bb95ad680aa8d7c59c8b07eb87e37f1b242592cf8c12bea63467e7e410131c60,report__L39,trigger_distance,75,21.413333333333334
bb95ad680aa8d7c59c8b07eb87e37f1b242592cf8c12bea63467e7e410131c60,report__L39,silent_gap,41,37.34146341463415
bb95ad680aa8d7c59c8b07eb87e37f1b242592cf8c12bea63467e7e410131c60,report__L39,burst_start_distance,41,39.1219512195122
bb95ad680aa8d7c59c8b07eb87e37f1b242592cf8c12bea63467e7e410131c60,motivated__L39,trigger_distance,126,12.563492063492063
bb95ad680aa8d7c59c8b07eb87e37f1b242592cf8c12bea63467e7e410131c60,motivated__L39,silent_gap,64,22.765625
bb95ad680aa8d7c59c8b07eb87e37f1b242592cf8c12bea63467e7e410131c60,motivated__L39,burst_start_distance,64,24.71875
8b4df44544e739eba7ff75e083283bfa1042415508aeba099da001052b094890,suite__L39,trigger_distance,30,64.86666666666666
8b4df44544e739eba7ff75e083283bfa1042415508aeba099da001052b094890,suite__L39,silent_gap,25,76.64
8b4df44544e739eba7ff75e083283bfa1042415508aeba099da001052b094890,suite__L39,burst_start_distance,25,77.84
8b4df44544e739eba7ff75e083283bfa1042415508aeba099da001052b094890,validator__L39,trigger_distance,61,31.098360655737704
8b4df44544e739eba7ff75e083283bfa1042415508aeba099da001052b094890,validator__L39,silent_gap,32,57.375
8b4df44544e739eba7ff75e083283bfa1042415508aeba099da001052b094890,validator__L39,burst_start_distance,32,59.28125
8b4df44544e739eba7ff75e083283bfa1042415508aeba099da001052b094890,scorefile__L39,trigger_distance,71,28.112676056338028
8b4df44544e739eba7ff75e083283bfa1042415508aeba099da001052b094890,scorefile__L39,silent_gap,57,33.771929824561404
8b4df44544e739eba7ff75e083283bfa1042415508aeba099da001052b094890,scorefile__L39,burst_start_distance,57,35.01754385964912
8b4df44544e739eba7ff75e083283bfa1042415508aeba099da001052b094890,acquire__L39,trigger_distance,91,21.417582417582416
8b4df44544e739eba7ff75e083283bfa1042415508aeba099da001052b094890,acquire__L39,silent_gap,64,29.03125
8b4df44544e739eba7ff75e083283bfa1042415508aeba099da001052b094890,acquire__L39,burst_start_distance,64,30.40625
8b4df44544e739eba7ff75e083283bfa1042415508aeba099da001052b094890,report__L39,trigger_distance,56,34.160714285714285
8b4df44544e739eba7ff75e083283bfa1042415508aeba099da001052b094890,report__L39,silent_gap,33,56.27272727272727
8b4df44544e739eba7ff75e083283bfa1042415508aeba099da001052b094890,report__L39,burst_start_distance,33,57.75757575757576
8b4df44544e739eba7ff75e083283bfa1042415508aeba099da001052b094890,motivated__L39,trigger_distance,121,15.735537190082646
8b4df44544e739eba7ff75e083283bfa1042415508aeba099da001052b094890,motivated__L39,silent_gap,65,27.43076923076923
8b4df44544e739eba7ff75e083283bfa1042415508aeba099da001052b094890,motivated__L39,burst_start_distance,65,29.29230769230769
2d7ff2c26cf5f25f8d983ad5fc90e92969f7f51aeeab323c5b79271e7ef7aca1,suite__L39,trigger_distance,206,19.009708737864077
2d7ff2c26cf5f25f8d983ad5fc90e92969f7f51aeeab323c5b79271e7ef7aca1,suite__L39,silent_gap,113,32.83185840707964
2d7ff2c26cf5f25f8d983ad5fc90e92969f7f51aeeab323c5b79271e7ef7aca1,suite__L39,burst_start_distance,113,34.6283185840708
2d7ff2c26cf5f25f8d983ad5fc90e92969f7f51aeeab323c5b79271e7ef7aca1,validator__L39,trigger_distance,131,27.129770992366414
2d7ff2c26cf5f25f8d983ad5fc90e92969f7f51aeeab323c5b79271e7ef7aca1,validator__L39,silent_gap,70,48.9
2d7ff2c26cf5f25f8d983ad5fc90e92969f7f51aeeab323c5b79271e7ef7aca1,validator__L39,burst_start_distance,70,50.77142857142857
2d7ff2c26cf5f25f8d983ad5fc90e92969f7f51aeeab323c5b79271e7ef7aca1,scorefile__L39,trigger_distance,186,20.93548387096774
2d7ff2c26cf5f25f8d983ad5fc90e92969f7f51aeeab323c5b79271e7ef7aca1,scorefile__L39,silent_gap,129,28.74418604651163
2d7ff2c26cf5f25f8d983ad5fc90e92969f7f51aeeab323c5b79271e7ef7aca1,scorefile__L39,burst_start_distance,129,30.17829457364341
2d7ff2c26cf5f25f8d983ad5fc90e92969f7f51aeeab323c5b79271e7ef7aca1,acquire__L39,trigger_distance,199,19.256281407035175
2d7ff2c26cf5f25f8d983ad5fc90e92969f7f51aeeab323c5b79271e7ef7aca1,acquire__L39,silent_gap,131,27.732824427480917
2d7ff2c26cf5f25f8d983ad5fc90e92969f7f51aeeab323c5b79271e7ef7aca1,acquire__L39,burst_start_distance,131,29.251908396946565
2d7ff2c26cf5f25f8d983ad5fc90e92969f7f51aeeab323c5b79271e7ef7aca1,report__L39,trigger_distance,264,14.674242424242424
2d7ff2c26cf5f25f8d983ad5fc90e92969f7f51aeeab323c5b79271e7ef7aca1,report__L39,silent_gap,93,38.81720430107527
2d7ff2c26cf5f25f8d983ad5fc90e92969f7f51aeeab323c5b79271e7ef7aca1,report__L39,burst_start_distance,93,41.46236559139785
2d7ff2c26cf5f25f8d983ad5fc90e92969f7f51aeeab323c5b79271e7ef7aca1,motivated__L39,trigger_distance,210,18.3
2d7ff2c26cf5f25f8d983ad5fc90e92969f7f51aeeab323c5b79271e7ef7aca1,motivated__L39,silent_gap,111,32.729729729729726
2d7ff2c26cf5f25f8d983ad5fc90e92969f7f51aeeab323c5b79271e7ef7aca1,motivated__L39,burst_start_distance,111,34.62162162162162
ddfb8eb3dbf86338392e750a929d219adee0f296a379397a968554a0c7958103,suite__L39,trigger_distance,72,36.013888888888886
ddfb8eb3dbf86338392e750a929d219adee0f296a379397a968554a0c7958103,suite__L39,silent_gap,53,47.56603773584906
ddfb8eb3dbf86338392e750a929d219adee0f296a379397a968554a0c7958103,suite__L39,burst_start_distance,53,48.924528301886795
ddfb8eb3dbf86338392e750a929d219adee0f296a379397a968554a0c7958103,validator__L39,trigger_distance,87,28.67816091954023
ddfb8eb3dbf86338392e750a929d219adee0f296a379397a968554a0c7958103,validator__L39,silent_gap,51,47.21568627450981
ddfb8eb3dbf86338392e750a929d219adee0f296a379397a968554a0c7958103,validator__L39,burst_start_distance,51,48.92156862745098
ddfb8eb3dbf86338392e750a929d219adee0f296a379397a968554a0c7958103,scorefile__L39,trigger_distance,107,24.327102803738317
ddfb8eb3dbf86338392e750a929d219adee0f296a379397a968554a0c7958103,scorefile__L39,silent_gap,76,32.8421052631579
ddfb8eb3dbf86338392e750a929d219adee0f296a379397a968554a0c7958103,scorefile__L39,burst_start_distance,76,34.25
ddfb8eb3dbf86338392e750a929d219adee0f296a379397a968554a0c7958103,acquire__L39,trigger_distance,129,20.286821705426355
ddfb8eb3dbf86338392e750a929d219adee0f296a379397a968554a0c7958103,acquire__L39,silent_gap,76,32.73684210526316
ddfb8eb3dbf86338392e750a929d219adee0f296a379397a968554a0c7958103,acquire__L39,burst_start_distance,76,34.43421052631579
ddfb8eb3dbf86338392e750a929d219adee0f296a379397a968554a0c7958103,report__L39,trigger_distance,55,46.18181818181818
ddfb8eb3dbf86338392e750a929d219adee0f296a379397a968554a0c7958103,report__L39,silent_gap,32,77.65625
ddfb8eb3dbf86338392e750a929d219adee0f296a379397a968554a0c7958103,report__L39,burst_start_distance,32,79.21875
ddfb8eb3dbf86338392e750a929d219adee0f296a379397a968554a0c7958103,motivated__L39,trigger_distance,224,11.0625
ddfb8eb3dbf86338392e750a929d219adee0f296a379397a968554a0c7958103,motivated__L39,silent_gap,113,19.946902654867255
ddfb8eb3dbf86338392e750a929d219adee0f296a379397a968554a0c7958103,motivated__L39,burst_start_distance,113,21.92920353982301
b399d3eeedc172ae87c62f40d6d1535a85793bcc62df88bb0e192c124d6ef580,suite__L39,trigger_distance,64,30.625
b399d3eeedc172ae87c62f40d6d1535a85793bcc62df88bb0e192c124d6ef580,suite__L39,silent_gap,53,35.77358490566038
b399d3eeedc172ae87c62f40d6d1535a85793bcc62df88bb0e192c124d6ef580,suite__L39,burst_start_distance,53,36.9811320754717
b399d3eeedc172ae87c62f40d6d1535a85793bcc62df88bb0e192c124d6ef580,validator__L39,trigger_distance,85,22.75294117647059
b399d3eeedc172ae87c62f40d6d1535a85793bcc62df88bb0e192c124d6ef580,validator__L39,silent_gap,39,47.41025641025641
b399d3eeedc172ae87c62f40d6d1535a85793bcc62df88bb0e192c124d6ef580,validator__L39,burst_start_distance,39,49.58974358974359
b399d3eeedc172ae87c62f40d6d1535a85793bcc62df88bb0e192c124d6ef580,scorefile__L39,trigger_distance,97,20.556701030927837
b399d3eeedc172ae87c62f40d6d1535a85793bcc62df88bb0e192c124d6ef580,scorefile__L39,silent_gap,77,24.636363636363637
b399d3eeedc172ae87c62f40d6d1535a85793bcc62df88bb0e192c124d6ef580,scorefile__L39,burst_start_distance,77,25.883116883116884
b399d3eeedc172ae87c62f40d6d1535a85793bcc62df88bb0e192c124d6ef580,acquire__L39,trigger_distance,89,22.674157303370787
b399d3eeedc172ae87c62f40d6d1535a85793bcc62df88bb0e192c124d6ef580,acquire__L39,silent_gap,64,30.140625
b399d3eeedc172ae87c62f40d6d1535a85793bcc62df88bb0e192c124d6ef580,acquire__L39,burst_start_distance,64,31.53125
b399d3eeedc172ae87c62f40d6d1535a85793bcc62df88bb0e192c124d6ef580,report__L39,trigger_distance,95,20.410526315789475
b399d3eeedc172ae87c62f40d6d1535a85793bcc62df88bb0e192c124d6ef580,report__L39,silent_gap,50,36.88
b399d3eeedc172ae87c62f40d6d1535a85793bcc62df88bb0e192c124d6ef580,report__L39,burst_start_distance,50,38.58
b399d3eeedc172ae87c62f40d6d1535a85793bcc62df88bb0e192c124d6ef580,motivated__L39,trigger_distance,159,12.0
b399d3eeedc172ae87c62f40d6d1535a85793bcc62df88bb0e192c124d6ef580,motivated__L39,silent_gap,79,22.139240506329113
b399d3eeedc172ae87c62f40d6d1535a85793bcc62df88bb0e192c124d6ef580,motivated__L39,burst_start_distance,79,24.11392405063291
2781f7631bc0bda026ab9bea88061e5fa9970afbda1d4a4e82796b911b9f613d,suite__L39,trigger_distance,93,35.225806451612904
2781f7631bc0bda026ab9bea88061e5fa9970afbda1d4a4e82796b911b9f613d,suite__L39,silent_gap,71,44.83098591549296
2781f7631bc0bda026ab9bea88061e5fa9970afbda1d4a4e82796b911b9f613d,suite__L39,burst_start_distance,71,46.140845070422536
2781f7631bc0bda026ab9bea88061e5fa9970afbda1d4a4e82796b911b9f613d,validator__L39,trigger_distance,96,33.572916666666664
2781f7631bc0bda026ab9bea88061e5fa9970afbda1d4a4e82796b911b9f613d,validator__L39,silent_gap,59,53.0
2781f7631bc0bda026ab9bea88061e5fa9970afbda1d4a4e82796b911b9f613d,validator__L39,burst_start_distance,59,54.6271186440678
2781f7631bc0bda026ab9bea88061e5fa9970afbda1d4a4e82796b911b9f613d,scorefile__L39,trigger_distance,147,22.047619047619047
2781f7631bc0bda026ab9bea88061e5fa9970afbda1d4a4e82796b911b9f613d,scorefile__L39,silent_gap,109,28.38532110091743
2781f7631bc0bda026ab9bea88061e5fa9970afbda1d4a4e82796b911b9f613d,scorefile__L39,burst_start_distance,109,29.73394495412844
2781f7631bc0bda026ab9bea88061e5fa9970afbda1d4a4e82796b911b9f613d,acquire__L39,trigger_distance,138,23.855072463768117
2781f7631bc0bda026ab9bea88061e5fa9970afbda1d4a4e82796b911b9f613d,acquire__L39,silent_gap,96,32.854166666666664
2781f7631bc0bda026ab9bea88061e5fa9970afbda1d4a4e82796b911b9f613d,acquire__L39,burst_start_distance,96,34.291666666666664
2781f7631bc0bda026ab9bea88061e5fa9970afbda1d4a4e82796b911b9f613d,report__L39,trigger_distance,80,40.375
2781f7631bc0bda026ab9bea88061e5fa9970afbda1d4a4e82796b911b9f613d,report__L39,silent_gap,44,71.5909090909091
2781f7631bc0bda026ab9bea88061e5fa9970afbda1d4a4e82796b911b9f613d,report__L39,burst_start_distance,44,73.13636363636364
2781f7631bc0bda026ab9bea88061e5fa9970afbda1d4a4e82796b911b9f613d,motivated__L39,trigger_distance,247,12.8582995951417
2781f7631bc0bda026ab9bea88061e5fa9970afbda1d4a4e82796b911b9f613d,motivated__L39,silent_gap,142,20.62676056338028
2781f7631bc0bda026ab9bea88061e5fa9970afbda1d4a4e82796b911b9f613d,motivated__L39,burst_start_distance,142,22.359154929577464
db4e305c9709d57fc2e6908c90874d80da4d92f3e2d70523728e7fe58e39b20d,suite__L39,trigger_distance,219,16.488584474885844
db4e305c9709d57fc2e6908c90874d80da4d92f3e2d70523728e7fe58e39b20d,suite__L39,silent_gap,136,24.941176470588236
db4e305c9709d57fc2e6908c90874d80da4d92f3e2d70523728e7fe58e39b20d,suite__L39,burst_start_distance,136,26.49264705882353
db4e305c9709d57fc2e6908c90874d80da4d92f3e2d70523728e7fe58e39b20d,validator__L39,trigger_distance,171,20.34502923976608
db4e305c9709d57fc2e6908c90874d80da4d92f3e2d70523728e7fe58e39b20d,validator__L39,silent_gap,88,37.59090909090909
db4e305c9709d57fc2e6908c90874d80da4d92f3e2d70523728e7fe58e39b20d,validator__L39,burst_start_distance,88,39.53409090909091
db4e305c9709d57fc2e6908c90874d80da4d92f3e2d70523728e7fe58e39b20d,scorefile__L39,trigger_distance,183,19.666666666666668
db4e305c9709d57fc2e6908c90874d80da4d92f3e2d70523728e7fe58e39b20d,scorefile__L39,silent_gap,128,26.6875
db4e305c9709d57fc2e6908c90874d80da4d92f3e2d70523728e7fe58e39b20d,scorefile__L39,burst_start_distance,128,28.1171875
db4e305c9709d57fc2e6908c90874d80da4d92f3e2d70523728e7fe58e39b20d,acquire__L39,trigger_distance,112,29.053571428571427
db4e305c9709d57fc2e6908c90874d80da4d92f3e2d70523728e7fe58e39b20d,acquire__L39,silent_gap,76,41.3421052631579
db4e305c9709d57fc2e6908c90874d80da4d92f3e2d70523728e7fe58e39b20d,acquire__L39,burst_start_distance,76,42.81578947368421
db4e305c9709d57fc2e6908c90874d80da4d92f3e2d70523728e7fe58e39b20d,report__L39,trigger_distance,249,14.325301204819278
db4e305c9709d57fc2e6908c90874d80da4d92f3e2d70523728e7fe58e39b20d,report__L39,silent_gap,88,37.70454545454545
db4e305c9709d57fc2e6908c90874d80da4d92f3e2d70523728e7fe58e39b20d,report__L39,burst_start_distance,88,40.34090909090909
db4e305c9709d57fc2e6908c90874d80da4d92f3e2d70523728e7fe58e39b20d,motivated__L39,trigger_distance,283,12.56183745583039
db4e305c9709d57fc2e6908c90874d80da4d92f3e2d70523728e7fe58e39b20d,motivated__L39,silent_gap,140,23.37142857142857
db4e305c9709d57fc2e6908c90874d80da4d92f3e2d70523728e7fe58e39b20d,motivated__L39,burst_start_distance,140,25.385714285714286
b5ae8dd2d855a49f16e56ca445d54bb599848f50454bdf5a0f0641775a5a4d5b,suite__L39,trigger_distance,47,34.659574468085104
b5ae8dd2d855a49f16e56ca445d54bb599848f50454bdf5a0f0641775a5a4d5b,suite__L39,silent_gap,33,47.93939393939394
b5ae8dd2d855a49f16e56ca445d54bb599848f50454bdf5a0f0641775a5a4d5b,suite__L39,burst_start_distance,33,49.333333333333336
b5ae8dd2d855a49f16e56ca445d54bb599848f50454bdf5a0f0641775a5a4d5b,validator__L39,trigger_distance,54,25.037037037037038
b5ae8dd2d855a49f16e56ca445d54bb599848f50454bdf5a0f0641775a5a4d5b,validator__L39,silent_gap,32,40.5625
b5ae8dd2d855a49f16e56ca445d54bb599848f50454bdf5a0f0641775a5a4d5b,validator__L39,burst_start_distance,32,42.21875
b5ae8dd2d855a49f16e56ca445d54bb599848f50454bdf5a0f0641775a5a4d5b,scorefile__L39,trigger_distance,66,24.696969696969695
b5ae8dd2d855a49f16e56ca445d54bb599848f50454bdf5a0f0641775a5a4d5b,scorefile__L39,silent_gap,50,31.28
b5ae8dd2d855a49f16e56ca445d54bb599848f50454bdf5a0f0641775a5a4d5b,scorefile__L39,burst_start_distance,50,32.58
b5ae8dd2d855a49f16e56ca445d54bb599848f50454bdf5a0f0641775a5a4d5b,acquire__L39,trigger_distance,70,21.228571428571428
b5ae8dd2d855a49f16e56ca445d54bb599848f50454bdf5a0f0641775a5a4d5b,acquire__L39,silent_gap,41,34.53658536585366
b5ae8dd2d855a49f16e56ca445d54bb599848f50454bdf5a0f0641775a5a4d5b,acquire__L39,burst_start_distance,41,36.21951219512195
b5ae8dd2d855a49f16e56ca445d54bb599848f50454bdf5a0f0641775a5a4d5b,report__L39,trigger_distance,65,14.584615384615384
b5ae8dd2d855a49f16e56ca445d54bb599848f50454bdf5a0f0641775a5a4d5b,report__L39,silent_gap,34,25.970588235294116
b5ae8dd2d855a49f16e56ca445d54bb599848f50454bdf5a0f0641775a5a4d5b,report__L39,burst_start_distance,34,27.61764705882353
b5ae8dd2d855a49f16e56ca445d54bb599848f50454bdf5a0f0641775a5a4d5b,motivated__L39,trigger_distance,118,13.220338983050848
b5ae8dd2d855a49f16e56ca445d54bb599848f50454bdf5a0f0641775a5a4d5b,motivated__L39,silent_gap,60,24.033333333333335
b5ae8dd2d855a49f16e56ca445d54bb599848f50454bdf5a0f0641775a5a4d5b,motivated__L39,burst_start_distance,60,25.983333333333334
23a103f872ec482c8ead861291389ea4cdc51de0870bd0b64048efa33394e738,suite__L39,trigger_distance,219,14.5662100456621
23a103f872ec482c8ead861291389ea4cdc51de0870bd0b64048efa33394e738,suite__L39,silent_gap,122,24.352459016393443
23a103f872ec482c8ead861291389ea4cdc51de0870bd0b64048efa33394e738,suite__L39,burst_start_distance,122,26.09016393442623
23a103f872ec482c8ead861291389ea4cdc51de0870bd0b64048efa33394e738,validator__L39,trigger_distance,151,20.596026490066226
23a103f872ec482c8ead861291389ea4cdc51de0870bd0b64048efa33394e738,validator__L39,silent_gap,68,43.51470588235294
23a103f872ec482c8ead861291389ea4cdc51de0870bd0b64048efa33394e738,validator__L39,burst_start_distance,68,45.73529411764706
23a103f872ec482c8ead861291389ea4cdc51de0870bd0b64048efa33394e738,scorefile__L39,trigger_distance,188,16.888297872340427
23a103f872ec482c8ead861291389ea4cdc51de0870bd0b64048efa33394e738,scorefile__L39,silent_gap,124,24.088709677419356
23a103f872ec482c8ead861291389ea4cdc51de0870bd0b64048efa33394e738,scorefile__L39,burst_start_distance,124,25.588709677419356
23a103f872ec482c8ead861291389ea4cdc51de0870bd0b64048efa33394e738,acquire__L39,trigger_distance,127,24.700787401574804
23a103f872ec482c8ead861291389ea4cdc51de0870bd0b64048efa33394e738,acquire__L39,silent_gap,93,32.365591397849464
23a103f872ec482c8ead861291389ea4cdc51de0870bd0b64048efa33394e738,acquire__L39,burst_start_distance,93,33.73118279569893
23a103f872ec482c8ead861291389ea4cdc51de0870bd0b64048efa33394e738,report__L39,trigger_distance,210,14.861904761904762
23a103f872ec482c8ead861291389ea4cdc51de0870bd0b64048efa33394e738,report__L39,silent_gap,69,42.18840579710145
23a103f872ec482c8ead861291389ea4cdc51de0870bd0b64048efa33394e738,report__L39,burst_start_distance,69,45.15942028985507
23a103f872ec482c8ead861291389ea4cdc51de0870bd0b64048efa33394e738,motivated__L39,trigger_distance,182,17.23076923076923
23a103f872ec482c8ead861291389ea4cdc51de0870bd0b64048efa33394e738,motivated__L39,silent_gap,104,28.403846153846153
23a103f872ec482c8ead861291389ea4cdc51de0870bd0b64048efa33394e738,motivated__L39,burst_start_distance,104,30.153846153846153
c8852661f2c116445d4fc349c96cfe1415dbb5c4391349a13af70a1c93be1862,suite__L39,trigger_distance,37,41.32432432432432
c8852661f2c116445d4fc349c96cfe1415dbb5c4391349a13af70a1c93be1862,suite__L39,silent_gap,32,46.625
c8852661f2c116445d4fc349c96cfe1415dbb5c4391349a13af70a1c93be1862,suite__L39,burst_start_distance,32,47.78125
c8852661f2c116445d4fc349c96cfe1415dbb5c4391349a13af70a1c93be1862,validator__L39,trigger_distance,61,25.475409836065573
c8852661f2c116445d4fc349c96cfe1415dbb5c4391349a13af70a1c93be1862,validator__L39,silent_gap,35,42.65714285714286
c8852661f2c116445d4fc349c96cfe1415dbb5c4391349a13af70a1c93be1862,validator__L39,burst_start_distance,35,44.31428571428572
c8852661f2c116445d4fc349c96cfe1415dbb5c4391349a13af70a1c93be1862,scorefile__L39,trigger_distance,52,30.846153846153847
c8852661f2c116445d4fc349c96cfe1415dbb5c4391349a13af70a1c93be1862,scorefile__L39,silent_gap,42,36.95238095238095
c8852661f2c116445d4fc349c96cfe1415dbb5c4391349a13af70a1c93be1862,scorefile__L39,burst_start_distance,42,38.19047619047619
c8852661f2c116445d4fc349c96cfe1415dbb5c4391349a13af70a1c93be1862,acquire__L39,trigger_distance,58,28.25862068965517
c8852661f2c116445d4fc349c96cfe1415dbb5c4391349a13af70a1c93be1862,acquire__L39,silent_gap,37,42.729729729729726
c8852661f2c116445d4fc349c96cfe1415dbb5c4391349a13af70a1c93be1862,acquire__L39,burst_start_distance,37,44.2972972972973
c8852661f2c116445d4fc349c96cfe1415dbb5c4391349a13af70a1c93be1862,report__L39,trigger_distance,61,25.83606557377049
c8852661f2c116445d4fc349c96cfe1415dbb5c4391349a13af70a1c93be1862,report__L39,silent_gap,32,47.34375
c8852661f2c116445d4fc349c96cfe1415dbb5c4391349a13af70a1c93be1862,report__L39,burst_start_distance,32,49.1875
c8852661f2c116445d4fc349c96cfe1415dbb5c4391349a13af70a1c93be1862,motivated__L39,trigger_distance,121,12.909090909090908
c8852661f2c116445d4fc349c96cfe1415dbb5c4391349a13af70a1c93be1862,motivated__L39,silent_gap,67,21.507462686567163
c8852661f2c116445d4fc349c96cfe1415dbb5c4391349a13af70a1c93be1862,motivated__L39,burst_start_distance,67,23.313432835820894
b3bcddd69c81187dce4478383f131af39ae03548bee5389e2e5486e0f1429f6d,suite__L39,trigger_distance,171,19.719298245614034
b3bcddd69c81187dce4478383f131af39ae03548bee5389e2e5486e0f1429f6d,suite__L39,silent_gap,119,26.899159663865547
b3bcddd69c81187dce4478383f131af39ae03548bee5389e2e5486e0f1429f6d,suite__L39,burst_start_distance,119,28.310924369747898
b3bcddd69c81187dce4478383f131af39ae03548bee5389e2e5486e0f1429f6d,validator__L39,trigger_distance,129,23.31782945736434
b3bcddd69c81187dce4478383f131af39ae03548bee5389e2e5486e0f1429f6d,validator__L39,silent_gap,55,52.345454545454544
b3bcddd69c81187dce4478383f131af39ae03548bee5389e2e5486e0f1429f6d,validator__L39,burst_start_distance,55,54.69090909090909
b3bcddd69c81187dce4478383f131af39ae03548bee5389e2e5486e0f1429f6d,scorefile__L39,trigger_distance,153,21.84967320261438
b3bcddd69c81187dce4478383f131af39ae03548bee5389e2e5486e0f1429f6d,scorefile__L39,silent_gap,117,27.264957264957264
b3bcddd69c81187dce4478383f131af39ae03548bee5389e2e5486e0f1429f6d,scorefile__L39,burst_start_distance,117,28.572649572649574
b3bcddd69c81187dce4478383f131af39ae03548bee5389e2e5486e0f1429f6d,acquire__L39,trigger_distance,117,27.136752136752136
b3bcddd69c81187dce4478383f131af39ae03548bee5389e2e5486e0f1429f6d,acquire__L39,silent_gap,83,36.8433734939759
b3bcddd69c81187dce4478383f131af39ae03548bee5389e2e5486e0f1429f6d,acquire__L39,burst_start_distance,83,38.25301204819277
b3bcddd69c81187dce4478383f131af39ae03548bee5389e2e5486e0f1429f6d,report__L39,trigger_distance,107,27.53271028037383
b3bcddd69c81187dce4478383f131af39ae03548bee5389e2e5486e0f1429f6d,report__L39,silent_gap,53,53.56603773584906
b3bcddd69c81187dce4478383f131af39ae03548bee5389e2e5486e0f1429f6d,report__L39,burst_start_distance,53,55.43396226415094
b3bcddd69c81187dce4478383f131af39ae03548bee5389e2e5486e0f1429f6d,motivated__L39,trigger_distance,258,12.705426356589147
b3bcddd69c81187dce4478383f131af39ae03548bee5389e2e5486e0f1429f6d,motivated__L39,silent_gap,137,22.043795620437955
b3bcddd69c81187dce4478383f131af39ae03548bee5389e2e5486e0f1429f6d,motivated__L39,burst_start_distance,137,23.89051094890511
0b1bf7e8f5a49fd5179e499ccc23d0c856a1a2df429812f2a4148d2af8b3a9ee,suite__L39,trigger_distance,288,15.979166666666666
0b1bf7e8f5a49fd5179e499ccc23d0c856a1a2df429812f2a4148d2af8b3a9ee,suite__L39,silent_gap,176,24.511363636363637
0b1bf7e8f5a49fd5179e499ccc23d0c856a1a2df429812f2a4148d2af8b3a9ee,suite__L39,burst_start_distance,176,26.102272727272727
0b1bf7e8f5a49fd5179e499ccc23d0c856a1a2df429812f2a4148d2af8b3a9ee,validator__L39,trigger_distance,228,19.890350877192983
0b1bf7e8f5a49fd5179e499ccc23d0c856a1a2df429812f2a4148d2af8b3a9ee,validator__L39,silent_gap,108,39.879629629629626
0b1bf7e8f5a49fd5179e499ccc23d0c856a1a2df429812f2a4148d2af8b3a9ee,validator__L39,burst_start_distance,108,41.99074074074074
0b1bf7e8f5a49fd5179e499ccc23d0c856a1a2df429812f2a4148d2af8b3a9ee,scorefile__L39,trigger_distance,303,15.425742574257425
0b1bf7e8f5a49fd5179e499ccc23d0c856a1a2df429812f2a4148d2af8b3a9ee,scorefile__L39,silent_gap,181,24.14917127071823
0b1bf7e8f5a49fd5179e499ccc23d0c856a1a2df429812f2a4148d2af8b3a9ee,scorefile__L39,burst_start_distance,181,25.823204419889503
0b1bf7e8f5a49fd5179e499ccc23d0c856a1a2df429812f2a4148d2af8b3a9ee,acquire__L39,trigger_distance,185,24.832432432432434
0b1bf7e8f5a49fd5179e499ccc23d0c856a1a2df429812f2a4148d2af8b3a9ee,acquire__L39,silent_gap,125,35.272
0b1bf7e8f5a49fd5179e499ccc23d0c856a1a2df429812f2a4148d2af8b3a9ee,acquire__L39,burst_start_distance,125,36.752
0b1bf7e8f5a49fd5179e499ccc23d0c856a1a2df429812f2a4148d2af8b3a9ee,report__L39,trigger_distance,188,24.31382978723404
0b1bf7e8f5a49fd5179e499ccc23d0c856a1a2df429812f2a4148d2af8b3a9ee,report__L39,silent_gap,77,56.922077922077925
0b1bf7e8f5a49fd5179e499ccc23d0c856a1a2df429812f2a4148d2af8b3a9ee,report__L39,burst_start_distance,77,59.324675324675326
0b1bf7e8f5a49fd5179e499ccc23d0c856a1a2df429812f2a4148d2af8b3a9ee,motivated__L39,trigger_distance,300,14.326666666666666
0b1bf7e8f5a49fd5179e499ccc23d0c856a1a2df429812f2a4148d2af8b3a9ee,motivated__L39,silent_gap,156,25.628205128205128
0b1bf7e8f5a49fd5179e499ccc23d0c856a1a2df429812f2a4148d2af8b3a9ee,motivated__L39,burst_start_distance,156,27.544871794871796
5a257477d4ae219215921228700870b028d937c137b3dcbb87d2ccff5be168f5,suite__L39,trigger_distance,199,15.120603015075377
5a257477d4ae219215921228700870b028d937c137b3dcbb87d2ccff5be168f5,suite__L39,silent_gap,110,25.545454545454547
5a257477d4ae219215921228700870b028d937c137b3dcbb87d2ccff5be168f5,suite__L39,burst_start_distance,110,27.354545454545455
5a257477d4ae219215921228700870b028d937c137b3dcbb87d2ccff5be168f5,validator__L39,trigger_distance,356,8.280898876404494
5a257477d4ae219215921228700870b028d937c137b3dcbb87d2ccff5be168f5,validator__L39,silent_gap,130,19.93846153846154
5a257477d4ae219215921228700870b028d937c137b3dcbb87d2ccff5be168f5,validator__L39,burst_start_distance,130,22.661538461538463
5a257477d4ae219215921228700870b028d937c137b3dcbb87d2ccff5be168f5,scorefile__L39,trigger_distance,320,9.546875
5a257477d4ae219215921228700870b028d937c137b3dcbb87d2ccff5be168f5,scorefile__L39,silent_gap,145,18.862068965517242
5a257477d4ae219215921228700870b028d937c137b3dcbb87d2ccff5be168f5,scorefile__L39,burst_start_distance,145,21.06896551724138
5a257477d4ae219215921228700870b028d937c137b3dcbb87d2ccff5be168f5,acquire__L39,trigger_distance,182,16.78021978021978
5a257477d4ae219215921228700870b028d937c137b3dcbb87d2ccff5be168f5,acquire__L39,silent_gap,116,24.75862068965517
5a257477d4ae219215921228700870b028d937c137b3dcbb87d2ccff5be168f5,acquire__L39,burst_start_distance,116,26.32758620689655
5a257477d4ae219215921228700870b028d937c137b3dcbb87d2ccff5be168f5,report__L39,trigger_distance,97,28.63917525773196
5a257477d4ae219215921228700870b028d937c137b3dcbb87d2ccff5be168f5,report__L39,silent_gap,39,68.74358974358974
5a257477d4ae219215921228700870b028d937c137b3dcbb87d2ccff5be168f5,report__L39,burst_start_distance,39,71.17948717948718
5a257477d4ae219215921228700870b028d937c137b3dcbb87d2ccff5be168f5,motivated__L39,trigger_distance,275,10.690909090909091
5a257477d4ae219215921228700870b028d937c137b3dcbb87d2ccff5be168f5,motivated__L39,silent_gap,132,20.189393939393938
5a257477d4ae219215921228700870b028d937c137b3dcbb87d2ccff5be168f5,motivated__L39,burst_start_distance,132,22.272727272727273
0150be64ef395ebf4acfd01a2723000a72e02a4fd418e6281e8573ed589e4d8e,suite__L39,trigger_distance,66,33.03030303030303
0150be64ef395ebf4acfd01a2723000a72e02a4fd418e6281e8573ed589e4d8e,suite__L39,silent_gap,51,41.450980392156865
0150be64ef395ebf4acfd01a2723000a72e02a4fd418e6281e8573ed589e4d8e,suite__L39,burst_start_distance,51,42.745098039215684
0150be64ef395ebf4acfd01a2723000a72e02a4fd418e6281e8573ed589e4d8e,validator__L39,trigger_distance,124,17.06451612903226
0150be64ef395ebf4acfd01a2723000a72e02a4fd418e6281e8573ed589e4d8e,validator__L39,silent_gap,46,43.30434782608695
0150be64ef395ebf4acfd01a2723000a72e02a4fd418e6281e8573ed589e4d8e,validator__L39,burst_start_distance,46,45.97826086956522
0150be64ef395ebf4acfd01a2723000a72e02a4fd418e6281e8573ed589e4d8e,scorefile__L39,trigger_distance,133,16.917293233082706
0150be64ef395ebf4acfd01a2723000a72e02a4fd418e6281e8573ed589e4d8e,scorefile__L39,silent_gap,71,29.816901408450704
0150be64ef395ebf4acfd01a2723000a72e02a4fd418e6281e8573ed589e4d8e,scorefile__L39,burst_start_distance,71,31.676056338028168
0150be64ef395ebf4acfd01a2723000a72e02a4fd418e6281e8573ed589e4d8e,acquire__L39,trigger_distance,104,21.653846153846153
0150be64ef395ebf4acfd01a2723000a72e02a4fd418e6281e8573ed589e4d8e,acquire__L39,silent_gap,80,26.85
0150be64ef395ebf4acfd01a2723000a72e02a4fd418e6281e8573ed589e4d8e,acquire__L39,burst_start_distance,80,28.15
0150be64ef395ebf4acfd01a2723000a72e02a4fd418e6281e8573ed589e4d8e,report__L39,trigger_distance,54,38.44444444444444
0150be64ef395ebf4acfd01a2723000a72e02a4fd418e6281e8573ed589e4d8e,report__L39,silent_gap,27,74.88888888888889
0150be64ef395ebf4acfd01a2723000a72e02a4fd418e6281e8573ed589e4d8e,report__L39,burst_start_distance,27,76.85185185185185
0150be64ef395ebf4acfd01a2723000a72e02a4fd418e6281e8573ed589e4d8e,motivated__L39,trigger_distance,155,13.303225806451612
0150be64ef395ebf4acfd01a2723000a72e02a4fd418e6281e8573ed589e4d8e,motivated__L39,silent_gap,74,25.77027027027027
0150be64ef395ebf4acfd01a2723000a72e02a4fd418e6281e8573ed589e4d8e,motivated__L39,burst_start_distance,74,27.864864864864863
f82a6aa21988675954f0cd998e650f56b71a0cd2cc90a1070687f8673f11fcab,suite__L39,trigger_distance,290,10.403448275862068
f82a6aa21988675954f0cd998e650f56b71a0cd2cc90a1070687f8673f11fcab,suite__L39,silent_gap,150,18.18
f82a6aa21988675954f0cd998e650f56b71a0cd2cc90a1070687f8673f11fcab,suite__L39,burst_start_distance,150,20.093333333333334
f82a6aa21988675954f0cd998e650f56b71a0cd2cc90a1070687f8673f11fcab,validator__L39,trigger_distance,396,7.482323232323233
f82a6aa21988675954f0cd998e650f56b71a0cd2cc90a1070687f8673f11fcab,validator__L39,silent_gap,117,21.94017094017094
f82a6aa21988675954f0cd998e650f56b71a0cd2cc90a1070687f8673f11fcab,validator__L39,burst_start_distance,117,25.324786324786324
f82a6aa21988675954f0cd998e650f56b71a0cd2cc90a1070687f8673f11fcab,scorefile__L39,trigger_distance,373,8.201072386058982
f82a6aa21988675954f0cd998e650f56b71a0cd2cc90a1070687f8673f11fcab,scorefile__L39,silent_gap,161,16.683229813664596
f82a6aa21988675954f0cd998e650f56b71a0cd2cc90a1070687f8673f11fcab,scorefile__L39,burst_start_distance,161,19.0
f82a6aa21988675954f0cd998e650f56b71a0cd2cc90a1070687f8673f11fcab,acquire__L39,trigger_distance,154,19.857142857142858
f82a6aa21988675954f0cd998e650f56b71a0cd2cc90a1070687f8673f11fcab,acquire__L39,silent_gap,105,27.65714285714286
f82a6aa21988675954f0cd998e650f56b71a0cd2cc90a1070687f8673f11fcab,acquire__L39,burst_start_distance,105,29.123809523809523
f82a6aa21988675954f0cd998e650f56b71a0cd2cc90a1070687f8673f11fcab,report__L39,trigger_distance,167,17.778443113772454
f82a6aa21988675954f0cd998e650f56b71a0cd2cc90a1070687f8673f11fcab,report__L39,silent_gap,60,46.7
f82a6aa21988675954f0cd998e650f56b71a0cd2cc90a1070687f8673f11fcab,report__L39,burst_start_distance,60,49.25
f82a6aa21988675954f0cd998e650f56b71a0cd2cc90a1070687f8673f11fcab,motivated__L39,trigger_distance,194,13.685567010309278
f82a6aa21988675954f0cd998e650f56b71a0cd2cc90a1070687f8673f11fcab,motivated__L39,silent_gap,101,24.366336633663366
f82a6aa21988675954f0cd998e650f56b71a0cd2cc90a1070687f8673f11fcab,motivated__L39,burst_start_distance,101,26.277227722772277
5e654ff0a2b0b102de41794aae51e19f0711b7ff75f39cb2002d5236a2f17de7,suite__L39,trigger_distance,219,16.187214611872147
5e654ff0a2b0b102de41794aae51e19f0711b7ff75f39cb2002d5236a2f17de7,suite__L39,silent_gap,129,25.782945736434108
5e654ff0a2b0b102de41794aae51e19f0711b7ff75f39cb2002d5236a2f17de7,suite__L39,burst_start_distance,129,27.449612403100776
5e654ff0a2b0b102de41794aae51e19f0711b7ff75f39cb2002d5236a2f17de7,validator__L39,trigger_distance,233,14.918454935622318
5e654ff0a2b0b102de41794aae51e19f0711b7ff75f39cb2002d5236a2f17de7,validator__L39,silent_gap,104,31.182692307692307
5e654ff0a2b0b102de41794aae51e19f0711b7ff75f39cb2002d5236a2f17de7,validator__L39,burst_start_distance,104,33.41346153846154
5e654ff0a2b0b102de41794aae51e19f0711b7ff75f39cb2002d5236a2f17de7,scorefile__L39,trigger_distance,258,13.395348837209303
5e654ff0a2b0b102de41794aae51e19f0711b7ff75f39cb2002d5236a2f17de7,scorefile__L39,silent_gap,160,19.9875
5e654ff0a2b0b102de41794aae51e19f0711b7ff75f39cb2002d5236a2f17de7,scorefile__L39,burst_start_distance,160,21.6
5e654ff0a2b0b102de41794aae51e19f0711b7ff75f39cb2002d5236a2f17de7,acquire__L39,trigger_distance,147,24.551020408163264
5e654ff0a2b0b102de41794aae51e19f0711b7ff75f39cb2002d5236a2f17de7,acquire__L39,silent_gap,94,36.829787234042556
5e654ff0a2b0b102de41794aae51e19f0711b7ff75f39cb2002d5236a2f17de7,acquire__L39,burst_start_distance,94,38.3936170212766
5e654ff0a2b0b102de41794aae51e19f0711b7ff75f39cb2002d5236a2f17de7,report__L39,trigger_distance,202,17.306930693069308
5e654ff0a2b0b102de41794aae51e19f0711b7ff75f39cb2002d5236a2f17de7,report__L39,silent_gap,77,42.77922077922078
5e654ff0a2b0b102de41794aae51e19f0711b7ff75f39cb2002d5236a2f17de7,report__L39,burst_start_distance,77,45.298701298701296
5e654ff0a2b0b102de41794aae51e19f0711b7ff75f39cb2002d5236a2f17de7,motivated__L39,trigger_distance,222,15.481981981981981
5e654ff0a2b0b102de41794aae51e19f0711b7ff75f39cb2002d5236a2f17de7,motivated__L39,silent_gap,107,30.046728971962615
5e654ff0a2b0b102de41794aae51e19f0711b7ff75f39cb2002d5236a2f17de7,motivated__L39,burst_start_distance,107,32.12149532710281
3b2fe2d47df3dabffe3ac573e5deaf589c062d9e1b59d20415f6f7ea3f55c839,suite__L39,trigger_distance,165,17.993939393939392
3b2fe2d47df3dabffe3ac573e5deaf589c062d9e1b59d20415f6f7ea3f55c839,suite__L39,silent_gap,97,28.90721649484536
3b2fe2d47df3dabffe3ac573e5deaf589c062d9e1b59d20415f6f7ea3f55c839,suite__L39,burst_start_distance,97,30.577319587628867
3b2fe2d47df3dabffe3ac573e5deaf589c062d9e1b59d20415f6f7ea3f55c839,validator__L39,trigger_distance,179,16.40223463687151
3b2fe2d47df3dabffe3ac573e5deaf589c062d9e1b59d20415f6f7ea3f55c839,validator__L39,silent_gap,84,32.82142857142857
3b2fe2d47df3dabffe3ac573e5deaf589c062d9e1b59d20415f6f7ea3f55c839,validator__L39,burst_start_distance,84,34.95238095238095
3b2fe2d47df3dabffe3ac573e5deaf589c062d9e1b59d20415f6f7ea3f55c839,scorefile__L39,trigger_distance,170,17.8
3b2fe2d47df3dabffe3ac573e5deaf589c062d9e1b59d20415f6f7ea3f55c839,scorefile__L39,silent_gap,112,25.5
3b2fe2d47df3dabffe3ac573e5deaf589c062d9e1b59d20415f6f7ea3f55c839,scorefile__L39,burst_start_distance,112,27.017857142857142
3b2fe2d47df3dabffe3ac573e5deaf589c062d9e1b59d20415f6f7ea3f55c839,acquire__L39,trigger_distance,111,26.414414414414413
3b2fe2d47df3dabffe3ac573e5deaf589c062d9e1b59d20415f6f7ea3f55c839,acquire__L39,silent_gap,72,39.18055555555556
3b2fe2d47df3dabffe3ac573e5deaf589c062d9e1b59d20415f6f7ea3f55c839,acquire__L39,burst_start_distance,72,40.72222222222222
3b2fe2d47df3dabffe3ac573e5deaf589c062d9e1b59d20415f6f7ea3f55c839,report__L39,trigger_distance,188,14.946808510638299
3b2fe2d47df3dabffe3ac573e5deaf589c062d9e1b59d20415f6f7ea3f55c839,report__L39,silent_gap,85,30.847058823529412
3b2fe2d47df3dabffe3ac573e5deaf589c062d9e1b59d20415f6f7ea3f55c839,report__L39,burst_start_distance,85,32.917647058823526
3b2fe2d47df3dabffe3ac573e5deaf589c062d9e1b59d20415f6f7ea3f55c839,motivated__L39,trigger_distance,177,16.214689265536723
3b2fe2d47df3dabffe3ac573e5deaf589c062d9e1b59d20415f6f7ea3f55c839,motivated__L39,silent_gap,97,27.762886597938145
3b2fe2d47df3dabffe3ac573e5deaf589c062d9e1b59d20415f6f7ea3f55c839,motivated__L39,burst_start_distance,97,29.587628865979383
5aa5a78d5c4fc17fa2b8de0b7dd82a081171d0ddf1990fe9adb337b209d4d42e,suite__L39,trigger_distance,208,16.22596153846154
5aa5a78d5c4fc17fa2b8de0b7dd82a081171d0ddf1990fe9adb337b209d4d42e,suite__L39,silent_gap,130,24.361538461538462
5aa5a78d5c4fc17fa2b8de0b7dd82a081171d0ddf1990fe9adb337b209d4d42e,suite__L39,burst_start_distance,130,25.93846153846154
5aa5a78d5c4fc17fa2b8de0b7dd82a081171d0ddf1990fe9adb337b209d4d42e,validator__L39,trigger_distance,331,9.891238670694865
5aa5a78d5c4fc17fa2b8de0b7dd82a081171d0ddf1990fe9adb337b209d4d42e,validator__L39,silent_gap,141,20.872340425531913
5aa5a78d5c4fc17fa2b8de0b7dd82a081171d0ddf1990fe9adb337b209d4d42e,validator__L39,burst_start_distance,141,23.21276595744681
5aa5a78d5c4fc17fa2b8de0b7dd82a081171d0ddf1990fe9adb337b209d4d42e,scorefile__L39,trigger_distance,295,11.583050847457628
5aa5a78d5c4fc17fa2b8de0b7dd82a081171d0ddf1990fe9adb337b209d4d42e,scorefile__L39,silent_gap,144,21.680555555555557
5aa5a78d5c4fc17fa2b8de0b7dd82a081171d0ddf1990fe9adb337b209d4d42e,scorefile__L39,burst_start_distance,144,23.729166666666668
5aa5a78d5c4fc17fa2b8de0b7dd82a081171d0ddf1990fe9adb337b209d4d42e,acquire__L39,trigger_distance,159,19.82389937106918
5aa5a78d5c4fc17fa2b8de0b7dd82a081171d0ddf1990fe9adb337b209d4d42e,acquire__L39,silent_gap,102,29.34313725490196
5aa5a78d5c4fc17fa2b8de0b7dd82a081171d0ddf1990fe9adb337b209d4d42e,acquire__L39,burst_start_distance,102,30.892156862745097
5aa5a78d5c4fc17fa2b8de0b7dd82a081171d0ddf1990fe9adb337b209d4d42e,report__L39,trigger_distance,155,21.46451612903226
5aa5a78d5c4fc17fa2b8de0b7dd82a081171d0ddf1990fe9adb337b209d4d42e,report__L39,silent_gap,65,48.8
5aa5a78d5c4fc17fa2b8de0b7dd82a081171d0ddf1990fe9adb337b209d4d42e,report__L39,burst_start_distance,65,50.98461538461538
5aa5a78d5c4fc17fa2b8de0b7dd82a081171d0ddf1990fe9adb337b209d4d42e,motivated__L39,trigger_distance,282,11.425531914893616
5aa5a78d5c4fc17fa2b8de0b7dd82a081171d0ddf1990fe9adb337b209d4d42e,motivated__L39,silent_gap,149,19.731543624161073
5aa5a78d5c4fc17fa2b8de0b7dd82a081171d0ddf1990fe9adb337b209d4d42e,motivated__L39,burst_start_distance,149,21.624161073825505
d17bd6299ec500479f7a5e8e504b3ccafb61df01dbf834c77b09dad5ae4b7771,suite__L39,trigger_distance,33,39.84848484848485
d17bd6299ec500479f7a5e8e504b3ccafb61df01dbf834c77b09dad5ae4b7771,suite__L39,silent_gap,27,47.48148148148148
d17bd6299ec500479f7a5e8e504b3ccafb61df01dbf834c77b09dad5ae4b7771,suite__L39,burst_start_distance,27,48.666666666666664
d17bd6299ec500479f7a5e8e504b3ccafb61df01dbf834c77b09dad5ae4b7771,validator__L39,trigger_distance,74,16.91891891891892
d17bd6299ec500479f7a5e8e504b3ccafb61df01dbf834c77b09dad5ae4b7771,validator__L39,silent_gap,38,31.0
d17bd6299ec500479f7a5e8e504b3ccafb61df01dbf834c77b09dad5ae4b7771,validator__L39,burst_start_distance,38,32.94736842105263
d17bd6299ec500479f7a5e8e504b3ccafb61df01dbf834c77b09dad5ae4b7771,scorefile__L39,trigger_distance,72,18.72222222222222
d17bd6299ec500479f7a5e8e504b3ccafb61df01dbf834c77b09dad5ae4b7771,scorefile__L39,silent_gap,48,26.583333333333332
d17bd6299ec500479f7a5e8e504b3ccafb61df01dbf834c77b09dad5ae4b7771,scorefile__L39,burst_start_distance,48,28.083333333333332
d17bd6299ec500479f7a5e8e504b3ccafb61df01dbf834c77b09dad5ae4b7771,acquire__L39,trigger_distance,83,14.939759036144578
d17bd6299ec500479f7a5e8e504b3ccafb61df01dbf834c77b09dad5ae4b7771,acquire__L39,silent_gap,59,19.610169491525422
d17bd6299ec500479f7a5e8e504b3ccafb61df01dbf834c77b09dad5ae4b7771,acquire__L39,burst_start_distance,59,21.016949152542374
d17bd6299ec500479f7a5e8e504b3ccafb61df01dbf834c77b09dad5ae4b7771,report__L39,trigger_distance,22,39.31818181818182
d17bd6299ec500479f7a5e8e504b3ccafb61df01dbf834c77b09dad5ae4b7771,report__L39,silent_gap,13,64.84615384615384
d17bd6299ec500479f7a5e8e504b3ccafb61df01dbf834c77b09dad5ae4b7771,report__L39,burst_start_distance,13,66.07692307692308
d17bd6299ec500479f7a5e8e504b3ccafb61df01dbf834c77b09dad5ae4b7771,motivated__L39,trigger_distance,87,12.310344827586206
d17bd6299ec500479f7a5e8e504b3ccafb61df01dbf834c77b09dad5ae4b7771,motivated__L39,silent_gap,46,21.391304347826086
d17bd6299ec500479f7a5e8e504b3ccafb61df01dbf834c77b09dad5ae4b7771,motivated__L39,burst_start_distance,46,23.282608695652176
275ae413b16bf0902de5c54eb7b3cabbe00c556c11c1ac1c3e255808110ce9e6,suite__L39,trigger_distance,104,16.365384615384617
275ae413b16bf0902de5c54eb7b3cabbe00c556c11c1ac1c3e255808110ce9e6,suite__L39,silent_gap,66,24.21212121212121
275ae413b16bf0902de5c54eb7b3cabbe00c556c11c1ac1c3e255808110ce9e6,suite__L39,burst_start_distance,66,25.78787878787879
275ae413b16bf0902de5c54eb7b3cabbe00c556c11c1ac1c3e255808110ce9e6,validator__L39,trigger_distance,228,7.254385964912281
275ae413b16bf0902de5c54eb7b3cabbe00c556c11c1ac1c3e255808110ce9e6,validator__L39,silent_gap,85,16.776470588235295
275ae413b16bf0902de5c54eb7b3cabbe00c556c11c1ac1c3e255808110ce9e6,validator__L39,burst_start_distance,85,19.435294117647057
275ae413b16bf0902de5c54eb7b3cabbe00c556c11c1ac1c3e255808110ce9e6,scorefile__L39,trigger_distance,189,8.968253968253968
275ae413b16bf0902de5c54eb7b3cabbe00c556c11c1ac1c3e255808110ce9e6,scorefile__L39,silent_gap,100,15.06
275ae413b16bf0902de5c54eb7b3cabbe00c556c11c1ac1c3e255808110ce9e6,scorefile__L39,burst_start_distance,100,16.95
275ae413b16bf0902de5c54eb7b3cabbe00c556c11c1ac1c3e255808110ce9e6,acquire__L39,trigger_distance,90,18.6
275ae413b16bf0902de5c54eb7b3cabbe00c556c11c1ac1c3e255808110ce9e6,acquire__L39,silent_gap,60,26.4
275ae413b16bf0902de5c54eb7b3cabbe00c556c11c1ac1c3e255808110ce9e6,acquire__L39,burst_start_distance,60,27.9
275ae413b16bf0902de5c54eb7b3cabbe00c556c11c1ac1c3e255808110ce9e6,report__L39,trigger_distance,49,33.95918367346939
275ae413b16bf0902de5c54eb7b3cabbe00c556c11c1ac1c3e255808110ce9e6,report__L39,silent_gap,30,53.833333333333336
275ae413b16bf0902de5c54eb7b3cabbe00c556c11c1ac1c3e255808110ce9e6,report__L39,burst_start_distance,30,55.266666666666666
275ae413b16bf0902de5c54eb7b3cabbe00c556c11c1ac1c3e255808110ce9e6,motivated__L39,trigger_distance,100,13.38
275ae413b16bf0902de5c54eb7b3cabbe00c556c11c1ac1c3e255808110ce9e6,motivated__L39,silent_gap,52,23.807692307692307
275ae413b16bf0902de5c54eb7b3cabbe00c556c11c1ac1c3e255808110ce9e6,motivated__L39,burst_start_distance,52,25.73076923076923
12eafd5e5d49f1c29fd677f41c19031c53561a5d4cfeb6dfd62dc3ba4130adbf,suite__L39,trigger_distance,185,13.605405405405405
12eafd5e5d49f1c29fd677f41c19031c53561a5d4cfeb6dfd62dc3ba4130adbf,suite__L39,silent_gap,113,20.63716814159292
12eafd5e5d49f1c29fd677f41c19031c53561a5d4cfeb6dfd62dc3ba4130adbf,suite__L39,burst_start_distance,113,22.24778761061947
12eafd5e5d49f1c29fd677f41c19031c53561a5d4cfeb6dfd62dc3ba4130adbf,validator__L39,trigger_distance,157,15.681528662420382
12eafd5e5d49f1c29fd677f41c19031c53561a5d4cfeb6dfd62dc3ba4130adbf,validator__L39,silent_gap,69,33.405797101449274
12eafd5e5d49f1c29fd677f41c19031c53561a5d4cfeb6dfd62dc3ba4130adbf,validator__L39,burst_start_distance,69,35.68115942028985
12eafd5e5d49f1c29fd677f41c19031c53561a5d4cfeb6dfd62dc3ba4130adbf,scorefile__L39,trigger_distance,168,15.172619047619047
12eafd5e5d49f1c29fd677f41c19031c53561a5d4cfeb6dfd62dc3ba4130adbf,scorefile__L39,silent_gap,104,22.89423076923077
12eafd5e5d49f1c29fd677f41c19031c53561a5d4cfeb6dfd62dc3ba4130adbf,scorefile__L39,burst_start_distance,104,24.509615384615383
12eafd5e5d49f1c29fd677f41c19031c53561a5d4cfeb6dfd62dc3ba4130adbf,acquire__L39,trigger_distance,131,17.900763358778626
12eafd5e5d49f1c29fd677f41c19031c53561a5d4cfeb6dfd62dc3ba4130adbf,acquire__L39,silent_gap,99,22.363636363636363
12eafd5e5d49f1c29fd677f41c19031c53561a5d4cfeb6dfd62dc3ba4130adbf,acquire__L39,burst_start_distance,99,23.68686868686869
12eafd5e5d49f1c29fd677f41c19031c53561a5d4cfeb6dfd62dc3ba4130adbf,report__L39,trigger_distance,162,15.253086419753087
12eafd5e5d49f1c29fd677f41c19031c53561a5d4cfeb6dfd62dc3ba4130adbf,report__L39,silent_gap,53,43.56603773584906
12eafd5e5d49f1c29fd677f41c19031c53561a5d4cfeb6dfd62dc3ba4130adbf,report__L39,burst_start_distance,53,46.283018867924525
12eafd5e5d49f1c29fd677f41c19031c53561a5d4cfeb6dfd62dc3ba4130adbf,motivated__L39,trigger_distance,139,17.18705035971223
12eafd5e5d49f1c29fd677f41c19031c53561a5d4cfeb6dfd62dc3ba4130adbf,motivated__L39,silent_gap,72,31.25
12eafd5e5d49f1c29fd677f41c19031c53561a5d4cfeb6dfd62dc3ba4130adbf,motivated__L39,burst_start_distance,72,33.125
c35a3f23359fd7986b6faffdcefcbe32117ed40d505c72e50eb6a75f28dd75de,suite__L39,trigger_distance,252,10.781746031746032
c35a3f23359fd7986b6faffdcefcbe32117ed40d505c72e50eb6a75f28dd75de,suite__L39,silent_gap,129,19.108527131782946
c35a3f23359fd7986b6faffdcefcbe32117ed40d505c72e50eb6a75f28dd75de,suite__L39,burst_start_distance,129,21.05426356589147
c35a3f23359fd7986b6faffdcefcbe32117ed40d505c72e50eb6a75f28dd75de,validator__L39,trigger_distance,287,9.404181184668989
c35a3f23359fd7986b6faffdcefcbe32117ed40d505c72e50eb6a75f28dd75de,validator__L39,silent_gap,118,20.440677966101696
c35a3f23359fd7986b6faffdcefcbe32117ed40d505c72e50eb6a75f28dd75de,validator__L39,burst_start_distance,118,22.872881355932204
c35a3f23359fd7986b6faffdcefcbe32117ed40d505c72e50eb6a75f28dd75de,scorefile__L39,trigger_distance,279,10.050179211469533
c35a3f23359fd7986b6faffdcefcbe32117ed40d505c72e50eb6a75f28dd75de,scorefile__L39,silent_gap,158,15.981012658227849
c35a3f23359fd7986b6faffdcefcbe32117ed40d505c72e50eb6a75f28dd75de,scorefile__L39,burst_start_distance,158,17.740506329113924
c35a3f23359fd7986b6faffdcefcbe32117ed40d505c72e50eb6a75f28dd75de,acquire__L39,trigger_distance,166,16.8855421686747
c35a3f23359fd7986b6faffdcefcbe32117ed40d505c72e50eb6a75f28dd75de,acquire__L39,silent_gap,113,23.336283185840706
c35a3f23359fd7986b6faffdcefcbe32117ed40d505c72e50eb6a75f28dd75de,acquire__L39,burst_start_distance,113,24.79646017699115
c35a3f23359fd7986b6faffdcefcbe32117ed40d505c72e50eb6a75f28dd75de,report__L39,trigger_distance,182,12.219780219780219
c35a3f23359fd7986b6faffdcefcbe32117ed40d505c72e50eb6a75f28dd75de,report__L39,silent_gap,71,28.760563380281692
c35a3f23359fd7986b6faffdcefcbe32117ed40d505c72e50eb6a75f28dd75de,report__L39,burst_start_distance,71,31.211267605633804
c35a3f23359fd7986b6faffdcefcbe32117ed40d505c72e50eb6a75f28dd75de,motivated__L39,trigger_distance,153,16.137254901960784
c35a3f23359fd7986b6faffdcefcbe32117ed40d505c72e50eb6a75f28dd75de,motivated__L39,silent_gap,82,28.24390243902439
c35a3f23359fd7986b6faffdcefcbe32117ed40d505c72e50eb6a75f28dd75de,motivated__L39,burst_start_distance,82,30.109756097560975
cda7c48c1174c063c5103ed5d0fe97dd92669284d9bb3f19d5d0eb9cf8c6c0e0,suite__L39,trigger_distance,100,21.08
cda7c48c1174c063c5103ed5d0fe97dd92669284d9bb3f19d5d0eb9cf8c6c0e0,suite__L39,silent_gap,65,30.892307692307693
cda7c48c1174c063c5103ed5d0fe97dd92669284d9bb3f19d5d0eb9cf8c6c0e0,suite__L39,burst_start_distance,65,32.43076923076923
cda7c48c1174c063c5103ed5d0fe97dd92669284d9bb3f19d5d0eb9cf8c6c0e0,validator__L39,trigger_distance,171,12.08187134502924
cda7c48c1174c063c5103ed5d0fe97dd92669284d9bb3f19d5d0eb9cf8c6c0e0,validator__L39,silent_gap,71,26.690140845070424
cda7c48c1174c063c5103ed5d0fe97dd92669284d9bb3f19d5d0eb9cf8c6c0e0,validator__L39,burst_start_distance,71,29.098591549295776
cda7c48c1174c063c5103ed5d0fe97dd92669284d9bb3f19d5d0eb9cf8c6c0e0,scorefile__L39,trigger_distance,232,9.366379310344827
cda7c48c1174c063c5103ed5d0fe97dd92669284d9bb3f19d5d0eb9cf8c6c0e0,scorefile__L39,silent_gap,110,17.645454545454545
cda7c48c1174c063c5103ed5d0fe97dd92669284d9bb3f19d5d0eb9cf8c6c0e0,scorefile__L39,burst_start_distance,110,19.754545454545454
cda7c48c1174c063c5103ed5d0fe97dd92669284d9bb3f19d5d0eb9cf8c6c0e0,acquire__L39,trigger_distance,96,22.125
cda7c48c1174c063c5103ed5d0fe97dd92669284d9bb3f19d5d0eb9cf8c6c0e0,acquire__L39,silent_gap,65,31.2
cda7c48c1174c063c5103ed5d0fe97dd92669284d9bb3f19d5d0eb9cf8c6c0e0,acquire__L39,burst_start_distance,65,32.676923076923075
cda7c48c1174c063c5103ed5d0fe97dd92669284d9bb3f19d5d0eb9cf8c6c0e0,report__L39,trigger_distance,49,31.489795918367346
cda7c48c1174c063c5103ed5d0fe97dd92669284d9bb3f19d5d0eb9cf8c6c0e0,report__L39,silent_gap,30,49.8
cda7c48c1174c063c5103ed5d0fe97dd92669284d9bb3f19d5d0eb9cf8c6c0e0,report__L39,burst_start_distance,30,51.233333333333334
cda7c48c1174c063c5103ed5d0fe97dd92669284d9bb3f19d5d0eb9cf8c6c0e0,motivated__L39,trigger_distance,147,13.965986394557824
cda7c48c1174c063c5103ed5d0fe97dd92669284d9bb3f19d5d0eb9cf8c6c0e0,motivated__L39,silent_gap,80,23.825
cda7c48c1174c063c5103ed5d0fe97dd92669284d9bb3f19d5d0eb9cf8c6c0e0,motivated__L39,burst_start_distance,80,25.6625
2063c2c1059c3ab66980fd920d68c36b9ddb951ecb78ff719579a2c9e6c7c855,suite__L39,trigger_distance,84,21.035714285714285
2063c2c1059c3ab66980fd920d68c36b9ddb951ecb78ff719579a2c9e6c7c855,suite__L39,silent_gap,49,34.3469387755102
2063c2c1059c3ab66980fd920d68c36b9ddb951ecb78ff719579a2c9e6c7c855,suite__L39,burst_start_distance,49,36.06122448979592
2063c2c1059c3ab66980fd920d68c36b9ddb951ecb78ff719579a2c9e6c7c855,validator__L39,trigger_distance,190,9.221052631578948
2063c2c1059c3ab66980fd920d68c36b9ddb951ecb78ff719579a2c9e6c7c855,validator__L39,silent_gap,77,20.285714285714285
2063c2c1059c3ab66980fd920d68c36b9ddb951ecb78ff719579a2c9e6c7c855,validator__L39,burst_start_distance,77,22.7012987012987
2063c2c1059c3ab66980fd920d68c36b9ddb951ecb78ff719579a2c9e6c7c855,scorefile__L39,trigger_distance,188,9.436170212765957
2063c2c1059c3ab66980fd920d68c36b9ddb951ecb78ff719579a2c9e6c7c855,scorefile__L39,silent_gap,98,16.183673469387756
2063c2c1059c3ab66980fd920d68c36b9ddb951ecb78ff719579a2c9e6c7c855,scorefile__L39,burst_start_distance,98,18.102040816326532
2063c2c1059c3ab66980fd920d68c36b9ddb951ecb78ff719579a2c9e6c7c855,acquire__L39,trigger_distance,79,22.227848101265824
2063c2c1059c3ab66980fd920d68c36b9ddb951ecb78ff719579a2c9e6c7c855,acquire__L39,silent_gap,59,28.423728813559322
2063c2c1059c3ab66980fd920d68c36b9ddb951ecb78ff719579a2c9e6c7c855,acquire__L39,burst_start_distance,59,29.76271186440678
2063c2c1059c3ab66980fd920d68c36b9ddb951ecb78ff719579a2c9e6c7c855,report__L39,trigger_distance,54,31.425925925925927
2063c2c1059c3ab66980fd920d68c36b9ddb951ecb78ff719579a2c9e6c7c855,report__L39,silent_gap,38,43.23684210526316
2063c2c1059c3ab66980fd920d68c36b9ddb951ecb78ff719579a2c9e6c7c855,report__L39,burst_start_distance,38,44.63157894736842
2063c2c1059c3ab66980fd920d68c36b9ddb951ecb78ff719579a2c9e6c7c855,motivated__L39,trigger_distance,105,13.82857142857143
2063c2c1059c3ab66980fd920d68c36b9ddb951ecb78ff719579a2c9e6c7c855,motivated__L39,silent_gap,48,28.0625
2063c2c1059c3ab66980fd920d68c36b9ddb951ecb78ff719579a2c9e6c7c855,motivated__L39,burst_start_distance,48,30.25
025ca968ba590891146482c7d6258efdb49515facb6e4f4c8eb3a5e247b2f516,suite__L39,trigger_distance,176,14.107954545454545
025ca968ba590891146482c7d6258efdb49515facb6e4f4c8eb3a5e247b2f516,suite__L39,silent_gap,95,24.28421052631579
025ca968ba590891146482c7d6258efdb49515facb6e4f4c8eb3a5e247b2f516,suite__L39,burst_start_distance,95,26.105263157894736
025ca968ba590891146482c7d6258efdb49515facb6e4f4c8eb3a5e247b2f516,validator__L39,trigger_distance,194,12.3659793814433
025ca968ba590891146482c7d6258efdb49515facb6e4f4c8eb3a5e247b2f516,validator__L39,silent_gap,81,27.22222222222222
025ca968ba590891146482c7d6258efdb49515facb6e4f4c8eb3a5e247b2f516,validator__L39,burst_start_distance,81,29.617283950617285
025ca968ba590891146482c7d6258efdb49515facb6e4f4c8eb3a5e247b2f516,scorefile__L39,trigger_distance,229,11.14410480349345
025ca968ba590891146482c7d6258efdb49515facb6e4f4c8eb3a5e247b2f516,scorefile__L39,silent_gap,108,21.50925925925926
025ca968ba590891146482c7d6258efdb49515facb6e4f4c8eb3a5e247b2f516,scorefile__L39,burst_start_distance,108,23.62962962962963
025ca968ba590891146482c7d6258efdb49515facb6e4f4c8eb3a5e247b2f516,acquire__L39,trigger_distance,161,15.84472049689441
025ca968ba590891146482c7d6258efdb49515facb6e4f4c8eb3a5e247b2f516,acquire__L39,silent_gap,97,24.63917525773196
025ca968ba590891146482c7d6258efdb49515facb6e4f4c8eb3a5e247b2f516,acquire__L39,burst_start_distance,97,26.298969072164947
025ca968ba590891146482c7d6258efdb49515facb6e4f4c8eb3a5e247b2f516,report__L39,trigger_distance,101,16.871287128712872
025ca968ba590891146482c7d6258efdb49515facb6e4f4c8eb3a5e247b2f516,report__L39,silent_gap,32,50.09375
025ca968ba590891146482c7d6258efdb49515facb6e4f4c8eb3a5e247b2f516,report__L39,burst_start_distance,32,52.78125
025ca968ba590891146482c7d6258efdb49515facb6e4f4c8eb3a5e247b2f516,motivated__L39,trigger_distance,177,13.548022598870057
025ca968ba590891146482c7d6258efdb49515facb6e4f4c8eb3a5e247b2f516,motivated__L39,silent_gap,85,26.129411764705882
025ca968ba590891146482c7d6258efdb49515facb6e4f4c8eb3a5e247b2f516,motivated__L39,burst_start_distance,85,28.211764705882352
6fd7f0838517d75ea3128b227fe03c86f90e1c4e013e9bc9c7de279e07424645,suite__L39,trigger_distance,122,14.237704918032787
6fd7f0838517d75ea3128b227fe03c86f90e1c4e013e9bc9c7de279e07424645,suite__L39,silent_gap,80,20.1875
6fd7f0838517d75ea3128b227fe03c86f90e1c4e013e9bc9c7de279e07424645,suite__L39,burst_start_distance,80,21.7125
6fd7f0838517d75ea3128b227fe03c86f90e1c4e013e9bc9c7de279e07424645,validator__L39,trigger_distance,293,5.778156996587031
6fd7f0838517d75ea3128b227fe03c86f90e1c4e013e9bc9c7de279e07424645,validator__L39,silent_gap,110,12.727272727272727
6fd7f0838517d75ea3128b227fe03c86f90e1c4e013e9bc9c7de279e07424645,validator__L39,burst_start_distance,110,15.345454545454546
6fd7f0838517d75ea3128b227fe03c86f90e1c4e013e9bc9c7de279e07424645,scorefile__L39,trigger_distance,254,7.0984251968503935
6fd7f0838517d75ea3128b227fe03c86f90e1c4e013e9bc9c7de279e07424645,scorefile__L39,silent_gap,122,12.69672131147541
6fd7f0838517d75ea3128b227fe03c86f90e1c4e013e9bc9c7de279e07424645,scorefile__L39,burst_start_distance,122,14.762295081967213
6fd7f0838517d75ea3128b227fe03c86f90e1c4e013e9bc9c7de279e07424645,acquire__L39,trigger_distance,97,17.31958762886598
6fd7f0838517d75ea3128b227fe03c86f90e1c4e013e9bc9c7de279e07424645,acquire__L39,silent_gap,63,25.126984126984127
6fd7f0838517d75ea3128b227fe03c86f90e1c4e013e9bc9c7de279e07424645,acquire__L39,burst_start_distance,63,26.666666666666668
6fd7f0838517d75ea3128b227fe03c86f90e1c4e013e9bc9c7de279e07424645,report__L39,trigger_distance,55,30.854545454545455
6fd7f0838517d75ea3128b227fe03c86f90e1c4e013e9bc9c7de279e07424645,report__L39,silent_gap,29,56.62068965517241
6fd7f0838517d75ea3128b227fe03c86f90e1c4e013e9bc9c7de279e07424645,report__L39,burst_start_distance,29,58.310344827586206
6fd7f0838517d75ea3128b227fe03c86f90e1c4e013e9bc9c7de279e07424645,motivated__L39,trigger_distance,99,16.383838383838384
6fd7f0838517d75ea3128b227fe03c86f90e1c4e013e9bc9c7de279e07424645,motivated__L39,silent_gap,47,32.40425531914894
6fd7f0838517d75ea3128b227fe03c86f90e1c4e013e9bc9c7de279e07424645,motivated__L39,burst_start_distance,47,34.46808510638298
c8e16568f545920cddd4f17bf3cbc50e0bf6f017592346904078e05550f48975,suite__L39,trigger_distance,120,14.891666666666667
c8e16568f545920cddd4f17bf3cbc50e0bf6f017592346904078e05550f48975,suite__L39,silent_gap,71,23.47887323943662
c8e16568f545920cddd4f17bf3cbc50e0bf6f017592346904078e05550f48975,suite__L39,burst_start_distance,71,25.169014084507044
c8e16568f545920cddd4f17bf3cbc50e0bf6f017592346904078e05550f48975,validator__L39,trigger_distance,204,8.220588235294118
c8e16568f545920cddd4f17bf3cbc50e0bf6f017592346904078e05550f48975,validator__L39,silent_gap,77,19.12987012987013
c8e16568f545920cddd4f17bf3cbc50e0bf6f017592346904078e05550f48975,validator__L39,burst_start_distance,77,21.766233766233768
c8e16568f545920cddd4f17bf3cbc50e0bf6f017592346904078e05550f48975,scorefile__L39,trigger_distance,190,9.394736842105264
c8e16568f545920cddd4f17bf3cbc50e0bf6f017592346904078e05550f48975,scorefile__L39,silent_gap,81,19.691358024691358
c8e16568f545920cddd4f17bf3cbc50e0bf6f017592346904078e05550f48975,scorefile__L39,burst_start_distance,81,21.938271604938272
c8e16568f545920cddd4f17bf3cbc50e0bf6f017592346904078e05550f48975,acquire__L39,trigger_distance,78,22.871794871794872
c8e16568f545920cddd4f17bf3cbc50e0bf6f017592346904078e05550f48975,acquire__L39,silent_gap,53,32.18867924528302
c8e16568f545920cddd4f17bf3cbc50e0bf6f017592346904078e05550f48975,acquire__L39,burst_start_distance,53,33.660377358490564
c8e16568f545920cddd4f17bf3cbc50e0bf6f017592346904078e05550f48975,report__L39,trigger_distance,49,34.755102040816325
c8e16568f545920cddd4f17bf3cbc50e0bf6f017592346904078e05550f48975,report__L39,silent_gap,36,45.94444444444444
c8e16568f545920cddd4f17bf3cbc50e0bf6f017592346904078e05550f48975,report__L39,burst_start_distance,36,47.166666666666664
c8e16568f545920cddd4f17bf3cbc50e0bf6f017592346904078e05550f48975,motivated__L39,trigger_distance,89,16.820224719101123
c8e16568f545920cddd4f17bf3cbc50e0bf6f017592346904078e05550f48975,motivated__L39,silent_gap,50,28.16
c8e16568f545920cddd4f17bf3cbc50e0bf6f017592346904078e05550f48975,motivated__L39,burst_start_distance,50,29.94
921f0f4565e438e950c2614ffdf85d74d26cd8f4357184d2f9524a08de3c7e00,suite__L39,trigger_distance,297,8.962962962962964
921f0f4565e438e950c2614ffdf85d74d26cd8f4357184d2f9524a08de3c7e00,suite__L39,silent_gap,142,16.654929577464788
921f0f4565e438e950c2614ffdf85d74d26cd8f4357184d2f9524a08de3c7e00,suite__L39,burst_start_distance,142,18.725352112676056
921f0f4565e438e950c2614ffdf85d74d26cd8f4357184d2f9524a08de3c7e00,validator__L39,trigger_distance,202,12.415841584158416
921f0f4565e438e950c2614ffdf85d74d26cd8f4357184d2f9524a08de3c7e00,validator__L39,silent_gap,79,29.189873417721518
921f0f4565e438e950c2614ffdf85d74d26cd8f4357184d2f9524a08de3c7e00,validator__L39,burst_start_distance,79,31.746835443037973
921f0f4565e438e950c2614ffdf85d74d26cd8f4357184d2f9524a08de3c7e00,scorefile__L39,trigger_distance,271,9.92250922509225
921f0f4565e438e950c2614ffdf85d74d26cd8f4357184d2f9524a08de3c7e00,scorefile__L39,silent_gap,151,16.013245033112582
921f0f4565e438e950c2614ffdf85d74d26cd8f4357184d2f9524a08de3c7e00,scorefile__L39,burst_start_distance,151,17.807947019867548
921f0f4565e438e950c2614ffdf85d74d26cd8f4357184d2f9524a08de3c7e00,acquire__L39,trigger_distance,153,17.18954248366013
921f0f4565e438e950c2614ffdf85d74d26cd8f4357184d2f9524a08de3c7e00,acquire__L39,silent_gap,92,26.92391304347826
921f0f4565e438e950c2614ffdf85d74d26cd8f4357184d2f9524a08de3c7e00,acquire__L39,burst_start_distance,92,28.58695652173913
921f0f4565e438e950c2614ffdf85d74d26cd8f4357184d2f9524a08de3c7e00,report__L39,trigger_distance,168,15.488095238095237
921f0f4565e438e950c2614ffdf85d74d26cd8f4357184d2f9524a08de3c7e00,report__L39,silent_gap,62,39.25806451612903
921f0f4565e438e950c2614ffdf85d74d26cd8f4357184d2f9524a08de3c7e00,report__L39,burst_start_distance,62,41.83870967741935
921f0f4565e438e950c2614ffdf85d74d26cd8f4357184d2f9524a08de3c7e00,motivated__L39,trigger_distance,120,17.475
921f0f4565e438e950c2614ffdf85d74d26cd8f4357184d2f9524a08de3c7e00,motivated__L39,silent_gap,65,30.415384615384614
921f0f4565e438e950c2614ffdf85d74d26cd8f4357184d2f9524a08de3c7e00,motivated__L39,burst_start_distance,65,32.261538461538464
4c8800fbbafad96f8b8bf4327fa35fd020bfad9f7857e7ef60169c3d5e38d5af,suite__L39,trigger_distance,166,10.674698795180722
4c8800fbbafad96f8b8bf4327fa35fd020bfad9f7857e7ef60169c3d5e38d5af,suite__L39,silent_gap,97,16.556701030927837
4c8800fbbafad96f8b8bf4327fa35fd020bfad9f7857e7ef60169c3d5e38d5af,suite__L39,burst_start_distance,97,18.2680412371134
4c8800fbbafad96f8b8bf4327fa35fd020bfad9f7857e7ef60169c3d5e38d5af,validator__L39,trigger_distance,210,8.457142857142857
4c8800fbbafad96f8b8bf4327fa35fd020bfad9f7857e7ef60169c3d5e38d5af,validator__L39,silent_gap,75,20.88
4c8800fbbafad96f8b8bf4327fa35fd020bfad9f7857e7ef60169c3d5e38d5af,validator__L39,burst_start_distance,75,23.666666666666668
4c8800fbbafad96f8b8bf4327fa35fd020bfad9f7857e7ef60169c3d5e38d5af,scorefile__L39,trigger_distance,281,6.569395017793594
4c8800fbbafad96f8b8bf4327fa35fd020bfad9f7857e7ef60169c3d5e38d5af,scorefile__L39,silent_gap,122,12.827868852459016
4c8800fbbafad96f8b8bf4327fa35fd020bfad9f7857e7ef60169c3d5e38d5af,scorefile__L39,burst_start_distance,122,15.12295081967213
4c8800fbbafad96f8b8bf4327fa35fd020bfad9f7857e7ef60169c3d5e38d5af,acquire__L39,trigger_distance,106,16.943396226415093
4c8800fbbafad96f8b8bf4327fa35fd020bfad9f7857e7ef60169c3d5e38d5af,acquire__L39,silent_gap,73,23.15068493150685
4c8800fbbafad96f8b8bf4327fa35fd020bfad9f7857e7ef60169c3d5e38d5af,acquire__L39,burst_start_distance,73,24.589041095890412
4c8800fbbafad96f8b8bf4327fa35fd020bfad9f7857e7ef60169c3d5e38d5af,report__L39,trigger_distance,107,16.560747663551403
4c8800fbbafad96f8b8bf4327fa35fd020bfad9f7857e7ef60169c3d5e38d5af,report__L39,silent_gap,46,36.19565217391305
4c8800fbbafad96f8b8bf4327fa35fd020bfad9f7857e7ef60169c3d5e38d5af,report__L39,burst_start_distance,46,38.391304347826086
4c8800fbbafad96f8b8bf4327fa35fd020bfad9f7857e7ef60169c3d5e38d5af,motivated__L39,trigger_distance,98,14.316326530612244
4c8800fbbafad96f8b8bf4327fa35fd020bfad9f7857e7ef60169c3d5e38d5af,motivated__L39,silent_gap,51,25.58823529411765
4c8800fbbafad96f8b8bf4327fa35fd020bfad9f7857e7ef60169c3d5e38d5af,motivated__L39,burst_start_distance,51,27.41176470588235
ce0869ab6bd454bcf8456e42b61409fa3c98da17eeef7c7a6d098cc827c18205,suite__L39,trigger_distance,261,8.53639846743295
ce0869ab6bd454bcf8456e42b61409fa3c98da17eeef7c7a6d098cc827c18205,suite__L39,silent_gap,134,14.67910447761194
ce0869ab6bd454bcf8456e42b61409fa3c98da17eeef7c7a6d098cc827c18205,suite__L39,burst_start_distance,134,16.604477611940297
ce0869ab6bd454bcf8456e42b61409fa3c98da17eeef7c7a6d098cc827c18205,validator__L39,trigger_distance,273,8.010989010989011
ce0869ab6bd454bcf8456e42b61409fa3c98da17eeef7c7a6d098cc827c18205,validator__L39,silent_gap,92,20.804347826086957
ce0869ab6bd454bcf8456e42b61409fa3c98da17eeef7c7a6d098cc827c18205,validator__L39,burst_start_distance,92,23.77173913043478
ce0869ab6bd454bcf8456e42b61409fa3c98da17eeef7c7a6d098cc827c18205,scorefile__L39,trigger_distance,223,10.26457399103139
ce0869ab6bd454bcf8456e42b61409fa3c98da17eeef7c7a6d098cc827c18205,scorefile__L39,silent_gap,128,16.140625
ce0869ab6bd454bcf8456e42b61409fa3c98da17eeef7c7a6d098cc827c18205,scorefile__L39,burst_start_distance,128,17.875
ce0869ab6bd454bcf8456e42b61409fa3c98da17eeef7c7a6d098cc827c18205,acquire__L39,trigger_distance,69,32.391304347826086
ce0869ab6bd454bcf8456e42b61409fa3c98da17eeef7c7a6d098cc827c18205,acquire__L39,silent_gap,45,48.13333333333333
ce0869ab6bd454bcf8456e42b61409fa3c98da17eeef7c7a6d098cc827c18205,acquire__L39,burst_start_distance,45,49.666666666666664
ce0869ab6bd454bcf8456e42b61409fa3c98da17eeef7c7a6d098cc827c18205,report__L39,trigger_distance,204,8.852941176470589
ce0869ab6bd454bcf8456e42b61409fa3c98da17eeef7c7a6d098cc827c18205,report__L39,silent_gap,69,23.217391304347824
ce0869ab6bd454bcf8456e42b61409fa3c98da17eeef7c7a6d098cc827c18205,report__L39,burst_start_distance,69,25.971014492753625
ce0869ab6bd454bcf8456e42b61409fa3c98da17eeef7c7a6d098cc827c18205,motivated__L39,trigger_distance,62,27.096774193548388
ce0869ab6bd454bcf8456e42b61409fa3c98da17eeef7c7a6d098cc827c18205,motivated__L39,silent_gap,39,41.48717948717949
ce0869ab6bd454bcf8456e42b61409fa3c98da17eeef7c7a6d098cc827c18205,motivated__L39,burst_start_distance,39,43.07692307692308
b6284c190e081b27814a5e77e5174278c4fe3ddbb836782b41a8a3860b1e6ff9,suite__L39,trigger_distance,79,34.81012658227848
b6284c190e081b27814a5e77e5174278c4fe3ddbb836782b41a8a3860b1e6ff9,suite__L39,silent_gap,61,43.78688524590164
b6284c190e081b27814a5e77e5174278c4fe3ddbb836782b41a8a3860b1e6ff9,suite__L39,burst_start_distance,61,45.08196721311475
b6284c190e081b27814a5e77e5174278c4fe3ddbb836782b41a8a3860b1e6ff9,validator__L39,trigger_distance,160,16.975
b6284c190e081b27814a5e77e5174278c4fe3ddbb836782b41a8a3860b1e6ff9,validator__L39,silent_gap,71,36.0
b6284c190e081b27814a5e77e5174278c4fe3ddbb836782b41a8a3860b1e6ff9,validator__L39,burst_start_distance,71,38.25352112676056
b6284c190e081b27814a5e77e5174278c4fe3ddbb836782b41a8a3860b1e6ff9,scorefile__L39,trigger_distance,152,18.57894736842105
b6284c190e081b27814a5e77e5174278c4fe3ddbb836782b41a8a3860b1e6ff9,scorefile__L39,silent_gap,94,28.425531914893618
b6284c190e081b27814a5e77e5174278c4fe3ddbb836782b41a8a3860b1e6ff9,scorefile__L39,burst_start_distance,94,30.04255319148936
b6284c190e081b27814a5e77e5174278c4fe3ddbb836782b41a8a3860b1e6ff9,acquire__L39,trigger_distance,173,16.31791907514451
b6284c190e081b27814a5e77e5174278c4fe3ddbb836782b41a8a3860b1e6ff9,acquire__L39,silent_gap,113,23.451327433628318
b6284c190e081b27814a5e77e5174278c4fe3ddbb836782b41a8a3860b1e6ff9,acquire__L39,burst_start_distance,113,24.98230088495575
b6284c190e081b27814a5e77e5174278c4fe3ddbb836782b41a8a3860b1e6ff9,report__L39,trigger_distance,64,31.984375
b6284c190e081b27814a5e77e5174278c4fe3ddbb836782b41a8a3860b1e6ff9,report__L39,silent_gap,37,53.5945945945946
b6284c190e081b27814a5e77e5174278c4fe3ddbb836782b41a8a3860b1e6ff9,report__L39,burst_start_distance,37,55.270270270270274
b6284c190e081b27814a5e77e5174278c4fe3ddbb836782b41a8a3860b1e6ff9,motivated__L39,trigger_distance,157,16.828025477707005
b6284c190e081b27814a5e77e5174278c4fe3ddbb836782b41a8a3860b1e6ff9,motivated__L39,silent_gap,78,31.858974358974358
b6284c190e081b27814a5e77e5174278c4fe3ddbb836782b41a8a3860b1e6ff9,motivated__L39,burst_start_distance,78,33.85897435897436
b7798c3d864380914b3e25ab0bcf9d8b9241abfe24f7ae0a7f0df252425198d4,suite__L39,trigger_distance,48,21.375
b7798c3d864380914b3e25ab0bcf9d8b9241abfe24f7ae0a7f0df252425198d4,suite__L39,silent_gap,39,25.076923076923077
b7798c3d864380914b3e25ab0bcf9d8b9241abfe24f7ae0a7f0df252425198d4,suite__L39,burst_start_distance,39,26.307692307692307
b7798c3d864380914b3e25ab0bcf9d8b9241abfe24f7ae0a7f0df252425198d4,validator__L39,trigger_distance,161,6.167701863354037
b7798c3d864380914b3e25ab0bcf9d8b9241abfe24f7ae0a7f0df252425198d4,validator__L39,silent_gap,71,11.71830985915493
b7798c3d864380914b3e25ab0bcf9d8b9241abfe24f7ae0a7f0df252425198d4,validator__L39,burst_start_distance,71,13.95774647887324
b7798c3d864380914b3e25ab0bcf9d8b9241abfe24f7ae0a7f0df252425198d4,scorefile__L39,trigger_distance,117,9.264957264957266
b7798c3d864380914b3e25ab0bcf9d8b9241abfe24f7ae0a7f0df252425198d4,scorefile__L39,silent_gap,61,15.852459016393443
b7798c3d864380914b3e25ab0bcf9d8b9241abfe24f7ae0a7f0df252425198d4,scorefile__L39,burst_start_distance,61,17.770491803278688
b7798c3d864380914b3e25ab0bcf9d8b9241abfe24f7ae0a7f0df252425198d4,acquire__L39,trigger_distance,58,18.93103448275862
b7798c3d864380914b3e25ab0bcf9d8b9241abfe24f7ae0a7f0df252425198d4,acquire__L39,silent_gap,43,24.186046511627907
b7798c3d864380914b3e25ab0bcf9d8b9241abfe24f7ae0a7f0df252425198d4,acquire__L39,burst_start_distance,43,25.53488372093023
b7798c3d864380914b3e25ab0bcf9d8b9241abfe24f7ae0a7f0df252425198d4,report__L39,trigger_distance,52,19.21153846153846
b7798c3d864380914b3e25ab0bcf9d8b9241abfe24f7ae0a7f0df252425198d4,report__L39,silent_gap,26,36.42307692307692
b7798c3d864380914b3e25ab0bcf9d8b9241abfe24f7ae0a7f0df252425198d4,report__L39,burst_start_distance,26,38.11538461538461
b7798c3d864380914b3e25ab0bcf9d8b9241abfe24f7ae0a7f0df252425198d4,motivated__L39,trigger_distance,23,42.69565217391305
b7798c3d864380914b3e25ab0bcf9d8b9241abfe24f7ae0a7f0df252425198d4,motivated__L39,silent_gap,15,63.93333333333333
b7798c3d864380914b3e25ab0bcf9d8b9241abfe24f7ae0a7f0df252425198d4,motivated__L39,burst_start_distance,15,65.46666666666667
5d0e8005362c237b32baef79dab2bec39ed51f2332facf857193a33f88e32c19,suite__L39,trigger_distance,77,24.961038961038962
5d0e8005362c237b32baef79dab2bec39ed51f2332facf857193a33f88e32c19,suite__L39,silent_gap,48,38.4375
5d0e8005362c237b32baef79dab2bec39ed51f2332facf857193a33f88e32c19,suite__L39,burst_start_distance,48,40.041666666666664
5d0e8005362c237b32baef79dab2bec39ed51f2332facf857193a33f88e32c19,validator__L39,trigger_distance,131,14.458015267175572
5d0e8005362c237b32baef79dab2bec39ed51f2332facf857193a33f88e32c19,validator__L39,silent_gap,49,35.97959183673469
5d0e8005362c237b32baef79dab2bec39ed51f2332facf857193a33f88e32c19,validator__L39,burst_start_distance,49,38.46938775510204
5d0e8005362c237b32baef79dab2bec39ed51f2332facf857193a33f88e32c19,scorefile__L39,trigger_distance,130,15.415384615384616
5d0e8005362c237b32baef79dab2bec39ed51f2332facf857193a33f88e32c19,scorefile__L39,silent_gap,73,25.671232876712327
5d0e8005362c237b32baef79dab2bec39ed51f2332facf857193a33f88e32c19,scorefile__L39,burst_start_distance,73,27.45205479452055
5d0e8005362c237b32baef79dab2bec39ed51f2332facf857193a33f88e32c19,acquire__L39,trigger_distance,95,21.08421052631579
5d0e8005362c237b32baef79dab2bec39ed51f2332facf857193a33f88e32c19,acquire__L39,silent_gap,65,29.353846153846153
5d0e8005362c237b32baef79dab2bec39ed51f2332facf857193a33f88e32c19,acquire__L39,burst_start_distance,65,30.815384615384616
5d0e8005362c237b32baef79dab2bec39ed51f2332facf857193a33f88e32c19,report__L39,trigger_distance,54,34.77777777777778
5d0e8005362c237b32baef79dab2bec39ed51f2332facf857193a33f88e32c19,report__L39,silent_gap,33,55.27272727272727
5d0e8005362c237b32baef79dab2bec39ed51f2332facf857193a33f88e32c19,report__L39,burst_start_distance,33,56.696969696969695
5d0e8005362c237b32baef79dab2bec39ed51f2332facf857193a33f88e32c19,motivated__L39,trigger_distance,142,12.82394366197183
5d0e8005362c237b32baef79dab2bec39ed51f2332facf857193a33f88e32c19,motivated__L39,silent_gap,75,22.386666666666667
5d0e8005362c237b32baef79dab2bec39ed51f2332facf857193a33f88e32c19,motivated__L39,burst_start_distance,75,24.266666666666666
832171f60bec98bf82e3c466a8278b374078d7f09e8f88036a022f015d5c0ef5,suite__L39,trigger_distance,315,8.212698412698412
832171f60bec98bf82e3c466a8278b374078d7f09e8f88036a022f015d5c0ef5,suite__L39,silent_gap,139,16.345323741007196
832171f60bec98bf82e3c466a8278b374078d7f09e8f88036a022f015d5c0ef5,suite__L39,burst_start_distance,139,18.60431654676259
832171f60bec98bf82e3c466a8278b374078d7f09e8f88036a022f015d5c0ef5,validator__L39,trigger_distance,288,8.864583333333334
832171f60bec98bf82e3c466a8278b374078d7f09e8f88036a022f015d5c0ef5,validator__L39,silent_gap,99,22.87878787878788
832171f60bec98bf82e3c466a8278b374078d7f09e8f88036a022f015d5c0ef5,validator__L39,burst_start_distance,99,25.78787878787879
832171f60bec98bf82e3c466a8278b374078d7f09e8f88036a022f015d5c0ef5,scorefile__L39,trigger_distance,306,8.522875816993464
832171f60bec98bf82e3c466a8278b374078d7f09e8f88036a022f015d5c0ef5,scorefile__L39,silent_gap,157,14.662420382165605
832171f60bec98bf82e3c466a8278b374078d7f09e8f88036a022f015d5c0ef5,scorefile__L39,burst_start_distance,157,16.611464968152866
832171f60bec98bf82e3c466a8278b374078d7f09e8f88036a022f015d5c0ef5,acquire__L39,trigger_distance,136,18.845588235294116
832171f60bec98bf82e3c466a8278b374078d7f09e8f88036a022f015d5c0ef5,acquire__L39,silent_gap,90,26.966666666666665
832171f60bec98bf82e3c466a8278b374078d7f09e8f88036a022f015d5c0ef5,acquire__L39,burst_start_distance,90,28.477777777777778
832171f60bec98bf82e3c466a8278b374078d7f09e8f88036a022f015d5c0ef5,report__L39,trigger_distance,182,13.604395604395604
832171f60bec98bf82e3c466a8278b374078d7f09e8f88036a022f015d5c0ef5,report__L39,silent_gap,59,38.88135593220339
832171f60bec98bf82e3c466a8278b374078d7f09e8f88036a022f015d5c0ef5,report__L39,burst_start_distance,59,41.74576271186441
832171f60bec98bf82e3c466a8278b374078d7f09e8f88036a022f015d5c0ef5,motivated__L39,trigger_distance,143,17.02097902097902
832171f60bec98bf82e3c466a8278b374078d7f09e8f88036a022f015d5c0ef5,motivated__L39,silent_gap,88,26.03409090909091
832171f60bec98bf82e3c466a8278b374078d7f09e8f88036a022f015d5c0ef5,motivated__L39,burst_start_distance,88,27.65909090909091
a92cace4e164677e906148938e04dbb02c8ab62ff4ee1e4287be985a9c1cef2f,suite__L39,trigger_distance,123,11.845528455284553
a92cace4e164677e906148938e04dbb02c8ab62ff4ee1e4287be985a9c1cef2f,suite__L39,silent_gap,67,19.91044776119403
a92cace4e164677e906148938e04dbb02c8ab62ff4ee1e4287be985a9c1cef2f,suite__L39,burst_start_distance,67,21.746268656716417
a92cace4e164677e906148938e04dbb02c8ab62ff4ee1e4287be985a9c1cef2f,validator__L39,trigger_distance,251,5.661354581673307
a92cace4e164677e906148938e04dbb02c8ab62ff4ee1e4287be985a9c1cef2f,validator__L39,silent_gap,76,15.394736842105264
a92cace4e164677e906148938e04dbb02c8ab62ff4ee1e4287be985a9c1cef2f,validator__L39,burst_start_distance,76,18.69736842105263
a92cace4e164677e906148938e04dbb02c8ab62ff4ee1e4287be985a9c1cef2f,scorefile__L39,trigger_distance,232,6.443965517241379
a92cace4e164677e906148938e04dbb02c8ab62ff4ee1e4287be985a9c1cef2f,scorefile__L39,silent_gap,91,13.87912087912088
a92cace4e164677e906148938e04dbb02c8ab62ff4ee1e4287be985a9c1cef2f,scorefile__L39,burst_start_distance,91,16.428571428571427
a92cace4e164677e906148938e04dbb02c8ab62ff4ee1e4287be985a9c1cef2f,acquire__L39,trigger_distance,81,17.987654320987655
a92cace4e164677e906148938e04dbb02c8ab62ff4ee1e4287be985a9c1cef2f,acquire__L39,silent_gap,55,25.01818181818182
a92cace4e164677e906148938e04dbb02c8ab62ff4ee1e4287be985a9c1cef2f,acquire__L39,burst_start_distance,55,26.490909090909092
a92cace4e164677e906148938e04dbb02c8ab62ff4ee1e4287be985a9c1cef2f,report__L39,trigger_distance,44,26.227272727272727
a92cace4e164677e906148938e04dbb02c8ab62ff4ee1e4287be985a9c1cef2f,report__L39,silent_gap,21,52.857142857142854
a92cace4e164677e906148938e04dbb02c8ab62ff4ee1e4287be985a9c1cef2f,report__L39,burst_start_distance,21,54.476190476190474
a92cace4e164677e906148938e04dbb02c8ab62ff4ee1e4287be985a9c1cef2f,motivated__L39,trigger_distance,81,17.17283950617284
a92cace4e164677e906148938e04dbb02c8ab62ff4ee1e4287be985a9c1cef2f,motivated__L39,silent_gap,40,32.75
a92cace4e164677e906148938e04dbb02c8ab62ff4ee1e4287be985a9c1cef2f,motivated__L39,burst_start_distance,40,34.775
737149a151987b9e9b28510bedbf9af614af569c81be94ff351dbe6bf59627a7,suite__L39,trigger_distance,46,33.41304347826087
737149a151987b9e9b28510bedbf9af614af569c81be94ff351dbe6bf59627a7,suite__L39,silent_gap,35,42.6
737149a151987b9e9b28510bedbf9af614af569c81be94ff351dbe6bf59627a7,suite__L39,burst_start_distance,35,43.91428571428571
737149a151987b9e9b28510bedbf9af614af569c81be94ff351dbe6bf59627a7,validator__L39,trigger_distance,59,25.06779661016949
737149a151987b9e9b28510bedbf9af614af569c81be94ff351dbe6bf59627a7,validator__L39,silent_gap,30,47.333333333333336
737149a151987b9e9b28510bedbf9af614af569c81be94ff351dbe6bf59627a7,validator__L39,burst_start_distance,30,49.3
737149a151987b9e9b28510bedbf9af614af569c81be94ff351dbe6bf59627a7,scorefile__L39,trigger_distance,89,17.820224719101123
737149a151987b9e9b28510bedbf9af614af569c81be94ff351dbe6bf59627a7,scorefile__L39,silent_gap,60,24.95
737149a151987b9e9b28510bedbf9af614af569c81be94ff351dbe6bf59627a7,scorefile__L39,burst_start_distance,60,26.4
737149a151987b9e9b28510bedbf9af614af569c81be94ff351dbe6bf59627a7,acquire__L39,trigger_distance,71,21.450704225352112
737149a151987b9e9b28510bedbf9af614af569c81be94ff351dbe6bf59627a7,acquire__L39,silent_gap,48,30.25
737149a151987b9e9b28510bedbf9af614af569c81be94ff351dbe6bf59627a7,acquire__L39,burst_start_distance,48,31.729166666666668
737149a151987b9e9b28510bedbf9af614af569c81be94ff351dbe6bf59627a7,report__L39,trigger_distance,62,15.870967741935484
737149a151987b9e9b28510bedbf9af614af569c81be94ff351dbe6bf59627a7,report__L39,silent_gap,37,24.91891891891892
737149a151987b9e9b28510bedbf9af614af569c81be94ff351dbe6bf59627a7,report__L39,burst_start_distance,37,26.513513513513512
737149a151987b9e9b28510bedbf9af614af569c81be94ff351dbe6bf59627a7,motivated__L39,trigger_distance,94,14.191489361702128
737149a151987b9e9b28510bedbf9af614af569c81be94ff351dbe6bf59627a7,motivated__L39,silent_gap,61,20.327868852459016
737149a151987b9e9b28510bedbf9af614af569c81be94ff351dbe6bf59627a7,motivated__L39,burst_start_distance,61,21.868852459016395
bc5165a4f318d49d76af198386925c9986f374d7240262e6a661a9c66384fcf5,suite__L39,trigger_distance,318,9.11320754716981
bc5165a4f318d49d76af198386925c9986f374d7240262e6a661a9c66384fcf5,suite__L39,silent_gap,147,17.551020408163264
bc5165a4f318d49d76af198386925c9986f374d7240262e6a661a9c66384fcf5,suite__L39,burst_start_distance,147,19.707482993197278
bc5165a4f318d49d76af198386925c9986f374d7240262e6a661a9c66384fcf5,validator__L39,trigger_distance,405,7.064197530864197
bc5165a4f318d49d76af198386925c9986f374d7240262e6a661a9c66384fcf5,validator__L39,silent_gap,142,17.295774647887324
bc5165a4f318d49d76af198386925c9986f374d7240262e6a661a9c66384fcf5,validator__L39,burst_start_distance,142,20.14788732394366
bc5165a4f318d49d76af198386925c9986f374d7240262e6a661a9c66384fcf5,scorefile__L39,trigger_distance,327,9.125382262996942
bc5165a4f318d49d76af198386925c9986f374d7240262e6a661a9c66384fcf5,scorefile__L39,silent_gap,177,15.01129943502825
bc5165a4f318d49d76af198386925c9986f374d7240262e6a661a9c66384fcf5,scorefile__L39,burst_start_distance,177,16.858757062146893
bc5165a4f318d49d76af198386925c9986f374d7240262e6a661a9c66384fcf5,acquire__L39,trigger_distance,171,17.444444444444443
bc5165a4f318d49d76af198386925c9986f374d7240262e6a661a9c66384fcf5,acquire__L39,silent_gap,100,28.12
bc5165a4f318d49d76af198386925c9986f374d7240262e6a661a9c66384fcf5,acquire__L39,burst_start_distance,100,29.83
bc5165a4f318d49d76af198386925c9986f374d7240262e6a661a9c66384fcf5,report__L39,trigger_distance,149,12.630872483221477
bc5165a4f318d49d76af198386925c9986f374d7240262e6a661a9c66384fcf5,report__L39,silent_gap,53,32.698113207547166
bc5165a4f318d49d76af198386925c9986f374d7240262e6a661a9c66384fcf5,report__L39,burst_start_distance,53,35.283018867924525
bc5165a4f318d49d76af198386925c9986f374d7240262e6a661a9c66384fcf5,motivated__L39,trigger_distance,151,17.933774834437084
bc5165a4f318d49d76af198386925c9986f374d7240262e6a661a9c66384fcf5,motivated__L39,silent_gap,76,33.64473684210526
bc5165a4f318d49d76af198386925c9986f374d7240262e6a661a9c66384fcf5,motivated__L39,burst_start_distance,76,35.5921052631579
b366bbdd5ef7da9dc35b5e325fb33c6b4bd391ec4408531c8082715b22009489,suite__L39,trigger_distance,206,11.674757281553399
b366bbdd5ef7da9dc35b5e325fb33c6b4bd391ec4408531c8082715b22009489,suite__L39,silent_gap,117,18.794871794871796
b366bbdd5ef7da9dc35b5e325fb33c6b4bd391ec4408531c8082715b22009489,suite__L39,burst_start_distance,117,20.555555555555557
b366bbdd5ef7da9dc35b5e325fb33c6b4bd391ec4408531c8082715b22009489,validator__L39,trigger_distance,261,9.084291187739463
b366bbdd5ef7da9dc35b5e325fb33c6b4bd391ec4408531c8082715b22009489,validator__L39,silent_gap,93,22.688172043010752
b366bbdd5ef7da9dc35b5e325fb33c6b4bd391ec4408531c8082715b22009489,validator__L39,burst_start_distance,93,25.49462365591398
b366bbdd5ef7da9dc35b5e325fb33c6b4bd391ec4408531c8082715b22009489,scorefile__L39,trigger_distance,240,10.170833333333333
b366bbdd5ef7da9dc35b5e325fb33c6b4bd391ec4408531c8082715b22009489,scorefile__L39,silent_gap,127,17.330708661417322
b366bbdd5ef7da9dc35b5e325fb33c6b4bd391ec4408531c8082715b22009489,scorefile__L39,burst_start_distance,127,19.20472440944882
b366bbdd5ef7da9dc35b5e325fb33c6b4bd391ec4408531c8082715b22009489,acquire__L39,trigger_distance,125,19.28
b366bbdd5ef7da9dc35b5e325fb33c6b4bd391ec4408531c8082715b22009489,acquire__L39,silent_gap,74,30.87837837837838
b366bbdd5ef7da9dc35b5e325fb33c6b4bd391ec4408531c8082715b22009489,acquire__L39,burst_start_distance,74,32.554054054054056
b366bbdd5ef7da9dc35b5e325fb33c6b4bd391ec4408531c8082715b22009489,report__L39,trigger_distance,125,18.936
b366bbdd5ef7da9dc35b5e325fb33c6b4bd391ec4408531c8082715b22009489,report__L39,silent_gap,63,35.58730158730159
b366bbdd5ef7da9dc35b5e325fb33c6b4bd391ec4408531c8082715b22009489,report__L39,burst_start_distance,63,37.507936507936506
b366bbdd5ef7da9dc35b5e325fb33c6b4bd391ec4408531c8082715b22009489,motivated__L39,trigger_distance,190,12.363157894736842
b366bbdd5ef7da9dc35b5e325fb33c6b4bd391ec4408531c8082715b22009489,motivated__L39,silent_gap,90,23.988888888888887
b366bbdd5ef7da9dc35b5e325fb33c6b4bd391ec4408531c8082715b22009489,motivated__L39,burst_start_distance,90,26.1
842abf17a4fd95b82ef36e30a53c004198a6f6a9b5ad3f41a47d5fe5e3f08c41,suite__L39,trigger_distance,73,29.931506849315067
842abf17a4fd95b82ef36e30a53c004198a6f6a9b5ad3f41a47d5fe5e3f08c41,suite__L39,silent_gap,47,44.93617021276596
842abf17a4fd95b82ef36e30a53c004198a6f6a9b5ad3f41a47d5fe5e3f08c41,suite__L39,burst_start_distance,47,46.48936170212766
842abf17a4fd95b82ef36e30a53c004198a6f6a9b5ad3f41a47d5fe5e3f08c41,validator__L39,trigger_distance,215,9.995348837209303
842abf17a4fd95b82ef36e30a53c004198a6f6a9b5ad3f41a47d5fe5e3f08c41,validator__L39,silent_gap,99,19.535353535353536
842abf17a4fd95b82ef36e30a53c004198a6f6a9b5ad3f41a47d5fe5e3f08c41,validator__L39,burst_start_distance,99,21.707070707070706
842abf17a4fd95b82ef36e30a53c004198a6f6a9b5ad3f41a47d5fe5e3f08c41,scorefile__L39,trigger_distance,213,10.5962441314554
842abf17a4fd95b82ef36e30a53c004198a6f6a9b5ad3f41a47d5fe5e3f08c41,scorefile__L39,silent_gap,120,17.033333333333335
842abf17a4fd95b82ef36e30a53c004198a6f6a9b5ad3f41a47d5fe5e3f08c41,scorefile__L39,burst_start_distance,120,18.808333333333334
842abf17a4fd95b82ef36e30a53c004198a6f6a9b5ad3f41a47d5fe5e3f08c41,acquire__L39,trigger_distance,125,16.792
842abf17a4fd95b82ef36e30a53c004198a6f6a9b5ad3f41a47d5fe5e3f08c41,acquire__L39,silent_gap,81,24.37037037037037
842abf17a4fd95b82ef36e30a53c004198a6f6a9b5ad3f41a47d5fe5e3f08c41,acquire__L39,burst_start_distance,81,25.91358024691358
842abf17a4fd95b82ef36e30a53c004198a6f6a9b5ad3f41a47d5fe5e3f08c41,report__L39,trigger_distance,35,62.4
842abf17a4fd95b82ef36e30a53c004198a6f6a9b5ad3f41a47d5fe5e3f08c41,report__L39,silent_gap,28,76.75
842abf17a4fd95b82ef36e30a53c004198a6f6a9b5ad3f41a47d5fe5e3f08c41,report__L39,burst_start_distance,28,77.92857142857143
842abf17a4fd95b82ef36e30a53c004198a6f6a9b5ad3f41a47d5fe5e3f08c41,motivated__L39,trigger_distance,232,8.969827586206897
842abf17a4fd95b82ef36e30a53c004198a6f6a9b5ad3f41a47d5fe5e3f08c41,motivated__L39,silent_gap,113,16.36283185840708
842abf17a4fd95b82ef36e30a53c004198a6f6a9b5ad3f41a47d5fe5e3f08c41,motivated__L39,burst_start_distance,113,18.41592920353982
3ec06963a2607a948d8ea3a8d63f020014ad114a0a006986dc58ba21d23e9fbf,suite__L39,trigger_distance,98,16.908163265306122
3ec06963a2607a948d8ea3a8d63f020014ad114a0a006986dc58ba21d23e9fbf,suite__L39,silent_gap,62,25.14516129032258
3ec06963a2607a948d8ea3a8d63f020014ad114a0a006986dc58ba21d23e9fbf,suite__L39,burst_start_distance,62,26.725806451612904
3ec06963a2607a948d8ea3a8d63f020014ad114a0a006986dc58ba21d23e9fbf,validator__L39,trigger_distance,222,7.364864864864865
3ec06963a2607a948d8ea3a8d63f020014ad114a0a006986dc58ba21d23e9fbf,validator__L39,silent_gap,93,15.193548387096774
3ec06963a2607a948d8ea3a8d63f020014ad114a0a006986dc58ba21d23e9fbf,validator__L39,burst_start_distance,93,17.56989247311828
3ec06963a2607a948d8ea3a8d63f020014ad114a0a006986dc58ba21d23e9fbf,scorefile__L39,trigger_distance,194,8.922680412371134
3ec06963a2607a948d8ea3a8d63f020014ad114a0a006986dc58ba21d23e9fbf,scorefile__L39,silent_gap,101,15.217821782178218
3ec06963a2607a948d8ea3a8d63f020014ad114a0a006986dc58ba21d23e9fbf,scorefile__L39,burst_start_distance,101,17.138613861386137
3ec06963a2607a948d8ea3a8d63f020014ad114a0a006986dc58ba21d23e9fbf,acquire__L39,trigger_distance,102,16.0
3ec06963a2607a948d8ea3a8d63f020014ad114a0a006986dc58ba21d23e9fbf,acquire__L39,silent_gap,65,23.53846153846154
3ec06963a2607a948d8ea3a8d63f020014ad114a0a006986dc58ba21d23e9fbf,acquire__L39,burst_start_distance,65,25.107692307692307
3ec06963a2607a948d8ea3a8d63f020014ad114a0a006986dc58ba21d23e9fbf,report__L39,trigger_distance,55,16.78181818181818
3ec06963a2607a948d8ea3a8d63f020014ad114a0a006986dc58ba21d23e9fbf,report__L39,silent_gap,34,25.529411764705884
3ec06963a2607a948d8ea3a8d63f020014ad114a0a006986dc58ba21d23e9fbf,report__L39,burst_start_distance,34,27.029411764705884
3ec06963a2607a948d8ea3a8d63f020014ad114a0a006986dc58ba21d23e9fbf,motivated__L39,trigger_distance,68,21.073529411764707
3ec06963a2607a948d8ea3a8d63f020014ad114a0a006986dc58ba21d23e9fbf,motivated__L39,silent_gap,39,35.0
3ec06963a2607a948d8ea3a8d63f020014ad114a0a006986dc58ba21d23e9fbf,motivated__L39,burst_start_distance,39,36.69230769230769
bd75a0dd0743f3811039227e74d04df0cc454e48d1670578f8f0e724c55ae025,suite__L39,trigger_distance,266,10.353383458646617
bd75a0dd0743f3811039227e74d04df0cc454e48d1670578f8f0e724c55ae025,suite__L39,silent_gap,146,17.041095890410958
bd75a0dd0743f3811039227e74d04df0cc454e48d1670578f8f0e724c55ae025,suite__L39,burst_start_distance,146,18.84246575342466
bd75a0dd0743f3811039227e74d04df0cc454e48d1670578f8f0e724c55ae025,validator__L39,trigger_distance,290,9.351724137931035
bd75a0dd0743f3811039227e74d04df0cc454e48d1670578f8f0e724c55ae025,validator__L39,silent_gap,104,23.28846153846154
bd75a0dd0743f3811039227e74d04df0cc454e48d1670578f8f0e724c55ae025,validator__L39,burst_start_distance,104,26.076923076923077
bd75a0dd0743f3811039227e74d04df0cc454e48d1670578f8f0e724c55ae025,scorefile__L39,trigger_distance,268,10.488805970149254
bd75a0dd0743f3811039227e74d04df0cc454e48d1670578f8f0e724c55ae025,scorefile__L39,silent_gap,140,18.164285714285715
bd75a0dd0743f3811039227e74d04df0cc454e48d1670578f8f0e724c55ae025,scorefile__L39,burst_start_distance,140,20.057142857142857
bd75a0dd0743f3811039227e74d04df0cc454e48d1670578f8f0e724c55ae025,acquire__L39,trigger_distance,123,22.78048780487805
bd75a0dd0743f3811039227e74d04df0cc454e48d1670578f8f0e724c55ae025,acquire__L39,silent_gap,86,31.151162790697676
bd75a0dd0743f3811039227e74d04df0cc454e48d1670578f8f0e724c55ae025,acquire__L39,burst_start_distance,86,32.58139534883721
bd75a0dd0743f3811039227e74d04df0cc454e48d1670578f8f0e724c55ae025,report__L39,trigger_distance,193,13.658031088082902
bd75a0dd0743f3811039227e74d04df0cc454e48d1670578f8f0e724c55ae025,report__L39,silent_gap,73,33.465753424657535
bd75a0dd0743f3811039227e74d04df0cc454e48d1670578f8f0e724c55ae025,report__L39,burst_start_distance,73,35.945205479452056
bd75a0dd0743f3811039227e74d04df0cc454e48d1670578f8f0e724c55ae025,motivated__L39,trigger_distance,111,22.846846846846848
bd75a0dd0743f3811039227e74d04df0cc454e48d1670578f8f0e724c55ae025,motivated__L39,silent_gap,60,40.416666666666664
bd75a0dd0743f3811039227e74d04df0cc454e48d1670578f8f0e724c55ae025,motivated__L39,burst_start_distance,60,42.25
20b18e0f151bb34f4656ec06989e077dd8a30ec65c8d71c57c3334b98cd69663,suite__L39,trigger_distance,158,15.5
20b18e0f151bb34f4656ec06989e077dd8a30ec65c8d71c57c3334b98cd69663,suite__L39,silent_gap,96,23.864583333333332
20b18e0f151bb34f4656ec06989e077dd8a30ec65c8d71c57c3334b98cd69663,suite__L39,burst_start_distance,96,25.510416666666668
20b18e0f151bb34f4656ec06989e077dd8a30ec65c8d71c57c3334b98cd69663,validator__L39,trigger_distance,228,10.552631578947368
20b18e0f151bb34f4656ec06989e077dd8a30ec65c8d71c57c3334b98cd69663,validator__L39,silent_gap,97,22.45360824742268
20b18e0f151bb34f4656ec06989e077dd8a30ec65c8d71c57c3334b98cd69663,validator__L39,burst_start_distance,97,24.804123711340207
20b18e0f151bb34f4656ec06989e077dd8a30ec65c8d71c57c3334b98cd69663,scorefile__L39,trigger_distance,224,11.254464285714286
20b18e0f151bb34f4656ec06989e077dd8a30ec65c8d71c57c3334b98cd69663,scorefile__L39,silent_gap,114,20.149122807017545
20b18e0f151bb34f4656ec06989e077dd8a30ec65c8d71c57c3334b98cd69663,scorefile__L39,burst_start_distance,114,22.105263157894736
20b18e0f151bb34f4656ec06989e077dd8a30ec65c8d71c57c3334b98cd69663,acquire__L39,trigger_distance,135,18.666666666666668
20b18e0f151bb34f4656ec06989e077dd8a30ec65c8d71c57c3334b98cd69663,acquire__L39,silent_gap,84,28.392857142857142
20b18e0f151bb34f4656ec06989e077dd8a30ec65c8d71c57c3334b98cd69663,acquire__L39,burst_start_distance,84,29.988095238095237
20b18e0f151bb34f4656ec06989e077dd8a30ec65c8d71c57c3334b98cd69663,report__L39,trigger_distance,138,12.340579710144928
20b18e0f151bb34f4656ec06989e077dd8a30ec65c8d71c57c3334b98cd69663,report__L39,silent_gap,47,33.297872340425535
20b18e0f151bb34f4656ec06989e077dd8a30ec65c8d71c57c3334b98cd69663,report__L39,burst_start_distance,47,36.08510638297872
20b18e0f151bb34f4656ec06989e077dd8a30ec65c8d71c57c3334b98cd69663,motivated__L39,trigger_distance,204,11.720588235294118
20b18e0f151bb34f4656ec06989e077dd8a30ec65c8d71c57c3334b98cd69663,motivated__L39,silent_gap,98,22.316326530612244
20b18e0f151bb34f4656ec06989e077dd8a30ec65c8d71c57c3334b98cd69663,motivated__L39,burst_start_distance,98,24.387755102040817
762d4c3003c3138dce1cc4483b1f4cedcb3defefea636c3b291bd59945d38127,suite__L39,trigger_distance,191,16.329842931937172
762d4c3003c3138dce1cc4483b1f4cedcb3defefea636c3b291bd59945d38127,suite__L39,silent_gap,125,23.424
762d4c3003c3138dce1cc4483b1f4cedcb3defefea636c3b291bd59945d38127,suite__L39,burst_start_distance,125,24.936
762d4c3003c3138dce1cc4483b1f4cedcb3defefea636c3b291bd59945d38127,validator__L39,trigger_distance,245,12.575510204081633
762d4c3003c3138dce1cc4483b1f4cedcb3defefea636c3b291bd59945d38127,validator__L39,silent_gap,91,31.164835164835164
762d4c3003c3138dce1cc4483b1f4cedcb3defefea636c3b291bd59945d38127,validator__L39,burst_start_distance,91,33.857142857142854
762d4c3003c3138dce1cc4483b1f4cedcb3defefea636c3b291bd59945d38127,scorefile__L39,trigger_distance,216,14.402777777777779
762d4c3003c3138dce1cc4483b1f4cedcb3defefea636c3b291bd59945d38127,scorefile__L39,silent_gap,130,22.26923076923077
762d4c3003c3138dce1cc4483b1f4cedcb3defefea636c3b291bd59945d38127,scorefile__L39,burst_start_distance,130,23.923076923076923
762d4c3003c3138dce1cc4483b1f4cedcb3defefea636c3b291bd59945d38127,acquire__L39,trigger_distance,139,20.52517985611511
762d4c3003c3138dce1cc4483b1f4cedcb3defefea636c3b291bd59945d38127,acquire__L39,silent_gap,85,31.929411764705883
762d4c3003c3138dce1cc4483b1f4cedcb3defefea636c3b291bd59945d38127,acquire__L39,burst_start_distance,85,33.56470588235294
762d4c3003c3138dce1cc4483b1f4cedcb3defefea636c3b291bd59945d38127,report__L39,trigger_distance,128,20.1484375
762d4c3003c3138dce1cc4483b1f4cedcb3defefea636c3b291bd59945d38127,report__L39,silent_gap,59,41.54237288135593
762d4c3003c3138dce1cc4483b1f4cedcb3defefea636c3b291bd59945d38127,report__L39,burst_start_distance,59,43.45762711864407
762d4c3003c3138dce1cc4483b1f4cedcb3defefea636c3b291bd59945d38127,motivated__L39,trigger_distance,147,20.53061224489796
762d4c3003c3138dce1cc4483b1f4cedcb3defefea636c3b291bd59945d38127,motivated__L39,silent_gap,92,31.206521739130434
762d4c3003c3138dce1cc4483b1f4cedcb3defefea636c3b291bd59945d38127,motivated__L39,burst_start_distance,92,32.79347826086956
34905da8dfc94d33fbd8d589d186a926f43aae2dce032b988c02171724d2d2bc,suite__L39,trigger_distance,188,15.398936170212766
34905da8dfc94d33fbd8d589d186a926f43aae2dce032b988c02171724d2d2bc,suite__L39,silent_gap,113,23.95575221238938
34905da8dfc94d33fbd8d589d186a926f43aae2dce032b988c02171724d2d2bc,suite__L39,burst_start_distance,113,25.61946902654867
34905da8dfc94d33fbd8d589d186a926f43aae2dce032b988c02171724d2d2bc,validator__L39,trigger_distance,246,11.658536585365853
34905da8dfc94d33fbd8d589d186a926f43aae2dce032b988c02171724d2d2bc,validator__L39,silent_gap,91,28.813186813186814
34905da8dfc94d33fbd8d589d186a926f43aae2dce032b988c02171724d2d2bc,validator__L39,burst_start_distance,91,31.47252747252747
34905da8dfc94d33fbd8d589d186a926f43aae2dce032b988c02171724d2d2bc,scorefile__L39,trigger_distance,270,10.88888888888889
34905da8dfc94d33fbd8d589d186a926f43aae2dce032b988c02171724d2d2bc,scorefile__L39,silent_gap,135,19.77777777777778
34905da8dfc94d33fbd8d589d186a926f43aae2dce032b988c02171724d2d2bc,scorefile__L39,burst_start_distance,135,21.77777777777778
34905da8dfc94d33fbd8d589d186a926f43aae2dce032b988c02171724d2d2bc,acquire__L39,trigger_distance,133,22.097744360902254
34905da8dfc94d33fbd8d589d186a926f43aae2dce032b988c02171724d2d2bc,acquire__L39,silent_gap,91,30.835164835164836
34905da8dfc94d33fbd8d589d186a926f43aae2dce032b988c02171724d2d2bc,acquire__L39,burst_start_distance,91,32.2967032967033
34905da8dfc94d33fbd8d589d186a926f43aae2dce032b988c02171724d2d2bc,report__L39,trigger_distance,69,33.42028985507246
34905da8dfc94d33fbd8d589d186a926f43aae2dce032b988c02171724d2d2bc,report__L39,silent_gap,47,47.59574468085106
34905da8dfc94d33fbd8d589d186a926f43aae2dce032b988c02171724d2d2bc,report__L39,burst_start_distance,47,49.02127659574468
34905da8dfc94d33fbd8d589d186a926f43aae2dce032b988c02171724d2d2bc,motivated__L39,trigger_distance,142,18.218309859154928
34905da8dfc94d33fbd8d589d186a926f43aae2dce032b988c02171724d2d2bc,motivated__L39,silent_gap,79,30.949367088607595
34905da8dfc94d33fbd8d589d186a926f43aae2dce032b988c02171724d2d2bc,motivated__L39,burst_start_distance,79,32.65822784810127
652acd65f3c98258160eaeb2cad425408ffea5734bb734f84d1aff98f64ddc36,suite__L39,trigger_distance,235,11.697872340425532
652acd65f3c98258160eaeb2cad425408ffea5734bb734f84d1aff98f64ddc36,suite__L39,silent_gap,129,19.488372093023255
652acd65f3c98258160eaeb2cad425408ffea5734bb734f84d1aff98f64ddc36,suite__L39,burst_start_distance,129,21.286821705426355
652acd65f3c98258160eaeb2cad425408ffea5734bb734f84d1aff98f64ddc36,validator__L39,trigger_distance,357,7.563025210084033
652acd65f3c98258160eaeb2cad425408ffea5734bb734f84d1aff98f64ddc36,validator__L39,silent_gap,135,17.355555555555554
652acd65f3c98258160eaeb2cad425408ffea5734bb734f84d1aff98f64ddc36,validator__L39,burst_start_distance,135,20.0
652acd65f3c98258160eaeb2cad425408ffea5734bb734f84d1aff98f64ddc36,scorefile__L39,trigger_distance,273,10.256410256410257
652acd65f3c98258160eaeb2cad425408ffea5734bb734f84d1aff98f64ddc36,scorefile__L39,silent_gap,141,17.921985815602838
652acd65f3c98258160eaeb2cad425408ffea5734bb734f84d1aff98f64ddc36,scorefile__L39,burst_start_distance,141,19.858156028368793
652acd65f3c98258160eaeb2cad425408ffea5734bb734f84d1aff98f64ddc36,acquire__L39,trigger_distance,119,23.168067226890756
652acd65f3c98258160eaeb2cad425408ffea5734bb734f84d1aff98f64ddc36,acquire__L39,silent_gap,84,31.404761904761905
652acd65f3c98258160eaeb2cad425408ffea5734bb734f84d1aff98f64ddc36,acquire__L39,burst_start_distance,84,32.82142857142857
652acd65f3c98258160eaeb2cad425408ffea5734bb734f84d1aff98f64ddc36,report__L39,trigger_distance,180,11.205555555555556
652acd65f3c98258160eaeb2cad425408ffea5734bb734f84d1aff98f64ddc36,report__L39,silent_gap,64,28.703125
652acd65f3c98258160eaeb2cad425408ffea5734bb734f84d1aff98f64ddc36,report__L39,burst_start_distance,64,31.265625
652acd65f3c98258160eaeb2cad425408ffea5734bb734f84d1aff98f64ddc36,motivated__L39,trigger_distance,153,17.529411764705884
652acd65f3c98258160eaeb2cad425408ffea5734bb734f84d1aff98f64ddc36,motivated__L39,silent_gap,80,31.6125
652acd65f3c98258160eaeb2cad425408ffea5734bb734f84d1aff98f64ddc36,motivated__L39,burst_start_distance,80,33.525
5804b01ae2d683167bb30c6287d76b4c0c34656fd4d4b3acfe7d1c45680fe7fd,suite__L39,trigger_distance,95,17.442105263157895
5804b01ae2d683167bb30c6287d76b4c0c34656fd4d4b3acfe7d1c45680fe7fd,suite__L39,silent_gap,69,22.63768115942029
5804b01ae2d683167bb30c6287d76b4c0c34656fd4d4b3acfe7d1c45680fe7fd,suite__L39,burst_start_distance,69,24.014492753623188
5804b01ae2d683167bb30c6287d76b4c0c34656fd4d4b3acfe7d1c45680fe7fd,validator__L39,trigger_distance,246,6.617886178861789
5804b01ae2d683167bb30c6287d76b4c0c34656fd4d4b3acfe7d1c45680fe7fd,validator__L39,silent_gap,105,13.161904761904761
5804b01ae2d683167bb30c6287d76b4c0c34656fd4d4b3acfe7d1c45680fe7fd,validator__L39,burst_start_distance,105,15.447619047619048
5804b01ae2d683167bb30c6287d76b4c0c34656fd4d4b3acfe7d1c45680fe7fd,scorefile__L39,trigger_distance,164,10.24390243902439
5804b01ae2d683167bb30c6287d76b4c0c34656fd4d4b3acfe7d1c45680fe7fd,scorefile__L39,silent_gap,98,15.46938775510204
5804b01ae2d683167bb30c6287d76b4c0c34656fd4d4b3acfe7d1c45680fe7fd,scorefile__L39,burst_start_distance,98,17.102040816326532
5804b01ae2d683167bb30c6287d76b4c0c34656fd4d4b3acfe7d1c45680fe7fd,acquire__L39,trigger_distance,99,14.484848484848484
5804b01ae2d683167bb30c6287d76b4c0c34656fd4d4b3acfe7d1c45680fe7fd,acquire__L39,silent_gap,67,19.925373134328357
5804b01ae2d683167bb30c6287d76b4c0c34656fd4d4b3acfe7d1c45680fe7fd,acquire__L39,burst_start_distance,67,21.402985074626866
5804b01ae2d683167bb30c6287d76b4c0c34656fd4d4b3acfe7d1c45680fe7fd,report__L39,trigger_distance,69,23.565217391304348
5804b01ae2d683167bb30c6287d76b4c0c34656fd4d4b3acfe7d1c45680fe7fd,report__L39,silent_gap,40,38.925
5804b01ae2d683167bb30c6287d76b4c0c34656fd4d4b3acfe7d1c45680fe7fd,report__L39,burst_start_distance,40,40.55
5804b01ae2d683167bb30c6287d76b4c0c34656fd4d4b3acfe7d1c45680fe7fd,motivated__L39,trigger_distance,131,12.297709923664122
5804b01ae2d683167bb30c6287d76b4c0c34656fd4d4b3acfe7d1c45680fe7fd,motivated__L39,silent_gap,62,23.870967741935484
5804b01ae2d683167bb30c6287d76b4c0c34656fd4d4b3acfe7d1c45680fe7fd,motivated__L39,burst_start_distance,62,25.967741935483872
b665d20300fde63c0fde4ba682e0a7ee76b875c89e91f09498fa65856ffc904c,suite__L39,trigger_distance,106,23.830188679245282
b665d20300fde63c0fde4ba682e0a7ee76b875c89e91f09498fa65856ffc904c,suite__L39,silent_gap,81,29.876543209876544
b665d20300fde63c0fde4ba682e0a7ee76b875c89e91f09498fa65856ffc904c,suite__L39,burst_start_distance,81,31.185185185185187
b665d20300fde63c0fde4ba682e0a7ee76b875c89e91f09498fa65856ffc904c,validator__L39,trigger_distance,162,15.376543209876543
b665d20300fde63c0fde4ba682e0a7ee76b875c89e91f09498fa65856ffc904c,validator__L39,silent_gap,63,36.96825396825397
b665d20300fde63c0fde4ba682e0a7ee76b875c89e91f09498fa65856ffc904c,validator__L39,burst_start_distance,63,39.46031746031746
b665d20300fde63c0fde4ba682e0a7ee76b875c89e91f09498fa65856ffc904c,scorefile__L39,trigger_distance,197,13.065989847715736
b665d20300fde63c0fde4ba682e0a7ee76b875c89e91f09498fa65856ffc904c,scorefile__L39,silent_gap,120,19.808333333333334
b665d20300fde63c0fde4ba682e0a7ee76b875c89e91f09498fa65856ffc904c,scorefile__L39,burst_start_distance,120,21.45
b665d20300fde63c0fde4ba682e0a7ee76b875c89e91f09498fa65856ffc904c,acquire__L39,trigger_distance,90,28.58888888888889
b665d20300fde63c0fde4ba682e0a7ee76b875c89e91f09498fa65856ffc904c,acquire__L39,silent_gap,58,42.810344827586206
b665d20300fde63c0fde4ba682e0a7ee76b875c89e91f09498fa65856ffc904c,acquire__L39,burst_start_distance,58,44.36206896551724
b665d20300fde63c0fde4ba682e0a7ee76b875c89e91f09498fa65856ffc904c,report__L39,trigger_distance,92,27.08695652173913
b665d20300fde63c0fde4ba682e0a7ee76b875c89e91f09498fa65856ffc904c,report__L39,silent_gap,62,38.70967741935484
b665d20300fde63c0fde4ba682e0a7ee76b875c89e91f09498fa65856ffc904c,report__L39,burst_start_distance,62,40.16129032258065
b665d20300fde63c0fde4ba682e0a7ee76b875c89e91f09498fa65856ffc904c,motivated__L39,trigger_distance,175,13.497142857142856
b665d20300fde63c0fde4ba682e0a7ee76b875c89e91f09498fa65856ffc904c,motivated__L39,silent_gap,87,25.137931034482758
b665d20300fde63c0fde4ba682e0a7ee76b875c89e91f09498fa65856ffc904c,motivated__L39,burst_start_distance,87,27.149425287356323
becf85f44f5bf97246879290a6cf48d13781d9c36b03c07d70bbc86bd2a8fd32,suite__L39,trigger_distance,257,10.976653696498055
becf85f44f5bf97246879290a6cf48d13781d9c36b03c07d70bbc86bd2a8fd32,suite__L39,silent_gap,137,18.715328467153284
becf85f44f5bf97246879290a6cf48d13781d9c36b03c07d70bbc86bd2a8fd32,suite__L39,burst_start_distance,137,20.56934306569343
becf85f44f5bf97246879290a6cf48d13781d9c36b03c07d70bbc86bd2a8fd32,validator__L39,trigger_distance,276,10.014492753623188
becf85f44f5bf97246879290a6cf48d13781d9c36b03c07d70bbc86bd2a8fd32,validator__L39,silent_gap,116,21.448275862068964
becf85f44f5bf97246879290a6cf48d13781d9c36b03c07d70bbc86bd2a8fd32,validator__L39,burst_start_distance,116,23.81896551724138
becf85f44f5bf97246879290a6cf48d13781d9c36b03c07d70bbc86bd2a8fd32,scorefile__L39,trigger_distance,266,10.609022556390977
becf85f44f5bf97246879290a6cf48d13781d9c36b03c07d70bbc86bd2a8fd32,scorefile__L39,silent_gap,142,18.0
becf85f44f5bf97246879290a6cf48d13781d9c36b03c07d70bbc86bd2a8fd32,scorefile__L39,burst_start_distance,142,19.87323943661972
becf85f44f5bf97246879290a6cf48d13781d9c36b03c07d70bbc86bd2a8fd32,acquire__L39,trigger_distance,152,18.164473684210527
becf85f44f5bf97246879290a6cf48d13781d9c36b03c07d70bbc86bd2a8fd32,acquire__L39,silent_gap,106,24.61320754716981
becf85f44f5bf97246879290a6cf48d13781d9c36b03c07d70bbc86bd2a8fd32,acquire__L39,burst_start_distance,106,26.047169811320753
becf85f44f5bf97246879290a6cf48d13781d9c36b03c07d70bbc86bd2a8fd32,report__L39,trigger_distance,165,14.878787878787879
becf85f44f5bf97246879290a6cf48d13781d9c36b03c07d70bbc86bd2a8fd32,report__L39,silent_gap,52,44.03846153846154
becf85f44f5bf97246879290a6cf48d13781d9c36b03c07d70bbc86bd2a8fd32,report__L39,burst_start_distance,52,46.88461538461539
becf85f44f5bf97246879290a6cf48d13781d9c36b03c07d70bbc86bd2a8fd32,motivated__L39,trigger_distance,153,17.535947712418302
becf85f44f5bf97246879290a6cf48d13781d9c36b03c07d70bbc86bd2a8fd32,motivated__L39,silent_gap,84,30.11904761904762
becf85f44f5bf97246879290a6cf48d13781d9c36b03c07d70bbc86bd2a8fd32,motivated__L39,burst_start_distance,84,31.94047619047619
1bc7d0b3db0e8900cbd588c4d63e151a43bae1fe608d1973d28e44ac2ab704bc,suite__L39,trigger_distance,214,10.677570093457945
1bc7d0b3db0e8900cbd588c4d63e151a43bae1fe608d1973d28e44ac2ab704bc,suite__L39,silent_gap,106,19.537735849056602
1bc7d0b3db0e8900cbd588c4d63e151a43bae1fe608d1973d28e44ac2ab704bc,suite__L39,burst_start_distance,106,21.528301886792452
1bc7d0b3db0e8900cbd588c4d63e151a43bae1fe608d1973d28e44ac2ab704bc,validator__L39,trigger_distance,272,8.227941176470589
1bc7d0b3db0e8900cbd588c4d63e151a43bae1fe608d1973d28e44ac2ab704bc,validator__L39,silent_gap,82,23.975609756097562
1bc7d0b3db0e8900cbd588c4d63e151a43bae1fe608d1973d28e44ac2ab704bc,validator__L39,burst_start_distance,82,27.28048780487805
1bc7d0b3db0e8900cbd588c4d63e151a43bae1fe608d1973d28e44ac2ab704bc,scorefile__L39,trigger_distance,264,8.56060606060606
1bc7d0b3db0e8900cbd588c4d63e151a43bae1fe608d1973d28e44ac2ab704bc,scorefile__L39,silent_gap,113,17.663716814159294
1bc7d0b3db0e8900cbd588c4d63e151a43bae1fe608d1973d28e44ac2ab704bc,scorefile__L39,burst_start_distance,113,19.991150442477878
1bc7d0b3db0e8900cbd588c4d63e151a43bae1fe608d1973d28e44ac2ab704bc,acquire__L39,trigger_distance,96,23.46875
1bc7d0b3db0e8900cbd588c4d63e151a43bae1fe608d1973d28e44ac2ab704bc,acquire__L39,silent_gap,61,35.36065573770492
1bc7d0b3db0e8900cbd588c4d63e151a43bae1fe608d1973d28e44ac2ab704bc,acquire__L39,burst_start_distance,61,36.9344262295082
1bc7d0b3db0e8900cbd588c4d63e151a43bae1fe608d1973d28e44ac2ab704bc,report__L39,trigger_distance,146,15.082191780821917
1bc7d0b3db0e8900cbd588c4d63e151a43bae1fe608d1973d28e44ac2ab704bc,report__L39,silent_gap,58,35.44827586206897
1bc7d0b3db0e8900cbd588c4d63e151a43bae1fe608d1973d28e44ac2ab704bc,report__L39,burst_start_distance,58,37.672413793103445
1bc7d0b3db0e8900cbd588c4d63e151a43bae1fe608d1973d28e44ac2ab704bc,motivated__L39,trigger_distance,122,17.65573770491803
1bc7d0b3db0e8900cbd588c4d63e151a43bae1fe608d1973d28e44ac2ab704bc,motivated__L39,silent_gap,61,33.31147540983606
1bc7d0b3db0e8900cbd588c4d63e151a43bae1fe608d1973d28e44ac2ab704bc,motivated__L39,burst_start_distance,61,35.295081967213115
f6d67000489cee154d6a7896a7132c79bb4b62945486962a84c9d8ab7fd1d332,suite__L39,trigger_distance,74,20.22972972972973
f6d67000489cee154d6a7896a7132c79bb4b62945486962a84c9d8ab7fd1d332,suite__L39,silent_gap,49,29.040816326530614
f6d67000489cee154d6a7896a7132c79bb4b62945486962a84c9d8ab7fd1d332,suite__L39,burst_start_distance,49,30.551020408163264
f6d67000489cee154d6a7896a7132c79bb4b62945486962a84c9d8ab7fd1d332,validator__L39,trigger_distance,166,9.042168674698795
f6d67000489cee154d6a7896a7132c79bb4b62945486962a84c9d8ab7fd1d332,validator__L39,silent_gap,58,23.017241379310345
f6d67000489cee154d6a7896a7132c79bb4b62945486962a84c9d8ab7fd1d332,validator__L39,burst_start_distance,58,25.862068965517242
f6d67000489cee154d6a7896a7132c79bb4b62945486962a84c9d8ab7fd1d332,scorefile__L39,trigger_distance,104,15.115384615384615
f6d67000489cee154d6a7896a7132c79bb4b62945486962a84c9d8ab7fd1d332,scorefile__L39,silent_gap,66,22.242424242424242
f6d67000489cee154d6a7896a7132c79bb4b62945486962a84c9d8ab7fd1d332,scorefile__L39,burst_start_distance,66,23.772727272727273
f6d67000489cee154d6a7896a7132c79bb4b62945486962a84c9d8ab7fd1d332,acquire__L39,trigger_distance,67,20.402985074626866
f6d67000489cee154d6a7896a7132c79bb4b62945486962a84c9d8ab7fd1d332,acquire__L39,silent_gap,42,30.952380952380953
f6d67000489cee154d6a7896a7132c79bb4b62945486962a84c9d8ab7fd1d332,acquire__L39,burst_start_distance,42,32.54761904761905
f6d67000489cee154d6a7896a7132c79bb4b62945486962a84c9d8ab7fd1d332,report__L39,trigger_distance,60,24.966666666666665
f6d67000489cee154d6a7896a7132c79bb4b62945486962a84c9d8ab7fd1d332,report__L39,silent_gap,36,39.94444444444444
f6d67000489cee154d6a7896a7132c79bb4b62945486962a84c9d8ab7fd1d332,report__L39,burst_start_distance,36,41.55555555555556
f6d67000489cee154d6a7896a7132c79bb4b62945486962a84c9d8ab7fd1d332,motivated__L39,trigger_distance,81,18.469135802469136
f6d67000489cee154d6a7896a7132c79bb4b62945486962a84c9d8ab7fd1d332,motivated__L39,silent_gap,44,32.15909090909091
f6d67000489cee154d6a7896a7132c79bb4b62945486962a84c9d8ab7fd1d332,motivated__L39,burst_start_distance,44,34.0
3ea69c8166a1bfc193ee815fd21088429fef536b9d7d19197035ad4e40aff365,suite__L39,trigger_distance,105,16.038095238095238
3ea69c8166a1bfc193ee815fd21088429fef536b9d7d19197035ad4e40aff365,suite__L39,silent_gap,59,26.76271186440678
3ea69c8166a1bfc193ee815fd21088429fef536b9d7d19197035ad4e40aff365,suite__L39,burst_start_distance,59,28.54237288135593
3ea69c8166a1bfc193ee815fd21088429fef536b9d7d19197035ad4e40aff365,validator__L39,trigger_distance,215,7.576744186046511
3ea69c8166a1bfc193ee815fd21088429fef536b9d7d19197035ad4e40aff365,validator__L39,silent_gap,87,16.25287356321839
3ea69c8166a1bfc193ee815fd21088429fef536b9d7d19197035ad4e40aff365,validator__L39,burst_start_distance,87,18.666666666666668
3ea69c8166a1bfc193ee815fd21088429fef536b9d7d19197035ad4e40aff365,scorefile__L39,trigger_distance,224,7.638392857142857
3ea69c8166a1bfc193ee815fd21088429fef536b9d7d19197035ad4e40aff365,scorefile__L39,silent_gap,114,13.043859649122806
3ea69c8166a1bfc193ee815fd21088429fef536b9d7d19197035ad4e40aff365,scorefile__L39,burst_start_distance,114,15.008771929824562
3ea69c8166a1bfc193ee815fd21088429fef536b9d7d19197035ad4e40aff365,acquire__L39,trigger_distance,90,19.433333333333334
3ea69c8166a1bfc193ee815fd21088429fef536b9d7d19197035ad4e40aff365,acquire__L39,silent_gap,56,29.625
3ea69c8166a1bfc193ee815fd21088429fef536b9d7d19197035ad4e40aff365,acquire__L39,burst_start_distance,56,31.232142857142858
3ea69c8166a1bfc193ee815fd21088429fef536b9d7d19197035ad4e40aff365,report__L39,trigger_distance,21,67.0
3ea69c8166a1bfc193ee815fd21088429fef536b9d7d19197035ad4e40aff365,report__L39,silent_gap,14,99.0
3ea69c8166a1bfc193ee815fd21088429fef536b9d7d19197035ad4e40aff365,report__L39,burst_start_distance,14,100.35714285714286
3ea69c8166a1bfc193ee815fd21088429fef536b9d7d19197035ad4e40aff365,motivated__L39,trigger_distance,139,11.215827338129497
3ea69c8166a1bfc193ee815fd21088429fef536b9d7d19197035ad4e40aff365,motivated__L39,silent_gap,80,17.75
3ea69c8166a1bfc193ee815fd21088429fef536b9d7d19197035ad4e40aff365,motivated__L39,burst_start_distance,80,19.4875
d15d4ed494255adde9164718092c4f4eb3694343705da6a2b6604b0fb50b2991,suite__L39,trigger_distance,167,13.532934131736527
d15d4ed494255adde9164718092c4f4eb3694343705da6a2b6604b0fb50b2991,suite__L39,silent_gap,95,22.03157894736842
d15d4ed494255adde9164718092c4f4eb3694343705da6a2b6604b0fb50b2991,suite__L39,burst_start_distance,95,23.757894736842104
d15d4ed494255adde9164718092c4f4eb3694343705da6a2b6604b0fb50b2991,validator__L39,trigger_distance,306,7.209150326797386
d15d4ed494255adde9164718092c4f4eb3694343705da6a2b6604b0fb50b2991,validator__L39,silent_gap,106,17.92452830188679
d15d4ed494255adde9164718092c4f4eb3694343705da6a2b6604b0fb50b2991,validator__L39,burst_start_distance,106,20.81132075471698
d15d4ed494255adde9164718092c4f4eb3694343705da6a2b6604b0fb50b2991,scorefile__L39,trigger_distance,251,9.127490039840637
d15d4ed494255adde9164718092c4f4eb3694343705da6a2b6604b0fb50b2991,scorefile__L39,silent_gap,115,17.73913043478261
d15d4ed494255adde9164718092c4f4eb3694343705da6a2b6604b0fb50b2991,scorefile__L39,burst_start_distance,115,19.921739130434784
d15d4ed494255adde9164718092c4f4eb3694343705da6a2b6604b0fb50b2991,acquire__L39,trigger_distance,101,21.603960396039604
d15d4ed494255adde9164718092c4f4eb3694343705da6a2b6604b0fb50b2991,acquire__L39,silent_gap,74,28.12162162162162
d15d4ed494255adde9164718092c4f4eb3694343705da6a2b6604b0fb50b2991,acquire__L39,burst_start_distance,74,29.486486486486488
d15d4ed494255adde9164718092c4f4eb3694343705da6a2b6604b0fb50b2991,report__L39,trigger_distance,117,18.982905982905983
d15d4ed494255adde9164718092c4f4eb3694343705da6a2b6604b0fb50b2991,report__L39,silent_gap,43,48.93023255813954
d15d4ed494255adde9164718092c4f4eb3694343705da6a2b6604b0fb50b2991,report__L39,burst_start_distance,43,51.46511627906977
d15d4ed494255adde9164718092c4f4eb3694343705da6a2b6604b0fb50b2991,motivated__L39,trigger_distance,152,14.375
d15d4ed494255adde9164718092c4f4eb3694343705da6a2b6604b0fb50b2991,motivated__L39,silent_gap,77,26.4025974025974
d15d4ed494255adde9164718092c4f4eb3694343705da6a2b6604b0fb50b2991,motivated__L39,burst_start_distance,77,28.376623376623378
73b1256a5c7cb97a25dddcb49af8377900373eb6d5f77a40ba6248926b322264,suite__L39,trigger_distance,172,15.348837209302326
73b1256a5c7cb97a25dddcb49af8377900373eb6d5f77a40ba6248926b322264,suite__L39,silent_gap,103,23.961165048543688
73b1256a5c7cb97a25dddcb49af8377900373eb6d5f77a40ba6248926b322264,suite__L39,burst_start_distance,103,25.631067961165048
73b1256a5c7cb97a25dddcb49af8377900373eb6d5f77a40ba6248926b322264,validator__L39,trigger_distance,224,11.517857142857142
73b1256a5c7cb97a25dddcb49af8377900373eb6d5f77a40ba6248926b322264,validator__L39,silent_gap,89,26.471910112359552
73b1256a5c7cb97a25dddcb49af8377900373eb6d5f77a40ba6248926b322264,validator__L39,burst_start_distance,89,28.98876404494382
73b1256a5c7cb97a25dddcb49af8377900373eb6d5f77a40ba6248926b322264,scorefile__L39,trigger_distance,221,12.158371040723981
73b1256a5c7cb97a25dddcb49af8377900373eb6d5f77a40ba6248926b322264,scorefile__L39,silent_gap,121,20.380165289256198
73b1256a5c7cb97a25dddcb49af8377900373eb6d5f77a40ba6248926b322264,scorefile__L39,burst_start_distance,121,22.206611570247933
73b1256a5c7cb97a25dddcb49af8377900373eb6d5f77a40ba6248926b322264,acquire__L39,trigger_distance,129,19.976744186046513
73b1256a5c7cb97a25dddcb49af8377900373eb6d5f77a40ba6248926b322264,acquire__L39,silent_gap,80,30.6
73b1256a5c7cb97a25dddcb49af8377900373eb6d5f77a40ba6248926b322264,acquire__L39,burst_start_distance,80,32.2125
73b1256a5c7cb97a25dddcb49af8377900373eb6d5f77a40ba6248926b322264,report__L39,trigger_distance,128,19.8515625
73b1256a5c7cb97a25dddcb49af8377900373eb6d5f77a40ba6248926b322264,report__L39,silent_gap,61,39.557377049180324
73b1256a5c7cb97a25dddcb49af8377900373eb6d5f77a40ba6248926b322264,report__L39,burst_start_distance,61,41.622950819672134
73b1256a5c7cb97a25dddcb49af8377900373eb6d5f77a40ba6248926b322264,motivated__L39,trigger_distance,180,14.25
73b1256a5c7cb97a25dddcb49af8377900373eb6d5f77a40ba6248926b322264,motivated__L39,silent_gap,94,25.372340425531913
73b1256a5c7cb97a25dddcb49af8377900373eb6d5f77a40ba6248926b322264,motivated__L39,burst_start_distance,94,27.28723404255319
bd0d786e3d611b4db49389508a441b299f6affed8df2a3620a5853620b80e1fc,suite__L39,trigger_distance,83,24.59036144578313
bd0d786e3d611b4db49389508a441b299f6affed8df2a3620a5853620b80e1fc,suite__L39,silent_gap,62,31.580645161290324
bd0d786e3d611b4db49389508a441b299f6affed8df2a3620a5853620b80e1fc,suite__L39,burst_start_distance,62,32.91935483870968
bd0d786e3d611b4db49389508a441b299f6affed8df2a3620a5853620b80e1fc,validator__L39,trigger_distance,159,12.679245283018869
bd0d786e3d611b4db49389508a441b299f6affed8df2a3620a5853620b80e1fc,validator__L39,silent_gap,66,28.136363636363637
bd0d786e3d611b4db49389508a441b299f6affed8df2a3620a5853620b80e1fc,validator__L39,burst_start_distance,66,30.53030303030303
bd0d786e3d611b4db49389508a441b299f6affed8df2a3620a5853620b80e1fc,scorefile__L39,trigger_distance,150,13.786666666666667
bd0d786e3d611b4db49389508a441b299f6affed8df2a3620a5853620b80e1fc,scorefile__L39,silent_gap,86,22.302325581395348
bd0d786e3d611b4db49389508a441b299f6affed8df2a3620a5853620b80e1fc,scorefile__L39,burst_start_distance,86,24.046511627906977
bd0d786e3d611b4db49389508a441b299f6affed8df2a3620a5853620b80e1fc,acquire__L39,trigger_distance,92,21.97826086956522
bd0d786e3d611b4db49389508a441b299f6affed8df2a3620a5853620b80e1fc,acquire__L39,silent_gap,55,35.09090909090909
bd0d786e3d611b4db49389508a441b299f6affed8df2a3620a5853620b80e1fc,acquire__L39,burst_start_distance,55,36.763636363636365
bd0d786e3d611b4db49389508a441b299f6affed8df2a3620a5853620b80e1fc,report__L39,trigger_distance,80,25.15
bd0d786e3d611b4db49389508a441b299f6affed8df2a3620a5853620b80e1fc,report__L39,silent_gap,45,42.93333333333333
bd0d786e3d611b4db49389508a441b299f6affed8df2a3620a5853620b80e1fc,report__L39,burst_start_distance,45,44.6
bd0d786e3d611b4db49389508a441b299f6affed8df2a3620a5853620b80e1fc,motivated__L39,trigger_distance,135,14.8
bd0d786e3d611b4db49389508a441b299f6affed8df2a3620a5853620b80e1fc,motivated__L39,silent_gap,66,28.227272727272727
bd0d786e3d611b4db49389508a441b299f6affed8df2a3620a5853620b80e1fc,motivated__L39,burst_start_distance,66,30.272727272727273
ed1ac83c40a80303e010ebf1e653da6b4015ee99f9efa6389d5b9ad13fdf2599,suite__L39,trigger_distance,221,13.710407239819004
ed1ac83c40a80303e010ebf1e653da6b4015ee99f9efa6389d5b9ad13fdf2599,suite__L39,silent_gap,126,22.293650793650794
ed1ac83c40a80303e010ebf1e653da6b4015ee99f9efa6389d5b9ad13fdf2599,suite__L39,burst_start_distance,126,24.023809523809526
ed1ac83c40a80303e010ebf1e653da6b4015ee99f9efa6389d5b9ad13fdf2599,validator__L39,trigger_distance,212,14.037735849056604
ed1ac83c40a80303e010ebf1e653da6b4015ee99f9efa6389d5b9ad13fdf2599,validator__L39,silent_gap,94,29.404255319148938
ed1ac83c40a80303e010ebf1e653da6b4015ee99f9efa6389d5b9ad13fdf2599,validator__L39,burst_start_distance,94,31.659574468085108
ed1ac83c40a80303e010ebf1e653da6b4015ee99f9efa6389d5b9ad13fdf2599,scorefile__L39,trigger_distance,275,11.16
ed1ac83c40a80303e010ebf1e653da6b4015ee99f9efa6389d5b9ad13fdf2599,scorefile__L39,silent_gap,139,20.100719424460433
ed1ac83c40a80303e010ebf1e653da6b4015ee99f9efa6389d5b9ad13fdf2599,scorefile__L39,burst_start_distance,139,22.07913669064748
ed1ac83c40a80303e010ebf1e653da6b4015ee99f9efa6389d5b9ad13fdf2599,acquire__L39,trigger_distance,191,15.643979057591624
ed1ac83c40a80303e010ebf1e653da6b4015ee99f9efa6389d5b9ad13fdf2599,acquire__L39,silent_gap,120,23.308333333333334
ed1ac83c40a80303e010ebf1e653da6b4015ee99f9efa6389d5b9ad13fdf2599,acquire__L39,burst_start_distance,120,24.883333333333333
ed1ac83c40a80303e010ebf1e653da6b4015ee99f9efa6389d5b9ad13fdf2599,report__L39,trigger_distance,171,17.485380116959064
ed1ac83c40a80303e010ebf1e653da6b4015ee99f9efa6389d5b9ad13fdf2599,report__L39,silent_gap,72,39.15277777777778
ed1ac83c40a80303e010ebf1e653da6b4015ee99f9efa6389d5b9ad13fdf2599,report__L39,burst_start_distance,72,41.30555555555556
ed1ac83c40a80303e010ebf1e653da6b4015ee99f9efa6389d5b9ad13fdf2599,motivated__L39,trigger_distance,207,14.14975845410628
ed1ac83c40a80303e010ebf1e653da6b4015ee99f9efa6389d5b9ad13fdf2599,motivated__L39,silent_gap,113,24.088495575221238
ed1ac83c40a80303e010ebf1e653da6b4015ee99f9efa6389d5b9ad13fdf2599,motivated__L39,burst_start_distance,113,25.911504424778762
d4c8d5e74b8aa0220562ceebd2d34d3470d4a41d0ad814172f4319fb11ef840d,suite__L39,trigger_distance,426,6.948356807511737
d4c8d5e74b8aa0220562ceebd2d34d3470d4a41d0ad814172f4319fb11ef840d,suite__L39,silent_gap,206,12.300970873786408
d4c8d5e74b8aa0220562ceebd2d34d3470d4a41d0ad814172f4319fb11ef840d,suite__L39,burst_start_distance,206,14.354368932038835
d4c8d5e74b8aa0220562ceebd2d34d3470d4a41d0ad814172f4319fb11ef840d,validator__L39,trigger_distance,446,6.4708520179372195
d4c8d5e74b8aa0220562ceebd2d34d3470d4a41d0ad814172f4319fb11ef840d,validator__L39,silent_gap,153,15.947712418300654
d4c8d5e74b8aa0220562ceebd2d34d3470d4a41d0ad814172f4319fb11ef840d,validator__L39,burst_start_distance,153,18.862745098039216
d4c8d5e74b8aa0220562ceebd2d34d3470d4a41d0ad814172f4319fb11ef840d,scorefile__L39,trigger_distance,418,7.145933014354067
d4c8d5e74b8aa0220562ceebd2d34d3470d4a41d0ad814172f4319fb11ef840d,scorefile__L39,silent_gap,202,12.717821782178218
d4c8d5e74b8aa0220562ceebd2d34d3470d4a41d0ad814172f4319fb11ef840d,scorefile__L39,burst_start_distance,202,14.787128712871286
d4c8d5e74b8aa0220562ceebd2d34d3470d4a41d0ad814172f4319fb11ef840d,acquire__L39,trigger_distance,134,22.19402985074627
d4c8d5e74b8aa0220562ceebd2d34d3470d4a41d0ad814172f4319fb11ef840d,acquire__L39,silent_gap,99,28.68686868686869
d4c8d5e74b8aa0220562ceebd2d34d3470d4a41d0ad814172f4319fb11ef840d,acquire__L39,burst_start_distance,99,30.04040404040404
d4c8d5e74b8aa0220562ceebd2d34d3470d4a41d0ad814172f4319fb11ef840d,report__L39,trigger_distance,180,14.966666666666667
d4c8d5e74b8aa0220562ceebd2d34d3470d4a41d0ad814172f4319fb11ef840d,report__L39,silent_gap,69,36.43478260869565
d4c8d5e74b8aa0220562ceebd2d34d3470d4a41d0ad814172f4319fb11ef840d,report__L39,burst_start_distance,69,38.971014492753625
d4c8d5e74b8aa0220562ceebd2d34d3470d4a41d0ad814172f4319fb11ef840d,motivated__L39,trigger_distance,148,17.277027027027028
d4c8d5e74b8aa0220562ceebd2d34d3470d4a41d0ad814172f4319fb11ef840d,motivated__L39,silent_gap,81,29.74074074074074
d4c8d5e74b8aa0220562ceebd2d34d3470d4a41d0ad814172f4319fb11ef840d,motivated__L39,burst_start_distance,81,31.54320987654321
aecded2156c4cb8f0a6bfba13e6b4290e85b80129840720b239eb0a8c457a66e,suite__L39,trigger_distance,168,10.392857142857142
aecded2156c4cb8f0a6bfba13e6b4290e85b80129840720b239eb0a8c457a66e,suite__L39,silent_gap,88,17.931818181818183
aecded2156c4cb8f0a6bfba13e6b4290e85b80129840720b239eb0a8c457a66e,suite__L39,burst_start_distance,88,19.795454545454547
aecded2156c4cb8f0a6bfba13e6b4290e85b80129840720b239eb0a8c457a66e,validator__L39,trigger_distance,254,6.65748031496063
aecded2156c4cb8f0a6bfba13e6b4290e85b80129840720b239eb0a8c457a66e,validator__L39,silent_gap,98,14.66326530612245
aecded2156c4cb8f0a6bfba13e6b4290e85b80129840720b239eb0a8c457a66e,validator__L39,burst_start_distance,98,17.1734693877551
aecded2156c4cb8f0a6bfba13e6b4290e85b80129840720b239eb0a8c457a66e,scorefile__L39,trigger_distance,211,8.540284360189574
aecded2156c4cb8f0a6bfba13e6b4290e85b80129840720b239eb0a8c457a66e,scorefile__L39,silent_gap,111,14.333333333333334
aecded2156c4cb8f0a6bfba13e6b4290e85b80129840720b239eb0a8c457a66e,scorefile__L39,burst_start_distance,111,16.234234234234233
aecded2156c4cb8f0a6bfba13e6b4290e85b80129840720b239eb0a8c457a66e,acquire__L39,trigger_distance,99,17.31313131313131
aecded2156c4cb8f0a6bfba13e6b4290e85b80129840720b239eb0a8c457a66e,acquire__L39,silent_gap,70,23.071428571428573
aecded2156c4cb8f0a6bfba13e6b4290e85b80129840720b239eb0a8c457a66e,acquire__L39,burst_start_distance,70,24.485714285714284
aecded2156c4cb8f0a6bfba13e6b4290e85b80129840720b239eb0a8c457a66e,report__L39,trigger_distance,112,15.232142857142858
aecded2156c4cb8f0a6bfba13e6b4290e85b80129840720b239eb0a8c457a66e,report__L39,silent_gap,28,56.92857142857143
aecded2156c4cb8f0a6bfba13e6b4290e85b80129840720b239eb0a8c457a66e,report__L39,burst_start_distance,28,60.57142857142857
aecded2156c4cb8f0a6bfba13e6b4290e85b80129840720b239eb0a8c457a66e,motivated__L39,trigger_distance,88,18.920454545454547
aecded2156c4cb8f0a6bfba13e6b4290e85b80129840720b239eb0a8c457a66e,motivated__L39,silent_gap,44,35.84090909090909
aecded2156c4cb8f0a6bfba13e6b4290e85b80129840720b239eb0a8c457a66e,motivated__L39,burst_start_distance,44,37.84090909090909
f04d0ad946b39d0dea40e65d37182de0e6b04c15f05b7a6f18ceef5da26e9fee,suite__L39,trigger_distance,80,18.125
f04d0ad946b39d0dea40e65d37182de0e6b04c15f05b7a6f18ceef5da26e9fee,suite__L39,silent_gap,53,25.849056603773583
f04d0ad946b39d0dea40e65d37182de0e6b04c15f05b7a6f18ceef5da26e9fee,suite__L39,burst_start_distance,53,27.358490566037737
f04d0ad946b39d0dea40e65d37182de0e6b04c15f05b7a6f18ceef5da26e9fee,validator__L39,trigger_distance,195,7.21025641025641
f04d0ad946b39d0dea40e65d37182de0e6b04c15f05b7a6f18ceef5da26e9fee,validator__L39,silent_gap,70,17.3
f04d0ad946b39d0dea40e65d37182de0e6b04c15f05b7a6f18ceef5da26e9fee,validator__L39,burst_start_distance,70,20.071428571428573
f04d0ad946b39d0dea40e65d37182de0e6b04c15f05b7a6f18ceef5da26e9fee,scorefile__L39,trigger_distance,171,8.842105263157896
f04d0ad946b39d0dea40e65d37182de0e6b04c15f05b7a6f18ceef5da26e9fee,scorefile__L39,silent_gap,87,15.413793103448276
f04d0ad946b39d0dea40e65d37182de0e6b04c15f05b7a6f18ceef5da26e9fee,scorefile__L39,burst_start_distance,87,17.379310344827587
f04d0ad946b39d0dea40e65d37182de0e6b04c15f05b7a6f18ceef5da26e9fee,acquire__L39,trigger_distance,64,21.796875
f04d0ad946b39d0dea40e65d37182de0e6b04c15f05b7a6f18ceef5da26e9fee,acquire__L39,silent_gap,47,28.319148936170212
f04d0ad946b39d0dea40e65d37182de0e6b04c15f05b7a6f18ceef5da26e9fee,acquire__L39,burst_start_distance,47,29.680851063829788
f04d0ad946b39d0dea40e65d37182de0e6b04c15f05b7a6f18ceef5da26e9fee,report__L39,trigger_distance,24,30.5
f04d0ad946b39d0dea40e65d37182de0e6b04c15f05b7a6f18ceef5da26e9fee,report__L39,silent_gap,13,54.46153846153846
f04d0ad946b39d0dea40e65d37182de0e6b04c15f05b7a6f18ceef5da26e9fee,report__L39,burst_start_distance,13,55.61538461538461
f04d0ad946b39d0dea40e65d37182de0e6b04c15f05b7a6f18ceef5da26e9fee,motivated__L39,trigger_distance,63,22.333333333333332
f04d0ad946b39d0dea40e65d37182de0e6b04c15f05b7a6f18ceef5da26e9fee,motivated__L39,silent_gap,35,38.4
f04d0ad946b39d0dea40e65d37182de0e6b04c15f05b7a6f18ceef5da26e9fee,motivated__L39,burst_start_distance,35,40.2
71fbe3243a052a6a8d2eb0eddb95be6d2187686d66aad29a3ac4ba090384bbf8,suite__L39,trigger_distance,195,15.297435897435898
71fbe3243a052a6a8d2eb0eddb95be6d2187686d66aad29a3ac4ba090384bbf8,suite__L39,silent_gap,113,24.672566371681416
71fbe3243a052a6a8d2eb0eddb95be6d2187686d66aad29a3ac4ba090384bbf8,suite__L39,burst_start_distance,113,26.371681415929203
71fbe3243a052a6a8d2eb0eddb95be6d2187686d66aad29a3ac4ba090384bbf8,validator__L39,trigger_distance,216,13.601851851851851
71fbe3243a052a6a8d2eb0eddb95be6d2187686d66aad29a3ac4ba090384bbf8,validator__L39,silent_gap,87,31.28735632183908
71fbe3243a052a6a8d2eb0eddb95be6d2187686d66aad29a3ac4ba090384bbf8,validator__L39,burst_start_distance,87,33.770114942528735
71fbe3243a052a6a8d2eb0eddb95be6d2187686d66aad29a3ac4ba090384bbf8,scorefile__L39,trigger_distance,208,14.548076923076923
71fbe3243a052a6a8d2eb0eddb95be6d2187686d66aad29a3ac4ba090384bbf8,scorefile__L39,silent_gap,127,22.188976377952756
71fbe3243a052a6a8d2eb0eddb95be6d2187686d66aad29a3ac4ba090384bbf8,scorefile__L39,burst_start_distance,127,23.826771653543307
71fbe3243a052a6a8d2eb0eddb95be6d2187686d66aad29a3ac4ba090384bbf8,acquire__L39,trigger_distance,105,27.723809523809525
71fbe3243a052a6a8d2eb0eddb95be6d2187686d66aad29a3ac4ba090384bbf8,acquire__L39,silent_gap,83,33.80722891566265
71fbe3243a052a6a8d2eb0eddb95be6d2187686d66aad29a3ac4ba090384bbf8,acquire__L39,burst_start_distance,83,35.0722891566265
71fbe3243a052a6a8d2eb0eddb95be6d2187686d66aad29a3ac4ba090384bbf8,report__L39,trigger_distance,162,17.666666666666668
71fbe3243a052a6a8d2eb0eddb95be6d2187686d66aad29a3ac4ba090384bbf8,report__L39,silent_gap,71,38.028169014084504
71fbe3243a052a6a8d2eb0eddb95be6d2187686d66aad29a3ac4ba090384bbf8,report__L39,burst_start_distance,71,40.19718309859155
71fbe3243a052a6a8d2eb0eddb95be6d2187686d66aad29a3ac4ba090384bbf8,motivated__L39,trigger_distance,196,14.36734693877551
71fbe3243a052a6a8d2eb0eddb95be6d2187686d66aad29a3ac4ba090384bbf8,motivated__L39,silent_gap,108,24.25925925925926
71fbe3243a052a6a8d2eb0eddb95be6d2187686d66aad29a3ac4ba090384bbf8,motivated__L39,burst_start_distance,108,26.074074074074073
ad3a720fc9c8eb5281c8f0f30c80382e3c3b049e725cafb592efad7614a3ac5f,suite__L39,trigger_distance,371,8.606469002695418
ad3a720fc9c8eb5281c8f0f30c80382e3c3b049e725cafb592efad7614a3ac5f,suite__L39,silent_gap,177,15.943502824858758
ad3a720fc9c8eb5281c8f0f30c80382e3c3b049e725cafb592efad7614a3ac5f,suite__L39,burst_start_distance,177,18.0225988700565
ad3a720fc9c8eb5281c8f0f30c80382e3c3b049e725cafb592efad7614a3ac5f,validator__L39,trigger_distance,300,10.506666666666666
ad3a720fc9c8eb5281c8f0f30c80382e3c3b049e725cafb592efad7614a3ac5f,validator__L39,silent_gap,123,23.1869918699187
ad3a720fc9c8eb5281c8f0f30c80382e3c3b049e725cafb592efad7614a3ac5f,validator__L39,burst_start_distance,123,25.6260162601626
ad3a720fc9c8eb5281c8f0f30c80382e3c3b049e725cafb592efad7614a3ac5f,scorefile__L39,trigger_distance,314,10.302547770700636
ad3a720fc9c8eb5281c8f0f30c80382e3c3b049e725cafb592efad7614a3ac5f,scorefile__L39,silent_gap,183,15.96174863387978
ad3a720fc9c8eb5281c8f0f30c80382e3c3b049e725cafb592efad7614a3ac5f,scorefile__L39,burst_start_distance,183,17.65573770491803
ad3a720fc9c8eb5281c8f0f30c80382e3c3b049e725cafb592efad7614a3ac5f,acquire__L39,trigger_distance,158,20.259493670886076
ad3a720fc9c8eb5281c8f0f30c80382e3c3b049e725cafb592efad7614a3ac5f,acquire__L39,silent_gap,93,32.72043010752688
ad3a720fc9c8eb5281c8f0f30c80382e3c3b049e725cafb592efad7614a3ac5f,acquire__L39,burst_start_distance,93,34.41935483870968
ad3a720fc9c8eb5281c8f0f30c80382e3c3b049e725cafb592efad7614a3ac5f,report__L39,trigger_distance,229,11.467248908296943
ad3a720fc9c8eb5281c8f0f30c80382e3c3b049e725cafb592efad7614a3ac5f,report__L39,silent_gap,76,31.539473684210527
ad3a720fc9c8eb5281c8f0f30c80382e3c3b049e725cafb592efad7614a3ac5f,report__L39,burst_start_distance,76,34.39473684210526
ad3a720fc9c8eb5281c8f0f30c80382e3c3b049e725cafb592efad7614a3ac5f,motivated__L39,trigger_distance,153,20.045751633986928
ad3a720fc9c8eb5281c8f0f30c80382e3c3b049e725cafb592efad7614a3ac5f,motivated__L39,silent_gap,88,33.11363636363637
ad3a720fc9c8eb5281c8f0f30c80382e3c3b049e725cafb592efad7614a3ac5f,motivated__L39,burst_start_distance,88,34.85227272727273
3bb0c393441c5ea8d62160bfccf945f1e321f9954970b831e7318bd3aa6c5fbc,suite__L39,trigger_distance,109,22.34862385321101
3bb0c393441c5ea8d62160bfccf945f1e321f9954970b831e7318bd3aa6c5fbc,suite__L39,silent_gap,72,32.31944444444444
3bb0c393441c5ea8d62160bfccf945f1e321f9954970b831e7318bd3aa6c5fbc,suite__L39,burst_start_distance,72,33.833333333333336
3bb0c393441c5ea8d62160bfccf945f1e321f9954970b831e7318bd3aa6c5fbc,validator__L39,trigger_distance,165,14.49090909090909
3bb0c393441c5ea8d62160bfccf945f1e321f9954970b831e7318bd3aa6c5fbc,validator__L39,silent_gap,60,37.1
3bb0c393441c5ea8d62160bfccf945f1e321f9954970b831e7318bd3aa6c5fbc,validator__L39,burst_start_distance,60,39.81666666666667
3bb0c393441c5ea8d62160bfccf945f1e321f9954970b831e7318bd3aa6c5fbc,scorefile__L39,trigger_distance,150,16.7
3bb0c393441c5ea8d62160bfccf945f1e321f9954970b831e7318bd3aa6c5fbc,scorefile__L39,silent_gap,90,26.166666666666668
3bb0c393441c5ea8d62160bfccf945f1e321f9954970b831e7318bd3aa6c5fbc,scorefile__L39,burst_start_distance,90,27.833333333333332
3bb0c393441c5ea8d62160bfccf945f1e321f9954970b831e7318bd3aa6c5fbc,acquire__L39,trigger_distance,100,25.04
3bb0c393441c5ea8d62160bfccf945f1e321f9954970b831e7318bd3aa6c5fbc,acquire__L39,silent_gap,66,36.42424242424242
3bb0c393441c5ea8d62160bfccf945f1e321f9954970b831e7318bd3aa6c5fbc,acquire__L39,burst_start_distance,66,37.93939393939394
3bb0c393441c5ea8d62160bfccf945f1e321f9954970b831e7318bd3aa6c5fbc,report__L39,trigger_distance,77,31.051948051948052
3bb0c393441c5ea8d62160bfccf945f1e321f9954970b831e7318bd3aa6c5fbc,report__L39,silent_gap,51,45.372549019607845
3bb0c393441c5ea8d62160bfccf945f1e321f9954970b831e7318bd3aa6c5fbc,report__L39,burst_start_distance,51,46.705882352941174
3bb0c393441c5ea8d62160bfccf945f1e321f9954970b831e7318bd3aa6c5fbc,motivated__L39,trigger_distance,114,19.45614035087719
3bb0c393441c5ea8d62160bfccf945f1e321f9954970b831e7318bd3aa6c5fbc,motivated__L39,silent_gap,66,31.87878787878788
3bb0c393441c5ea8d62160bfccf945f1e321f9954970b831e7318bd3aa6c5fbc,motivated__L39,burst_start_distance,66,33.59090909090909
eaed49ab9b2d5bc76bc08b36d08d59500c9b3c36037cda7a746a7ff2c5f7e164,suite__L39,trigger_distance,102,13.77450980392157
eaed49ab9b2d5bc76bc08b36d08d59500c9b3c36037cda7a746a7ff2c5f7e164,suite__L39,silent_gap,58,22.46551724137931
eaed49ab9b2d5bc76bc08b36d08d59500c9b3c36037cda7a746a7ff2c5f7e164,suite__L39,burst_start_distance,58,24.224137931034484
eaed49ab9b2d5bc76bc08b36d08d59500c9b3c36037cda7a746a7ff2c5f7e164,validator__L39,trigger_distance,250,5.5
eaed49ab9b2d5bc76bc08b36d08d59500c9b3c36037cda7a746a7ff2c5f7e164,validator__L39,silent_gap,94,11.96808510638298
eaed49ab9b2d5bc76bc08b36d08d59500c9b3c36037cda7a746a7ff2c5f7e164,validator__L39,burst_start_distance,94,14.627659574468085
eaed49ab9b2d5bc76bc08b36d08d59500c9b3c36037cda7a746a7ff2c5f7e164,scorefile__L39,trigger_distance,208,7.024038461538462
eaed49ab9b2d5bc76bc08b36d08d59500c9b3c36037cda7a746a7ff2c5f7e164,scorefile__L39,silent_gap,98,12.785714285714286
eaed49ab9b2d5bc76bc08b36d08d59500c9b3c36037cda7a746a7ff2c5f7e164,scorefile__L39,burst_start_distance,98,14.887755102040817
eaed49ab9b2d5bc76bc08b36d08d59500c9b3c36037cda7a746a7ff2c5f7e164,acquire__L39,trigger_distance,79,18.79746835443038
eaed49ab9b2d5bc76bc08b36d08d59500c9b3c36037cda7a746a7ff2c5f7e164,acquire__L39,silent_gap,59,23.83050847457627
eaed49ab9b2d5bc76bc08b36d08d59500c9b3c36037cda7a746a7ff2c5f7e164,acquire__L39,burst_start_distance,59,25.16949152542373
eaed49ab9b2d5bc76bc08b36d08d59500c9b3c36037cda7a746a7ff2c5f7e164,report__L39,trigger_distance,35,29.057142857142857
eaed49ab9b2d5bc76bc08b36d08d59500c9b3c36037cda7a746a7ff2c5f7e164,report__L39,silent_gap,22,44.63636363636363
eaed49ab9b2d5bc76bc08b36d08d59500c9b3c36037cda7a746a7ff2c5f7e164,report__L39,burst_start_distance,22,46.13636363636363
eaed49ab9b2d5bc76bc08b36d08d59500c9b3c36037cda7a746a7ff2c5f7e164,motivated__L39,trigger_distance,76,17.68421052631579
eaed49ab9b2d5bc76bc08b36d08d59500c9b3c36037cda7a746a7ff2c5f7e164,motivated__L39,silent_gap,40,31.7
eaed49ab9b2d5bc76bc08b36d08d59500c9b3c36037cda7a746a7ff2c5f7e164,motivated__L39,burst_start_distance,40,33.6
ee72e759d4f3699b97b733746b5f50106574a36122c282c360bdabbb1dd38b42,suite__L39,trigger_distance,428,7.628504672897196
ee72e759d4f3699b97b733746b5f50106574a36122c282c360bdabbb1dd38b42,suite__L39,silent_gap,195,14.548717948717949
ee72e759d4f3699b97b733746b5f50106574a36122c282c360bdabbb1dd38b42,suite__L39,burst_start_distance,195,16.702564102564104
ee72e759d4f3699b97b733746b5f50106574a36122c282c360bdabbb1dd38b42,validator__L39,trigger_distance,225,14.168888888888889
ee72e759d4f3699b97b733746b5f50106574a36122c282c360bdabbb1dd38b42,validator__L39,silent_gap,90,32.922222222222224
ee72e759d4f3699b97b733746b5f50106574a36122c282c360bdabbb1dd38b42,validator__L39,burst_start_distance,90,35.422222222222224
ee72e759d4f3699b97b733746b5f50106574a36122c282c360bdabbb1dd38b42,scorefile__L39,trigger_distance,248,13.334677419354838
ee72e759d4f3699b97b733746b5f50106574a36122c282c360bdabbb1dd38b42,scorefile__L39,silent_gap,163,18.766871165644172
ee72e759d4f3699b97b733746b5f50106574a36122c282c360bdabbb1dd38b42,scorefile__L39,burst_start_distance,163,20.288343558282207
ee72e759d4f3699b97b733746b5f50106574a36122c282c360bdabbb1dd38b42,acquire__L39,trigger_distance,107,29.700934579439252
ee72e759d4f3699b97b733746b5f50106574a36122c282c360bdabbb1dd38b42,acquire__L39,silent_gap,83,37.0
ee72e759d4f3699b97b733746b5f50106574a36122c282c360bdabbb1dd38b42,acquire__L39,burst_start_distance,83,38.27710843373494
ee72e759d4f3699b97b733746b5f50106574a36122c282c360bdabbb1dd38b42,report__L39,trigger_distance,380,8.510526315789473
ee72e759d4f3699b97b733746b5f50106574a36122c282c360bdabbb1dd38b42,report__L39,silent_gap,110,25.945454545454545
ee72e759d4f3699b97b733746b5f50106574a36122c282c360bdabbb1dd38b42,report__L39,burst_start_distance,110,29.363636363636363
ee72e759d4f3699b97b733746b5f50106574a36122c282c360bdabbb1dd38b42,motivated__L39,trigger_distance,142,20.387323943661972
ee72e759d4f3699b97b733746b5f50106574a36122c282c360bdabbb1dd38b42,motivated__L39,silent_gap,90,30.58888888888889
ee72e759d4f3699b97b733746b5f50106574a36122c282c360bdabbb1dd38b42,motivated__L39,burst_start_distance,90,32.166666666666664
9d732c87f34f55906091701961a408af62828a93ac5a9310de79eefa676106a4,suite__L39,trigger_distance,246,11.113821138211382
9d732c87f34f55906091701961a408af62828a93ac5a9310de79eefa676106a4,suite__L39,silent_gap,147,16.92517006802721
9d732c87f34f55906091701961a408af62828a93ac5a9310de79eefa676106a4,suite__L39,burst_start_distance,147,18.578231292517007
9d732c87f34f55906091701961a408af62828a93ac5a9310de79eefa676106a4,validator__L39,trigger_distance,395,6.741772151898735
9d732c87f34f55906091701961a408af62828a93ac5a9310de79eefa676106a4,validator__L39,silent_gap,153,14.823529411764707
9d732c87f34f55906091701961a408af62828a93ac5a9310de79eefa676106a4,validator__L39,burst_start_distance,153,17.405228758169933
9d732c87f34f55906091701961a408af62828a93ac5a9310de79eefa676106a4,scorefile__L39,trigger_distance,338,8.233727810650887
9d732c87f34f55906091701961a408af62828a93ac5a9310de79eefa676106a4,scorefile__L39,silent_gap,170,14.382352941176471
9d732c87f34f55906091701961a408af62828a93ac5a9310de79eefa676106a4,scorefile__L39,burst_start_distance,170,16.370588235294118
9d732c87f34f55906091701961a408af62828a93ac5a9310de79eefa676106a4,acquire__L39,trigger_distance,130,21.29230769230769
9d732c87f34f55906091701961a408af62828a93ac5a9310de79eefa676106a4,acquire__L39,silent_gap,89,29.640449438202246
9d732c87f34f55906091701961a408af62828a93ac5a9310de79eefa676106a4,acquire__L39,burst_start_distance,89,31.089887640449437
9d732c87f34f55906091701961a408af62828a93ac5a9310de79eefa676106a4,report__L39,trigger_distance,143,15.951048951048952
9d732c87f34f55906091701961a408af62828a93ac5a9310de79eefa676106a4,report__L39,silent_gap,59,36.23728813559322
9d732c87f34f55906091701961a408af62828a93ac5a9310de79eefa676106a4,report__L39,burst_start_distance,59,38.40677966101695
9d732c87f34f55906091701961a408af62828a93ac5a9310de79eefa676106a4,motivated__L39,trigger_distance,221,11.723981900452488
9d732c87f34f55906091701961a408af62828a93ac5a9310de79eefa676106a4,motivated__L39,silent_gap,94,25.21276595744681
9d732c87f34f55906091701961a408af62828a93ac5a9310de79eefa676106a4,motivated__L39,burst_start_distance,94,27.56382978723404
fea3501bc1a8cb9b9c7563064e3ec54203aefa8c2c1999589b4e90e122ca7e47,suite__L39,trigger_distance,108,24.86111111111111
fea3501bc1a8cb9b9c7563064e3ec54203aefa8c2c1999589b4e90e122ca7e47,suite__L39,silent_gap,79,32.620253164556964
fea3501bc1a8cb9b9c7563064e3ec54203aefa8c2c1999589b4e90e122ca7e47,suite__L39,burst_start_distance,79,33.9873417721519
fea3501bc1a8cb9b9c7563064e3ec54203aefa8c2c1999589b4e90e122ca7e47,validator__L39,trigger_distance,192,13.786458333333334
fea3501bc1a8cb9b9c7563064e3ec54203aefa8c2c1999589b4e90e122ca7e47,validator__L39,silent_gap,80,30.6875
fea3501bc1a8cb9b9c7563064e3ec54203aefa8c2c1999589b4e90e122ca7e47,validator__L39,burst_start_distance,80,33.075
fea3501bc1a8cb9b9c7563064e3ec54203aefa8c2c1999589b4e90e122ca7e47,scorefile__L39,trigger_distance,202,13.653465346534654
fea3501bc1a8cb9b9c7563064e3ec54203aefa8c2c1999589b4e90e122ca7e47,scorefile__L39,silent_gap,101,25.306930693069308
fea3501bc1a8cb9b9c7563064e3ec54203aefa8c2c1999589b4e90e122ca7e47,scorefile__L39,burst_start_distance,101,27.306930693069308
fea3501bc1a8cb9b9c7563064e3ec54203aefa8c2c1999589b4e90e122ca7e47,acquire__L39,trigger_distance,114,24.18421052631579
fea3501bc1a8cb9b9c7563064e3ec54203aefa8c2c1999589b4e90e122ca7e47,acquire__L39,silent_gap,71,37.225352112676056
fea3501bc1a8cb9b9c7563064e3ec54203aefa8c2c1999589b4e90e122ca7e47,acquire__L39,burst_start_distance,71,38.83098591549296
fea3501bc1a8cb9b9c7563064e3ec54203aefa8c2c1999589b4e90e122ca7e47,report__L39,trigger_distance,63,42.095238095238095
fea3501bc1a8cb9b9c7563064e3ec54203aefa8c2c1999589b4e90e122ca7e47,report__L39,silent_gap,42,61.642857142857146
fea3501bc1a8cb9b9c7563064e3ec54203aefa8c2c1999589b4e90e122ca7e47,report__L39,burst_start_distance,42,63.095238095238095
fea3501bc1a8cb9b9c7563064e3ec54203aefa8c2c1999589b4e90e122ca7e47,motivated__L39,trigger_distance,228,11.166666666666666
fea3501bc1a8cb9b9c7563064e3ec54203aefa8c2c1999589b4e90e122ca7e47,motivated__L39,silent_gap,119,19.478991596638654
fea3501bc1a8cb9b9c7563064e3ec54203aefa8c2c1999589b4e90e122ca7e47,motivated__L39,burst_start_distance,119,21.394957983193276
0750e046344c41674bfe8ecac03408cf19efbb8853531ce76a4f1bc0a76a79e7,suite__L39,trigger_distance,67,27.17910447761194
0750e046344c41674bfe8ecac03408cf19efbb8853531ce76a4f1bc0a76a79e7,suite__L39,silent_gap,41,42.78048780487805
0750e046344c41674bfe8ecac03408cf19efbb8853531ce76a4f1bc0a76a79e7,suite__L39,burst_start_distance,41,44.41463414634146
0750e046344c41674bfe8ecac03408cf19efbb8853531ce76a4f1bc0a76a79e7,validator__L39,trigger_distance,153,11.784313725490197
0750e046344c41674bfe8ecac03408cf19efbb8853531ce76a4f1bc0a76a79e7,validator__L39,silent_gap,58,28.448275862068964
0750e046344c41674bfe8ecac03408cf19efbb8853531ce76a4f1bc0a76a79e7,validator__L39,burst_start_distance,58,31.051724137931036
0750e046344c41674bfe8ecac03408cf19efbb8853531ce76a4f1bc0a76a79e7,scorefile__L39,trigger_distance,175,10.6
0750e046344c41674bfe8ecac03408cf19efbb8853531ce76a4f1bc0a76a79e7,scorefile__L39,silent_gap,97,17.31958762886598
0750e046344c41674bfe8ecac03408cf19efbb8853531ce76a4f1bc0a76a79e7,scorefile__L39,burst_start_distance,97,19.11340206185567
0750e046344c41674bfe8ecac03408cf19efbb8853531ce76a4f1bc0a76a79e7,acquire__L39,trigger_distance,98,19.03061224489796
0750e046344c41674bfe8ecac03408cf19efbb8853531ce76a4f1bc0a76a79e7,acquire__L39,silent_gap,64,27.609375
0750e046344c41674bfe8ecac03408cf19efbb8853531ce76a4f1bc0a76a79e7,acquire__L39,burst_start_distance,64,29.140625
0750e046344c41674bfe8ecac03408cf19efbb8853531ce76a4f1bc0a76a79e7,report__L39,trigger_distance,26,69.42307692307692
0750e046344c41674bfe8ecac03408cf19efbb8853531ce76a4f1bc0a76a79e7,report__L39,silent_gap,17,104.6470588235294
0750e046344c41674bfe8ecac03408cf19efbb8853531ce76a4f1bc0a76a79e7,report__L39,burst_start_distance,17,105.82352941176471
0750e046344c41674bfe8ecac03408cf19efbb8853531ce76a4f1bc0a76a79e7,motivated__L39,trigger_distance,131,12.534351145038167
0750e046344c41674bfe8ecac03408cf19efbb8853531ce76a4f1bc0a76a79e7,motivated__L39,silent_gap,70,21.585714285714285
0750e046344c41674bfe8ecac03408cf19efbb8853531ce76a4f1bc0a76a79e7,motivated__L39,burst_start_distance,70,23.442857142857143
3c2a0a0f130b1249ebc7e6af409151191ab4c64753bb33616b7c97cd3d95940d,suite__L39,trigger_distance,79,31.151898734177216
3c2a0a0f130b1249ebc7e6af409151191ab4c64753bb33616b7c97cd3d95940d,suite__L39,silent_gap,58,41.06896551724138
3c2a0a0f130b1249ebc7e6af409151191ab4c64753bb33616b7c97cd3d95940d,suite__L39,burst_start_distance,58,42.43103448275862
3c2a0a0f130b1249ebc7e6af409151191ab4c64753bb33616b7c97cd3d95940d,validator__L39,trigger_distance,123,19.739837398373982
3c2a0a0f130b1249ebc7e6af409151191ab4c64753bb33616b7c97cd3d95940d,validator__L39,silent_gap,59,39.067796610169495
3c2a0a0f130b1249ebc7e6af409151191ab4c64753bb33616b7c97cd3d95940d,validator__L39,burst_start_distance,59,41.152542372881356
3c2a0a0f130b1249ebc7e6af409151191ab4c64753bb33616b7c97cd3d95940d,scorefile__L39,trigger_distance,146,17.328767123287673
3c2a0a0f130b1249ebc7e6af409151191ab4c64753bb33616b7c97cd3d95940d,scorefile__L39,silent_gap,87,27.402298850574713
3c2a0a0f130b1249ebc7e6af409151191ab4c64753bb33616b7c97cd3d95940d,scorefile__L39,burst_start_distance,87,29.080459770114942
3c2a0a0f130b1249ebc7e6af409151191ab4c64753bb33616b7c97cd3d95940d,acquire__L39,trigger_distance,138,18.32608695652174
3c2a0a0f130b1249ebc7e6af409151191ab4c64753bb33616b7c97cd3d95940d,acquire__L39,silent_gap,89,26.865168539325843
3c2a0a0f130b1249ebc7e6af409151191ab4c64753bb33616b7c97cd3d95940d,acquire__L39,burst_start_distance,89,28.415730337078653
3c2a0a0f130b1249ebc7e6af409151191ab4c64753bb33616b7c97cd3d95940d,report__L39,trigger_distance,64,37.8125
3c2a0a0f130b1249ebc7e6af409151191ab4c64753bb33616b7c97cd3d95940d,report__L39,silent_gap,37,63.67567567567568
3c2a0a0f130b1249ebc7e6af409151191ab4c64753bb33616b7c97cd3d95940d,report__L39,burst_start_distance,37,65.35135135135135
3c2a0a0f130b1249ebc7e6af409151191ab4c64753bb33616b7c97cd3d95940d,motivated__L39,trigger_distance,151,15.682119205298013
3c2a0a0f130b1249ebc7e6af409151191ab4c64753bb33616b7c97cd3d95940d,motivated__L39,silent_gap,100,22.17
3c2a0a0f130b1249ebc7e6af409151191ab4c64753bb33616b7c97cd3d95940d,motivated__L39,burst_start_distance,100,23.66
26ebb470d1345721d00f12ba90cb2908d7579727eb9ac6aeebbeef8a7c09fe49,suite__L39,trigger_distance,225,11.662222222222223
26ebb470d1345721d00f12ba90cb2908d7579727eb9ac6aeebbeef8a7c09fe49,suite__L39,silent_gap,117,20.504273504273506
26ebb470d1345721d00f12ba90cb2908d7579727eb9ac6aeebbeef8a7c09fe49,suite__L39,burst_start_distance,117,22.41025641025641
26ebb470d1345721d00f12ba90cb2908d7579727eb9ac6aeebbeef8a7c09fe49,validator__L39,trigger_distance,278,9.266187050359711
26ebb470d1345721d00f12ba90cb2908d7579727eb9ac6aeebbeef8a7c09fe49,validator__L39,silent_gap,94,24.4468085106383
26ebb470d1345721d00f12ba90cb2908d7579727eb9ac6aeebbeef8a7c09fe49,validator__L39,burst_start_distance,94,27.372340425531913
26ebb470d1345721d00f12ba90cb2908d7579727eb9ac6aeebbeef8a7c09fe49,scorefile__L39,trigger_distance,285,9.389473684210527
26ebb470d1345721d00f12ba90cb2908d7579727eb9ac6aeebbeef8a7c09fe49,scorefile__L39,silent_gap,138,17.32608695652174
26ebb470d1345721d00f12ba90cb2908d7579727eb9ac6aeebbeef8a7c09fe49,scorefile__L39,burst_start_distance,138,19.3768115942029
26ebb470d1345721d00f12ba90cb2908d7579727eb9ac6aeebbeef8a7c09fe49,acquire__L39,trigger_distance,107,24.345794392523363
26ebb470d1345721d00f12ba90cb2908d7579727eb9ac6aeebbeef8a7c09fe49,acquire__L39,silent_gap,77,32.44155844155844
26ebb470d1345721d00f12ba90cb2908d7579727eb9ac6aeebbeef8a7c09fe49,acquire__L39,burst_start_distance,77,33.83116883116883
26ebb470d1345721d00f12ba90cb2908d7579727eb9ac6aeebbeef8a7c09fe49,report__L39,trigger_distance,153,16.901960784313726
26ebb470d1345721d00f12ba90cb2908d7579727eb9ac6aeebbeef8a7c09fe49,report__L39,silent_gap,72,33.791666666666664
26ebb470d1345721d00f12ba90cb2908d7579727eb9ac6aeebbeef8a7c09fe49,report__L39,burst_start_distance,72,35.80555555555556
26ebb470d1345721d00f12ba90cb2908d7579727eb9ac6aeebbeef8a7c09fe49,motivated__L39,trigger_distance,161,15.664596273291925
26ebb470d1345721d00f12ba90cb2908d7579727eb9ac6aeebbeef8a7c09fe49,motivated__L39,silent_gap,81,29.14814814814815
26ebb470d1345721d00f12ba90cb2908d7579727eb9ac6aeebbeef8a7c09fe49,motivated__L39,burst_start_distance,81,31.135802469135804
b24ff03d4c0baa2bd0a8978363371cf04e6c610ea32fbe79d049d80e43d1a4b1,suite__L39,trigger_distance,108,14.833333333333334
b24ff03d4c0baa2bd0a8978363371cf04e6c610ea32fbe79d049d80e43d1a4b1,suite__L39,silent_gap,55,27.163636363636364
b24ff03d4c0baa2bd0a8978363371cf04e6c610ea32fbe79d049d80e43d1a4b1,suite__L39,burst_start_distance,55,29.12727272727273
b24ff03d4c0baa2bd0a8978363371cf04e6c610ea32fbe79d049d80e43d1a4b1,validator__L39,trigger_distance,181,8.386740331491712
b24ff03d4c0baa2bd0a8978363371cf04e6c610ea32fbe79d049d80e43d1a4b1,validator__L39,silent_gap,62,21.56451612903226
b24ff03d4c0baa2bd0a8978363371cf04e6c610ea32fbe79d049d80e43d1a4b1,validator__L39,burst_start_distance,62,24.483870967741936
b24ff03d4c0baa2bd0a8978363371cf04e6c610ea32fbe79d049d80e43d1a4b1,scorefile__L39,trigger_distance,149,10.543624161073826
b24ff03d4c0baa2bd0a8978363371cf04e6c610ea32fbe79d049d80e43d1a4b1,scorefile__L39,silent_gap,70,20.314285714285713
b24ff03d4c0baa2bd0a8978363371cf04e6c610ea32fbe79d049d80e43d1a4b1,scorefile__L39,burst_start_distance,70,22.442857142857143
b24ff03d4c0baa2bd0a8978363371cf04e6c610ea32fbe79d049d80e43d1a4b1,acquire__L39,trigger_distance,63,25.6984126984127
b24ff03d4c0baa2bd0a8978363371cf04e6c610ea32fbe79d049d80e43d1a4b1,acquire__L39,silent_gap,39,39.8974358974359
b24ff03d4c0baa2bd0a8978363371cf04e6c610ea32fbe79d049d80e43d1a4b1,acquire__L39,burst_start_distance,39,41.51282051282051
b24ff03d4c0baa2bd0a8978363371cf04e6c610ea32fbe79d049d80e43d1a4b1,report__L39,trigger_distance,76,20.039473684210527
b24ff03d4c0baa2bd0a8978363371cf04e6c610ea32fbe79d049d80e43d1a4b1,report__L39,silent_gap,38,38.078947368421055
b24ff03d4c0baa2bd0a8978363371cf04e6c610ea32fbe79d049d80e43d1a4b1,report__L39,burst_start_distance,38,40.05263157894737
b24ff03d4c0baa2bd0a8978363371cf04e6c610ea32fbe79d049d80e43d1a4b1,motivated__L39,trigger_distance,72,20.97222222222222
b24ff03d4c0baa2bd0a8978363371cf04e6c610ea32fbe79d049d80e43d1a4b1,motivated__L39,silent_gap,42,34.23809523809524
b24ff03d4c0baa2bd0a8978363371cf04e6c610ea32fbe79d049d80e43d1a4b1,motivated__L39,burst_start_distance,42,35.95238095238095
1609389b0490c82e9afbb75ec4b3da213e0e98e05a7683eac826ea23996d9e9e,suite__L39,trigger_distance,258,13.290697674418604
1609389b0490c82e9afbb75ec4b3da213e0e98e05a7683eac826ea23996d9e9e,suite__L39,silent_gap,135,23.488888888888887
1609389b0490c82e9afbb75ec4b3da213e0e98e05a7683eac826ea23996d9e9e,suite__L39,burst_start_distance,135,25.4
1609389b0490c82e9afbb75ec4b3da213e0e98e05a7683eac826ea23996d9e9e,validator__L39,trigger_distance,245,13.902040816326531
1609389b0490c82e9afbb75ec4b3da213e0e98e05a7683eac826ea23996d9e9e,validator__L39,silent_gap,95,33.27368421052632
1609389b0490c82e9afbb75ec4b3da213e0e98e05a7683eac826ea23996d9e9e,validator__L39,burst_start_distance,95,35.8421052631579
1609389b0490c82e9afbb75ec4b3da213e0e98e05a7683eac826ea23996d9e9e,scorefile__L39,trigger_distance,282,12.177304964539006
1609389b0490c82e9afbb75ec4b3da213e0e98e05a7683eac826ea23996d9e9e,scorefile__L39,silent_gap,170,18.541176470588237
1609389b0490c82e9afbb75ec4b3da213e0e98e05a7683eac826ea23996d9e9e,scorefile__L39,burst_start_distance,170,20.2
1609389b0490c82e9afbb75ec4b3da213e0e98e05a7683eac826ea23996d9e9e,acquire__L39,trigger_distance,144,23.708333333333332
1609389b0490c82e9afbb75ec4b3da213e0e98e05a7683eac826ea23996d9e9e,acquire__L39,silent_gap,89,36.741573033707866
1609389b0490c82e9afbb75ec4b3da213e0e98e05a7683eac826ea23996d9e9e,acquire__L39,burst_start_distance,89,38.359550561797754
1609389b0490c82e9afbb75ec4b3da213e0e98e05a7683eac826ea23996d9e9e,report__L39,trigger_distance,210,16.204761904761906
1609389b0490c82e9afbb75ec4b3da213e0e98e05a7683eac826ea23996d9e9e,report__L39,silent_gap,89,35.87640449438202
1609389b0490c82e9afbb75ec4b3da213e0e98e05a7683eac826ea23996d9e9e,report__L39,burst_start_distance,89,38.20224719101124
1609389b0490c82e9afbb75ec4b3da213e0e98e05a7683eac826ea23996d9e9e,motivated__L39,trigger_distance,177,18.576271186440678
1609389b0490c82e9afbb75ec4b3da213e0e98e05a7683eac826ea23996d9e9e,motivated__L39,silent_gap,95,32.747368421052634
1609389b0490c82e9afbb75ec4b3da213e0e98e05a7683eac826ea23996d9e9e,motivated__L39,burst_start_distance,95,34.61052631578947
654e2fdafbf7581e0a2bb9c4283baed6ae086ea9bf23e2c63f8403eeddf7ec08,suite__L39,trigger_distance,105,24.904761904761905
654e2fdafbf7581e0a2bb9c4283baed6ae086ea9bf23e2c63f8403eeddf7ec08,suite__L39,silent_gap,61,41.14754098360656
654e2fdafbf7581e0a2bb9c4283baed6ae086ea9bf23e2c63f8403eeddf7ec08,suite__L39,burst_start_distance,61,42.868852459016395
654e2fdafbf7581e0a2bb9c4283baed6ae086ea9bf23e2c63f8403eeddf7ec08,validator__L39,trigger_distance,188,13.702127659574469
654e2fdafbf7581e0a2bb9c4283baed6ae086ea9bf23e2c63f8403eeddf7ec08,validator__L39,silent_gap,88,27.136363636363637
654e2fdafbf7581e0a2bb9c4283baed6ae086ea9bf23e2c63f8403eeddf7ec08,validator__L39,burst_start_distance,88,29.25
654e2fdafbf7581e0a2bb9c4283baed6ae086ea9bf23e2c63f8403eeddf7ec08,scorefile__L39,trigger_distance,196,13.571428571428571
654e2fdafbf7581e0a2bb9c4283baed6ae086ea9bf23e2c63f8403eeddf7ec08,scorefile__L39,silent_gap,112,22.0
654e2fdafbf7581e0a2bb9c4283baed6ae086ea9bf23e2c63f8403eeddf7ec08,scorefile__L39,burst_start_distance,112,23.75
654e2fdafbf7581e0a2bb9c4283baed6ae086ea9bf23e2c63f8403eeddf7ec08,acquire__L39,trigger_distance,123,21.617886178861788
654e2fdafbf7581e0a2bb9c4283baed6ae086ea9bf23e2c63f8403eeddf7ec08,acquire__L39,silent_gap,80,31.7
654e2fdafbf7581e0a2bb9c4283baed6ae086ea9bf23e2c63f8403eeddf7ec08,acquire__L39,burst_start_distance,80,33.2375
654e2fdafbf7581e0a2bb9c4283baed6ae086ea9bf23e2c63f8403eeddf7ec08,report__L39,trigger_distance,46,54.43478260869565
654e2fdafbf7581e0a2bb9c4283baed6ae086ea9bf23e2c63f8403eeddf7ec08,report__L39,silent_gap,34,72.29411764705883
654e2fdafbf7581e0a2bb9c4283baed6ae086ea9bf23e2c63f8403eeddf7ec08,report__L39,burst_start_distance,34,73.47058823529412
654e2fdafbf7581e0a2bb9c4283baed6ae086ea9bf23e2c63f8403eeddf7ec08,motivated__L39,trigger_distance,217,11.511520737327189
654e2fdafbf7581e0a2bb9c4283baed6ae086ea9bf23e2c63f8403eeddf7ec08,motivated__L39,silent_gap,123,18.54471544715447
654e2fdafbf7581e0a2bb9c4283baed6ae086ea9bf23e2c63f8403eeddf7ec08,motivated__L39,burst_start_distance,123,20.308943089430894
e99dd514332d5c460c6260825cb23aab1080e14cbfcc6fee1ddfb78671e1d16a,suite__L39,trigger_distance,255,11.537254901960784
e99dd514332d5c460c6260825cb23aab1080e14cbfcc6fee1ddfb78671e1d16a,suite__L39,silent_gap,148,18.155405405405407
e99dd514332d5c460c6260825cb23aab1080e14cbfcc6fee1ddfb78671e1d16a,suite__L39,burst_start_distance,148,19.824324324324323
e99dd514332d5c460c6260825cb23aab1080e14cbfcc6fee1ddfb78671e1d16a,validator__L39,trigger_distance,350,8.225714285714286
e99dd514332d5c460c6260825cb23aab1080e14cbfcc6fee1ddfb78671e1d16a,validator__L39,silent_gap,121,20.90082644628099
e99dd514332d5c460c6260825cb23aab1080e14cbfcc6fee1ddfb78671e1d16a,validator__L39,burst_start_distance,121,23.793388429752067
e99dd514332d5c460c6260825cb23aab1080e14cbfcc6fee1ddfb78671e1d16a,scorefile__L39,trigger_distance,290,10.317241379310344
e99dd514332d5c460c6260825cb23aab1080e14cbfcc6fee1ddfb78671e1d16a,scorefile__L39,silent_gap,154,17.545454545454547
e99dd514332d5c460c6260825cb23aab1080e14cbfcc6fee1ddfb78671e1d16a,scorefile__L39,burst_start_distance,154,19.396103896103895
e99dd514332d5c460c6260825cb23aab1080e14cbfcc6fee1ddfb78671e1d16a,acquire__L39,trigger_distance,156,19.166666666666668
e99dd514332d5c460c6260825cb23aab1080e14cbfcc6fee1ddfb78671e1d16a,acquire__L39,silent_gap,102,27.784313725490197
e99dd514332d5c460c6260825cb23aab1080e14cbfcc6fee1ddfb78671e1d16a,acquire__L39,burst_start_distance,102,29.30392156862745
e99dd514332d5c460c6260825cb23aab1080e14cbfcc6fee1ddfb78671e1d16a,report__L39,trigger_distance,167,13.479041916167665
e99dd514332d5c460c6260825cb23aab1080e14cbfcc6fee1ddfb78671e1d16a,report__L39,silent_gap,63,33.07936507936508
e99dd514332d5c460c6260825cb23aab1080e14cbfcc6fee1ddfb78671e1d16a,report__L39,burst_start_distance,63,35.682539682539684
e99dd514332d5c460c6260825cb23aab1080e14cbfcc6fee1ddfb78671e1d16a,motivated__L39,trigger_distance,143,19.321678321678323
e99dd514332d5c460c6260825cb23aab1080e14cbfcc6fee1ddfb78671e1d16a,motivated__L39,silent_gap,79,33.164556962025316
e99dd514332d5c460c6260825cb23aab1080e14cbfcc6fee1ddfb78671e1d16a,motivated__L39,burst_start_distance,79,34.9746835443038
2c0ce99425beb598dbe79e832b0161d9cdf83f5e1756969d11a41c20405b961e,suite__L39,trigger_distance,264,15.905303030303031
2c0ce99425beb598dbe79e832b0161d9cdf83f5e1756969d11a41c20405b961e,suite__L39,silent_gap,153,25.718954248366014
2c0ce99425beb598dbe79e832b0161d9cdf83f5e1756969d11a41c20405b961e,suite__L39,burst_start_distance,153,27.424836601307188
2c0ce99425beb598dbe79e832b0161d9cdf83f5e1756969d11a41c20405b961e,validator__L39,trigger_distance,317,13.063091482649842
2c0ce99425beb598dbe79e832b0161d9cdf83f5e1756969d11a41c20405b961e,validator__L39,silent_gap,130,29.415384615384614
2c0ce99425beb598dbe79e832b0161d9cdf83f5e1756969d11a41c20405b961e,validator__L39,burst_start_distance,130,31.853846153846153
2c0ce99425beb598dbe79e832b0161d9cdf83f5e1756969d11a41c20405b961e,scorefile__L39,trigger_distance,301,14.162790697674419
2c0ce99425beb598dbe79e832b0161d9cdf83f5e1756969d11a41c20405b961e,scorefile__L39,silent_gap,194,20.422680412371133
2c0ce99425beb598dbe79e832b0161d9cdf83f5e1756969d11a41c20405b961e,scorefile__L39,burst_start_distance,194,21.963917525773194
2c0ce99425beb598dbe79e832b0161d9cdf83f5e1756969d11a41c20405b961e,acquire__L39,trigger_distance,198,21.055555555555557
2c0ce99425beb598dbe79e832b0161d9cdf83f5e1756969d11a41c20405b961e,acquire__L39,silent_gap,125,31.768
2c0ce99425beb598dbe79e832b0161d9cdf83f5e1756969d11a41c20405b961e,acquire__L39,burst_start_distance,125,33.352
2c0ce99425beb598dbe79e832b0161d9cdf83f5e1756969d11a41c20405b961e,report__L39,trigger_distance,219,14.780821917808218
2c0ce99425beb598dbe79e832b0161d9cdf83f5e1756969d11a41c20405b961e,report__L39,silent_gap,74,40.78378378378378
2c0ce99425beb598dbe79e832b0161d9cdf83f5e1756969d11a41c20405b961e,report__L39,burst_start_distance,74,43.5945945945946
2c0ce99425beb598dbe79e832b0161d9cdf83f5e1756969d11a41c20405b961e,motivated__L39,trigger_distance,274,14.974452554744525
2c0ce99425beb598dbe79e832b0161d9cdf83f5e1756969d11a41c20405b961e,motivated__L39,silent_gap,152,25.19078947368421
2c0ce99425beb598dbe79e832b0161d9cdf83f5e1756969d11a41c20405b961e,motivated__L39,burst_start_distance,152,26.99342105263158
9e697cd5046571f97f3f45dcd3677e7a715b7c9527026d8f6fbc53c976f56ce2,suite__L39,trigger_distance,221,11.53393665158371
9e697cd5046571f97f3f45dcd3677e7a715b7c9527026d8f6fbc53c976f56ce2,suite__L39,silent_gap,110,21.163636363636364
9e697cd5046571f97f3f45dcd3677e7a715b7c9527026d8f6fbc53c976f56ce2,suite__L39,burst_start_distance,110,23.145454545454545
9e697cd5046571f97f3f45dcd3677e7a715b7c9527026d8f6fbc53c976f56ce2,validator__L39,trigger_distance,365,6.917808219178082
9e697cd5046571f97f3f45dcd3677e7a715b7c9527026d8f6fbc53c976f56ce2,validator__L39,silent_gap,130,16.615384615384617
9e697cd5046571f97f3f45dcd3677e7a715b7c9527026d8f6fbc53c976f56ce2,validator__L39,burst_start_distance,130,19.4
9e697cd5046571f97f3f45dcd3677e7a715b7c9527026d8f6fbc53c976f56ce2,scorefile__L39,trigger_distance,288,9.069444444444445
9e697cd5046571f97f3f45dcd3677e7a715b7c9527026d8f6fbc53c976f56ce2,scorefile__L39,silent_gap,135,17.214814814814815
9e697cd5046571f97f3f45dcd3677e7a715b7c9527026d8f6fbc53c976f56ce2,scorefile__L39,burst_start_distance,135,19.340740740740742
9e697cd5046571f97f3f45dcd3677e7a715b7c9527026d8f6fbc53c976f56ce2,acquire__L39,trigger_distance,123,20.552845528455286
9e697cd5046571f97f3f45dcd3677e7a715b7c9527026d8f6fbc53c976f56ce2,acquire__L39,silent_gap,81,29.691358024691358
9e697cd5046571f97f3f45dcd3677e7a715b7c9527026d8f6fbc53c976f56ce2,acquire__L39,burst_start_distance,81,31.209876543209877
9e697cd5046571f97f3f45dcd3677e7a715b7c9527026d8f6fbc53c976f56ce2,report__L39,trigger_distance,136,18.625
9e697cd5046571f97f3f45dcd3677e7a715b7c9527026d8f6fbc53c976f56ce2,report__L39,silent_gap,51,47.0
9e697cd5046571f97f3f45dcd3677e7a715b7c9527026d8f6fbc53c976f56ce2,report__L39,burst_start_distance,51,49.35294117647059
9e697cd5046571f97f3f45dcd3677e7a715b7c9527026d8f6fbc53c976f56ce2,motivated__L39,trigger_distance,230,10.747826086956522
9e697cd5046571f97f3f45dcd3677e7a715b7c9527026d8f6fbc53c976f56ce2,motivated__L39,silent_gap,105,21.35238095238095
9e697cd5046571f97f3f45dcd3677e7a715b7c9527026d8f6fbc53c976f56ce2,motivated__L39,burst_start_distance,105,23.542857142857144
591ac7e9871e36a19fcecb09e9d2e58af1c27786e3dc75966ff2dd36979f50e1,suite__L39,trigger_distance,371,9.76010781671159
591ac7e9871e36a19fcecb09e9d2e58af1c27786e3dc75966ff2dd36979f50e1,suite__L39,silent_gap,182,17.857142857142858
591ac7e9871e36a19fcecb09e9d2e58af1c27786e3dc75966ff2dd36979f50e1,suite__L39,burst_start_distance,182,19.86813186813187
591ac7e9871e36a19fcecb09e9d2e58af1c27786e3dc75966ff2dd36979f50e1,validator__L39,trigger_distance,449,7.968819599109131
591ac7e9871e36a19fcecb09e9d2e58af1c27786e3dc75966ff2dd36979f50e1,validator__L39,silent_gap,165,18.963636363636365
591ac7e9871e36a19fcecb09e9d2e58af1c27786e3dc75966ff2dd36979f50e1,validator__L39,burst_start_distance,165,21.684848484848484
591ac7e9871e36a19fcecb09e9d2e58af1c27786e3dc75966ff2dd36979f50e1,scorefile__L39,trigger_distance,351,10.321937321937321
591ac7e9871e36a19fcecb09e9d2e58af1c27786e3dc75966ff2dd36979f50e1,scorefile__L39,silent_gap,179,18.279329608938546
591ac7e9871e36a19fcecb09e9d2e58af1c27786e3dc75966ff2dd36979f50e1,scorefile__L39,burst_start_distance,179,20.24022346368715
591ac7e9871e36a19fcecb09e9d2e58af1c27786e3dc75966ff2dd36979f50e1,acquire__L39,trigger_distance,125,29.016
591ac7e9871e36a19fcecb09e9d2e58af1c27786e3dc75966ff2dd36979f50e1,acquire__L39,silent_gap,92,38.06521739130435
591ac7e9871e36a19fcecb09e9d2e58af1c27786e3dc75966ff2dd36979f50e1,acquire__L39,burst_start_distance,92,39.42391304347826
591ac7e9871e36a19fcecb09e9d2e58af1c27786e3dc75966ff2dd36979f50e1,report__L39,trigger_distance,227,15.797356828193832
591ac7e9871e36a19fcecb09e9d2e58af1c27786e3dc75966ff2dd36979f50e1,report__L39,silent_gap,76,44.19736842105263
591ac7e9871e36a19fcecb09e9d2e58af1c27786e3dc75966ff2dd36979f50e1,report__L39,burst_start_distance,76,46.89473684210526
591ac7e9871e36a19fcecb09e9d2e58af1c27786e3dc75966ff2dd36979f50e1,motivated__L39,trigger_distance,274,12.598540145985401
591ac7e9871e36a19fcecb09e9d2e58af1c27786e3dc75966ff2dd36979f50e1,motivated__L39,silent_gap,132,24.075757575757574
591ac7e9871e36a19fcecb09e9d2e58af1c27786e3dc75966ff2dd36979f50e1,motivated__L39,burst_start_distance,132,26.151515151515152
e66ad14b202024b80f23f1d4313faff253cb13610635660002f953f61b60d7e7,suite__L39,trigger_distance,195,12.097435897435897
e66ad14b202024b80f23f1d4313faff253cb13610635660002f953f61b60d7e7,suite__L39,silent_gap,104,20.807692307692307
e66ad14b202024b80f23f1d4313faff253cb13610635660002f953f61b60d7e7,suite__L39,burst_start_distance,104,22.653846153846153
e66ad14b202024b80f23f1d4313faff253cb13610635660002f953f61b60d7e7,validator__L39,trigger_distance,370,6.316216216216216
e66ad14b202024b80f23f1d4313faff253cb13610635660002f953f61b60d7e7,validator__L39,silent_gap,119,16.529411764705884
e66ad14b202024b80f23f1d4313faff253cb13610635660002f953f61b60d7e7,validator__L39,burst_start_distance,119,19.638655462184875
e66ad14b202024b80f23f1d4313faff253cb13610635660002f953f61b60d7e7,scorefile__L39,trigger_distance,284,8.376760563380282
e66ad14b202024b80f23f1d4313faff253cb13610635660002f953f61b60d7e7,scorefile__L39,silent_gap,143,14.65034965034965
e66ad14b202024b80f23f1d4313faff253cb13610635660002f953f61b60d7e7,scorefile__L39,burst_start_distance,143,16.62937062937063
e66ad14b202024b80f23f1d4313faff253cb13610635660002f953f61b60d7e7,acquire__L39,trigger_distance,100,23.5
e66ad14b202024b80f23f1d4313faff253cb13610635660002f953f61b60d7e7,acquire__L39,silent_gap,70,32.142857142857146
e66ad14b202024b80f23f1d4313faff253cb13610635660002f953f61b60d7e7,acquire__L39,burst_start_distance,70,33.57142857142857
e66ad14b202024b80f23f1d4313faff253cb13610635660002f953f61b60d7e7,report__L39,trigger_distance,179,12.720670391061452
e66ad14b202024b80f23f1d4313faff253cb13610635660002f953f61b60d7e7,report__L39,silent_gap,73,28.73972602739726
e66ad14b202024b80f23f1d4313faff253cb13610635660002f953f61b60d7e7,report__L39,burst_start_distance,73,31.08219178082192
e66ad14b202024b80f23f1d4313faff253cb13610635660002f953f61b60d7e7,motivated__L39,trigger_distance,117,19.11965811965812
e66ad14b202024b80f23f1d4313faff253cb13610635660002f953f61b60d7e7,motivated__L39,silent_gap,63,33.65079365079365
e66ad14b202024b80f23f1d4313faff253cb13610635660002f953f61b60d7e7,motivated__L39,burst_start_distance,63,35.507936507936506
73d6bb64e61a53dbe3dd20e50f8601e0b3df2e8ea63e9cf04ce1562d23cd70fe,suite__L39,trigger_distance,196,14.025510204081632
73d6bb64e61a53dbe3dd20e50f8601e0b3df2e8ea63e9cf04ce1562d23cd70fe,suite__L39,silent_gap,115,22.2
73d6bb64e61a53dbe3dd20e50f8601e0b3df2e8ea63e9cf04ce1562d23cd70fe,suite__L39,burst_start_distance,115,23.895652173913042
73d6bb64e61a53dbe3dd20e50f8601e0b3df2e8ea63e9cf04ce1562d23cd70fe,validator__L39,trigger_distance,218,12.307339449541285
73d6bb64e61a53dbe3dd20e50f8601e0b3df2e8ea63e9cf04ce1562d23cd70fe,validator__L39,silent_gap,75,32.86666666666667
73d6bb64e61a53dbe3dd20e50f8601e0b3df2e8ea63e9cf04ce1562d23cd70fe,validator__L39,burst_start_distance,75,35.77333333333333
73d6bb64e61a53dbe3dd20e50f8601e0b3df2e8ea63e9cf04ce1562d23cd70fe,scorefile__L39,trigger_distance,214,13.163551401869158
73d6bb64e61a53dbe3dd20e50f8601e0b3df2e8ea63e9cf04ce1562d23cd70fe,scorefile__L39,silent_gap,122,21.33606557377049
73d6bb64e61a53dbe3dd20e50f8601e0b3df2e8ea63e9cf04ce1562d23cd70fe,scorefile__L39,burst_start_distance,122,23.081967213114755
73d6bb64e61a53dbe3dd20e50f8601e0b3df2e8ea63e9cf04ce1562d23cd70fe,acquire__L39,trigger_distance,105,26.81904761904762
73d6bb64e61a53dbe3dd20e50f8601e0b3df2e8ea63e9cf04ce1562d23cd70fe,acquire__L39,silent_gap,79,34.31645569620253
73d6bb64e61a53dbe3dd20e50f8601e0b3df2e8ea63e9cf04ce1562d23cd70fe,acquire__L39,burst_start_distance,79,35.63291139240506
73d6bb64e61a53dbe3dd20e50f8601e0b3df2e8ea63e9cf04ce1562d23cd70fe,report__L39,trigger_distance,161,16.906832298136646
73d6bb64e61a53dbe3dd20e50f8601e0b3df2e8ea63e9cf04ce1562d23cd70fe,report__L39,silent_gap,64,40.015625
73d6bb64e61a53dbe3dd20e50f8601e0b3df2e8ea63e9cf04ce1562d23cd70fe,report__L39,burst_start_distance,64,42.40625
73d6bb64e61a53dbe3dd20e50f8601e0b3df2e8ea63e9cf04ce1562d23cd70fe,motivated__L39,trigger_distance,205,13.151219512195121
73d6bb64e61a53dbe3dd20e50f8601e0b3df2e8ea63e9cf04ce1562d23cd70fe,motivated__L39,silent_gap,111,22.44144144144144
73d6bb64e61a53dbe3dd20e50f8601e0b3df2e8ea63e9cf04ce1562d23cd70fe,motivated__L39,burst_start_distance,111,24.28828828828829
80f9883661b3f8e6fa9455b384450ddfa94aeda16af22312d0598fbbb3d45e9c,suite__L39,trigger_distance,260,11.138461538461538
80f9883661b3f8e6fa9455b384450ddfa94aeda16af22312d0598fbbb3d45e9c,suite__L39,silent_gap,142,18.56338028169014
80f9883661b3f8e6fa9455b384450ddfa94aeda16af22312d0598fbbb3d45e9c,suite__L39,burst_start_distance,142,20.37323943661972
80f9883661b3f8e6fa9455b384450ddfa94aeda16af22312d0598fbbb3d45e9c,validator__L39,trigger_distance,357,7.918767507002801
80f9883661b3f8e6fa9455b384450ddfa94aeda16af22312d0598fbbb3d45e9c,validator__L39,silent_gap,117,21.11111111111111
80f9883661b3f8e6fa9455b384450ddfa94aeda16af22312d0598fbbb3d45e9c,validator__L39,burst_start_distance,117,24.153846153846153
80f9883661b3f8e6fa9455b384450ddfa94aeda16af22312d0598fbbb3d45e9c,scorefile__L39,trigger_distance,344,8.43313953488372
80f9883661b3f8e6fa9455b384450ddfa94aeda16af22312d0598fbbb3d45e9c,scorefile__L39,silent_gap,167,15.311377245508982
80f9883661b3f8e6fa9455b384450ddfa94aeda16af22312d0598fbbb3d45e9c,scorefile__L39,burst_start_distance,167,17.37125748502994
80f9883661b3f8e6fa9455b384450ddfa94aeda16af22312d0598fbbb3d45e9c,acquire__L39,trigger_distance,103,26.961165048543688
80f9883661b3f8e6fa9455b384450ddfa94aeda16af22312d0598fbbb3d45e9c,acquire__L39,silent_gap,74,36.13513513513514
80f9883661b3f8e6fa9455b384450ddfa94aeda16af22312d0598fbbb3d45e9c,acquire__L39,burst_start_distance,74,37.527027027027025
80f9883661b3f8e6fa9455b384450ddfa94aeda16af22312d0598fbbb3d45e9c,report__L39,trigger_distance,189,12.37037037037037
80f9883661b3f8e6fa9455b384450ddfa94aeda16af22312d0598fbbb3d45e9c,report__L39,silent_gap,74,29.04054054054054
80f9883661b3f8e6fa9455b384450ddfa94aeda16af22312d0598fbbb3d45e9c,report__L39,burst_start_distance,74,31.41891891891892
80f9883661b3f8e6fa9455b384450ddfa94aeda16af22312d0598fbbb3d45e9c,motivated__L39,trigger_distance,172,15.970930232558139
80f9883661b3f8e6fa9455b384450ddfa94aeda16af22312d0598fbbb3d45e9c,motivated__L39,silent_gap,90,28.61111111111111
80f9883661b3f8e6fa9455b384450ddfa94aeda16af22312d0598fbbb3d45e9c,motivated__L39,burst_start_distance,90,30.511111111111113
d0c266575ec4f402065b4aae02098b17f1a117ca26c7bbfedc7490697949ccaf,suite__L39,trigger_distance,152,18.736842105263158
d0c266575ec4f402065b4aae02098b17f1a117ca26c7bbfedc7490697949ccaf,suite__L39,silent_gap,96,28.083333333333332
d0c266575ec4f402065b4aae02098b17f1a117ca26c7bbfedc7490697949ccaf,suite__L39,burst_start_distance,96,29.635416666666668
d0c266575ec4f402065b4aae02098b17f1a117ca26c7bbfedc7490697949ccaf,validator__L39,trigger_distance,246,11.422764227642276
d0c266575ec4f402065b4aae02098b17f1a117ca26c7bbfedc7490697949ccaf,validator__L39,silent_gap,87,29.471264367816094
d0c266575ec4f402065b4aae02098b17f1a117ca26c7bbfedc7490697949ccaf,validator__L39,burst_start_distance,87,32.298850574712645
d0c266575ec4f402065b4aae02098b17f1a117ca26c7bbfedc7490697949ccaf,scorefile__L39,trigger_distance,278,10.496402877697841
d0c266575ec4f402065b4aae02098b17f1a117ca26c7bbfedc7490697949ccaf,scorefile__L39,silent_gap,143,18.46153846153846
d0c266575ec4f402065b4aae02098b17f1a117ca26c7bbfedc7490697949ccaf,scorefile__L39,burst_start_distance,143,20.405594405594407
d0c266575ec4f402065b4aae02098b17f1a117ca26c7bbfedc7490697949ccaf,acquire__L39,trigger_distance,108,26.166666666666668
d0c266575ec4f402065b4aae02098b17f1a117ca26c7bbfedc7490697949ccaf,acquire__L39,silent_gap,82,33.146341463414636
d0c266575ec4f402065b4aae02098b17f1a117ca26c7bbfedc7490697949ccaf,acquire__L39,burst_start_distance,82,34.46341463414634
d0c266575ec4f402065b4aae02098b17f1a117ca26c7bbfedc7490697949ccaf,report__L39,trigger_distance,138,16.152173913043477
d0c266575ec4f402065b4aae02098b17f1a117ca26c7bbfedc7490697949ccaf,report__L39,silent_gap,64,32.671875
d0c266575ec4f402065b4aae02098b17f1a117ca26c7bbfedc7490697949ccaf,report__L39,burst_start_distance,64,34.578125
d0c266575ec4f402065b4aae02098b17f1a117ca26c7bbfedc7490697949ccaf,motivated__L39,trigger_distance,226,12.057522123893806
d0c266575ec4f402065b4aae02098b17f1a117ca26c7bbfedc7490697949ccaf,motivated__L39,silent_gap,112,22.3125
d0c266575ec4f402065b4aae02098b17f1a117ca26c7bbfedc7490697949ccaf,motivated__L39,burst_start_distance,112,24.330357142857142
e423c533f25ef3fcbfe1ae466a88c5c492e1775556dfc92c244e0f2624c8033a,suite__L39,trigger_distance,187,11.914438502673796
e423c533f25ef3fcbfe1ae466a88c5c492e1775556dfc92c244e0f2624c8033a,suite__L39,silent_gap,107,19.074766355140188
e423c533f25ef3fcbfe1ae466a88c5c492e1775556dfc92c244e0f2624c8033a,suite__L39,burst_start_distance,107,20.785046728971963
e423c533f25ef3fcbfe1ae466a88c5c492e1775556dfc92c244e0f2624c8033a,validator__L39,trigger_distance,317,6.646687697160884
e423c533f25ef3fcbfe1ae466a88c5c492e1775556dfc92c244e0f2624c8033a,validator__L39,silent_gap,112,15.982142857142858
e423c533f25ef3fcbfe1ae466a88c5c492e1775556dfc92c244e0f2624c8033a,validator__L39,burst_start_distance,112,18.803571428571427
e423c533f25ef3fcbfe1ae466a88c5c492e1775556dfc92c244e0f2624c8033a,scorefile__L39,trigger_distance,261,8.03448275862069
e423c533f25ef3fcbfe1ae466a88c5c492e1775556dfc92c244e0f2624c8033a,scorefile__L39,silent_gap,148,12.405405405405405
e423c533f25ef3fcbfe1ae466a88c5c492e1775556dfc92c244e0f2624c8033a,scorefile__L39,burst_start_distance,148,14.16891891891892
e423c533f25ef3fcbfe1ae466a88c5c492e1775556dfc92c244e0f2624c8033a,acquire__L39,trigger_distance,100,21.23
e423c533f25ef3fcbfe1ae466a88c5c492e1775556dfc92c244e0f2624c8033a,acquire__L39,silent_gap,68,29.75
e423c533f25ef3fcbfe1ae466a88c5c492e1775556dfc92c244e0f2624c8033a,acquire__L39,burst_start_distance,68,31.220588235294116
e423c533f25ef3fcbfe1ae466a88c5c492e1775556dfc92c244e0f2624c8033a,report__L39,trigger_distance,116,18.75
e423c533f25ef3fcbfe1ae466a88c5c492e1775556dfc92c244e0f2624c8033a,report__L39,silent_gap,44,46.79545454545455
e423c533f25ef3fcbfe1ae466a88c5c492e1775556dfc92c244e0f2624c8033a,report__L39,burst_start_distance,44,49.11363636363637
e423c533f25ef3fcbfe1ae466a88c5c492e1775556dfc92c244e0f2624c8033a,motivated__L39,trigger_distance,114,15.964912280701755
e423c533f25ef3fcbfe1ae466a88c5c492e1775556dfc92c244e0f2624c8033a,motivated__L39,silent_gap,56,30.464285714285715
e423c533f25ef3fcbfe1ae466a88c5c492e1775556dfc92c244e0f2624c8033a,motivated__L39,burst_start_distance,56,32.5
9cf77a54198458ba7c81e408c511d0f416ca55feece7607b08cf2f389aeca240,suite__L39,trigger_distance,90,18.07777777777778
9cf77a54198458ba7c81e408c511d0f416ca55feece7607b08cf2f389aeca240,suite__L39,silent_gap,64,24.015625
9cf77a54198458ba7c81e408c511d0f416ca55feece7607b08cf2f389aeca240,suite__L39,burst_start_distance,64,25.40625
9cf77a54198458ba7c81e408c511d0f416ca55feece7607b08cf2f389aeca240,validator__L39,trigger_distance,197,8.071065989847716
9cf77a54198458ba7c81e408c511d0f416ca55feece7607b08cf2f389aeca240,validator__L39,silent_gap,82,16.98780487804878
9cf77a54198458ba7c81e408c511d0f416ca55feece7607b08cf2f389aeca240,validator__L39,burst_start_distance,82,19.390243902439025
9cf77a54198458ba7c81e408c511d0f416ca55feece7607b08cf2f389aeca240,scorefile__L39,trigger_distance,140,12.085714285714285
9cf77a54198458ba7c81e408c511d0f416ca55feece7607b08cf2f389aeca240,scorefile__L39,silent_gap,84,18.476190476190474
9cf77a54198458ba7c81e408c511d0f416ca55feece7607b08cf2f389aeca240,scorefile__L39,burst_start_distance,84,20.142857142857142
9cf77a54198458ba7c81e408c511d0f416ca55feece7607b08cf2f389aeca240,acquire__L39,trigger_distance,85,18.988235294117647
9cf77a54198458ba7c81e408c511d0f416ca55feece7607b08cf2f389aeca240,acquire__L39,silent_gap,54,28.314814814814813
9cf77a54198458ba7c81e408c511d0f416ca55feece7607b08cf2f389aeca240,acquire__L39,burst_start_distance,54,29.88888888888889
9cf77a54198458ba7c81e408c511d0f416ca55feece7607b08cf2f389aeca240,report__L39,trigger_distance,95,14.4
9cf77a54198458ba7c81e408c511d0f416ca55feece7607b08cf2f389aeca240,report__L39,silent_gap,37,34.4054054054054
9cf77a54198458ba7c81e408c511d0f416ca55feece7607b08cf2f389aeca240,report__L39,burst_start_distance,37,36.5945945945946
9cf77a54198458ba7c81e408c511d0f416ca55feece7607b08cf2f389aeca240,motivated__L39,trigger_distance,140,11.3
9cf77a54198458ba7c81e408c511d0f416ca55feece7607b08cf2f389aeca240,motivated__L39,silent_gap,62,23.258064516129032
9cf77a54198458ba7c81e408c511d0f416ca55feece7607b08cf2f389aeca240,motivated__L39,burst_start_distance,62,25.5
5bc2455e3bdf6a6afb5229a92737d952b1f3fd7a72acd8d56ade83ec4cae5c28,suite__L39,trigger_distance,289,7.955017301038063
5bc2455e3bdf6a6afb5229a92737d952b1f3fd7a72acd8d56ade83ec4cae5c28,suite__L39,silent_gap,139,14.46043165467626
5bc2455e3bdf6a6afb5229a92737d952b1f3fd7a72acd8d56ade83ec4cae5c28,suite__L39,burst_start_distance,139,16.51798561151079
5bc2455e3bdf6a6afb5229a92737d952b1f3fd7a72acd8d56ade83ec4cae5c28,validator__L39,trigger_distance,403,5.687344913151365
5bc2455e3bdf6a6afb5229a92737d952b1f3fd7a72acd8d56ade83ec4cae5c28,validator__L39,silent_gap,132,14.31060606060606
5bc2455e3bdf6a6afb5229a92737d952b1f3fd7a72acd8d56ade83ec4cae5c28,validator__L39,burst_start_distance,132,17.363636363636363
5bc2455e3bdf6a6afb5229a92737d952b1f3fd7a72acd8d56ade83ec4cae5c28,scorefile__L39,trigger_distance,363,6.4986225895316805
5bc2455e3bdf6a6afb5229a92737d952b1f3fd7a72acd8d56ade83ec4cae5c28,scorefile__L39,silent_gap,165,12.096969696969698
5bc2455e3bdf6a6afb5229a92737d952b1f3fd7a72acd8d56ade83ec4cae5c28,scorefile__L39,burst_start_distance,165,14.290909090909091
5bc2455e3bdf6a6afb5229a92737d952b1f3fd7a72acd8d56ade83ec4cae5c28,acquire__L39,trigger_distance,136,17.308823529411764
5bc2455e3bdf6a6afb5229a92737d952b1f3fd7a72acd8d56ade83ec4cae5c28,acquire__L39,silent_gap,99,22.404040404040405
5bc2455e3bdf6a6afb5229a92737d952b1f3fd7a72acd8d56ade83ec4cae5c28,acquire__L39,burst_start_distance,99,23.767676767676768
5bc2455e3bdf6a6afb5229a92737d952b1f3fd7a72acd8d56ade83ec4cae5c28,report__L39,trigger_distance,134,17.15671641791045
5bc2455e3bdf6a6afb5229a92737d952b1f3fd7a72acd8d56ade83ec4cae5c28,report__L39,silent_gap,52,41.63461538461539
5bc2455e3bdf6a6afb5229a92737d952b1f3fd7a72acd8d56ade83ec4cae5c28,report__L39,burst_start_distance,52,43.92307692307692
5bc2455e3bdf6a6afb5229a92737d952b1f3fd7a72acd8d56ade83ec4cae5c28,motivated__L39,trigger_distance,77,26.493506493506494
5bc2455e3bdf6a6afb5229a92737d952b1f3fd7a72acd8d56ade83ec4cae5c28,motivated__L39,silent_gap,47,41.765957446808514
5bc2455e3bdf6a6afb5229a92737d952b1f3fd7a72acd8d56ade83ec4cae5c28,motivated__L39,burst_start_distance,47,43.40425531914894
763fdcc7ba88d0f622f0fc09382ca5f59f7679dbbe9040cf99864492ed10e7f6,suite__L39,trigger_distance,192,14.447916666666666
763fdcc7ba88d0f622f0fc09382ca5f59f7679dbbe9040cf99864492ed10e7f6,suite__L39,silent_gap,105,24.590476190476192
763fdcc7ba88d0f622f0fc09382ca5f59f7679dbbe9040cf99864492ed10e7f6,suite__L39,burst_start_distance,105,26.409523809523808
763fdcc7ba88d0f622f0fc09382ca5f59f7679dbbe9040cf99864492ed10e7f6,validator__L39,trigger_distance,330,8.318181818181818
763fdcc7ba88d0f622f0fc09382ca5f59f7679dbbe9040cf99864492ed10e7f6,validator__L39,silent_gap,122,19.795081967213115
763fdcc7ba88d0f622f0fc09382ca5f59f7679dbbe9040cf99864492ed10e7f6,validator__L39,burst_start_distance,122,22.459016393442624
763fdcc7ba88d0f622f0fc09382ca5f59f7679dbbe9040cf99864492ed10e7f6,scorefile__L39,trigger_distance,304,9.269736842105264
763fdcc7ba88d0f622f0fc09382ca5f59f7679dbbe9040cf99864492ed10e7f6,scorefile__L39,silent_gap,136,18.485294117647058
763fdcc7ba88d0f622f0fc09382ca5f59f7679dbbe9040cf99864492ed10e7f6,scorefile__L39,burst_start_distance,136,20.71323529411765
763fdcc7ba88d0f622f0fc09382ca5f59f7679dbbe9040cf99864492ed10e7f6,acquire__L39,trigger_distance,124,22.70967741935484
763fdcc7ba88d0f622f0fc09382ca5f59f7679dbbe9040cf99864492ed10e7f6,acquire__L39,silent_gap,90,29.91111111111111
763fdcc7ba88d0f622f0fc09382ca5f59f7679dbbe9040cf99864492ed10e7f6,acquire__L39,burst_start_distance,90,31.288888888888888
763fdcc7ba88d0f622f0fc09382ca5f59f7679dbbe9040cf99864492ed10e7f6,report__L39,trigger_distance,84,24.0
763fdcc7ba88d0f622f0fc09382ca5f59f7679dbbe9040cf99864492ed10e7f6,report__L39,silent_gap,36,53.666666666666664
763fdcc7ba88d0f622f0fc09382ca5f59f7679dbbe9040cf99864492ed10e7f6,report__L39,burst_start_distance,36,55.638888888888886
763fdcc7ba88d0f622f0fc09382ca5f59f7679dbbe9040cf99864492ed10e7f6,motivated__L39,trigger_distance,207,12.768115942028986
763fdcc7ba88d0f622f0fc09382ca5f59f7679dbbe9040cf99864492ed10e7f6,motivated__L39,silent_gap,96,25.375
763fdcc7ba88d0f622f0fc09382ca5f59f7679dbbe9040cf99864492ed10e7f6,motivated__L39,burst_start_distance,96,27.520833333333332
78729189a99f6378744b292fb08167c4b1e62c6a556ff31aa55fb44c8bc03c02,suite__L39,trigger_distance,216,12.416666666666666
78729189a99f6378744b292fb08167c4b1e62c6a556ff31aa55fb44c8bc03c02,suite__L39,silent_gap,120,20.55
78729189a99f6378744b292fb08167c4b1e62c6a556ff31aa55fb44c8bc03c02,suite__L39,burst_start_distance,120,22.341666666666665
78729189a99f6378744b292fb08167c4b1e62c6a556ff31aa55fb44c8bc03c02,validator__L39,trigger_distance,275,9.450909090909091
78729189a99f6378744b292fb08167c4b1e62c6a556ff31aa55fb44c8bc03c02,validator__L39,silent_gap,104,22.346153846153847
78729189a99f6378744b292fb08167c4b1e62c6a556ff31aa55fb44c8bc03c02,validator__L39,burst_start_distance,104,24.990384615384617
78729189a99f6378744b292fb08167c4b1e62c6a556ff31aa55fb44c8bc03c02,scorefile__L39,trigger_distance,223,12.336322869955158
78729189a99f6378744b292fb08167c4b1e62c6a556ff31aa55fb44c8bc03c02,scorefile__L39,silent_gap,129,19.5968992248062
78729189a99f6378744b292fb08167c4b1e62c6a556ff31aa55fb44c8bc03c02,scorefile__L39,burst_start_distance,129,21.31782945736434
78729189a99f6378744b292fb08167c4b1e62c6a556ff31aa55fb44c8bc03c02,acquire__L39,trigger_distance,148,18.58108108108108
78729189a99f6378744b292fb08167c4b1e62c6a556ff31aa55fb44c8bc03c02,acquire__L39,silent_gap,88,29.568181818181817
78729189a99f6378744b292fb08167c4b1e62c6a556ff31aa55fb44c8bc03c02,acquire__L39,burst_start_distance,88,31.25
78729189a99f6378744b292fb08167c4b1e62c6a556ff31aa55fb44c8bc03c02,report__L39,trigger_distance,218,12.128440366972477
78729189a99f6378744b292fb08167c4b1e62c6a556ff31aa55fb44c8bc03c02,report__L39,silent_gap,71,34.16901408450704
78729189a99f6378744b292fb08167c4b1e62c6a556ff31aa55fb44c8bc03c02,report__L39,burst_start_distance,71,37.19718309859155
78729189a99f6378744b292fb08167c4b1e62c6a556ff31aa55fb44c8bc03c02,motivated__L39,trigger_distance,136,18.830882352941178
78729189a99f6378744b292fb08167c4b1e62c6a556ff31aa55fb44c8bc03c02,motivated__L39,silent_gap,78,31.08974358974359
78729189a99f6378744b292fb08167c4b1e62c6a556ff31aa55fb44c8bc03c02,motivated__L39,burst_start_distance,78,32.82051282051282
e3deb81c058a48e87322a17a0f4af5652bdfbf616f75cb4697e21293e4780fba,suite__L39,trigger_distance,279,12.075268817204302
e3deb81c058a48e87322a17a0f4af5652bdfbf616f75cb4697e21293e4780fba,suite__L39,silent_gap,162,19.074074074074073
e3deb81c058a48e87322a17a0f4af5652bdfbf616f75cb4697e21293e4780fba,suite__L39,burst_start_distance,162,20.771604938271604
e3deb81c058a48e87322a17a0f4af5652bdfbf616f75cb4697e21293e4780fba,validator__L39,trigger_distance,295,11.132203389830508
e3deb81c058a48e87322a17a0f4af5652bdfbf616f75cb4697e21293e4780fba,validator__L39,silent_gap,109,27.422018348623855
e3deb81c058a48e87322a17a0f4af5652bdfbf616f75cb4697e21293e4780fba,validator__L39,burst_start_distance,109,30.119266055045873
e3deb81c058a48e87322a17a0f4af5652bdfbf616f75cb4697e21293e4780fba,scorefile__L39,trigger_distance,266,12.703007518796992
e3deb81c058a48e87322a17a0f4af5652bdfbf616f75cb4697e21293e4780fba,scorefile__L39,silent_gap,164,18.98170731707317
e3deb81c058a48e87322a17a0f4af5652bdfbf616f75cb4697e21293e4780fba,scorefile__L39,burst_start_distance,164,20.603658536585368
e3deb81c058a48e87322a17a0f4af5652bdfbf616f75cb4697e21293e4780fba,acquire__L39,trigger_distance,130,25.861538461538462
e3deb81c058a48e87322a17a0f4af5652bdfbf616f75cb4697e21293e4780fba,acquire__L39,silent_gap,91,35.51648351648352
e3deb81c058a48e87322a17a0f4af5652bdfbf616f75cb4697e21293e4780fba,acquire__L39,burst_start_distance,91,36.94505494505494
e3deb81c058a48e87322a17a0f4af5652bdfbf616f75cb4697e21293e4780fba,report__L39,trigger_distance,238,13.210084033613445
e3deb81c058a48e87322a17a0f4af5652bdfbf616f75cb4697e21293e4780fba,report__L39,silent_gap,99,29.353535353535353
e3deb81c058a48e87322a17a0f4af5652bdfbf616f75cb4697e21293e4780fba,report__L39,burst_start_distance,99,31.585858585858585
e3deb81c058a48e87322a17a0f4af5652bdfbf616f75cb4697e21293e4780fba,motivated__L39,trigger_distance,149,21.899328859060404
e3deb81c058a48e87322a17a0f4af5652bdfbf616f75cb4697e21293e4780fba,motivated__L39,silent_gap,96,32.4375
e3deb81c058a48e87322a17a0f4af5652bdfbf616f75cb4697e21293e4780fba,motivated__L39,burst_start_distance,96,33.96875
04437754e72a669507d7aae10196ce4ca1181b382d53f7999ea386ec8a00602b,suite__L39,trigger_distance,223,14.103139013452914
04437754e72a669507d7aae10196ce4ca1181b382d53f7999ea386ec8a00602b,suite__L39,silent_gap,130,22.476923076923075
04437754e72a669507d7aae10196ce4ca1181b382d53f7999ea386ec8a00602b,suite__L39,burst_start_distance,130,24.16923076923077
04437754e72a669507d7aae10196ce4ca1181b382d53f7999ea386ec8a00602b,validator__L39,trigger_distance,181,17.303867403314918
04437754e72a669507d7aae10196ce4ca1181b382d53f7999ea386ec8a00602b,validator__L39,silent_gap,78,37.833333333333336
04437754e72a669507d7aae10196ce4ca1181b382d53f7999ea386ec8a00602b,validator__L39,burst_start_distance,78,40.15384615384615
04437754e72a669507d7aae10196ce4ca1181b382d53f7999ea386ec8a00602b,scorefile__L39,trigger_distance,224,14.035714285714286
04437754e72a669507d7aae10196ce4ca1181b382d53f7999ea386ec8a00602b,scorefile__L39,silent_gap,124,23.548387096774192
04437754e72a669507d7aae10196ce4ca1181b382d53f7999ea386ec8a00602b,scorefile__L39,burst_start_distance,124,25.35483870967742
04437754e72a669507d7aae10196ce4ca1181b382d53f7999ea386ec8a00602b,acquire__L39,trigger_distance,152,20.526315789473685
04437754e72a669507d7aae10196ce4ca1181b382d53f7999ea386ec8a00602b,acquire__L39,silent_gap,94,31.574468085106382
04437754e72a669507d7aae10196ce4ca1181b382d53f7999ea386ec8a00602b,acquire__L39,burst_start_distance,94,33.191489361702125
04437754e72a669507d7aae10196ce4ca1181b382d53f7999ea386ec8a00602b,report__L39,trigger_distance,252,12.404761904761905
04437754e72a669507d7aae10196ce4ca1181b382d53f7999ea386ec8a00602b,report__L39,silent_gap,85,33.811764705882354
04437754e72a669507d7aae10196ce4ca1181b382d53f7999ea386ec8a00602b,report__L39,burst_start_distance,85,36.56470588235294
04437754e72a669507d7aae10196ce4ca1181b382d53f7999ea386ec8a00602b,motivated__L39,trigger_distance,126,22.1984126984127
04437754e72a669507d7aae10196ce4ca1181b382d53f7999ea386ec8a00602b,motivated__L39,silent_gap,71,37.61971830985915
04437754e72a669507d7aae10196ce4ca1181b382d53f7999ea386ec8a00602b,motivated__L39,burst_start_distance,71,39.38028169014085
624706a3d083b5c877e84ff4aeaefefb14129aa86364a2a6e5eee0a7bb564f74,suite__L39,trigger_distance,180,11.155555555555555
624706a3d083b5c877e84ff4aeaefefb14129aa86364a2a6e5eee0a7bb564f74,suite__L39,silent_gap,100,18.28
624706a3d083b5c877e84ff4aeaefefb14129aa86364a2a6e5eee0a7bb564f74,suite__L39,burst_start_distance,100,20.05
624706a3d083b5c877e84ff4aeaefefb14129aa86364a2a6e5eee0a7bb564f74,validator__L39,trigger_distance,212,9.330188679245284
624706a3d083b5c877e84ff4aeaefefb14129aa86364a2a6e5eee0a7bb564f74,validator__L39,silent_gap,73,24.19178082191781
624706a3d083b5c877e84ff4aeaefefb14129aa86364a2a6e5eee0a7bb564f74,validator__L39,burst_start_distance,73,27.041095890410958
624706a3d083b5c877e84ff4aeaefefb14129aa86364a2a6e5eee0a7bb564f74,scorefile__L39,trigger_distance,213,9.71830985915493
624706a3d083b5c877e84ff4aeaefefb14129aa86364a2a6e5eee0a7bb564f74,scorefile__L39,silent_gap,118,15.73728813559322
624706a3d083b5c877e84ff4aeaefefb14129aa86364a2a6e5eee0a7bb564f74,scorefile__L39,burst_start_distance,118,17.533898305084747
624706a3d083b5c877e84ff4aeaefefb14129aa86364a2a6e5eee0a7bb564f74,acquire__L39,trigger_distance,92,21.804347826086957
624706a3d083b5c877e84ff4aeaefefb14129aa86364a2a6e5eee0a7bb564f74,acquire__L39,silent_gap,63,30.38095238095238
624706a3d083b5c877e84ff4aeaefefb14129aa86364a2a6e5eee0a7bb564f74,acquire__L39,burst_start_distance,63,31.841269841269842
624706a3d083b5c877e84ff4aeaefefb14129aa86364a2a6e5eee0a7bb564f74,report__L39,trigger_distance,128,15.5078125
624706a3d083b5c877e84ff4aeaefefb14129aa86364a2a6e5eee0a7bb564f74,report__L39,silent_gap,46,40.369565217391305
624706a3d083b5c877e84ff4aeaefefb14129aa86364a2a6e5eee0a7bb564f74,report__L39,burst_start_distance,46,43.04347826086956
624706a3d083b5c877e84ff4aeaefefb14129aa86364a2a6e5eee0a7bb564f74,motivated__L39,trigger_distance,100,17.77
624706a3d083b5c877e84ff4aeaefefb14129aa86364a2a6e5eee0a7bb564f74,motivated__L39,silent_gap,50,33.54
624706a3d083b5c877e84ff4aeaefefb14129aa86364a2a6e5eee0a7bb564f74,motivated__L39,burst_start_distance,50,35.44
a315ae977720324f4a33b0439c0dcf49a679f082617a347aba52745586f3659d,suite__L39,trigger_distance,274,10.427007299270073
a315ae977720324f4a33b0439c0dcf49a679f082617a347aba52745586f3659d,suite__L39,silent_gap,127,20.338582677165356
a315ae977720324f4a33b0439c0dcf49a679f082617a347aba52745586f3659d,suite__L39,burst_start_distance,127,22.433070866141733
a315ae977720324f4a33b0439c0dcf49a679f082617a347aba52745586f3659d,validator__L39,trigger_distance,319,8.77742946708464
a315ae977720324f4a33b0439c0dcf49a679f082617a347aba52745586f3659d,validator__L39,silent_gap,110,22.554545454545455
a315ae977720324f4a33b0439c0dcf49a679f082617a347aba52745586f3659d,validator__L39,burst_start_distance,110,25.454545454545453
a315ae977720324f4a33b0439c0dcf49a679f082617a347aba52745586f3659d,scorefile__L39,trigger_distance,307,9.296416938110749
a315ae977720324f4a33b0439c0dcf49a679f082617a347aba52745586f3659d,scorefile__L39,silent_gap,141,18.06382978723404
a315ae977720324f4a33b0439c0dcf49a679f082617a347aba52745586f3659d,scorefile__L39,burst_start_distance,141,20.21276595744681
a315ae977720324f4a33b0439c0dcf49a679f082617a347aba52745586f3659d,acquire__L39,trigger_distance,143,19.965034965034967
a315ae977720324f4a33b0439c0dcf49a679f082617a347aba52745586f3659d,acquire__L39,silent_gap,88,30.818181818181817
a315ae977720324f4a33b0439c0dcf49a679f082617a347aba52745586f3659d,acquire__L39,burst_start_distance,88,32.44318181818182
a315ae977720324f4a33b0439c0dcf49a679f082617a347aba52745586f3659d,report__L39,trigger_distance,200,14.105
a315ae977720324f4a33b0439c0dcf49a679f082617a347aba52745586f3659d,report__L39,silent_gap,59,44.42372881355932
a315ae977720324f4a33b0439c0dcf49a679f082617a347aba52745586f3659d,report__L39,burst_start_distance,59,47.40677966101695
a315ae977720324f4a33b0439c0dcf49a679f082617a347aba52745586f3659d,motivated__L39,trigger_distance,110,21.118181818181817
a315ae977720324f4a33b0439c0dcf49a679f082617a347aba52745586f3659d,motivated__L39,silent_gap,70,31.614285714285714
a315ae977720324f4a33b0439c0dcf49a679f082617a347aba52745586f3659d,motivated__L39,burst_start_distance,70,33.18571428571428
eb1b0dd5adcd186c5bf76bc7101fd4cd4bf4e7ebe72bafbbcc4baa365738993e,suite__L39,trigger_distance,106,14.830188679245284
eb1b0dd5adcd186c5bf76bc7101fd4cd4bf4e7ebe72bafbbcc4baa365738993e,suite__L39,silent_gap,49,29.918367346938776
eb1b0dd5adcd186c5bf76bc7101fd4cd4bf4e7ebe72bafbbcc4baa365738993e,suite__L39,burst_start_distance,49,32.08163265306123
eb1b0dd5adcd186c5bf76bc7101fd4cd4bf4e7ebe72bafbbcc4baa365738993e,validator__L39,trigger_distance,164,9.134146341463415
eb1b0dd5adcd186c5bf76bc7101fd4cd4bf4e7ebe72bafbbcc4baa365738993e,validator__L39,silent_gap,60,22.233333333333334
eb1b0dd5adcd186c5bf76bc7101fd4cd4bf4e7ebe72bafbbcc4baa365738993e,validator__L39,burst_start_distance,60,24.966666666666665
eb1b0dd5adcd186c5bf76bc7101fd4cd4bf4e7ebe72bafbbcc4baa365738993e,scorefile__L39,trigger_distance,162,9.901234567901234
eb1b0dd5adcd186c5bf76bc7101fd4cd4bf4e7ebe72bafbbcc4baa365738993e,scorefile__L39,silent_gap,78,18.487179487179485
eb1b0dd5adcd186c5bf76bc7101fd4cd4bf4e7ebe72bafbbcc4baa365738993e,scorefile__L39,burst_start_distance,78,20.564102564102566
eb1b0dd5adcd186c5bf76bc7101fd4cd4bf4e7ebe72bafbbcc4baa365738993e,acquire__L39,trigger_distance,96,16.833333333333332
eb1b0dd5adcd186c5bf76bc7101fd4cd4bf4e7ebe72bafbbcc4baa365738993e,acquire__L39,silent_gap,58,26.20689655172414
eb1b0dd5adcd186c5bf76bc7101fd4cd4bf4e7ebe72bafbbcc4baa365738993e,acquire__L39,burst_start_distance,58,27.862068965517242
eb1b0dd5adcd186c5bf76bc7101fd4cd4bf4e7ebe72bafbbcc4baa365738993e,report__L39,trigger_distance,65,22.723076923076924
eb1b0dd5adcd186c5bf76bc7101fd4cd4bf4e7ebe72bafbbcc4baa365738993e,report__L39,silent_gap,37,38.16216216216216
eb1b0dd5adcd186c5bf76bc7101fd4cd4bf4e7ebe72bafbbcc4baa365738993e,report__L39,burst_start_distance,37,39.75675675675676
eb1b0dd5adcd186c5bf76bc7101fd4cd4bf4e7ebe72bafbbcc4baa365738993e,motivated__L39,trigger_distance,91,16.318681318681318
eb1b0dd5adcd186c5bf76bc7101fd4cd4bf4e7ebe72bafbbcc4baa365738993e,motivated__L39,silent_gap,50,27.88
eb1b0dd5adcd186c5bf76bc7101fd4cd4bf4e7ebe72bafbbcc4baa365738993e,motivated__L39,burst_start_distance,50,29.68
751fd4897fbe92578991bb3f4b5df54d436b576170fc6dc3fe7a8f459c6f47a9,suite__L39,trigger_distance,193,13.310880829015543
751fd4897fbe92578991bb3f4b5df54d436b576170fc6dc3fe7a8f459c6f47a9,suite__L39,silent_gap,106,22.41509433962264
751fd4897fbe92578991bb3f4b5df54d436b576170fc6dc3fe7a8f459c6f47a9,suite__L39,burst_start_distance,106,24.160377358490567
751fd4897fbe92578991bb3f4b5df54d436b576170fc6dc3fe7a8f459c6f47a9,validator__L39,trigger_distance,224,10.928571428571429
751fd4897fbe92578991bb3f4b5df54d436b576170fc6dc3fe7a8f459c6f47a9,validator__L39,silent_gap,88,25.272727272727273
751fd4897fbe92578991bb3f4b5df54d436b576170fc6dc3fe7a8f459c6f47a9,validator__L39,burst_start_distance,88,27.806818181818183
751fd4897fbe92578991bb3f4b5df54d436b576170fc6dc3fe7a8f459c6f47a9,scorefile__L39,trigger_distance,224,11.455357142857142
751fd4897fbe92578991bb3f4b5df54d436b576170fc6dc3fe7a8f459c6f47a9,scorefile__L39,silent_gap,124,18.887096774193548
751fd4897fbe92578991bb3f4b5df54d436b576170fc6dc3fe7a8f459c6f47a9,scorefile__L39,burst_start_distance,124,20.68548387096774
751fd4897fbe92578991bb3f4b5df54d436b576170fc6dc3fe7a8f459c6f47a9,acquire__L39,trigger_distance,135,18.881481481481483
751fd4897fbe92578991bb3f4b5df54d436b576170fc6dc3fe7a8f459c6f47a9,acquire__L39,silent_gap,87,27.74712643678161
751fd4897fbe92578991bb3f4b5df54d436b576170fc6dc3fe7a8f459c6f47a9,acquire__L39,burst_start_distance,87,29.28735632183908
751fd4897fbe92578991bb3f4b5df54d436b576170fc6dc3fe7a8f459c6f47a9,report__L39,trigger_distance,133,13.601503759398497
751fd4897fbe92578991bb3f4b5df54d436b576170fc6dc3fe7a8f459c6f47a9,report__L39,silent_gap,48,34.916666666666664
751fd4897fbe92578991bb3f4b5df54d436b576170fc6dc3fe7a8f459c6f47a9,report__L39,burst_start_distance,48,37.625
751fd4897fbe92578991bb3f4b5df54d436b576170fc6dc3fe7a8f459c6f47a9,motivated__L39,trigger_distance,143,15.741258741258742
751fd4897fbe92578991bb3f4b5df54d436b576170fc6dc3fe7a8f459c6f47a9,motivated__L39,silent_gap,72,29.27777777777778
751fd4897fbe92578991bb3f4b5df54d436b576170fc6dc3fe7a8f459c6f47a9,motivated__L39,burst_start_distance,72,31.25
b33feadb88a81be410930d0b20c98e801d7f6de07b3e969acf5a93a7ab6d1d91,suite__L39,trigger_distance,154,10.811688311688311
b33feadb88a81be410930d0b20c98e801d7f6de07b3e969acf5a93a7ab6d1d91,suite__L39,silent_gap,86,17.569767441860463
b33feadb88a81be410930d0b20c98e801d7f6de07b3e969acf5a93a7ab6d1d91,suite__L39,burst_start_distance,86,19.36046511627907
b33feadb88a81be410930d0b20c98e801d7f6de07b3e969acf5a93a7ab6d1d91,validator__L39,trigger_distance,299,5.478260869565218
b33feadb88a81be410930d0b20c98e801d7f6de07b3e969acf5a93a7ab6d1d91,validator__L39,silent_gap,90,14.877777777777778
b33feadb88a81be410930d0b20c98e801d7f6de07b3e969acf5a93a7ab6d1d91,validator__L39,burst_start_distance,90,18.18888888888889
b33feadb88a81be410930d0b20c98e801d7f6de07b3e969acf5a93a7ab6d1d91,scorefile__L39,trigger_distance,252,6.841269841269841
b33feadb88a81be410930d0b20c98e801d7f6de07b3e969acf5a93a7ab6d1d91,scorefile__L39,silent_gap,113,13.026548672566372
b33feadb88a81be410930d0b20c98e801d7f6de07b3e969acf5a93a7ab6d1d91,scorefile__L39,burst_start_distance,113,15.247787610619469
b33feadb88a81be410930d0b20c98e801d7f6de07b3e969acf5a93a7ab6d1d91,acquire__L39,trigger_distance,75,21.28
b33feadb88a81be410930d0b20c98e801d7f6de07b3e969acf5a93a7ab6d1d91,acquire__L39,silent_gap,46,33.06521739130435
b33feadb88a81be410930d0b20c98e801d7f6de07b3e969acf5a93a7ab6d1d91,acquire__L39,burst_start_distance,46,34.69565217391305
b33feadb88a81be410930d0b20c98e801d7f6de07b3e969acf5a93a7ab6d1d91,report__L39,trigger_distance,57,18.228070175438596
b33feadb88a81be410930d0b20c98e801d7f6de07b3e969acf5a93a7ab6d1d91,report__L39,silent_gap,35,28.057142857142857
b33feadb88a81be410930d0b20c98e801d7f6de07b3e969acf5a93a7ab6d1d91,report__L39,burst_start_distance,35,29.62857142857143
b33feadb88a81be410930d0b20c98e801d7f6de07b3e969acf5a93a7ab6d1d91,motivated__L39,trigger_distance,66,22.03030303030303
b33feadb88a81be410930d0b20c98e801d7f6de07b3e969acf5a93a7ab6d1d91,motivated__L39,silent_gap,37,37.513513513513516
b33feadb88a81be410930d0b20c98e801d7f6de07b3e969acf5a93a7ab6d1d91,motivated__L39,burst_start_distance,37,39.2972972972973
62b4c7b57656035cf45a597bcbb4a009440ca4321a8d30e53f2c28b03dd2255f,suite__L39,trigger_distance,172,13.895348837209303
62b4c7b57656035cf45a597bcbb4a009440ca4321a8d30e53f2c28b03dd2255f,suite__L39,silent_gap,115,19.286956521739132
62b4c7b57656035cf45a597bcbb4a009440ca4321a8d30e53f2c28b03dd2255f,suite__L39,burst_start_distance,115,20.756521739130434
62b4c7b57656035cf45a597bcbb4a009440ca4321a8d30e53f2c28b03dd2255f,validator__L39,trigger_distance,255,9.074509803921568
62b4c7b57656035cf45a597bcbb4a009440ca4321a8d30e53f2c28b03dd2255f,validator__L39,silent_gap,98,21.010204081632654
62b4c7b57656035cf45a597bcbb4a009440ca4321a8d30e53f2c28b03dd2255f,validator__L39,burst_start_distance,98,23.612244897959183
62b4c7b57656035cf45a597bcbb4a009440ca4321a8d30e53f2c28b03dd2255f,scorefile__L39,trigger_distance,183,13.005464480874316
62b4c7b57656035cf45a597bcbb4a009440ca4321a8d30e53f2c28b03dd2255f,scorefile__L39,silent_gap,112,19.616071428571427
62b4c7b57656035cf45a597bcbb4a009440ca4321a8d30e53f2c28b03dd2255f,scorefile__L39,burst_start_distance,112,21.25
62b4c7b57656035cf45a597bcbb4a009440ca4321a8d30e53f2c28b03dd2255f,acquire__L39,trigger_distance,108,22.02777777777778
62b4c7b57656035cf45a597bcbb4a009440ca4321a8d30e53f2c28b03dd2255f,acquire__L39,silent_gap,75,30.28
62b4c7b57656035cf45a597bcbb4a009440ca4321a8d30e53f2c28b03dd2255f,acquire__L39,burst_start_distance,75,31.72
62b4c7b57656035cf45a597bcbb4a009440ca4321a8d30e53f2c28b03dd2255f,report__L39,trigger_distance,148,15.675675675675675
62b4c7b57656035cf45a597bcbb4a009440ca4321a8d30e53f2c28b03dd2255f,report__L39,silent_gap,60,36.2
62b4c7b57656035cf45a597bcbb4a009440ca4321a8d30e53f2c28b03dd2255f,report__L39,burst_start_distance,60,38.36666666666667
62b4c7b57656035cf45a597bcbb4a009440ca4321a8d30e53f2c28b03dd2255f,motivated__L39,trigger_distance,121,18.776859504132233
62b4c7b57656035cf45a597bcbb4a009440ca4321a8d30e53f2c28b03dd2255f,motivated__L39,silent_gap,73,29.465753424657535
62b4c7b57656035cf45a597bcbb4a009440ca4321a8d30e53f2c28b03dd2255f,motivated__L39,burst_start_distance,73,31.10958904109589
c18667aa69dad75ac125fb8237a1e38e3ef5342957a13d05318489886df5ebc3,suite__L39,trigger_distance,279,11.842293906810037
c18667aa69dad75ac125fb8237a1e38e3ef5342957a13d05318489886df5ebc3,suite__L39,silent_gap,160,18.90625
c18667aa69dad75ac125fb8237a1e38e3ef5342957a13d05318489886df5ebc3,suite__L39,burst_start_distance,160,20.63125
c18667aa69dad75ac125fb8237a1e38e3ef5342957a13d05318489886df5ebc3,validator__L39,trigger_distance,388,8.381443298969073
c18667aa69dad75ac125fb8237a1e38e3ef5342957a13d05318489886df5ebc3,validator__L39,silent_gap,137,20.905109489051096
c18667aa69dad75ac125fb8237a1e38e3ef5342957a13d05318489886df5ebc3,validator__L39,burst_start_distance,137,23.73722627737226
c18667aa69dad75ac125fb8237a1e38e3ef5342957a13d05318489886df5ebc3,scorefile__L39,trigger_distance,298,11.090604026845638
c18667aa69dad75ac125fb8237a1e38e3ef5342957a13d05318489886df5ebc3,scorefile__L39,silent_gap,161,18.677018633540374
c18667aa69dad75ac125fb8237a1e38e3ef5342957a13d05318489886df5ebc3,scorefile__L39,burst_start_distance,161,20.527950310559007
c18667aa69dad75ac125fb8237a1e38e3ef5342957a13d05318489886df5ebc3,acquire__L39,trigger_distance,146,22.65068493150685
c18667aa69dad75ac125fb8237a1e38e3ef5342957a13d05318489886df5ebc3,acquire__L39,silent_gap,98,32.255102040816325
c18667aa69dad75ac125fb8237a1e38e3ef5342957a13d05318489886df5ebc3,acquire__L39,burst_start_distance,98,33.744897959183675
c18667aa69dad75ac125fb8237a1e38e3ef5342957a13d05318489886df5ebc3,report__L39,trigger_distance,210,12.057142857142857
c18667aa69dad75ac125fb8237a1e38e3ef5342957a13d05318489886df5ebc3,report__L39,silent_gap,62,37.45161290322581
c18667aa69dad75ac125fb8237a1e38e3ef5342957a13d05318489886df5ebc3,report__L39,burst_start_distance,62,40.67741935483871
c18667aa69dad75ac125fb8237a1e38e3ef5342957a13d05318489886df5ebc3,motivated__L39,trigger_distance,189,16.83068783068783
c18667aa69dad75ac125fb8237a1e38e3ef5342957a13d05318489886df5ebc3,motivated__L39,silent_gap,117,25.572649572649574
c18667aa69dad75ac125fb8237a1e38e3ef5342957a13d05318489886df5ebc3,motivated__L39,burst_start_distance,117,27.188034188034187
9b8e6a802c40c21f549276d077528fd06399e175c1745c49b6b11605d299fe0b,suite__L39,trigger_distance,93,18.978494623655912
9b8e6a802c40c21f549276d077528fd06399e175c1745c49b6b11605d299fe0b,suite__L39,silent_gap,54,30.962962962962962
9b8e6a802c40c21f549276d077528fd06399e175c1745c49b6b11605d299fe0b,suite__L39,burst_start_distance,54,32.68518518518518
9b8e6a802c40c21f549276d077528fd06399e175c1745c49b6b11605d299fe0b,validator__L39,trigger_distance,227,7.612334801762114
9b8e6a802c40c21f549276d077528fd06399e175c1745c49b6b11605d299fe0b,validator__L39,silent_gap,83,18.08433734939759
9b8e6a802c40c21f549276d077528fd06399e175c1745c49b6b11605d299fe0b,validator__L39,burst_start_distance,83,20.819277108433734
9b8e6a802c40c21f549276d077528fd06399e175c1745c49b6b11605d299fe0b,scorefile__L39,trigger_distance,201,8.781094527363184
9b8e6a802c40c21f549276d077528fd06399e175c1745c49b6b11605d299fe0b,scorefile__L39,silent_gap,88,17.772727272727273
9b8e6a802c40c21f549276d077528fd06399e175c1745c49b6b11605d299fe0b,scorefile__L39,burst_start_distance,88,20.056818181818183
9b8e6a802c40c21f549276d077528fd06399e175c1745c49b6b11605d299fe0b,acquire__L39,trigger_distance,103,16.184466019417474
9b8e6a802c40c21f549276d077528fd06399e175c1745c49b6b11605d299fe0b,acquire__L39,silent_gap,61,25.639344262295083
9b8e6a802c40c21f549276d077528fd06399e175c1745c49b6b11605d299fe0b,acquire__L39,burst_start_distance,61,27.327868852459016
9b8e6a802c40c21f549276d077528fd06399e175c1745c49b6b11605d299fe0b,report__L39,trigger_distance,44,39.38636363636363
9b8e6a802c40c21f549276d077528fd06399e175c1745c49b6b11605d299fe0b,report__L39,silent_gap,25,67.56
9b8e6a802c40c21f549276d077528fd06399e175c1745c49b6b11605d299fe0b,report__L39,burst_start_distance,25,69.28
9b8e6a802c40c21f549276d077528fd06399e175c1745c49b6b11605d299fe0b,motivated__L39,trigger_distance,93,18.204301075268816
9b8e6a802c40c21f549276d077528fd06399e175c1745c49b6b11605d299fe0b,motivated__L39,silent_gap,49,32.6530612244898
9b8e6a802c40c21f549276d077528fd06399e175c1745c49b6b11605d299fe0b,motivated__L39,burst_start_distance,49,34.55102040816327
36c54a54057e52be6ba2ab6e4e2b5d0613d3e1df881e9c26c326e40a23bf05c0,suite__L39,trigger_distance,174,15.586206896551724
36c54a54057e52be6ba2ab6e4e2b5d0613d3e1df881e9c26c326e40a23bf05c0,suite__L39,silent_gap,100,25.38
36c54a54057e52be6ba2ab6e4e2b5d0613d3e1df881e9c26c326e40a23bf05c0,suite__L39,burst_start_distance,100,27.09
36c54a54057e52be6ba2ab6e4e2b5d0613d3e1df881e9c26c326e40a23bf05c0,validator__L39,trigger_distance,230,11.57391304347826
36c54a54057e52be6ba2ab6e4e2b5d0613d3e1df881e9c26c326e40a23bf05c0,validator__L39,silent_gap,92,26.434782608695652
36c54a54057e52be6ba2ab6e4e2b5d0613d3e1df881e9c26c326e40a23bf05c0,validator__L39,burst_start_distance,92,28.902173913043477
36c54a54057e52be6ba2ab6e4e2b5d0613d3e1df881e9c26c326e40a23bf05c0,scorefile__L39,trigger_distance,200,13.82
36c54a54057e52be6ba2ab6e4e2b5d0613d3e1df881e9c26c326e40a23bf05c0,scorefile__L39,silent_gap,108,23.74074074074074
36c54a54057e52be6ba2ab6e4e2b5d0613d3e1df881e9c26c326e40a23bf05c0,scorefile__L39,burst_start_distance,108,25.583333333333332
36c54a54057e52be6ba2ab6e4e2b5d0613d3e1df881e9c26c326e40a23bf05c0,acquire__L39,trigger_distance,137,18.613138686131386
36c54a54057e52be6ba2ab6e4e2b5d0613d3e1df881e9c26c326e40a23bf05c0,acquire__L39,silent_gap,87,27.735632183908045
36c54a54057e52be6ba2ab6e4e2b5d0613d3e1df881e9c26c326e40a23bf05c0,acquire__L39,burst_start_distance,87,29.310344827586206
36c54a54057e52be6ba2ab6e4e2b5d0613d3e1df881e9c26c326e40a23bf05c0,report__L39,trigger_distance,92,23.82608695652174
36c54a54057e52be6ba2ab6e4e2b5d0613d3e1df881e9c26c326e40a23bf05c0,report__L39,silent_gap,41,51.21951219512195
36c54a54057e52be6ba2ab6e4e2b5d0613d3e1df881e9c26c326e40a23bf05c0,report__L39,burst_start_distance,41,53.26829268292683
36c54a54057e52be6ba2ab6e4e2b5d0613d3e1df881e9c26c326e40a23bf05c0,motivated__L39,trigger_distance,211,12.454976303317535
36c54a54057e52be6ba2ab6e4e2b5d0613d3e1df881e9c26c326e40a23bf05c0,motivated__L39,silent_gap,102,23.69607843137255
36c54a54057e52be6ba2ab6e4e2b5d0613d3e1df881e9c26c326e40a23bf05c0,motivated__L39,burst_start_distance,102,25.764705882352942
74ff187ca0f468460350644f1fd521692161168b9adacf7c1b66770c268c3c4f,suite__L39,trigger_distance,43,40.51162790697674
74ff187ca0f468460350644f1fd521692161168b9adacf7c1b66770c268c3c4f,suite__L39,silent_gap,37,45.91891891891892
74ff187ca0f468460350644f1fd521692161168b9adacf7c1b66770c268c3c4f,suite__L39,burst_start_distance,37,47.054054054054056
74ff187ca0f468460350644f1fd521692161168b9adacf7c1b66770c268c3c4f,validator__L39,trigger_distance,83,19.951807228915662
74ff187ca0f468460350644f1fd521692161168b9adacf7c1b66770c268c3c4f,validator__L39,silent_gap,42,37.45238095238095
74ff187ca0f468460350644f1fd521692161168b9adacf7c1b66770c268c3c4f,validator__L39,burst_start_distance,42,39.42857142857143
74ff187ca0f468460350644f1fd521692161168b9adacf7c1b66770c268c3c4f,scorefile__L39,trigger_distance,106,16.641509433962263
74ff187ca0f468460350644f1fd521692161168b9adacf7c1b66770c268c3c4f,scorefile__L39,silent_gap,67,24.746268656716417
74ff187ca0f468460350644f1fd521692161168b9adacf7c1b66770c268c3c4f,scorefile__L39,burst_start_distance,67,26.29850746268657
74ff187ca0f468460350644f1fd521692161168b9adacf7c1b66770c268c3c4f,acquire__L39,trigger_distance,82,21.48780487804878
74ff187ca0f468460350644f1fd521692161168b9adacf7c1b66770c268c3c4f,acquire__L39,silent_gap,54,31.11111111111111
74ff187ca0f468460350644f1fd521692161168b9adacf7c1b66770c268c3c4f,acquire__L39,burst_start_distance,54,32.629629629629626
74ff187ca0f468460350644f1fd521692161168b9adacf7c1b66770c268c3c4f,report__L39,trigger_distance,63,26.317460317460316
74ff187ca0f468460350644f1fd521692161168b9adacf7c1b66770c268c3c4f,report__L39,silent_gap,41,38.90243902439025
74ff187ca0f468460350644f1fd521692161168b9adacf7c1b66770c268c3c4f,report__L39,burst_start_distance,41,40.36585365853659
74ff187ca0f468460350644f1fd521692161168b9adacf7c1b66770c268c3c4f,motivated__L39,trigger_distance,121,13.611570247933884
74ff187ca0f468460350644f1fd521692161168b9adacf7c1b66770c268c3c4f,motivated__L39,silent_gap,73,20.904109589041095
74ff187ca0f468460350644f1fd521692161168b9adacf7c1b66770c268c3c4f,motivated__L39,burst_start_distance,73,22.561643835616437
f8e6a4aca9b29195dbc98e33834ca6d49ab417c26849375df79a5d89a77c68ab,suite__L39,trigger_distance,229,13.497816593886462
f8e6a4aca9b29195dbc98e33834ca6d49ab417c26849375df79a5d89a77c68ab,suite__L39,silent_gap,132,21.681818181818183
f8e6a4aca9b29195dbc98e33834ca6d49ab417c26849375df79a5d89a77c68ab,suite__L39,burst_start_distance,132,23.386363636363637
f8e6a4aca9b29195dbc98e33834ca6d49ab417c26849375df79a5d89a77c68ab,validator__L39,trigger_distance,232,12.806034482758621
f8e6a4aca9b29195dbc98e33834ca6d49ab417c26849375df79a5d89a77c68ab,validator__L39,silent_gap,104,26.33653846153846
f8e6a4aca9b29195dbc98e33834ca6d49ab417c26849375df79a5d89a77c68ab,validator__L39,burst_start_distance,104,28.567307692307693
f8e6a4aca9b29195dbc98e33834ca6d49ab417c26849375df79a5d89a77c68ab,scorefile__L39,trigger_distance,241,12.746887966804978
f8e6a4aca9b29195dbc98e33834ca6d49ab417c26849375df79a5d89a77c68ab,scorefile__L39,silent_gap,150,18.873333333333335
f8e6a4aca9b29195dbc98e33834ca6d49ab417c26849375df79a5d89a77c68ab,scorefile__L39,burst_start_distance,150,20.48
f8e6a4aca9b29195dbc98e33834ca6d49ab417c26849375df79a5d89a77c68ab,acquire__L39,trigger_distance,151,20.198675496688743
f8e6a4aca9b29195dbc98e33834ca6d49ab417c26849375df79a5d89a77c68ab,acquire__L39,silent_gap,104,27.875
f8e6a4aca9b29195dbc98e33834ca6d49ab417c26849375df79a5d89a77c68ab,acquire__L39,burst_start_distance,104,29.326923076923077
f8e6a4aca9b29195dbc98e33834ca6d49ab417c26849375df79a5d89a77c68ab,report__L39,trigger_distance,166,15.939759036144578
f8e6a4aca9b29195dbc98e33834ca6d49ab417c26849375df79a5d89a77c68ab,report__L39,silent_gap,70,35.42857142857143
f8e6a4aca9b29195dbc98e33834ca6d49ab417c26849375df79a5d89a77c68ab,report__L39,burst_start_distance,70,37.642857142857146
f8e6a4aca9b29195dbc98e33834ca6d49ab417c26849375df79a5d89a77c68ab,motivated__L39,trigger_distance,208,13.052884615384615
f8e6a4aca9b29195dbc98e33834ca6d49ab417c26849375df79a5d89a77c68ab,motivated__L39,silent_gap,106,23.650943396226417
f8e6a4aca9b29195dbc98e33834ca6d49ab417c26849375df79a5d89a77c68ab,motivated__L39,burst_start_distance,106,25.61320754716981
6385b864a2581d3fe56c6d36b5d7a7cb0985bb4194836048ef7d671827571c3b,suite__L39,trigger_distance,276,10.605072463768115
6385b864a2581d3fe56c6d36b5d7a7cb0985bb4194836048ef7d671827571c3b,suite__L39,silent_gap,143,18.53846153846154
6385b864a2581d3fe56c6d36b5d7a7cb0985bb4194836048ef7d671827571c3b,suite__L39,burst_start_distance,143,20.405594405594407
6385b864a2581d3fe56c6d36b5d7a7cb0985bb4194836048ef7d671827571c3b,validator__L39,trigger_distance,330,8.745454545454546
6385b864a2581d3fe56c6d36b5d7a7cb0985bb4194836048ef7d671827571c3b,validator__L39,silent_gap,122,20.950819672131146
6385b864a2581d3fe56c6d36b5d7a7cb0985bb4194836048ef7d671827571c3b,validator__L39,burst_start_distance,122,23.65573770491803
6385b864a2581d3fe56c6d36b5d7a7cb0985bb4194836048ef7d671827571c3b,scorefile__L39,trigger_distance,299,9.939799331103679
6385b864a2581d3fe56c6d36b5d7a7cb0985bb4194836048ef7d671827571c3b,scorefile__L39,silent_gap,164,16.298780487804876
6385b864a2581d3fe56c6d36b5d7a7cb0985bb4194836048ef7d671827571c3b,scorefile__L39,burst_start_distance,164,18.103658536585368
6385b864a2581d3fe56c6d36b5d7a7cb0985bb4194836048ef7d671827571c3b,acquire__L39,trigger_distance,168,17.81547619047619
6385b864a2581d3fe56c6d36b5d7a7cb0985bb4194836048ef7d671827571c3b,acquire__L39,silent_gap,109,25.91743119266055
6385b864a2581d3fe56c6d36b5d7a7cb0985bb4194836048ef7d671827571c3b,acquire__L39,burst_start_distance,109,27.458715596330276
6385b864a2581d3fe56c6d36b5d7a7cb0985bb4194836048ef7d671827571c3b,report__L39,trigger_distance,148,19.64189189189189
6385b864a2581d3fe56c6d36b5d7a7cb0985bb4194836048ef7d671827571c3b,report__L39,silent_gap,47,58.702127659574465
6385b864a2581d3fe56c6d36b5d7a7cb0985bb4194836048ef7d671827571c3b,report__L39,burst_start_distance,47,61.680851063829785
6385b864a2581d3fe56c6d36b5d7a7cb0985bb4194836048ef7d671827571c3b,motivated__L39,trigger_distance,146,19.28767123287671
6385b864a2581d3fe56c6d36b5d7a7cb0985bb4194836048ef7d671827571c3b,motivated__L39,silent_gap,74,36.08108108108108
6385b864a2581d3fe56c6d36b5d7a7cb0985bb4194836048ef7d671827571c3b,motivated__L39,burst_start_distance,74,38.054054054054056
e3b8e516a3721cbb3355441ee902b1e1d9b6d58253b4eb87179d781dd5020c59,suite__L39,trigger_distance,99,26.242424242424242
e3b8e516a3721cbb3355441ee902b1e1d9b6d58253b4eb87179d781dd5020c59,suite__L39,silent_gap,68,36.75
e3b8e516a3721cbb3355441ee902b1e1d9b6d58253b4eb87179d781dd5020c59,suite__L39,burst_start_distance,68,38.205882352941174
e3b8e516a3721cbb3355441ee902b1e1d9b6d58253b4eb87179d781dd5020c59,validator__L39,trigger_distance,173,14.676300578034683
e3b8e516a3721cbb3355441ee902b1e1d9b6d58253b4eb87179d781dd5020c59,validator__L39,silent_gap,78,30.333333333333332
e3b8e516a3721cbb3355441ee902b1e1d9b6d58253b4eb87179d781dd5020c59,validator__L39,burst_start_distance,78,32.53846153846154
e3b8e516a3721cbb3355441ee902b1e1d9b6d58253b4eb87179d781dd5020c59,scorefile__L39,trigger_distance,241,11.020746887966805
e3b8e516a3721cbb3355441ee902b1e1d9b6d58253b4eb87179d781dd5020c59,scorefile__L39,silent_gap,111,21.756756756756758
e3b8e516a3721cbb3355441ee902b1e1d9b6d58253b4eb87179d781dd5020c59,scorefile__L39,burst_start_distance,111,23.92792792792793
e3b8e516a3721cbb3355441ee902b1e1d9b6d58253b4eb87179d781dd5020c59,acquire__L39,trigger_distance,160,16.71875
e3b8e516a3721cbb3355441ee902b1e1d9b6d58253b4eb87179d781dd5020c59,acquire__L39,silent_gap,98,25.663265306122447
e3b8e516a3721cbb3355441ee902b1e1d9b6d58253b4eb87179d781dd5020c59,acquire__L39,burst_start_distance,98,27.29591836734694
e3b8e516a3721cbb3355441ee902b1e1d9b6d58253b4eb87179d781dd5020c59,report__L39,trigger_distance,43,59.627906976744185
e3b8e516a3721cbb3355441ee902b1e1d9b6d58253b4eb87179d781dd5020c59,report__L39,silent_gap,26,96.96153846153847
e3b8e516a3721cbb3355441ee902b1e1d9b6d58253b4eb87179d781dd5020c59,report__L39,burst_start_distance,26,98.38461538461539
e3b8e516a3721cbb3355441ee902b1e1d9b6d58253b4eb87179d781dd5020c59,motivated__L39,trigger_distance,204,12.47549019607843
e3b8e516a3721cbb3355441ee902b1e1d9b6d58253b4eb87179d781dd5020c59,motivated__L39,silent_gap,104,22.509615384615383
e3b8e516a3721cbb3355441ee902b1e1d9b6d58253b4eb87179d781dd5020c59,motivated__L39,burst_start_distance,104,24.471153846153847
100f5015fa064631b04a8c5ad022d69ecd8e65ebe0503a3f013cc1a1ecd3f11b,suite__L39,trigger_distance,147,15.639455782312925
100f5015fa064631b04a8c5ad022d69ecd8e65ebe0503a3f013cc1a1ecd3f11b,suite__L39,silent_gap,79,27.240506329113924
100f5015fa064631b04a8c5ad022d69ecd8e65ebe0503a3f013cc1a1ecd3f11b,suite__L39,burst_start_distance,79,29.063291139240505
100f5015fa064631b04a8c5ad022d69ecd8e65ebe0503a3f013cc1a1ecd3f11b,validator__L39,trigger_distance,202,11.193069306930694
100f5015fa064631b04a8c5ad022d69ecd8e65ebe0503a3f013cc1a1ecd3f11b,validator__L39,silent_gap,79,26.063291139240505
100f5015fa064631b04a8c5ad022d69ecd8e65ebe0503a3f013cc1a1ecd3f11b,validator__L39,burst_start_distance,79,28.620253164556964
100f5015fa064631b04a8c5ad022d69ecd8e65ebe0503a3f013cc1a1ecd3f11b,scorefile__L39,trigger_distance,185,12.567567567567568
100f5015fa064631b04a8c5ad022d69ecd8e65ebe0503a3f013cc1a1ecd3f11b,scorefile__L39,silent_gap,112,19.107142857142858
100f5015fa064631b04a8c5ad022d69ecd8e65ebe0503a3f013cc1a1ecd3f11b,scorefile__L39,burst_start_distance,112,20.75
100f5015fa064631b04a8c5ad022d69ecd8e65ebe0503a3f013cc1a1ecd3f11b,acquire__L39,trigger_distance,128,17.6171875
100f5015fa064631b04a8c5ad022d69ecd8e65ebe0503a3f013cc1a1ecd3f11b,acquire__L39,silent_gap,90,23.633333333333333
100f5015fa064631b04a8c5ad022d69ecd8e65ebe0503a3f013cc1a1ecd3f11b,acquire__L39,burst_start_distance,90,25.055555555555557
100f5015fa064631b04a8c5ad022d69ecd8e65ebe0503a3f013cc1a1ecd3f11b,report__L39,trigger_distance,116,19.560344827586206
100f5015fa064631b04a8c5ad022d69ecd8e65ebe0503a3f013cc1a1ecd3f11b,report__L39,silent_gap,49,43.93877551020408
100f5015fa064631b04a8c5ad022d69ecd8e65ebe0503a3f013cc1a1ecd3f11b,report__L39,burst_start_distance,49,45.97959183673469
100f5015fa064631b04a8c5ad022d69ecd8e65ebe0503a3f013cc1a1ecd3f11b,motivated__L39,trigger_distance,119,18.689075630252102
100f5015fa064631b04a8c5ad022d69ecd8e65ebe0503a3f013cc1a1ecd3f11b,motivated__L39,silent_gap,66,31.893939393939394
100f5015fa064631b04a8c5ad022d69ecd8e65ebe0503a3f013cc1a1ecd3f11b,motivated__L39,burst_start_distance,66,33.696969696969695
4e7f65aedb6e2c55d3e6bcc186c86063c1e0dbc245461a1dcc13a74cde386ab6,suite__L39,trigger_distance,65,17.338461538461537
4e7f65aedb6e2c55d3e6bcc186c86063c1e0dbc245461a1dcc13a74cde386ab6,suite__L39,silent_gap,42,25.285714285714285
4e7f65aedb6e2c55d3e6bcc186c86063c1e0dbc245461a1dcc13a74cde386ab6,suite__L39,burst_start_distance,42,26.833333333333332
4e7f65aedb6e2c55d3e6bcc186c86063c1e0dbc245461a1dcc13a74cde386ab6,validator__L39,trigger_distance,142,7.795774647887324
4e7f65aedb6e2c55d3e6bcc186c86063c1e0dbc245461a1dcc13a74cde386ab6,validator__L39,silent_gap,52,18.557692307692307
4e7f65aedb6e2c55d3e6bcc186c86063c1e0dbc245461a1dcc13a74cde386ab6,validator__L39,burst_start_distance,52,21.134615384615383
4e7f65aedb6e2c55d3e6bcc186c86063c1e0dbc245461a1dcc13a74cde386ab6,scorefile__L39,trigger_distance,120,9.433333333333334
4e7f65aedb6e2c55d3e6bcc186c86063c1e0dbc245461a1dcc13a74cde386ab6,scorefile__L39,silent_gap,62,16.322580645161292
4e7f65aedb6e2c55d3e6bcc186c86063c1e0dbc245461a1dcc13a74cde386ab6,scorefile__L39,burst_start_distance,62,18.258064516129032
4e7f65aedb6e2c55d3e6bcc186c86063c1e0dbc245461a1dcc13a74cde386ab6,acquire__L39,trigger_distance,50,22.88
4e7f65aedb6e2c55d3e6bcc186c86063c1e0dbc245461a1dcc13a74cde386ab6,acquire__L39,silent_gap,35,31.257142857142856
4e7f65aedb6e2c55d3e6bcc186c86063c1e0dbc245461a1dcc13a74cde386ab6,acquire__L39,burst_start_distance,35,32.68571428571428
4e7f65aedb6e2c55d3e6bcc186c86063c1e0dbc245461a1dcc13a74cde386ab6,report__L39,trigger_distance,32,32.03125
4e7f65aedb6e2c55d3e6bcc186c86063c1e0dbc245461a1dcc13a74cde386ab6,report__L39,silent_gap,20,49.65
4e7f65aedb6e2c55d3e6bcc186c86063c1e0dbc245461a1dcc13a74cde386ab6,report__L39,burst_start_distance,20,50.8
4e7f65aedb6e2c55d3e6bcc186c86063c1e0dbc245461a1dcc13a74cde386ab6,motivated__L39,trigger_distance,45,16.4
4e7f65aedb6e2c55d3e6bcc186c86063c1e0dbc245461a1dcc13a74cde386ab6,motivated__L39,silent_gap,24,28.875
4e7f65aedb6e2c55d3e6bcc186c86063c1e0dbc245461a1dcc13a74cde386ab6,motivated__L39,burst_start_distance,24,30.75
27289e1c40b5b22cb5abcecb96c9842845c26bbf00c3aadb4f95e2a81dcf7883,suite__L39,trigger_distance,78,26.628205128205128
27289e1c40b5b22cb5abcecb96c9842845c26bbf00c3aadb4f95e2a81dcf7883,suite__L39,silent_gap,56,35.69642857142857
27289e1c40b5b22cb5abcecb96c9842845c26bbf00c3aadb4f95e2a81dcf7883,suite__L39,burst_start_distance,56,37.089285714285715
27289e1c40b5b22cb5abcecb96c9842845c26bbf00c3aadb4f95e2a81dcf7883,validator__L39,trigger_distance,234,8.739316239316238
27289e1c40b5b22cb5abcecb96c9842845c26bbf00c3aadb4f95e2a81dcf7883,validator__L39,silent_gap,96,18.864583333333332
27289e1c40b5b22cb5abcecb96c9842845c26bbf00c3aadb4f95e2a81dcf7883,validator__L39,burst_start_distance,96,21.291666666666668
27289e1c40b5b22cb5abcecb96c9842845c26bbf00c3aadb4f95e2a81dcf7883,scorefile__L39,trigger_distance,183,11.595628415300547
27289e1c40b5b22cb5abcecb96c9842845c26bbf00c3aadb4f95e2a81dcf7883,scorefile__L39,silent_gap,108,17.953703703703702
27289e1c40b5b22cb5abcecb96c9842845c26bbf00c3aadb4f95e2a81dcf7883,scorefile__L39,burst_start_distance,108,19.64814814814815
27289e1c40b5b22cb5abcecb96c9842845c26bbf00c3aadb4f95e2a81dcf7883,acquire__L39,trigger_distance,123,17.24390243902439
27289e1c40b5b22cb5abcecb96c9842845c26bbf00c3aadb4f95e2a81dcf7883,acquire__L39,silent_gap,83,24.072289156626507
27289e1c40b5b22cb5abcecb96c9842845c26bbf00c3aadb4f95e2a81dcf7883,acquire__L39,burst_start_distance,83,25.55421686746988
27289e1c40b5b22cb5abcecb96c9842845c26bbf00c3aadb4f95e2a81dcf7883,report__L39,trigger_distance,43,47.48837209302326
27289e1c40b5b22cb5abcecb96c9842845c26bbf00c3aadb4f95e2a81dcf7883,report__L39,silent_gap,24,83.29166666666667
27289e1c40b5b22cb5abcecb96c9842845c26bbf00c3aadb4f95e2a81dcf7883,report__L39,burst_start_distance,24,84.91666666666667
27289e1c40b5b22cb5abcecb96c9842845c26bbf00c3aadb4f95e2a81dcf7883,motivated__L39,trigger_distance,102,19.529411764705884
27289e1c40b5b22cb5abcecb96c9842845c26bbf00c3aadb4f95e2a81dcf7883,motivated__L39,silent_gap,52,36.34615384615385
27289e1c40b5b22cb5abcecb96c9842845c26bbf00c3aadb4f95e2a81dcf7883,motivated__L39,burst_start_distance,52,38.30769230769231
72c505bb2e6041164b5638940f63808527fa8f04a94e43303cc6866203551328,suite__L39,trigger_distance,150,10.386666666666667
72c505bb2e6041164b5638940f63808527fa8f04a94e43303cc6866203551328,suite__L39,silent_gap,76,18.526315789473685
72c505bb2e6041164b5638940f63808527fa8f04a94e43303cc6866203551328,suite__L39,burst_start_distance,76,20.5
72c505bb2e6041164b5638940f63808527fa8f04a94e43303cc6866203551328,validator__L39,trigger_distance,283,5.240282685512367
72c505bb2e6041164b5638940f63808527fa8f04a94e43303cc6866203551328,validator__L39,silent_gap,88,13.636363636363637
72c505bb2e6041164b5638940f63808527fa8f04a94e43303cc6866203551328,validator__L39,burst_start_distance,88,16.806818181818183
72c505bb2e6041164b5638940f63808527fa8f04a94e43303cc6866203551328,scorefile__L39,trigger_distance,292,5.554794520547945
72c505bb2e6041164b5638940f63808527fa8f04a94e43303cc6866203551328,scorefile__L39,silent_gap,118,11.271186440677965
72c505bb2e6041164b5638940f63808527fa8f04a94e43303cc6866203551328,scorefile__L39,burst_start_distance,118,13.728813559322035
72c505bb2e6041164b5638940f63808527fa8f04a94e43303cc6866203551328,acquire__L39,trigger_distance,66,24.545454545454547
72c505bb2e6041164b5638940f63808527fa8f04a94e43303cc6866203551328,acquire__L39,silent_gap,52,29.884615384615383
72c505bb2e6041164b5638940f63808527fa8f04a94e43303cc6866203551328,acquire__L39,burst_start_distance,52,31.153846153846153
72c505bb2e6041164b5638940f63808527fa8f04a94e43303cc6866203551328,report__L39,trigger_distance,33,46.81818181818182
72c505bb2e6041164b5638940f63808527fa8f04a94e43303cc6866203551328,report__L39,silent_gap,23,65.73913043478261
72c505bb2e6041164b5638940f63808527fa8f04a94e43303cc6866203551328,report__L39,burst_start_distance,23,67.1304347826087
72c505bb2e6041164b5638940f63808527fa8f04a94e43303cc6866203551328,motivated__L39,trigger_distance,123,11.414634146341463
72c505bb2e6041164b5638940f63808527fa8f04a94e43303cc6866203551328,motivated__L39,silent_gap,66,19.40909090909091
72c505bb2e6041164b5638940f63808527fa8f04a94e43303cc6866203551328,motivated__L39,burst_start_distance,66,21.272727272727273
cf6d21e4bdd143fcb7f0508c327a3f57d7970379a69dc687b69656a582e43729,suite__L39,trigger_distance,386,12.453367875647668
cf6d21e4bdd143fcb7f0508c327a3f57d7970379a69dc687b69656a582e43729,suite__L39,silent_gap,222,19.914414414414413
cf6d21e4bdd143fcb7f0508c327a3f57d7970379a69dc687b69656a582e43729,suite__L39,burst_start_distance,222,21.653153153153152
cf6d21e4bdd143fcb7f0508c327a3f57d7970379a69dc687b69656a582e43729,validator__L39,trigger_distance,347,13.749279538904899
cf6d21e4bdd143fcb7f0508c327a3f57d7970379a69dc687b69656a582e43729,validator__L39,silent_gap,147,30.095238095238095
cf6d21e4bdd143fcb7f0508c327a3f57d7970379a69dc687b69656a582e43729,validator__L39,burst_start_distance,147,32.435374149659864
cf6d21e4bdd143fcb7f0508c327a3f57d7970379a69dc687b69656a582e43729,scorefile__L39,trigger_distance,360,13.525
cf6d21e4bdd143fcb7f0508c327a3f57d7970379a69dc687b69656a582e43729,scorefile__L39,silent_gap,223,20.219730941704036
cf6d21e4bdd143fcb7f0508c327a3f57d7970379a69dc687b69656a582e43729,scorefile__L39,burst_start_distance,223,21.83408071748879
cf6d21e4bdd143fcb7f0508c327a3f57d7970379a69dc687b69656a582e43729,acquire__L39,trigger_distance,222,21.81081081081081
cf6d21e4bdd143fcb7f0508c327a3f57d7970379a69dc687b69656a582e43729,acquire__L39,silent_gap,137,33.722627737226276
cf6d21e4bdd143fcb7f0508c327a3f57d7970379a69dc687b69656a582e43729,acquire__L39,burst_start_distance,137,35.34306569343066
cf6d21e4bdd143fcb7f0508c327a3f57d7970379a69dc687b69656a582e43729,report__L39,trigger_distance,340,14.044117647058824
cf6d21e4bdd143fcb7f0508c327a3f57d7970379a69dc687b69656a582e43729,report__L39,silent_gap,113,39.24778761061947
cf6d21e4bdd143fcb7f0508c327a3f57d7970379a69dc687b69656a582e43729,report__L39,burst_start_distance,113,42.2212389380531
cf6d21e4bdd143fcb7f0508c327a3f57d7970379a69dc687b69656a582e43729,motivated__L39,trigger_distance,345,13.81159420289855
cf6d21e4bdd143fcb7f0508c327a3f57d7970379a69dc687b69656a582e43729,motivated__L39,silent_gap,172,25.697674418604652
cf6d21e4bdd143fcb7f0508c327a3f57d7970379a69dc687b69656a582e43729,motivated__L39,burst_start_distance,172,27.703488372093023
0a75f3eaa3c0b22708c50a65ec1a43d78e51fe7f5bf550f73c8ec46a2db6f451,suite__L39,trigger_distance,155,10.658064516129032
0a75f3eaa3c0b22708c50a65ec1a43d78e51fe7f5bf550f73c8ec46a2db6f451,suite__L39,silent_gap,81,18.48148148148148
0a75f3eaa3c0b22708c50a65ec1a43d78e51fe7f5bf550f73c8ec46a2db6f451,suite__L39,burst_start_distance,81,20.395061728395063
0a75f3eaa3c0b22708c50a65ec1a43d78e51fe7f5bf550f73c8ec46a2db6f451,validator__L39,trigger_distance,336,4.794642857142857
0a75f3eaa3c0b22708c50a65ec1a43d78e51fe7f5bf550f73c8ec46a2db6f451,validator__L39,silent_gap,106,12.028301886792454
0a75f3eaa3c0b22708c50a65ec1a43d78e51fe7f5bf550f73c8ec46a2db6f451,validator__L39,burst_start_distance,106,15.19811320754717
0a75f3eaa3c0b22708c50a65ec1a43d78e51fe7f5bf550f73c8ec46a2db6f451,scorefile__L39,trigger_distance,257,6.618677042801556
0a75f3eaa3c0b22708c50a65ec1a43d78e51fe7f5bf550f73c8ec46a2db6f451,scorefile__L39,silent_gap,100,14.44
0a75f3eaa3c0b22708c50a65ec1a43d78e51fe7f5bf550f73c8ec46a2db6f451,scorefile__L39,burst_start_distance,100,17.01
0a75f3eaa3c0b22708c50a65ec1a43d78e51fe7f5bf550f73c8ec46a2db6f451,acquire__L39,trigger_distance,128,13.28125
0a75f3eaa3c0b22708c50a65ec1a43d78e51fe7f5bf550f73c8ec46a2db6f451,acquire__L39,silent_gap,82,19.170731707317074
0a75f3eaa3c0b22708c50a65ec1a43d78e51fe7f5bf550f73c8ec46a2db6f451,acquire__L39,burst_start_distance,82,20.73170731707317
0a75f3eaa3c0b22708c50a65ec1a43d78e51fe7f5bf550f73c8ec46a2db6f451,report__L39,trigger_distance,29,34.206896551724135
0a75f3eaa3c0b22708c50a65ec1a43d78e51fe7f5bf550f73c8ec46a2db6f451,report__L39,silent_gap,18,53.5
0a75f3eaa3c0b22708c50a65ec1a43d78e51fe7f5bf550f73c8ec46a2db6f451,report__L39,burst_start_distance,18,54.888888888888886
0a75f3eaa3c0b22708c50a65ec1a43d78e51fe7f5bf550f73c8ec46a2db6f451,motivated__L39,trigger_distance,89,17.584269662921347
0a75f3eaa3c0b22708c50a65ec1a43d78e51fe7f5bf550f73c8ec46a2db6f451,motivated__L39,silent_gap,40,36.9
0a75f3eaa3c0b22708c50a65ec1a43d78e51fe7f5bf550f73c8ec46a2db6f451,motivated__L39,burst_start_distance,40,39.125
06daa46027ce7ccb78d70448d10e2cef0cf4c993eeaa4995fbbdd6d67a8de564,suite__L39,trigger_distance,391,7.10230179028133
06daa46027ce7ccb78d70448d10e2cef0cf4c993eeaa4995fbbdd6d67a8de564,suite__L39,silent_gap,177,13.480225988700566
06daa46027ce7ccb78d70448d10e2cef0cf4c993eeaa4995fbbdd6d67a8de564,suite__L39,burst_start_distance,177,15.67231638418079
06daa46027ce7ccb78d70448d10e2cef0cf4c993eeaa4995fbbdd6d67a8de564,validator__L39,trigger_distance,457,5.960612691466083
06daa46027ce7ccb78d70448d10e2cef0cf4c993eeaa4995fbbdd6d67a8de564,validator__L39,silent_gap,147,15.421768707482993
06daa46027ce7ccb78d70448d10e2cef0cf4c993eeaa4995fbbdd6d67a8de564,validator__L39,burst_start_distance,147,18.53061224489796
06daa46027ce7ccb78d70448d10e2cef0cf4c993eeaa4995fbbdd6d67a8de564,scorefile__L39,trigger_distance,404,6.975247524752476
06daa46027ce7ccb78d70448d10e2cef0cf4c993eeaa4995fbbdd6d67a8de564,scorefile__L39,silent_gap,176,13.715909090909092
06daa46027ce7ccb78d70448d10e2cef0cf4c993eeaa4995fbbdd6d67a8de564,scorefile__L39,burst_start_distance,176,15.988636363636363
06daa46027ce7ccb78d70448d10e2cef0cf4c993eeaa4995fbbdd6d67a8de564,acquire__L39,trigger_distance,147,18.993197278911566
06daa46027ce7ccb78d70448d10e2cef0cf4c993eeaa4995fbbdd6d67a8de564,acquire__L39,silent_gap,92,28.75
06daa46027ce7ccb78d70448d10e2cef0cf4c993eeaa4995fbbdd6d67a8de564,acquire__L39,burst_start_distance,92,30.347826086956523
06daa46027ce7ccb78d70448d10e2cef0cf4c993eeaa4995fbbdd6d67a8de564,report__L39,trigger_distance,182,15.082417582417582
06daa46027ce7ccb78d70448d10e2cef0cf4c993eeaa4995fbbdd6d67a8de564,report__L39,silent_gap,53,48.35849056603774
06daa46027ce7ccb78d70448d10e2cef0cf4c993eeaa4995fbbdd6d67a8de564,report__L39,burst_start_distance,53,51.490566037735846
06daa46027ce7ccb78d70448d10e2cef0cf4c993eeaa4995fbbdd6d67a8de564,motivated__L39,trigger_distance,185,14.67027027027027
06daa46027ce7ccb78d70448d10e2cef0cf4c993eeaa4995fbbdd6d67a8de564,motivated__L39,silent_gap,86,29.406976744186046
06daa46027ce7ccb78d70448d10e2cef0cf4c993eeaa4995fbbdd6d67a8de564,motivated__L39,burst_start_distance,86,31.558139534883722
19ee7226801a8cd5decd97c621cc05d0922ed7c2fe4bff8898354330ac6bb701,suite__L39,trigger_distance,108,19.47222222222222
19ee7226801a8cd5decd97c621cc05d0922ed7c2fe4bff8898354330ac6bb701,suite__L39,silent_gap,61,32.704918032786885
19ee7226801a8cd5decd97c621cc05d0922ed7c2fe4bff8898354330ac6bb701,suite__L39,burst_start_distance,61,34.47540983606557
19ee7226801a8cd5decd97c621cc05d0922ed7c2fe4bff8898354330ac6bb701,validator__L39,trigger_distance,183,11.28415300546448
19ee7226801a8cd5decd97c621cc05d0922ed7c2fe4bff8898354330ac6bb701,validator__L39,silent_gap,70,26.885714285714286
19ee7226801a8cd5decd97c621cc05d0922ed7c2fe4bff8898354330ac6bb701,validator__L39,burst_start_distance,70,29.4
19ee7226801a8cd5decd97c621cc05d0922ed7c2fe4bff8898354330ac6bb701,scorefile__L39,trigger_distance,172,12.55813953488372
19ee7226801a8cd5decd97c621cc05d0922ed7c2fe4bff8898354330ac6bb701,scorefile__L39,silent_gap,88,22.59090909090909
19ee7226801a8cd5decd97c621cc05d0922ed7c2fe4bff8898354330ac6bb701,scorefile__L39,burst_start_distance,88,24.53409090909091
19ee7226801a8cd5decd97c621cc05d0922ed7c2fe4bff8898354330ac6bb701,acquire__L39,trigger_distance,108,16.324074074074073
19ee7226801a8cd5decd97c621cc05d0922ed7c2fe4bff8898354330ac6bb701,acquire__L39,silent_gap,73,22.671232876712327
19ee7226801a8cd5decd97c621cc05d0922ed7c2fe4bff8898354330ac6bb701,acquire__L39,burst_start_distance,73,24.15068493150685
19ee7226801a8cd5decd97c621cc05d0922ed7c2fe4bff8898354330ac6bb701,report__L39,trigger_distance,49,42.142857142857146
19ee7226801a8cd5decd97c621cc05d0922ed7c2fe4bff8898354330ac6bb701,report__L39,silent_gap,34,59.294117647058826
19ee7226801a8cd5decd97c621cc05d0922ed7c2fe4bff8898354330ac6bb701,report__L39,burst_start_distance,34,60.64705882352941
19ee7226801a8cd5decd97c621cc05d0922ed7c2fe4bff8898354330ac6bb701,motivated__L39,trigger_distance,122,16.60655737704918
19ee7226801a8cd5decd97c621cc05d0922ed7c2fe4bff8898354330ac6bb701,motivated__L39,silent_gap,63,30.22222222222222
19ee7226801a8cd5decd97c621cc05d0922ed7c2fe4bff8898354330ac6bb701,motivated__L39,burst_start_distance,63,32.111111111111114
143003507d2e4a99c0d3267e72318ff0b7f40a3a78007b04543a8be4701345f0,suite__L39,trigger_distance,356,9.985955056179776
143003507d2e4a99c0d3267e72318ff0b7f40a3a78007b04543a8be4701345f0,suite__L39,silent_gap,164,19.50609756097561
143003507d2e4a99c0d3267e72318ff0b7f40a3a78007b04543a8be4701345f0,suite__L39,burst_start_distance,164,21.646341463414632
143003507d2e4a99c0d3267e72318ff0b7f40a3a78007b04543a8be4701345f0,validator__L39,trigger_distance,332,10.180722891566266
143003507d2e4a99c0d3267e72318ff0b7f40a3a78007b04543a8be4701345f0,validator__L39,silent_gap,130,23.446153846153845
143003507d2e4a99c0d3267e72318ff0b7f40a3a78007b04543a8be4701345f0,validator__L39,burst_start_distance,130,25.984615384615385
143003507d2e4a99c0d3267e72318ff0b7f40a3a78007b04543a8be4701345f0,scorefile__L39,trigger_distance,329,10.364741641337385
143003507d2e4a99c0d3267e72318ff0b7f40a3a78007b04543a8be4701345f0,scorefile__L39,silent_gap,179,17.212290502793294
143003507d2e4a99c0d3267e72318ff0b7f40a3a78007b04543a8be4701345f0,scorefile__L39,burst_start_distance,179,19.050279329608937
143003507d2e4a99c0d3267e72318ff0b7f40a3a78007b04543a8be4701345f0,acquire__L39,trigger_distance,144,24.854166666666668
143003507d2e4a99c0d3267e72318ff0b7f40a3a78007b04543a8be4701345f0,acquire__L39,silent_gap,105,32.714285714285715
143003507d2e4a99c0d3267e72318ff0b7f40a3a78007b04543a8be4701345f0,acquire__L39,burst_start_distance,105,34.08571428571429
143003507d2e4a99c0d3267e72318ff0b7f40a3a78007b04543a8be4701345f0,report__L39,trigger_distance,218,14.238532110091743
143003507d2e4a99c0d3267e72318ff0b7f40a3a78007b04543a8be4701345f0,report__L39,silent_gap,89,32.42696629213483
143003507d2e4a99c0d3267e72318ff0b7f40a3a78007b04543a8be4701345f0,report__L39,burst_start_distance,89,34.831460674157306
143003507d2e4a99c0d3267e72318ff0b7f40a3a78007b04543a8be4701345f0,motivated__L39,trigger_distance,198,17.32323232323232
143003507d2e4a99c0d3267e72318ff0b7f40a3a78007b04543a8be4701345f0,motivated__L39,silent_gap,100,32.32
143003507d2e4a99c0d3267e72318ff0b7f40a3a78007b04543a8be4701345f0,motivated__L39,burst_start_distance,100,34.29
b27f65860be1280dc0ac64d41ff9609a2f989b0d08fbb2af9500082b1ea5dfb6,suite__L39,trigger_distance,370,9.608108108108109
b27f65860be1280dc0ac64d41ff9609a2f989b0d08fbb2af9500082b1ea5dfb6,suite__L39,silent_gap,192,16.588541666666668
b27f65860be1280dc0ac64d41ff9609a2f989b0d08fbb2af9500082b1ea5dfb6,suite__L39,burst_start_distance,192,18.5
b27f65860be1280dc0ac64d41ff9609a2f989b0d08fbb2af9500082b1ea5dfb6,validator__L39,trigger_distance,476,7.369747899159663
b27f65860be1280dc0ac64d41ff9609a2f989b0d08fbb2af9500082b1ea5dfb6,validator__L39,silent_gap,165,18.375757575757575
b27f65860be1280dc0ac64d41ff9609a2f989b0d08fbb2af9500082b1ea5dfb6,validator__L39,burst_start_distance,165,21.26060606060606
b27f65860be1280dc0ac64d41ff9609a2f989b0d08fbb2af9500082b1ea5dfb6,scorefile__L39,trigger_distance,464,7.758620689655173
b27f65860be1280dc0ac64d41ff9609a2f989b0d08fbb2af9500082b1ea5dfb6,scorefile__L39,silent_gap,202,15.524752475247524
b27f65860be1280dc0ac64d41ff9609a2f989b0d08fbb2af9500082b1ea5dfb6,scorefile__L39,burst_start_distance,202,17.821782178217823
b27f65860be1280dc0ac64d41ff9609a2f989b0d08fbb2af9500082b1ea5dfb6,acquire__L39,trigger_distance,167,21.491017964071855
b27f65860be1280dc0ac64d41ff9609a2f989b0d08fbb2af9500082b1ea5dfb6,acquire__L39,silent_gap,110,31.10909090909091
b27f65860be1280dc0ac64d41ff9609a2f989b0d08fbb2af9500082b1ea5dfb6,acquire__L39,burst_start_distance,110,32.59090909090909
b27f65860be1280dc0ac64d41ff9609a2f989b0d08fbb2af9500082b1ea5dfb6,report__L39,trigger_distance,167,18.67065868263473
b27f65860be1280dc0ac64d41ff9609a2f989b0d08fbb2af9500082b1ea5dfb6,report__L39,silent_gap,71,41.563380281690144
b27f65860be1280dc0ac64d41ff9609a2f989b0d08fbb2af9500082b1ea5dfb6,report__L39,burst_start_distance,71,43.88732394366197
b27f65860be1280dc0ac64d41ff9609a2f989b0d08fbb2af9500082b1ea5dfb6,motivated__L39,trigger_distance,199,16.623115577889447
b27f65860be1280dc0ac64d41ff9609a2f989b0d08fbb2af9500082b1ea5dfb6,motivated__L39,silent_gap,91,34.16483516483517
b27f65860be1280dc0ac64d41ff9609a2f989b0d08fbb2af9500082b1ea5dfb6,motivated__L39,burst_start_distance,91,36.35164835164835
3ac1f1c5dede7c7b4f7b87e6ffe831bcc83756ae1c3ad6086738518f0bb07d39,suite__L39,trigger_distance,203,15.187192118226601
3ac1f1c5dede7c7b4f7b87e6ffe831bcc83756ae1c3ad6086738518f0bb07d39,suite__L39,silent_gap,138,20.869565217391305
3ac1f1c5dede7c7b4f7b87e6ffe831bcc83756ae1c3ad6086738518f0bb07d39,suite__L39,burst_start_distance,138,22.32608695652174
3ac1f1c5dede7c7b4f7b87e6ffe831bcc83756ae1c3ad6086738518f0bb07d39,validator__L39,trigger_distance,148,20.31756756756757
3ac1f1c5dede7c7b4f7b87e6ffe831bcc83756ae1c3ad6086738518f0bb07d39,validator__L39,silent_gap,61,46.868852459016395
3ac1f1c5dede7c7b4f7b87e6ffe831bcc83756ae1c3ad6086738518f0bb07d39,validator__L39,burst_start_distance,61,49.295081967213115
3ac1f1c5dede7c7b4f7b87e6ffe831bcc83756ae1c3ad6086738518f0bb07d39,scorefile__L39,trigger_distance,221,13.93212669683258
3ac1f1c5dede7c7b4f7b87e6ffe831bcc83756ae1c3ad6086738518f0bb07d39,scorefile__L39,silent_gap,128,22.328125
3ac1f1c5dede7c7b4f7b87e6ffe831bcc83756ae1c3ad6086738518f0bb07d39,scorefile__L39,burst_start_distance,128,24.0546875
3ac1f1c5dede7c7b4f7b87e6ffe831bcc83756ae1c3ad6086738518f0bb07d39,acquire__L39,trigger_distance,145,20.924137931034483
3ac1f1c5dede7c7b4f7b87e6ffe831bcc83756ae1c3ad6086738518f0bb07d39,acquire__L39,silent_gap,82,35.23170731707317
3ac1f1c5dede7c7b4f7b87e6ffe831bcc83756ae1c3ad6086738518f0bb07d39,acquire__L39,burst_start_distance,82,37.0
3ac1f1c5dede7c7b4f7b87e6ffe831bcc83756ae1c3ad6086738518f0bb07d39,report__L39,trigger_distance,132,16.545454545454547
3ac1f1c5dede7c7b4f7b87e6ffe831bcc83756ae1c3ad6086738518f0bb07d39,report__L39,silent_gap,59,34.779661016949156
3ac1f1c5dede7c7b4f7b87e6ffe831bcc83756ae1c3ad6086738518f0bb07d39,report__L39,burst_start_distance,59,36.728813559322035
3ac1f1c5dede7c7b4f7b87e6ffe831bcc83756ae1c3ad6086738518f0bb07d39,motivated__L39,trigger_distance,187,15.935828877005347
3ac1f1c5dede7c7b4f7b87e6ffe831bcc83756ae1c3ad6086738518f0bb07d39,motivated__L39,silent_gap,89,31.382022471910112
3ac1f1c5dede7c7b4f7b87e6ffe831bcc83756ae1c3ad6086738518f0bb07d39,motivated__L39,burst_start_distance,89,33.46067415730337
b6bfcfd32f5c8fc8f42b9566a4a486a9e8d5fd54678a36e64cae4ea500cc683c,suite__L39,trigger_distance,83,14.831325301204819
b6bfcfd32f5c8fc8f42b9566a4a486a9e8d5fd54678a36e64cae4ea500cc683c,suite__L39,silent_gap,57,20.140350877192983
b6bfcfd32f5c8fc8f42b9566a4a486a9e8d5fd54678a36e64cae4ea500cc683c,suite__L39,burst_start_distance,57,21.596491228070175
b6bfcfd32f5c8fc8f42b9566a4a486a9e8d5fd54678a36e64cae4ea500cc683c,validator__L39,trigger_distance,170,7.0058823529411764
b6bfcfd32f5c8fc8f42b9566a4a486a9e8d5fd54678a36e64cae4ea500cc683c,validator__L39,silent_gap,65,15.707692307692307
b6bfcfd32f5c8fc8f42b9566a4a486a9e8d5fd54678a36e64cae4ea500cc683c,validator__L39,burst_start_distance,65,18.307692307692307
b6bfcfd32f5c8fc8f42b9566a4a486a9e8d5fd54678a36e64cae4ea500cc683c,scorefile__L39,trigger_distance,141,9.092198581560284
b6bfcfd32f5c8fc8f42b9566a4a486a9e8d5fd54678a36e64cae4ea500cc683c,scorefile__L39,silent_gap,73,15.63013698630137
b6bfcfd32f5c8fc8f42b9566a4a486a9e8d5fd54678a36e64cae4ea500cc683c,scorefile__L39,burst_start_distance,73,17.561643835616437
b6bfcfd32f5c8fc8f42b9566a4a486a9e8d5fd54678a36e64cae4ea500cc683c,acquire__L39,trigger_distance,62,19.870967741935484
b6bfcfd32f5c8fc8f42b9566a4a486a9e8d5fd54678a36e64cae4ea500cc683c,acquire__L39,silent_gap,46,25.434782608695652
b6bfcfd32f5c8fc8f42b9566a4a486a9e8d5fd54678a36e64cae4ea500cc683c,acquire__L39,burst_start_distance,46,26.782608695652176
b6bfcfd32f5c8fc8f42b9566a4a486a9e8d5fd54678a36e64cae4ea500cc683c,report__L39,trigger_distance,51,23.372549019607842
b6bfcfd32f5c8fc8f42b9566a4a486a9e8d5fd54678a36e64cae4ea500cc683c,report__L39,silent_gap,35,32.6
b6bfcfd32f5c8fc8f42b9566a4a486a9e8d5fd54678a36e64cae4ea500cc683c,report__L39,burst_start_distance,35,33.82857142857143
b6bfcfd32f5c8fc8f42b9566a4a486a9e8d5fd54678a36e64cae4ea500cc683c,motivated__L39,trigger_distance,36,31.5
b6bfcfd32f5c8fc8f42b9566a4a486a9e8d5fd54678a36e64cae4ea500cc683c,motivated__L39,silent_gap,26,42.23076923076923
b6bfcfd32f5c8fc8f42b9566a4a486a9e8d5fd54678a36e64cae4ea500cc683c,motivated__L39,burst_start_distance,26,43.61538461538461
dcaefdd23bb0d92599c155248a30dd904c7b8c755adb821710f9ac0ef1dee8c2,suite__L39,trigger_distance,256,8.5859375
dcaefdd23bb0d92599c155248a30dd904c7b8c755adb821710f9ac0ef1dee8c2,suite__L39,silent_gap,134,14.492537313432836
dcaefdd23bb0d92599c155248a30dd904c7b8c755adb821710f9ac0ef1dee8c2,suite__L39,burst_start_distance,134,16.380597014925375
dcaefdd23bb0d92599c155248a30dd904c7b8c755adb821710f9ac0ef1dee8c2,validator__L39,trigger_distance,259,8.343629343629344
dcaefdd23bb0d92599c155248a30dd904c7b8c755adb821710f9ac0ef1dee8c2,validator__L39,silent_gap,98,19.408163265306122
dcaefdd23bb0d92599c155248a30dd904c7b8c755adb821710f9ac0ef1dee8c2,validator__L39,burst_start_distance,98,22.051020408163264
dcaefdd23bb0d92599c155248a30dd904c7b8c755adb821710f9ac0ef1dee8c2,scorefile__L39,trigger_distance,321,6.981308411214953
dcaefdd23bb0d92599c155248a30dd904c7b8c755adb821710f9ac0ef1dee8c2,scorefile__L39,silent_gap,134,14.328358208955224
dcaefdd23bb0d92599c155248a30dd904c7b8c755adb821710f9ac0ef1dee8c2,scorefile__L39,burst_start_distance,134,16.723880597014926
dcaefdd23bb0d92599c155248a30dd904c7b8c755adb821710f9ac0ef1dee8c2,acquire__L39,trigger_distance,144,14.784722222222221
dcaefdd23bb0d92599c155248a30dd904c7b8c755adb821710f9ac0ef1dee8c2,acquire__L39,silent_gap,97,20.463917525773194
dcaefdd23bb0d92599c155248a30dd904c7b8c755adb821710f9ac0ef1dee8c2,acquire__L39,burst_start_distance,97,21.927835051546392
dcaefdd23bb0d92599c155248a30dd904c7b8c755adb821710f9ac0ef1dee8c2,report__L39,trigger_distance,171,12.690058479532164
dcaefdd23bb0d92599c155248a30dd904c7b8c755adb821710f9ac0ef1dee8c2,report__L39,silent_gap,58,34.46551724137931
dcaefdd23bb0d92599c155248a30dd904c7b8c755adb821710f9ac0ef1dee8c2,report__L39,burst_start_distance,58,37.08620689655172
dcaefdd23bb0d92599c155248a30dd904c7b8c755adb821710f9ac0ef1dee8c2,motivated__L39,trigger_distance,142,14.084507042253522
dcaefdd23bb0d92599c155248a30dd904c7b8c755adb821710f9ac0ef1dee8c2,motivated__L39,silent_gap,70,26.542857142857144
dcaefdd23bb0d92599c155248a30dd904c7b8c755adb821710f9ac0ef1dee8c2,motivated__L39,burst_start_distance,70,28.571428571428573
46edc45212960980410c28a8604560fb75ff76b90ae6c441d566edae7e4e20e5,suite__L39,trigger_distance,160,19.6375
46edc45212960980410c28a8604560fb75ff76b90ae6c441d566edae7e4e20e5,suite__L39,silent_gap,98,30.428571428571427
46edc45212960980410c28a8604560fb75ff76b90ae6c441d566edae7e4e20e5,suite__L39,burst_start_distance,98,32.05102040816327
46edc45212960980410c28a8604560fb75ff76b90ae6c441d566edae7e4e20e5,validator__L39,trigger_distance,169,17.911242603550296
46edc45212960980410c28a8604560fb75ff76b90ae6c441d566edae7e4e20e5,validator__L39,silent_gap,88,32.47727272727273
46edc45212960980410c28a8604560fb75ff76b90ae6c441d566edae7e4e20e5,validator__L39,burst_start_distance,88,34.38636363636363
46edc45212960980410c28a8604560fb75ff76b90ae6c441d566edae7e4e20e5,scorefile__L39,trigger_distance,191,16.513089005235603
46edc45212960980410c28a8604560fb75ff76b90ae6c441d566edae7e4e20e5,scorefile__L39,silent_gap,116,25.54310344827586
46edc45212960980410c28a8604560fb75ff76b90ae6c441d566edae7e4e20e5,scorefile__L39,burst_start_distance,116,27.18103448275862
46edc45212960980410c28a8604560fb75ff76b90ae6c441d566edae7e4e20e5,acquire__L39,trigger_distance,185,17.07027027027027
46edc45212960980410c28a8604560fb75ff76b90ae6c441d566edae7e4e20e5,acquire__L39,silent_gap,118,25.194915254237287
46edc45212960980410c28a8604560fb75ff76b90ae6c441d566edae7e4e20e5,acquire__L39,burst_start_distance,118,26.75423728813559
46edc45212960980410c28a8604560fb75ff76b90ae6c441d566edae7e4e20e5,report__L39,trigger_distance,185,16.664864864864864
46edc45212960980410c28a8604560fb75ff76b90ae6c441d566edae7e4e20e5,report__L39,silent_gap,70,41.4
46edc45212960980410c28a8604560fb75ff76b90ae6c441d566edae7e4e20e5,report__L39,burst_start_distance,70,43.8
46edc45212960980410c28a8604560fb75ff76b90ae6c441d566edae7e4e20e5,motivated__L39,trigger_distance,215,13.088372093023256
46edc45212960980410c28a8604560fb75ff76b90ae6c441d566edae7e4e20e5,motivated__L39,silent_gap,104,24.990384615384617
46edc45212960980410c28a8604560fb75ff76b90ae6c441d566edae7e4e20e5,motivated__L39,burst_start_distance,104,26.98076923076923
45db1f6eeab18e173279a09643941af7252a02f205c509c4fdd4d47a16c07dc5,suite__L39,trigger_distance,105,12.542857142857143
45db1f6eeab18e173279a09643941af7252a02f205c509c4fdd4d47a16c07dc5,suite__L39,silent_gap,53,22.867924528301888
45db1f6eeab18e173279a09643941af7252a02f205c509c4fdd4d47a16c07dc5,suite__L39,burst_start_distance,53,24.849056603773583
45db1f6eeab18e173279a09643941af7252a02f205c509c4fdd4d47a16c07dc5,validator__L39,trigger_distance,234,5.457264957264957
45db1f6eeab18e173279a09643941af7252a02f205c509c4fdd4d47a16c07dc5,validator__L39,silent_gap,76,13.723684210526315
45db1f6eeab18e173279a09643941af7252a02f205c509c4fdd4d47a16c07dc5,validator__L39,burst_start_distance,76,16.69736842105263
45db1f6eeab18e173279a09643941af7252a02f205c509c4fdd4d47a16c07dc5,scorefile__L39,trigger_distance,258,5.364341085271318
45db1f6eeab18e173279a09643941af7252a02f205c509c4fdd4d47a16c07dc5,scorefile__L39,silent_gap,93,12.10752688172043
45db1f6eeab18e173279a09643941af7252a02f205c509c4fdd4d47a16c07dc5,scorefile__L39,burst_start_distance,93,14.806451612903226
45db1f6eeab18e173279a09643941af7252a02f205c509c4fdd4d47a16c07dc5,acquire__L39,trigger_distance,62,22.419354838709676
45db1f6eeab18e173279a09643941af7252a02f205c509c4fdd4d47a16c07dc5,acquire__L39,silent_gap,41,32.390243902439025
45db1f6eeab18e173279a09643941af7252a02f205c509c4fdd4d47a16c07dc5,acquire__L39,burst_start_distance,41,33.90243902439025
45db1f6eeab18e173279a09643941af7252a02f205c509c4fdd4d47a16c07dc5,report__L39,trigger_distance,43,23.325581395348838
45db1f6eeab18e173279a09643941af7252a02f205c509c4fdd4d47a16c07dc5,report__L39,silent_gap,25,38.4
45db1f6eeab18e173279a09643941af7252a02f205c509c4fdd4d47a16c07dc5,report__L39,burst_start_distance,25,40.04
45db1f6eeab18e173279a09643941af7252a02f205c509c4fdd4d47a16c07dc5,motivated__L39,trigger_distance,111,9.0
45db1f6eeab18e173279a09643941af7252a02f205c509c4fdd4d47a16c07dc5,motivated__L39,silent_gap,56,15.857142857142858
45db1f6eeab18e173279a09643941af7252a02f205c509c4fdd4d47a16c07dc5,motivated__L39,burst_start_distance,56,17.803571428571427
5957d1358ce582ea1a8a32504e24c1d5a62a322d0c22fd1fe70b4fdf74e5fcd7,suite__L39,trigger_distance,69,24.869565217391305
5957d1358ce582ea1a8a32504e24c1d5a62a322d0c22fd1fe70b4fdf74e5fcd7,suite__L39,silent_gap,46,35.80434782608695
5957d1358ce582ea1a8a32504e24c1d5a62a322d0c22fd1fe70b4fdf74e5fcd7,suite__L39,burst_start_distance,46,37.30434782608695
5957d1358ce582ea1a8a32504e24c1d5a62a322d0c22fd1fe70b4fdf74e5fcd7,validator__L39,trigger_distance,83,19.80722891566265
5957d1358ce582ea1a8a32504e24c1d5a62a322d0c22fd1fe70b4fdf74e5fcd7,validator__L39,silent_gap,51,30.607843137254903
5957d1358ce582ea1a8a32504e24c1d5a62a322d0c22fd1fe70b4fdf74e5fcd7,validator__L39,burst_start_distance,51,32.1764705882353
5957d1358ce582ea1a8a32504e24c1d5a62a322d0c22fd1fe70b4fdf74e5fcd7,scorefile__L39,trigger_distance,164,10.71951219512195
5957d1358ce582ea1a8a32504e24c1d5a62a322d0c22fd1fe70b4fdf74e5fcd7,scorefile__L39,silent_gap,78,20.435897435897434
5957d1358ce582ea1a8a32504e24c1d5a62a322d0c22fd1fe70b4fdf74e5fcd7,scorefile__L39,burst_start_distance,78,22.44871794871795
5957d1358ce582ea1a8a32504e24c1d5a62a322d0c22fd1fe70b4fdf74e5fcd7,acquire__L39,trigger_distance,117,15.188034188034187
5957d1358ce582ea1a8a32504e24c1d5a62a322d0c22fd1fe70b4fdf74e5fcd7,acquire__L39,silent_gap,70,23.714285714285715
5957d1358ce582ea1a8a32504e24c1d5a62a322d0c22fd1fe70b4fdf74e5fcd7,acquire__L39,burst_start_distance,70,25.385714285714286
5957d1358ce582ea1a8a32504e24c1d5a62a322d0c22fd1fe70b4fdf74e5fcd7,report__L39,trigger_distance,50,34.04
5957d1358ce582ea1a8a32504e24c1d5a62a322d0c22fd1fe70b4fdf74e5fcd7,report__L39,silent_gap,31,53.29032258064516
5957d1358ce582ea1a8a32504e24c1d5a62a322d0c22fd1fe70b4fdf74e5fcd7,report__L39,burst_start_distance,31,54.74193548387097
5957d1358ce582ea1a8a32504e24c1d5a62a322d0c22fd1fe70b4fdf74e5fcd7,motivated__L39,trigger_distance,128,12.484375
5957d1358ce582ea1a8a32504e24c1d5a62a322d0c22fd1fe70b4fdf74e5fcd7,motivated__L39,silent_gap,68,21.61764705882353
5957d1358ce582ea1a8a32504e24c1d5a62a322d0c22fd1fe70b4fdf74e5fcd7,motivated__L39,burst_start_distance,68,23.470588235294116
6d8a0b34d32cd6b9627b9ae58d1424a17608363ff6ee4cbd06f0185964816103,suite__L39,trigger_distance,176,15.534090909090908
6d8a0b34d32cd6b9627b9ae58d1424a17608363ff6ee4cbd06f0185964816103,suite__L39,silent_gap,100,25.58
6d8a0b34d32cd6b9627b9ae58d1424a17608363ff6ee4cbd06f0185964816103,suite__L39,burst_start_distance,100,27.28
6d8a0b34d32cd6b9627b9ae58d1424a17608363ff6ee4cbd06f0185964816103,validator__L39,trigger_distance,215,12.572093023255814
6d8a0b34d32cd6b9627b9ae58d1424a17608363ff6ee4cbd06f0185964816103,validator__L39,silent_gap,90,27.644444444444446
6d8a0b34d32cd6b9627b9ae58d1424a17608363ff6ee4cbd06f0185964816103,validator__L39,burst_start_distance,90,30.033333333333335
6d8a0b34d32cd6b9627b9ae58d1424a17608363ff6ee4cbd06f0185964816103,scorefile__L39,trigger_distance,204,13.77450980392157
6d8a0b34d32cd6b9627b9ae58d1424a17608363ff6ee4cbd06f0185964816103,scorefile__L39,silent_gap,114,22.859649122807017
6d8a0b34d32cd6b9627b9ae58d1424a17608363ff6ee4cbd06f0185964816103,scorefile__L39,burst_start_distance,114,24.649122807017545
6d8a0b34d32cd6b9627b9ae58d1424a17608363ff6ee4cbd06f0185964816103,acquire__L39,trigger_distance,134,20.402985074626866
6d8a0b34d32cd6b9627b9ae58d1424a17608363ff6ee4cbd06f0185964816103,acquire__L39,silent_gap,85,30.58823529411765
6d8a0b34d32cd6b9627b9ae58d1424a17608363ff6ee4cbd06f0185964816103,acquire__L39,burst_start_distance,85,32.16470588235294
6d8a0b34d32cd6b9627b9ae58d1424a17608363ff6ee4cbd06f0185964816103,report__L39,trigger_distance,221,12.235294117647058
6d8a0b34d32cd6b9627b9ae58d1424a17608363ff6ee4cbd06f0185964816103,report__L39,silent_gap,83,29.91566265060241
6d8a0b34d32cd6b9627b9ae58d1424a17608363ff6ee4cbd06f0185964816103,report__L39,burst_start_distance,83,32.31325301204819
6d8a0b34d32cd6b9627b9ae58d1424a17608363ff6ee4cbd06f0185964816103,motivated__L39,trigger_distance,206,12.20873786407767
6d8a0b34d32cd6b9627b9ae58d1424a17608363ff6ee4cbd06f0185964816103,motivated__L39,silent_gap,107,21.57943925233645
6d8a0b34d32cd6b9627b9ae58d1424a17608363ff6ee4cbd06f0185964816103,motivated__L39,burst_start_distance,107,23.50467289719626
dc4776cc162ef2d75b179b58bf118e75fb5db9d4277cda2b4b80ded3bbdcd8df,suite__L39,trigger_distance,92,27.92391304347826
dc4776cc162ef2d75b179b58bf118e75fb5db9d4277cda2b4b80ded3bbdcd8df,suite__L39,silent_gap,61,40.60655737704918
dc4776cc162ef2d75b179b58bf118e75fb5db9d4277cda2b4b80ded3bbdcd8df,suite__L39,burst_start_distance,61,42.114754098360656
dc4776cc162ef2d75b179b58bf118e75fb5db9d4277cda2b4b80ded3bbdcd8df,validator__L39,trigger_distance,137,18.197080291970803
dc4776cc162ef2d75b179b58bf118e75fb5db9d4277cda2b4b80ded3bbdcd8df,validator__L39,silent_gap,76,31.0
dc4776cc162ef2d75b179b58bf118e75fb5db9d4277cda2b4b80ded3bbdcd8df,validator__L39,burst_start_distance,76,32.80263157894737
dc4776cc162ef2d75b179b58bf118e75fb5db9d4277cda2b4b80ded3bbdcd8df,scorefile__L39,trigger_distance,108,23.5
dc4776cc162ef2d75b179b58bf118e75fb5db9d4277cda2b4b80ded3bbdcd8df,scorefile__L39,silent_gap,74,32.83783783783784
dc4776cc162ef2d75b179b58bf118e75fb5db9d4277cda2b4b80ded3bbdcd8df,scorefile__L39,burst_start_distance,74,34.270270270270274
dc4776cc162ef2d75b179b58bf118e75fb5db9d4277cda2b4b80ded3bbdcd8df,acquire__L39,trigger_distance,145,15.586206896551724
dc4776cc162ef2d75b179b58bf118e75fb5db9d4277cda2b4b80ded3bbdcd8df,acquire__L39,silent_gap,90,23.5
dc4776cc162ef2d75b179b58bf118e75fb5db9d4277cda2b4b80ded3bbdcd8df,acquire__L39,burst_start_distance,90,25.1
dc4776cc162ef2d75b179b58bf118e75fb5db9d4277cda2b4b80ded3bbdcd8df,report__L39,trigger_distance,46,54.97826086956522
dc4776cc162ef2d75b179b58bf118e75fb5db9d4277cda2b4b80ded3bbdcd8df,report__L39,silent_gap,23,107.95652173913044
dc4776cc162ef2d75b179b58bf118e75fb5db9d4277cda2b4b80ded3bbdcd8df,report__L39,burst_start_distance,23,109.69565217391305
dc4776cc162ef2d75b179b58bf118e75fb5db9d4277cda2b4b80ded3bbdcd8df,motivated__L39,trigger_distance,187,13.524064171122994
dc4776cc162ef2d75b179b58bf118e75fb5db9d4277cda2b4b80ded3bbdcd8df,motivated__L39,silent_gap,99,23.656565656565657
dc4776cc162ef2d75b179b58bf118e75fb5db9d4277cda2b4b80ded3bbdcd8df,motivated__L39,burst_start_distance,99,25.474747474747474
6afc744f9b2a86a6ea3b7dec2531d1ec1fcbc6d30aa460071b21b9d4faed2dc5,suite__L39,trigger_distance,95,15.094736842105263
6afc744f9b2a86a6ea3b7dec2531d1ec1fcbc6d30aa460071b21b9d4faed2dc5,suite__L39,silent_gap,53,25.264150943396228
6afc744f9b2a86a6ea3b7dec2531d1ec1fcbc6d30aa460071b21b9d4faed2dc5,suite__L39,burst_start_distance,53,27.0188679245283
6afc744f9b2a86a6ea3b7dec2531d1ec1fcbc6d30aa460071b21b9d4faed2dc5,validator__L39,trigger_distance,182,7.829670329670329
6afc744f9b2a86a6ea3b7dec2531d1ec1fcbc6d30aa460071b21b9d4faed2dc5,validator__L39,silent_gap,61,20.37704918032787
6afc744f9b2a86a6ea3b7dec2531d1ec1fcbc6d30aa460071b21b9d4faed2dc5,validator__L39,burst_start_distance,61,23.327868852459016
6afc744f9b2a86a6ea3b7dec2531d1ec1fcbc6d30aa460071b21b9d4faed2dc5,scorefile__L39,trigger_distance,204,7.480392156862745
6afc744f9b2a86a6ea3b7dec2531d1ec1fcbc6d30aa460071b21b9d4faed2dc5,scorefile__L39,silent_gap,91,14.527472527472527
6afc744f9b2a86a6ea3b7dec2531d1ec1fcbc6d30aa460071b21b9d4faed2dc5,scorefile__L39,burst_start_distance,91,16.76923076923077
6afc744f9b2a86a6ea3b7dec2531d1ec1fcbc6d30aa460071b21b9d4faed2dc5,acquire__L39,trigger_distance,74,18.22972972972973
6afc744f9b2a86a6ea3b7dec2531d1ec1fcbc6d30aa460071b21b9d4faed2dc5,acquire__L39,silent_gap,49,26.020408163265305
6afc744f9b2a86a6ea3b7dec2531d1ec1fcbc6d30aa460071b21b9d4faed2dc5,acquire__L39,burst_start_distance,49,27.510204081632654
6afc744f9b2a86a6ea3b7dec2531d1ec1fcbc6d30aa460071b21b9d4faed2dc5,report__L39,trigger_distance,41,34.1219512195122
6afc744f9b2a86a6ea3b7dec2531d1ec1fcbc6d30aa460071b21b9d4faed2dc5,report__L39,silent_gap,25,54.32
6afc744f9b2a86a6ea3b7dec2531d1ec1fcbc6d30aa460071b21b9d4faed2dc5,report__L39,burst_start_distance,25,55.84
6afc744f9b2a86a6ea3b7dec2531d1ec1fcbc6d30aa460071b21b9d4faed2dc5,motivated__L39,trigger_distance,71,16.91549295774648
6afc744f9b2a86a6ea3b7dec2531d1ec1fcbc6d30aa460071b21b9d4faed2dc5,motivated__L39,silent_gap,37,30.54054054054054
6afc744f9b2a86a6ea3b7dec2531d1ec1fcbc6d30aa460071b21b9d4faed2dc5,motivated__L39,burst_start_distance,37,32.45945945945946
734de95bc32b0ddb81d0af7787e33ba4839f6a90c44e87d91496ec8466430197,suite__L39,trigger_distance,228,11.06140350877193
734de95bc32b0ddb81d0af7787e33ba4839f6a90c44e87d91496ec8466430197,suite__L39,silent_gap,121,18.958677685950413
734de95bc32b0ddb81d0af7787e33ba4839f6a90c44e87d91496ec8466430197,suite__L39,burst_start_distance,121,20.8099173553719
734de95bc32b0ddb81d0af7787e33ba4839f6a90c44e87d91496ec8466430197,validator__L39,trigger_distance,192,12.703125
734de95bc32b0ddb81d0af7787e33ba4839f6a90c44e87d91496ec8466430197,validator__L39,silent_gap,92,24.42391304347826
734de95bc32b0ddb81d0af7787e33ba4839f6a90c44e87d91496ec8466430197,validator__L39,burst_start_distance,92,26.47826086956522
734de95bc32b0ddb81d0af7787e33ba4839f6a90c44e87d91496ec8466430197,scorefile__L39,trigger_distance,197,12.609137055837563
734de95bc32b0ddb81d0af7787e33ba4839f6a90c44e87d91496ec8466430197,scorefile__L39,silent_gap,98,23.336734693877553
734de95bc32b0ddb81d0af7787e33ba4839f6a90c44e87d91496ec8466430197,scorefile__L39,burst_start_distance,98,25.346938775510203
734de95bc32b0ddb81d0af7787e33ba4839f6a90c44e87d91496ec8466430197,acquire__L39,trigger_distance,134,18.55223880597015
734de95bc32b0ddb81d0af7787e33ba4839f6a90c44e87d91496ec8466430197,acquire__L39,silent_gap,84,28.0
734de95bc32b0ddb81d0af7787e33ba4839f6a90c44e87d91496ec8466430197,acquire__L39,burst_start_distance,84,29.583333333333332
734de95bc32b0ddb81d0af7787e33ba4839f6a90c44e87d91496ec8466430197,report__L39,trigger_distance,208,11.951923076923077
734de95bc32b0ddb81d0af7787e33ba4839f6a90c44e87d91496ec8466430197,report__L39,silent_gap,67,34.0
734de95bc32b0ddb81d0af7787e33ba4839f6a90c44e87d91496ec8466430197,report__L39,burst_start_distance,67,36.865671641791046
734de95bc32b0ddb81d0af7787e33ba4839f6a90c44e87d91496ec8466430197,motivated__L39,trigger_distance,157,15.681528662420382
734de95bc32b0ddb81d0af7787e33ba4839f6a90c44e87d91496ec8466430197,motivated__L39,silent_gap,79,29.17721518987342
734de95bc32b0ddb81d0af7787e33ba4839f6a90c44e87d91496ec8466430197,motivated__L39,burst_start_distance,79,31.164556962025316
60ce56938bb3ee14c2c331e3c7a1f283d4e0e7fab6d917bdb6741f1ae65905f4,suite__L39,trigger_distance,123,23.29268292682927
60ce56938bb3ee14c2c331e3c7a1f283d4e0e7fab6d917bdb6741f1ae65905f4,suite__L39,silent_gap,71,38.61971830985915
60ce56938bb3ee14c2c331e3c7a1f283d4e0e7fab6d917bdb6741f1ae65905f4,suite__L39,burst_start_distance,71,40.352112676056336
60ce56938bb3ee14c2c331e3c7a1f283d4e0e7fab6d917bdb6741f1ae65905f4,validator__L39,trigger_distance,154,18.324675324675326
60ce56938bb3ee14c2c331e3c7a1f283d4e0e7fab6d917bdb6741f1ae65905f4,validator__L39,silent_gap,72,37.05555555555556
60ce56938bb3ee14c2c331e3c7a1f283d4e0e7fab6d917bdb6741f1ae65905f4,validator__L39,burst_start_distance,72,39.111111111111114
60ce56938bb3ee14c2c331e3c7a1f283d4e0e7fab6d917bdb6741f1ae65905f4,scorefile__L39,trigger_distance,138,20.78985507246377
60ce56938bb3ee14c2c331e3c7a1f283d4e0e7fab6d917bdb6741f1ae65905f4,scorefile__L39,silent_gap,94,29.0531914893617
60ce56938bb3ee14c2c331e3c7a1f283d4e0e7fab6d917bdb6741f1ae65905f4,scorefile__L39,burst_start_distance,94,30.52127659574468
60ce56938bb3ee14c2c331e3c7a1f283d4e0e7fab6d917bdb6741f1ae65905f4,acquire__L39,trigger_distance,199,14.487437185929648
60ce56938bb3ee14c2c331e3c7a1f283d4e0e7fab6d917bdb6741f1ae65905f4,acquire__L39,silent_gap,110,24.4
60ce56938bb3ee14c2c331e3c7a1f283d4e0e7fab6d917bdb6741f1ae65905f4,acquire__L39,burst_start_distance,110,26.20909090909091
60ce56938bb3ee14c2c331e3c7a1f283d4e0e7fab6d917bdb6741f1ae65905f4,report__L39,trigger_distance,124,22.733870967741936
60ce56938bb3ee14c2c331e3c7a1f283d4e0e7fab6d917bdb6741f1ae65905f4,report__L39,silent_gap,57,47.280701754385966
60ce56938bb3ee14c2c331e3c7a1f283d4e0e7fab6d917bdb6741f1ae65905f4,report__L39,burst_start_distance,57,49.421052631578945
60ce56938bb3ee14c2c331e3c7a1f283d4e0e7fab6d917bdb6741f1ae65905f4,motivated__L39,trigger_distance,152,17.736842105263158
60ce56938bb3ee14c2c331e3c7a1f283d4e0e7fab6d917bdb6741f1ae65905f4,motivated__L39,silent_gap,88,28.90909090909091
60ce56938bb3ee14c2c331e3c7a1f283d4e0e7fab6d917bdb6741f1ae65905f4,motivated__L39,burst_start_distance,88,30.636363636363637
2440209e4fd49b3499112bd3e265a8f3576abe85db9bfaf6d49797a2c91f6837,suite__L39,trigger_distance,213,10.366197183098592
2440209e4fd49b3499112bd3e265a8f3576abe85db9bfaf6d49797a2c91f6837,suite__L39,silent_gap,114,17.5
2440209e4fd49b3499112bd3e265a8f3576abe85db9bfaf6d49797a2c91f6837,suite__L39,burst_start_distance,114,19.342105263157894
2440209e4fd49b3499112bd3e265a8f3576abe85db9bfaf6d49797a2c91f6837,validator__L39,trigger_distance,251,8.609561752988048
2440209e4fd49b3499112bd3e265a8f3576abe85db9bfaf6d49797a2c91f6837,validator__L39,silent_gap,106,18.0188679245283
2440209e4fd49b3499112bd3e265a8f3576abe85db9bfaf6d49797a2c91f6837,validator__L39,burst_start_distance,106,20.38679245283019
2440209e4fd49b3499112bd3e265a8f3576abe85db9bfaf6d49797a2c91f6837,scorefile__L39,trigger_distance,230,9.78695652173913
2440209e4fd49b3499112bd3e265a8f3576abe85db9bfaf6d49797a2c91f6837,scorefile__L39,silent_gap,126,16.03968253968254
2440209e4fd49b3499112bd3e265a8f3576abe85db9bfaf6d49797a2c91f6837,scorefile__L39,burst_start_distance,126,17.80952380952381
2440209e4fd49b3499112bd3e265a8f3576abe85db9bfaf6d49797a2c91f6837,acquire__L39,trigger_distance,110,20.40909090909091
2440209e4fd49b3499112bd3e265a8f3576abe85db9bfaf6d49797a2c91f6837,acquire__L39,silent_gap,77,27.727272727272727
2440209e4fd49b3499112bd3e265a8f3576abe85db9bfaf6d49797a2c91f6837,acquire__L39,burst_start_distance,77,29.155844155844157
2440209e4fd49b3499112bd3e265a8f3576abe85db9bfaf6d49797a2c91f6837,report__L39,trigger_distance,129,14.015503875968992
2440209e4fd49b3499112bd3e265a8f3576abe85db9bfaf6d49797a2c91f6837,report__L39,silent_gap,55,30.527272727272727
2440209e4fd49b3499112bd3e265a8f3576abe85db9bfaf6d49797a2c91f6837,report__L39,burst_start_distance,55,32.58181818181818
2440209e4fd49b3499112bd3e265a8f3576abe85db9bfaf6d49797a2c91f6837,motivated__L39,trigger_distance,158,13.208860759493671
2440209e4fd49b3499112bd3e265a8f3576abe85db9bfaf6d49797a2c91f6837,motivated__L39,silent_gap,79,24.417721518987342
2440209e4fd49b3499112bd3e265a8f3576abe85db9bfaf6d49797a2c91f6837,motivated__L39,burst_start_distance,79,26.417721518987342
1b7c07edabd65a361a25af1c2d0f6f4f2e579d320ffcf198af446e6d62ec9f22,suite__L39,trigger_distance,117,13.623931623931623
1b7c07edabd65a361a25af1c2d0f6f4f2e579d320ffcf198af446e6d62ec9f22,suite__L39,silent_gap,65,22.723076923076924
1b7c07edabd65a361a25af1c2d0f6f4f2e579d320ffcf198af446e6d62ec9f22,suite__L39,burst_start_distance,65,24.523076923076925
1b7c07edabd65a361a25af1c2d0f6f4f2e579d320ffcf198af446e6d62ec9f22,validator__L39,trigger_distance,221,7.004524886877828
1b7c07edabd65a361a25af1c2d0f6f4f2e579d320ffcf198af446e6d62ec9f22,validator__L39,silent_gap,94,14.117021276595745
1b7c07edabd65a361a25af1c2d0f6f4f2e579d320ffcf198af446e6d62ec9f22,validator__L39,burst_start_distance,94,16.46808510638298
1b7c07edabd65a361a25af1c2d0f6f4f2e579d320ffcf198af446e6d62ec9f22,scorefile__L39,trigger_distance,235,6.931914893617021
1b7c07edabd65a361a25af1c2d0f6f4f2e579d320ffcf198af446e6d62ec9f22,scorefile__L39,silent_gap,106,13.150943396226415
1b7c07edabd65a361a25af1c2d0f6f4f2e579d320ffcf198af446e6d62ec9f22,scorefile__L39,burst_start_distance,106,15.367924528301886
1b7c07edabd65a361a25af1c2d0f6f4f2e579d320ffcf198af446e6d62ec9f22,acquire__L39,trigger_distance,98,16.928571428571427
1b7c07edabd65a361a25af1c2d0f6f4f2e579d320ffcf198af446e6d62ec9f22,acquire__L39,silent_gap,68,22.955882352941178
1b7c07edabd65a361a25af1c2d0f6f4f2e579d320ffcf198af446e6d62ec9f22,acquire__L39,burst_start_distance,68,24.397058823529413
1b7c07edabd65a361a25af1c2d0f6f4f2e579d320ffcf198af446e6d62ec9f22,report__L39,trigger_distance,66,23.46969696969697
1b7c07edabd65a361a25af1c2d0f6f4f2e579d320ffcf198af446e6d62ec9f22,report__L39,silent_gap,43,34.48837209302326
1b7c07edabd65a361a25af1c2d0f6f4f2e579d320ffcf198af446e6d62ec9f22,report__L39,burst_start_distance,43,36.0
1b7c07edabd65a361a25af1c2d0f6f4f2e579d320ffcf198af446e6d62ec9f22,motivated__L39,trigger_distance,67,22.776119402985074
1b7c07edabd65a361a25af1c2d0f6f4f2e579d320ffcf198af446e6d62ec9f22,motivated__L39,silent_gap,37,39.432432432432435
1b7c07edabd65a361a25af1c2d0f6f4f2e579d320ffcf198af446e6d62ec9f22,motivated__L39,burst_start_distance,37,41.24324324324324
0147a539e612c7ce4db28fa8444356ca80ecec0b56e0fd993156cd1eca65a8d4,suite__L39,trigger_distance,161,11.75776397515528
0147a539e612c7ce4db28fa8444356ca80ecec0b56e0fd993156cd1eca65a8d4,suite__L39,silent_gap,88,19.681818181818183
0147a539e612c7ce4db28fa8444356ca80ecec0b56e0fd993156cd1eca65a8d4,suite__L39,burst_start_distance,88,21.511363636363637
0147a539e612c7ce4db28fa8444356ca80ecec0b56e0fd993156cd1eca65a8d4,validator__L39,trigger_distance,355,5.290140845070423
0147a539e612c7ce4db28fa8444356ca80ecec0b56e0fd993156cd1eca65a8d4,validator__L39,silent_gap,102,14.931372549019608
0147a539e612c7ce4db28fa8444356ca80ecec0b56e0fd993156cd1eca65a8d4,validator__L39,burst_start_distance,102,18.401960784313726
0147a539e612c7ce4db28fa8444356ca80ecec0b56e0fd993156cd1eca65a8d4,scorefile__L39,trigger_distance,255,7.4941176470588236
0147a539e612c7ce4db28fa8444356ca80ecec0b56e0fd993156cd1eca65a8d4,scorefile__L39,silent_gap,121,13.685950413223141
0147a539e612c7ce4db28fa8444356ca80ecec0b56e0fd993156cd1eca65a8d4,scorefile__L39,burst_start_distance,121,15.793388429752065
0147a539e612c7ce4db28fa8444356ca80ecec0b56e0fd993156cd1eca65a8d4,acquire__L39,trigger_distance,101,18.91089108910891
0147a539e612c7ce4db28fa8444356ca80ecec0b56e0fd993156cd1eca65a8d4,acquire__L39,silent_gap,68,26.602941176470587
0147a539e612c7ce4db28fa8444356ca80ecec0b56e0fd993156cd1eca65a8d4,acquire__L39,burst_start_distance,68,28.08823529411765
0147a539e612c7ce4db28fa8444356ca80ecec0b56e0fd993156cd1eca65a8d4,report__L39,trigger_distance,53,34.132075471698116
0147a539e612c7ce4db28fa8444356ca80ecec0b56e0fd993156cd1eca65a8d4,report__L39,silent_gap,34,51.64705882352941
0147a539e612c7ce4db28fa8444356ca80ecec0b56e0fd993156cd1eca65a8d4,report__L39,burst_start_distance,34,53.14705882352941
0147a539e612c7ce4db28fa8444356ca80ecec0b56e0fd993156cd1eca65a8d4,motivated__L39,trigger_distance,75,23.613333333333333
0147a539e612c7ce4db28fa8444356ca80ecec0b56e0fd993156cd1eca65a8d4,motivated__L39,silent_gap,46,36.869565217391305
0147a539e612c7ce4db28fa8444356ca80ecec0b56e0fd993156cd1eca65a8d4,motivated__L39,burst_start_distance,46,38.5
a53be02620cbf18416b7e9589d48d36fcff23b2cc199d958c9c15f17dbb85e7a,suite__L39,trigger_distance,120,25.533333333333335
a53be02620cbf18416b7e9589d48d36fcff23b2cc199d958c9c15f17dbb85e7a,suite__L39,silent_gap,86,34.23255813953488
a53be02620cbf18416b7e9589d48d36fcff23b2cc199d958c9c15f17dbb85e7a,suite__L39,burst_start_distance,86,35.593023255813954
a53be02620cbf18416b7e9589d48d36fcff23b2cc199d958c9c15f17dbb85e7a,validator__L39,trigger_distance,143,21.034965034965033
a53be02620cbf18416b7e9589d48d36fcff23b2cc199d958c9c15f17dbb85e7a,validator__L39,silent_gap,65,44.07692307692308
a53be02620cbf18416b7e9589d48d36fcff23b2cc199d958c9c15f17dbb85e7a,validator__L39,burst_start_distance,65,46.261538461538464
a53be02620cbf18416b7e9589d48d36fcff23b2cc199d958c9c15f17dbb85e7a,scorefile__L39,trigger_distance,175,17.94857142857143
a53be02620cbf18416b7e9589d48d36fcff23b2cc199d958c9c15f17dbb85e7a,scorefile__L39,silent_gap,115,25.791304347826088
a53be02620cbf18416b7e9589d48d36fcff23b2cc199d958c9c15f17dbb85e7a,scorefile__L39,burst_start_distance,115,27.304347826086957
a53be02620cbf18416b7e9589d48d36fcff23b2cc199d958c9c15f17dbb85e7a,acquire__L39,trigger_distance,150,20.96
a53be02620cbf18416b7e9589d48d36fcff23b2cc199d958c9c15f17dbb85e7a,acquire__L39,silent_gap,93,32.193548387096776
a53be02620cbf18416b7e9589d48d36fcff23b2cc199d958c9c15f17dbb85e7a,acquire__L39,burst_start_distance,93,33.806451612903224
a53be02620cbf18416b7e9589d48d36fcff23b2cc199d958c9c15f17dbb85e7a,report__L39,trigger_distance,149,20.57718120805369
a53be02620cbf18416b7e9589d48d36fcff23b2cc199d958c9c15f17dbb85e7a,report__L39,silent_gap,73,39.95890410958904
a53be02620cbf18416b7e9589d48d36fcff23b2cc199d958c9c15f17dbb85e7a,report__L39,burst_start_distance,73,41.794520547945204
a53be02620cbf18416b7e9589d48d36fcff23b2cc199d958c9c15f17dbb85e7a,motivated__L39,trigger_distance,186,15.053763440860216
a53be02620cbf18416b7e9589d48d36fcff23b2cc199d958c9c15f17dbb85e7a,motivated__L39,silent_gap,108,24.203703703703702
a53be02620cbf18416b7e9589d48d36fcff23b2cc199d958c9c15f17dbb85e7a,motivated__L39,burst_start_distance,108,25.916666666666668
14034e57008950a07b4893b634a7b8f3b5516084c6a9234ce80dc6ca887fedd0,suite__L39,trigger_distance,269,14.71375464684015
14034e57008950a07b4893b634a7b8f3b5516084c6a9234ce80dc6ca887fedd0,suite__L39,silent_gap,149,24.758389261744966
14034e57008950a07b4893b634a7b8f3b5516084c6a9234ce80dc6ca887fedd0,suite__L39,burst_start_distance,149,26.536912751677853
14034e57008950a07b4893b634a7b8f3b5516084c6a9234ce80dc6ca887fedd0,validator__L39,trigger_distance,253,15.553359683794467
14034e57008950a07b4893b634a7b8f3b5516084c6a9234ce80dc6ca887fedd0,validator__L39,silent_gap,110,33.472727272727276
14034e57008950a07b4893b634a7b8f3b5516084c6a9234ce80dc6ca887fedd0,validator__L39,burst_start_distance,110,35.77272727272727
14034e57008950a07b4893b634a7b8f3b5516084c6a9234ce80dc6ca887fedd0,scorefile__L39,trigger_distance,305,13.242622950819673
14034e57008950a07b4893b634a7b8f3b5516084c6a9234ce80dc6ca887fedd0,scorefile__L39,silent_gap,177,21.096045197740114
14034e57008950a07b4893b634a7b8f3b5516084c6a9234ce80dc6ca887fedd0,scorefile__L39,burst_start_distance,177,22.8135593220339
14034e57008950a07b4893b634a7b8f3b5516084c6a9234ce80dc6ca887fedd0,acquire__L39,trigger_distance,165,24.43030303030303
14034e57008950a07b4893b634a7b8f3b5516084c6a9234ce80dc6ca887fedd0,acquire__L39,silent_gap,113,34.21238938053097
14034e57008950a07b4893b634a7b8f3b5516084c6a9234ce80dc6ca887fedd0,acquire__L39,burst_start_distance,113,35.67256637168141
14034e57008950a07b4893b634a7b8f3b5516084c6a9234ce80dc6ca887fedd0,report__L39,trigger_distance,255,15.513725490196078
14034e57008950a07b4893b634a7b8f3b5516084c6a9234ce80dc6ca887fedd0,report__L39,silent_gap,93,39.795698924731184
14034e57008950a07b4893b634a7b8f3b5516084c6a9234ce80dc6ca887fedd0,report__L39,burst_start_distance,93,42.24731182795699
14034e57008950a07b4893b634a7b8f3b5516084c6a9234ce80dc6ca887fedd0,motivated__L39,trigger_distance,285,13.512280701754387
14034e57008950a07b4893b634a7b8f3b5516084c6a9234ce80dc6ca887fedd0,motivated__L39,silent_gap,150,23.773333333333333
14034e57008950a07b4893b634a7b8f3b5516084c6a9234ce80dc6ca887fedd0,motivated__L39,burst_start_distance,150,25.673333333333332
6e53e9702d96ddd01120966569757b12c2116997e13532820ef21117b1cd8c28,suite__L39,trigger_distance,267,10.127340823970037
6e53e9702d96ddd01120966569757b12c2116997e13532820ef21117b1cd8c28,suite__L39,silent_gap,144,16.92361111111111
6e53e9702d96ddd01120966569757b12c2116997e13532820ef21117b1cd8c28,suite__L39,burst_start_distance,144,18.77777777777778
6e53e9702d96ddd01120966569757b12c2116997e13532820ef21117b1cd8c28,validator__L39,trigger_distance,284,9.330985915492958
6e53e9702d96ddd01120966569757b12c2116997e13532820ef21117b1cd8c28,validator__L39,silent_gap,108,21.90740740740741
6e53e9702d96ddd01120966569757b12c2116997e13532820ef21117b1cd8c28,validator__L39,burst_start_distance,108,24.51851851851852
6e53e9702d96ddd01120966569757b12c2116997e13532820ef21117b1cd8c28,scorefile__L39,trigger_distance,336,8.270833333333334
6e53e9702d96ddd01120966569757b12c2116997e13532820ef21117b1cd8c28,scorefile__L39,silent_gap,163,14.987730061349692
6e53e9702d96ddd01120966569757b12c2116997e13532820ef21117b1cd8c28,scorefile__L39,burst_start_distance,163,17.042944785276074
6e53e9702d96ddd01120966569757b12c2116997e13532820ef21117b1cd8c28,acquire__L39,trigger_distance,128,21.703125
6e53e9702d96ddd01120966569757b12c2116997e13532820ef21117b1cd8c28,acquire__L39,silent_gap,90,29.444444444444443
6e53e9702d96ddd01120966569757b12c2116997e13532820ef21117b1cd8c28,acquire__L39,burst_start_distance,90,30.855555555555554
6e53e9702d96ddd01120966569757b12c2116997e13532820ef21117b1cd8c28,report__L39,trigger_distance,160,16.69375
6e53e9702d96ddd01120966569757b12c2116997e13532820ef21117b1cd8c28,report__L39,silent_gap,51,49.23529411764706
6e53e9702d96ddd01120966569757b12c2116997e13532820ef21117b1cd8c28,report__L39,burst_start_distance,51,52.21568627450981
6e53e9702d96ddd01120966569757b12c2116997e13532820ef21117b1cd8c28,motivated__L39,trigger_distance,186,13.650537634408602
6e53e9702d96ddd01120966569757b12c2116997e13532820ef21117b1cd8c28,motivated__L39,silent_gap,83,28.349397590361445
6e53e9702d96ddd01120966569757b12c2116997e13532820ef21117b1cd8c28,motivated__L39,burst_start_distance,83,30.59036144578313
1cac0dda5d8fe66fc03f98202345782977486951708919d59f8b815f9fcd2bc0,suite__L39,trigger_distance,33,42.06060606060606
1cac0dda5d8fe66fc03f98202345782977486951708919d59f8b815f9fcd2bc0,suite__L39,silent_gap,27,50.18518518518518
1cac0dda5d8fe66fc03f98202345782977486951708919d59f8b815f9fcd2bc0,suite__L39,burst_start_distance,27,51.407407407407405
1cac0dda5d8fe66fc03f98202345782977486951708919d59f8b815f9fcd2bc0,validator__L39,trigger_distance,44,29.795454545454547
1cac0dda5d8fe66fc03f98202345782977486951708919d59f8b815f9fcd2bc0,validator__L39,silent_gap,22,57.59090909090909
1cac0dda5d8fe66fc03f98202345782977486951708919d59f8b815f9fcd2bc0,validator__L39,burst_start_distance,22,59.59090909090909
1cac0dda5d8fe66fc03f98202345782977486951708919d59f8b815f9fcd2bc0,scorefile__L39,trigger_distance,62,21.967741935483872
1cac0dda5d8fe66fc03f98202345782977486951708919d59f8b815f9fcd2bc0,scorefile__L39,silent_gap,45,28.88888888888889
1cac0dda5d8fe66fc03f98202345782977486951708919d59f8b815f9fcd2bc0,scorefile__L39,burst_start_distance,45,30.266666666666666
1cac0dda5d8fe66fc03f98202345782977486951708919d59f8b815f9fcd2bc0,acquire__L39,trigger_distance,79,17.772151898734176
1cac0dda5d8fe66fc03f98202345782977486951708919d59f8b815f9fcd2bc0,acquire__L39,silent_gap,53,25.0
1cac0dda5d8fe66fc03f98202345782977486951708919d59f8b815f9fcd2bc0,acquire__L39,burst_start_distance,53,26.49056603773585
1cac0dda5d8fe66fc03f98202345782977486951708919d59f8b815f9fcd2bc0,report__L39,trigger_distance,77,17.467532467532468
1cac0dda5d8fe66fc03f98202345782977486951708919d59f8b815f9fcd2bc0,report__L39,silent_gap,34,37.294117647058826
1cac0dda5d8fe66fc03f98202345782977486951708919d59f8b815f9fcd2bc0,report__L39,burst_start_distance,34,39.411764705882355
1cac0dda5d8fe66fc03f98202345782977486951708919d59f8b815f9fcd2bc0,motivated__L39,trigger_distance,91,14.23076923076923
1cac0dda5d8fe66fc03f98202345782977486951708919d59f8b815f9fcd2bc0,motivated__L39,silent_gap,54,22.296296296296298
1cac0dda5d8fe66fc03f98202345782977486951708919d59f8b815f9fcd2bc0,motivated__L39,burst_start_distance,54,23.98148148148148
d86c2050693c5257db2d16f3dbc6b4757a0bbabc297572c8f5dfc681aa381e4d,suite__L39,trigger_distance,256,12.01171875
d86c2050693c5257db2d16f3dbc6b4757a0bbabc297572c8f5dfc681aa381e4d,suite__L39,silent_gap,139,20.280575539568346
d86c2050693c5257db2d16f3dbc6b4757a0bbabc297572c8f5dfc681aa381e4d,suite__L39,burst_start_distance,139,22.107913669064747
d86c2050693c5257db2d16f3dbc6b4757a0bbabc297572c8f5dfc681aa381e4d,validator__L39,trigger_distance,312,9.653846153846153
d86c2050693c5257db2d16f3dbc6b4757a0bbabc297572c8f5dfc681aa381e4d,validator__L39,silent_gap,120,22.5
d86c2050693c5257db2d16f3dbc6b4757a0bbabc297572c8f5dfc681aa381e4d,validator__L39,burst_start_distance,120,25.091666666666665
d86c2050693c5257db2d16f3dbc6b4757a0bbabc297572c8f5dfc681aa381e4d,scorefile__L39,trigger_distance,286,10.839160839160838
d86c2050693c5257db2d16f3dbc6b4757a0bbabc297572c8f5dfc681aa381e4d,scorefile__L39,silent_gap,151,18.635761589403973
d86c2050693c5257db2d16f3dbc6b4757a0bbabc297572c8f5dfc681aa381e4d,scorefile__L39,burst_start_distance,151,20.52980132450331
d86c2050693c5257db2d16f3dbc6b4757a0bbabc297572c8f5dfc681aa381e4d,acquire__L39,trigger_distance,122,23.057377049180328
d86c2050693c5257db2d16f3dbc6b4757a0bbabc297572c8f5dfc681aa381e4d,acquire__L39,silent_gap,75,35.88
d86c2050693c5257db2d16f3dbc6b4757a0bbabc297572c8f5dfc681aa381e4d,acquire__L39,burst_start_distance,75,37.50666666666667
d86c2050693c5257db2d16f3dbc6b4757a0bbabc297572c8f5dfc681aa381e4d,report__L39,trigger_distance,145,20.724137931034484
d86c2050693c5257db2d16f3dbc6b4757a0bbabc297572c8f5dfc681aa381e4d,report__L39,silent_gap,66,43.333333333333336
d86c2050693c5257db2d16f3dbc6b4757a0bbabc297572c8f5dfc681aa381e4d,report__L39,burst_start_distance,66,45.40909090909091
d86c2050693c5257db2d16f3dbc6b4757a0bbabc297572c8f5dfc681aa381e4d,motivated__L39,trigger_distance,226,12.809734513274336
d86c2050693c5257db2d16f3dbc6b4757a0bbabc297572c8f5dfc681aa381e4d,motivated__L39,silent_gap,107,24.94392523364486
d86c2050693c5257db2d16f3dbc6b4757a0bbabc297572c8f5dfc681aa381e4d,motivated__L39,burst_start_distance,107,27.02803738317757
bd4a11387c6bbf44e7554fc5d4d73b6cd41d849f84ab54ba79d3310077638123,suite__L39,trigger_distance,81,29.308641975308642
bd4a11387c6bbf44e7554fc5d4d73b6cd41d849f84ab54ba79d3310077638123,suite__L39,silent_gap,58,39.53448275862069
bd4a11387c6bbf44e7554fc5d4d73b6cd41d849f84ab54ba79d3310077638123,suite__L39,burst_start_distance,58,40.93103448275862
bd4a11387c6bbf44e7554fc5d4d73b6cd41d849f84ab54ba79d3310077638123,validator__L39,trigger_distance,73,30.767123287671232
bd4a11387c6bbf44e7554fc5d4d73b6cd41d849f84ab54ba79d3310077638123,validator__L39,silent_gap,38,57.18421052631579
bd4a11387c6bbf44e7554fc5d4d73b6cd41d849f84ab54ba79d3310077638123,validator__L39,burst_start_distance,38,59.026315789473685
bd4a11387c6bbf44e7554fc5d4d73b6cd41d849f84ab54ba79d3310077638123,scorefile__L39,trigger_distance,107,21.981308411214954
bd4a11387c6bbf44e7554fc5d4d73b6cd41d849f84ab54ba79d3310077638123,scorefile__L39,silent_gap,80,28.0625
bd4a11387c6bbf44e7554fc5d4d73b6cd41d849f84ab54ba79d3310077638123,scorefile__L39,burst_start_distance,80,29.4
bd4a11387c6bbf44e7554fc5d4d73b6cd41d849f84ab54ba79d3310077638123,acquire__L39,trigger_distance,122,18.631147540983605
bd4a11387c6bbf44e7554fc5d4d73b6cd41d849f84ab54ba79d3310077638123,acquire__L39,silent_gap,85,25.305882352941175
bd4a11387c6bbf44e7554fc5d4d73b6cd41d849f84ab54ba79d3310077638123,acquire__L39,burst_start_distance,85,26.729411764705883
bd4a11387c6bbf44e7554fc5d4d73b6cd41d849f84ab54ba79d3310077638123,report__L39,trigger_distance,100,23.1
bd4a11387c6bbf44e7554fc5d4d73b6cd41d849f84ab54ba79d3310077638123,report__L39,silent_gap,46,48.04347826086956
bd4a11387c6bbf44e7554fc5d4d73b6cd41d849f84ab54ba79d3310077638123,report__L39,burst_start_distance,46,50.0
bd4a11387c6bbf44e7554fc5d4d73b6cd41d849f84ab54ba79d3310077638123,motivated__L39,trigger_distance,189,11.947089947089948
bd4a11387c6bbf44e7554fc5d4d73b6cd41d849f84ab54ba79d3310077638123,motivated__L39,silent_gap,95,21.778947368421054
bd4a11387c6bbf44e7554fc5d4d73b6cd41d849f84ab54ba79d3310077638123,motivated__L39,burst_start_distance,95,23.768421052631577
c080df0eed8fec88f0236c99b12e4741905ad8a316526fd5076a7430b5fafdd0,suite__L39,trigger_distance,299,11.983277591973245
c080df0eed8fec88f0236c99b12e4741905ad8a316526fd5076a7430b5fafdd0,suite__L39,silent_gap,156,21.05128205128205
c080df0eed8fec88f0236c99b12e4741905ad8a316526fd5076a7430b5fafdd0,suite__L39,burst_start_distance,156,22.942307692307693
c080df0eed8fec88f0236c99b12e4741905ad8a316526fd5076a7430b5fafdd0,validator__L39,trigger_distance,230,15.078260869565218
c080df0eed8fec88f0236c99b12e4741905ad8a316526fd5076a7430b5fafdd0,validator__L39,silent_gap,96,33.729166666666664
c080df0eed8fec88f0236c99b12e4741905ad8a316526fd5076a7430b5fafdd0,validator__L39,burst_start_distance,96,36.125
c080df0eed8fec88f0236c99b12e4741905ad8a316526fd5076a7430b5fafdd0,scorefile__L39,trigger_distance,190,18.8
c080df0eed8fec88f0236c99b12e4741905ad8a316526fd5076a7430b5fafdd0,scorefile__L39,silent_gap,120,28.183333333333334
c080df0eed8fec88f0236c99b12e4741905ad8a316526fd5076a7430b5fafdd0,scorefile__L39,burst_start_distance,120,29.766666666666666
c080df0eed8fec88f0236c99b12e4741905ad8a316526fd5076a7430b5fafdd0,acquire__L39,trigger_distance,154,21.77922077922078
c080df0eed8fec88f0236c99b12e4741905ad8a316526fd5076a7430b5fafdd0,acquire__L39,silent_gap,104,30.76923076923077
c080df0eed8fec88f0236c99b12e4741905ad8a316526fd5076a7430b5fafdd0,acquire__L39,burst_start_distance,104,32.25
c080df0eed8fec88f0236c99b12e4741905ad8a316526fd5076a7430b5fafdd0,report__L39,trigger_distance,273,12.91941391941392
c080df0eed8fec88f0236c99b12e4741905ad8a316526fd5076a7430b5fafdd0,report__L39,silent_gap,99,32.86868686868687
c080df0eed8fec88f0236c99b12e4741905ad8a316526fd5076a7430b5fafdd0,report__L39,burst_start_distance,99,35.464646464646464
c080df0eed8fec88f0236c99b12e4741905ad8a316526fd5076a7430b5fafdd0,motivated__L39,trigger_distance,250,14.052
c080df0eed8fec88f0236c99b12e4741905ad8a316526fd5076a7430b5fafdd0,motivated__L39,silent_gap,140,23.307142857142857
c080df0eed8fec88f0236c99b12e4741905ad8a316526fd5076a7430b5fafdd0,motivated__L39,burst_start_distance,140,25.09285714285714
e1a9be100a8d2c4f0638360f88cba11472675410698902ac8a3f08df45370e31,suite__L39,trigger_distance,185,16.92972972972973
e1a9be100a8d2c4f0638360f88cba11472675410698902ac8a3f08df45370e31,suite__L39,silent_gap,118,24.97457627118644
e1a9be100a8d2c4f0638360f88cba11472675410698902ac8a3f08df45370e31,suite__L39,burst_start_distance,118,26.516949152542374
e1a9be100a8d2c4f0638360f88cba11472675410698902ac8a3f08df45370e31,validator__L39,trigger_distance,83,36.98795180722892
e1a9be100a8d2c4f0638360f88cba11472675410698902ac8a3f08df45370e31,validator__L39,silent_gap,47,63.5531914893617
e1a9be100a8d2c4f0638360f88cba11472675410698902ac8a3f08df45370e31,validator__L39,burst_start_distance,47,65.31914893617021
e1a9be100a8d2c4f0638360f88cba11472675410698902ac8a3f08df45370e31,scorefile__L39,trigger_distance,150,20.953333333333333
e1a9be100a8d2c4f0638360f88cba11472675410698902ac8a3f08df45370e31,scorefile__L39,silent_gap,102,29.34313725490196
e1a9be100a8d2c4f0638360f88cba11472675410698902ac8a3f08df45370e31,scorefile__L39,burst_start_distance,102,30.813725490196077
e1a9be100a8d2c4f0638360f88cba11472675410698902ac8a3f08df45370e31,acquire__L39,trigger_distance,124,24.629032258064516
e1a9be100a8d2c4f0638360f88cba11472675410698902ac8a3f08df45370e31,acquire__L39,silent_gap,88,33.29545454545455
e1a9be100a8d2c4f0638360f88cba11472675410698902ac8a3f08df45370e31,acquire__L39,burst_start_distance,88,34.70454545454545
e1a9be100a8d2c4f0638360f88cba11472675410698902ac8a3f08df45370e31,report__L39,trigger_distance,240,12.783333333333333
e1a9be100a8d2c4f0638360f88cba11472675410698902ac8a3f08df45370e31,report__L39,silent_gap,74,38.21621621621622
e1a9be100a8d2c4f0638360f88cba11472675410698902ac8a3f08df45370e31,report__L39,burst_start_distance,74,41.270270270270274
e1a9be100a8d2c4f0638360f88cba11472675410698902ac8a3f08df45370e31,motivated__L39,trigger_distance,180,16.316666666666666
e1a9be100a8d2c4f0638360f88cba11472675410698902ac8a3f08df45370e31,motivated__L39,silent_gap,99,27.848484848484848
e1a9be100a8d2c4f0638360f88cba11472675410698902ac8a3f08df45370e31,motivated__L39,burst_start_distance,99,29.666666666666668
8e18d270fde34a2d1ba20c6a879e03600606136f55c38184faa1bc24a7d93bcd,suite__L39,trigger_distance,203,11.438423645320198
8e18d270fde34a2d1ba20c6a879e03600606136f55c38184faa1bc24a7d93bcd,suite__L39,silent_gap,90,23.544444444444444
8e18d270fde34a2d1ba20c6a879e03600606136f55c38184faa1bc24a7d93bcd,suite__L39,burst_start_distance,90,25.8
8e18d270fde34a2d1ba20c6a879e03600606136f55c38184faa1bc24a7d93bcd,validator__L39,trigger_distance,240,9.545833333333333
8e18d270fde34a2d1ba20c6a879e03600606136f55c38184faa1bc24a7d93bcd,validator__L39,silent_gap,81,25.320987654320987
8e18d270fde34a2d1ba20c6a879e03600606136f55c38184faa1bc24a7d93bcd,validator__L39,burst_start_distance,81,28.123456790123456
8e18d270fde34a2d1ba20c6a879e03600606136f55c38184faa1bc24a7d93bcd,scorefile__L39,trigger_distance,362,6.569060773480663
8e18d270fde34a2d1ba20c6a879e03600606136f55c38184faa1bc24a7d93bcd,scorefile__L39,silent_gap,144,14.0
8e18d270fde34a2d1ba20c6a879e03600606136f55c38184faa1bc24a7d93bcd,scorefile__L39,burst_start_distance,144,16.5
8e18d270fde34a2d1ba20c6a879e03600606136f55c38184faa1bc24a7d93bcd,acquire__L39,trigger_distance,121,19.75206611570248
8e18d270fde34a2d1ba20c6a879e03600606136f55c38184faa1bc24a7d93bcd,acquire__L39,silent_gap,75,30.253333333333334
8e18d270fde34a2d1ba20c6a879e03600606136f55c38184faa1bc24a7d93bcd,acquire__L39,burst_start_distance,75,31.866666666666667
8e18d270fde34a2d1ba20c6a879e03600606136f55c38184faa1bc24a7d93bcd,report__L39,trigger_distance,56,29.678571428571427
8e18d270fde34a2d1ba20c6a879e03600606136f55c38184faa1bc24a7d93bcd,report__L39,silent_gap,31,51.806451612903224
8e18d270fde34a2d1ba20c6a879e03600606136f55c38184faa1bc24a7d93bcd,report__L39,burst_start_distance,31,53.58064516129032
8e18d270fde34a2d1ba20c6a879e03600606136f55c38184faa1bc24a7d93bcd,motivated__L39,trigger_distance,172,12.406976744186046
8e18d270fde34a2d1ba20c6a879e03600606136f55c38184faa1bc24a7d93bcd,motivated__L39,silent_gap,93,21.096774193548388
8e18d270fde34a2d1ba20c6a879e03600606136f55c38184faa1bc24a7d93bcd,motivated__L39,burst_start_distance,93,22.93548387096774
26e16b8e2e0b3ef61f0a690d3bceac94efcc3921a630e63aafb2af2df095069b,suite__L39,trigger_distance,121,19.239669421487605
26e16b8e2e0b3ef61f0a690d3bceac94efcc3921a630e63aafb2af2df095069b,suite__L39,silent_gap,71,31.08450704225352
26e16b8e2e0b3ef61f0a690d3bceac94efcc3921a630e63aafb2af2df095069b,suite__L39,burst_start_distance,71,32.74647887323944
26e16b8e2e0b3ef61f0a690d3bceac94efcc3921a630e63aafb2af2df095069b,validator__L39,trigger_distance,98,22.79591836734694
26e16b8e2e0b3ef61f0a690d3bceac94efcc3921a630e63aafb2af2df095069b,validator__L39,silent_gap,52,41.07692307692308
26e16b8e2e0b3ef61f0a690d3bceac94efcc3921a630e63aafb2af2df095069b,validator__L39,burst_start_distance,52,42.94230769230769
26e16b8e2e0b3ef61f0a690d3bceac94efcc3921a630e63aafb2af2df095069b,scorefile__L39,trigger_distance,113,20.690265486725664
26e16b8e2e0b3ef61f0a690d3bceac94efcc3921a630e63aafb2af2df095069b,scorefile__L39,silent_gap,71,31.338028169014084
26e16b8e2e0b3ef61f0a690d3bceac94efcc3921a630e63aafb2af2df095069b,scorefile__L39,burst_start_distance,71,32.929577464788736
26e16b8e2e0b3ef61f0a690d3bceac94efcc3921a630e63aafb2af2df095069b,acquire__L39,trigger_distance,121,18.28099173553719
26e16b8e2e0b3ef61f0a690d3bceac94efcc3921a630e63aafb2af2df095069b,acquire__L39,silent_gap,62,33.725806451612904
26e16b8e2e0b3ef61f0a690d3bceac94efcc3921a630e63aafb2af2df095069b,acquire__L39,burst_start_distance,62,35.67741935483871
26e16b8e2e0b3ef61f0a690d3bceac94efcc3921a630e63aafb2af2df095069b,report__L39,trigger_distance,133,17.127819548872182
26e16b8e2e0b3ef61f0a690d3bceac94efcc3921a630e63aafb2af2df095069b,report__L39,silent_gap,59,36.355932203389834
26e16b8e2e0b3ef61f0a690d3bceac94efcc3921a630e63aafb2af2df095069b,report__L39,burst_start_distance,59,38.33898305084746
26e16b8e2e0b3ef61f0a690d3bceac94efcc3921a630e63aafb2af2df095069b,motivated__L39,trigger_distance,120,18.666666666666668
26e16b8e2e0b3ef61f0a690d3bceac94efcc3921a630e63aafb2af2df095069b,motivated__L39,silent_gap,67,31.64179104477612
26e16b8e2e0b3ef61f0a690d3bceac94efcc3921a630e63aafb2af2df095069b,motivated__L39,burst_start_distance,67,33.43283582089552
ad9f7f902d43d1f8d7e238167d87e611a75ac3ce57e00146377b68c35f5895d4,suite__L39,trigger_distance,97,31.216494845360824
ad9f7f902d43d1f8d7e238167d87e611a75ac3ce57e00146377b68c35f5895d4,suite__L39,silent_gap,61,48.049180327868854
ad9f7f902d43d1f8d7e238167d87e611a75ac3ce57e00146377b68c35f5895d4,suite__L39,burst_start_distance,61,49.63934426229508
ad9f7f902d43d1f8d7e238167d87e611a75ac3ce57e00146377b68c35f5895d4,validator__L39,trigger_distance,147,19.829931972789115
ad9f7f902d43d1f8d7e238167d87e611a75ac3ce57e00146377b68c35f5895d4,validator__L39,silent_gap,84,32.95238095238095
ad9f7f902d43d1f8d7e238167d87e611a75ac3ce57e00146377b68c35f5895d4,validator__L39,burst_start_distance,84,34.67857142857143
ad9f7f902d43d1f8d7e238167d87e611a75ac3ce57e00146377b68c35f5895d4,scorefile__L39,trigger_distance,154,19.68831168831169
ad9f7f902d43d1f8d7e238167d87e611a75ac3ce57e00146377b68c35f5895d4,scorefile__L39,silent_gap,109,26.40366972477064
ad9f7f902d43d1f8d7e238167d87e611a75ac3ce57e00146377b68c35f5895d4,scorefile__L39,burst_start_distance,109,27.81651376146789
ad9f7f902d43d1f8d7e238167d87e611a75ac3ce57e00146377b68c35f5895d4,acquire__L39,trigger_distance,133,22.924812030075188
ad9f7f902d43d1f8d7e238167d87e611a75ac3ce57e00146377b68c35f5895d4,acquire__L39,silent_gap,91,32.043956043956044
ad9f7f902d43d1f8d7e238167d87e611a75ac3ce57e00146377b68c35f5895d4,acquire__L39,burst_start_distance,91,33.505494505494504
ad9f7f902d43d1f8d7e238167d87e611a75ac3ce57e00146377b68c35f5895d4,report__L39,trigger_distance,69,42.971014492753625
ad9f7f902d43d1f8d7e238167d87e611a75ac3ce57e00146377b68c35f5895d4,report__L39,silent_gap,43,67.34883720930233
ad9f7f902d43d1f8d7e238167d87e611a75ac3ce57e00146377b68c35f5895d4,report__L39,burst_start_distance,43,68.81395348837209
ad9f7f902d43d1f8d7e238167d87e611a75ac3ce57e00146377b68c35f5895d4,motivated__L39,trigger_distance,256,11.390625
ad9f7f902d43d1f8d7e238167d87e611a75ac3ce57e00146377b68c35f5895d4,motivated__L39,silent_gap,124,21.451612903225808
ad9f7f902d43d1f8d7e238167d87e611a75ac3ce57e00146377b68c35f5895d4,motivated__L39,burst_start_distance,124,23.483870967741936
307c6d86b3eac7cd17c2939bba6d42909019ad20238be5b3427be6dd6759384f,suite__L39,trigger_distance,305,12.00655737704918
307c6d86b3eac7cd17c2939bba6d42909019ad20238be5b3427be6dd6759384f,suite__L39,silent_gap,172,19.517441860465116
307c6d86b3eac7cd17c2939bba6d42909019ad20238be5b3427be6dd6759384f,suite__L39,burst_start_distance,172,21.238372093023255
307c6d86b3eac7cd17c2939bba6d42909019ad20238be5b3427be6dd6759384f,validator__L39,trigger_distance,236,15.216101694915254
307c6d86b3eac7cd17c2939bba6d42909019ad20238be5b3427be6dd6759384f,validator__L39,silent_gap,114,29.42982456140351
307c6d86b3eac7cd17c2939bba6d42909019ad20238be5b3427be6dd6759384f,validator__L39,burst_start_distance,114,31.5
307c6d86b3eac7cd17c2939bba6d42909019ad20238be5b3427be6dd6759384f,scorefile__L39,trigger_distance,175,20.82857142857143
307c6d86b3eac7cd17c2939bba6d42909019ad20238be5b3427be6dd6759384f,scorefile__L39,silent_gap,132,26.28787878787879
307c6d86b3eac7cd17c2939bba6d42909019ad20238be5b3427be6dd6759384f,scorefile__L39,burst_start_distance,132,27.606060606060606
307c6d86b3eac7cd17c2939bba6d42909019ad20238be5b3427be6dd6759384f,acquire__L39,trigger_distance,142,25.661971830985916
307c6d86b3eac7cd17c2939bba6d42909019ad20238be5b3427be6dd6759384f,acquire__L39,silent_gap,98,35.734693877551024
307c6d86b3eac7cd17c2939bba6d42909019ad20238be5b3427be6dd6759384f,acquire__L39,burst_start_distance,98,37.183673469387756
307c6d86b3eac7cd17c2939bba6d42909019ad20238be5b3427be6dd6759384f,report__L39,trigger_distance,334,10.766467065868264
307c6d86b3eac7cd17c2939bba6d42909019ad20238be5b3427be6dd6759384f,report__L39,silent_gap,111,29.38738738738739
307c6d86b3eac7cd17c2939bba6d42909019ad20238be5b3427be6dd6759384f,report__L39,burst_start_distance,111,32.21621621621622
307c6d86b3eac7cd17c2939bba6d42909019ad20238be5b3427be6dd6759384f,motivated__L39,trigger_distance,284,12.595070422535212
307c6d86b3eac7cd17c2939bba6d42909019ad20238be5b3427be6dd6759384f,motivated__L39,silent_gap,146,22.554794520547944
307c6d86b3eac7cd17c2939bba6d42909019ad20238be5b3427be6dd6759384f,motivated__L39,burst_start_distance,146,24.5
7a14c6a05fa636b8f8c6671a64f5c931f10ff817dcb1b22c00f20c8fae55622b,suite__L39,trigger_distance,329,8.787234042553191
7a14c6a05fa636b8f8c6671a64f5c931f10ff817dcb1b22c00f20c8fae55622b,suite__L39,silent_gap,170,15.070588235294117
7a14c6a05fa636b8f8c6671a64f5c931f10ff817dcb1b22c00f20c8fae55622b,suite__L39,burst_start_distance,170,16.958823529411763
7a14c6a05fa636b8f8c6671a64f5c931f10ff817dcb1b22c00f20c8fae55622b,validator__L39,trigger_distance,371,7.668463611859838
7a14c6a05fa636b8f8c6671a64f5c931f10ff817dcb1b22c00f20c8fae55622b,validator__L39,silent_gap,154,16.064935064935064
7a14c6a05fa636b8f8c6671a64f5c931f10ff817dcb1b22c00f20c8fae55622b,validator__L39,burst_start_distance,154,18.474025974025974
7a14c6a05fa636b8f8c6671a64f5c931f10ff817dcb1b22c00f20c8fae55622b,scorefile__L39,trigger_distance,324,9.108024691358025
7a14c6a05fa636b8f8c6671a64f5c931f10ff817dcb1b22c00f20c8fae55622b,scorefile__L39,silent_gap,186,14.123655913978494
7a14c6a05fa636b8f8c6671a64f5c931f10ff817dcb1b22c00f20c8fae55622b,scorefile__L39,burst_start_distance,186,15.865591397849462
7a14c6a05fa636b8f8c6671a64f5c931f10ff817dcb1b22c00f20c8fae55622b,acquire__L39,trigger_distance,150,19.26
7a14c6a05fa636b8f8c6671a64f5c931f10ff817dcb1b22c00f20c8fae55622b,acquire__L39,silent_gap,94,29.138297872340427
7a14c6a05fa636b8f8c6671a64f5c931f10ff817dcb1b22c00f20c8fae55622b,acquire__L39,burst_start_distance,94,30.73404255319149
7a14c6a05fa636b8f8c6671a64f5c931f10ff817dcb1b22c00f20c8fae55622b,report__L39,trigger_distance,223,9.013452914798206
7a14c6a05fa636b8f8c6671a64f5c931f10ff817dcb1b22c00f20c8fae55622b,report__L39,silent_gap,65,27.49230769230769
7a14c6a05fa636b8f8c6671a64f5c931f10ff817dcb1b22c00f20c8fae55622b,report__L39,burst_start_distance,65,30.6
7a14c6a05fa636b8f8c6671a64f5c931f10ff817dcb1b22c00f20c8fae55622b,motivated__L39,trigger_distance,154,17.162337662337663
7a14c6a05fa636b8f8c6671a64f5c931f10ff817dcb1b22c00f20c8fae55622b,motivated__L39,silent_gap,86,28.941860465116278
7a14c6a05fa636b8f8c6671a64f5c931f10ff817dcb1b22c00f20c8fae55622b,motivated__L39,burst_start_distance,86,30.72093023255814
e303fb0fff6b83218ffe6d0a6aa2ab92ca3f418d51a3f7248fb55e1a3ff63a21,suite__L39,trigger_distance,222,9.82882882882883
e303fb0fff6b83218ffe6d0a6aa2ab92ca3f418d51a3f7248fb55e1a3ff63a21,suite__L39,silent_gap,113,17.345132743362832
e303fb0fff6b83218ffe6d0a6aa2ab92ca3f418d51a3f7248fb55e1a3ff63a21,suite__L39,burst_start_distance,113,19.283185840707965
e303fb0fff6b83218ffe6d0a6aa2ab92ca3f418d51a3f7248fb55e1a3ff63a21,validator__L39,trigger_distance,354,6.104519774011299
e303fb0fff6b83218ffe6d0a6aa2ab92ca3f418d51a3f7248fb55e1a3ff63a21,validator__L39,silent_gap,108,16.73148148148148
e303fb0fff6b83218ffe6d0a6aa2ab92ca3f418d51a3f7248fb55e1a3ff63a21,validator__L39,burst_start_distance,108,20.0
e303fb0fff6b83218ffe6d0a6aa2ab92ca3f418d51a3f7248fb55e1a3ff63a21,scorefile__L39,trigger_distance,313,6.987220447284345
e303fb0fff6b83218ffe6d0a6aa2ab92ca3f418d51a3f7248fb55e1a3ff63a21,scorefile__L39,silent_gap,129,14.527131782945736
e303fb0fff6b83218ffe6d0a6aa2ab92ca3f418d51a3f7248fb55e1a3ff63a21,scorefile__L39,burst_start_distance,129,16.914728682170544
e303fb0fff6b83218ffe6d0a6aa2ab92ca3f418d51a3f7248fb55e1a3ff63a21,acquire__L39,trigger_distance,118,18.38135593220339
e303fb0fff6b83218ffe6d0a6aa2ab92ca3f418d51a3f7248fb55e1a3ff63a21,acquire__L39,silent_gap,71,28.887323943661972
e303fb0fff6b83218ffe6d0a6aa2ab92ca3f418d51a3f7248fb55e1a3ff63a21,acquire__L39,burst_start_distance,71,30.535211267605632
e303fb0fff6b83218ffe6d0a6aa2ab92ca3f418d51a3f7248fb55e1a3ff63a21,report__L39,trigger_distance,115,18.017391304347825
e303fb0fff6b83218ffe6d0a6aa2ab92ca3f418d51a3f7248fb55e1a3ff63a21,report__L39,silent_gap,42,46.595238095238095
e303fb0fff6b83218ffe6d0a6aa2ab92ca3f418d51a3f7248fb55e1a3ff63a21,report__L39,burst_start_distance,42,49.0
e303fb0fff6b83218ffe6d0a6aa2ab92ca3f418d51a3f7248fb55e1a3ff63a21,motivated__L39,trigger_distance,153,12.444444444444445
e303fb0fff6b83218ffe6d0a6aa2ab92ca3f418d51a3f7248fb55e1a3ff63a21,motivated__L39,silent_gap,72,24.319444444444443
e303fb0fff6b83218ffe6d0a6aa2ab92ca3f418d51a3f7248fb55e1a3ff63a21,motivated__L39,burst_start_distance,72,26.444444444444443
f75c3cac0a593f7113fae9239d2d9387339a2248efff1dcc5cce1a6bf8a1b701,suite__L39,trigger_distance,53,28.60377358490566
f75c3cac0a593f7113fae9239d2d9387339a2248efff1dcc5cce1a6bf8a1b701,suite__L39,silent_gap,35,41.8
f75c3cac0a593f7113fae9239d2d9387339a2248efff1dcc5cce1a6bf8a1b701,suite__L39,burst_start_distance,35,43.31428571428572
f75c3cac0a593f7113fae9239d2d9387339a2248efff1dcc5cce1a6bf8a1b701,validator__L39,trigger_distance,38,30.026315789473685
f75c3cac0a593f7113fae9239d2d9387339a2248efff1dcc5cce1a6bf8a1b701,validator__L39,silent_gap,24,45.958333333333336
f75c3cac0a593f7113fae9239d2d9387339a2248efff1dcc5cce1a6bf8a1b701,validator__L39,burst_start_distance,24,47.541666666666664
f75c3cac0a593f7113fae9239d2d9387339a2248efff1dcc5cce1a6bf8a1b701,scorefile__L39,trigger_distance,55,27.745454545454546
f75c3cac0a593f7113fae9239d2d9387339a2248efff1dcc5cce1a6bf8a1b701,scorefile__L39,silent_gap,44,33.43181818181818
f75c3cac0a593f7113fae9239d2d9387339a2248efff1dcc5cce1a6bf8a1b701,scorefile__L39,burst_start_distance,44,34.65909090909091
f75c3cac0a593f7113fae9239d2d9387339a2248efff1dcc5cce1a6bf8a1b701,acquire__L39,trigger_distance,69,21.782608695652176
f75c3cac0a593f7113fae9239d2d9387339a2248efff1dcc5cce1a6bf8a1b701,acquire__L39,silent_gap,41,34.97560975609756
f75c3cac0a593f7113fae9239d2d9387339a2248efff1dcc5cce1a6bf8a1b701,acquire__L39,burst_start_distance,41,36.65853658536585
f75c3cac0a593f7113fae9239d2d9387339a2248efff1dcc5cce1a6bf8a1b701,report__L39,trigger_distance,65,22.630769230769232
f75c3cac0a593f7113fae9239d2d9387339a2248efff1dcc5cce1a6bf8a1b701,report__L39,silent_gap,30,46.86666666666667
f75c3cac0a593f7113fae9239d2d9387339a2248efff1dcc5cce1a6bf8a1b701,report__L39,burst_start_distance,30,48.766666666666666
f75c3cac0a593f7113fae9239d2d9387339a2248efff1dcc5cce1a6bf8a1b701,motivated__L39,trigger_distance,119,12.420168067226891
f75c3cac0a593f7113fae9239d2d9387339a2248efff1dcc5cce1a6bf8a1b701,motivated__L39,silent_gap,62,21.919354838709676
f75c3cac0a593f7113fae9239d2d9387339a2248efff1dcc5cce1a6bf8a1b701,motivated__L39,burst_start_distance,62,23.838709677419356
02866313c150287f30d5eaa5faeb551475105cf230342b1de61ccc3bb6f850bc,suite__L39,trigger_distance,127,21.700787401574804
02866313c150287f30d5eaa5faeb551475105cf230342b1de61ccc3bb6f850bc,suite__L39,silent_gap,82,32.0609756097561
02866313c150287f30d5eaa5faeb551475105cf230342b1de61ccc3bb6f850bc,suite__L39,burst_start_distance,82,33.5609756097561
02866313c150287f30d5eaa5faeb551475105cf230342b1de61ccc3bb6f850bc,validator__L39,trigger_distance,113,24.300884955752213
02866313c150287f30d5eaa5faeb551475105cf230342b1de61ccc3bb6f850bc,validator__L39,silent_gap,60,43.88333333333333
02866313c150287f30d5eaa5faeb551475105cf230342b1de61ccc3bb6f850bc,validator__L39,burst_start_distance,60,45.766666666666666
02866313c150287f30d5eaa5faeb551475105cf230342b1de61ccc3bb6f850bc,scorefile__L39,trigger_distance,120,23.266666666666666
02866313c150287f30d5eaa5faeb551475105cf230342b1de61ccc3bb6f850bc,scorefile__L39,silent_gap,84,31.80952380952381
02866313c150287f30d5eaa5faeb551475105cf230342b1de61ccc3bb6f850bc,scorefile__L39,burst_start_distance,84,33.23809523809524
02866313c150287f30d5eaa5faeb551475105cf230342b1de61ccc3bb6f850bc,acquire__L39,trigger_distance,151,18.39072847682119
02866313c150287f30d5eaa5faeb551475105cf230342b1de61ccc3bb6f850bc,acquire__L39,silent_gap,94,27.93617021276596
02866313c150287f30d5eaa5faeb551475105cf230342b1de61ccc3bb6f850bc,acquire__L39,burst_start_distance,94,29.54255319148936
02866313c150287f30d5eaa5faeb551475105cf230342b1de61ccc3bb6f850bc,report__L39,trigger_distance,196,14.0
02866313c150287f30d5eaa5faeb551475105cf230342b1de61ccc3bb6f850bc,report__L39,silent_gap,72,35.388888888888886
02866313c150287f30d5eaa5faeb551475105cf230342b1de61ccc3bb6f850bc,report__L39,burst_start_distance,72,37.94444444444444
02866313c150287f30d5eaa5faeb551475105cf230342b1de61ccc3bb6f850bc,motivated__L39,trigger_distance,196,13.86734693877551
02866313c150287f30d5eaa5faeb551475105cf230342b1de61ccc3bb6f850bc,motivated__L39,silent_gap,97,26.0
02866313c150287f30d5eaa5faeb551475105cf230342b1de61ccc3bb6f850bc,motivated__L39,burst_start_distance,97,28.010309278350515
21ee91ff3b2cfaf571db9feb4b585fdd84808aae0569295d46e378371484c9a0,suite__L39,trigger_distance,74,30.66216216216216
21ee91ff3b2cfaf571db9feb4b585fdd84808aae0569295d46e378371484c9a0,suite__L39,silent_gap,58,37.8448275862069
21ee91ff3b2cfaf571db9feb4b585fdd84808aae0569295d46e378371484c9a0,suite__L39,burst_start_distance,58,39.05172413793103
21ee91ff3b2cfaf571db9feb4b585fdd84808aae0569295d46e378371484c9a0,validator__L39,trigger_distance,221,10.244343891402714
21ee91ff3b2cfaf571db9feb4b585fdd84808aae0569295d46e378371484c9a0,validator__L39,silent_gap,99,20.636363636363637
21ee91ff3b2cfaf571db9feb4b585fdd84808aae0569295d46e378371484c9a0,validator__L39,burst_start_distance,99,22.86868686868687
21ee91ff3b2cfaf571db9feb4b585fdd84808aae0569295d46e378371484c9a0,scorefile__L39,trigger_distance,192,12.244791666666666
21ee91ff3b2cfaf571db9feb4b585fdd84808aae0569295d46e378371484c9a0,scorefile__L39,silent_gap,115,18.77391304347826
21ee91ff3b2cfaf571db9feb4b585fdd84808aae0569295d46e378371484c9a0,scorefile__L39,burst_start_distance,115,20.443478260869565
21ee91ff3b2cfaf571db9feb4b585fdd84808aae0569295d46e378371484c9a0,acquire__L39,trigger_distance,109,21.357798165137616
21ee91ff3b2cfaf571db9feb4b585fdd84808aae0569295d46e378371484c9a0,acquire__L39,silent_gap,82,27.0609756097561
21ee91ff3b2cfaf571db9feb4b585fdd84808aae0569295d46e378371484c9a0,acquire__L39,burst_start_distance,82,28.378048780487806
21ee91ff3b2cfaf571db9feb4b585fdd84808aae0569295d46e378371484c9a0,report__L39,trigger_distance,61,36.9344262295082
21ee91ff3b2cfaf571db9feb4b585fdd84808aae0569295d46e378371484c9a0,report__L39,silent_gap,39,56.205128205128204
21ee91ff3b2cfaf571db9feb4b585fdd84808aae0569295d46e378371484c9a0,report__L39,burst_start_distance,39,57.717948717948715
21ee91ff3b2cfaf571db9feb4b585fdd84808aae0569295d46e378371484c9a0,motivated__L39,trigger_distance,149,13.241610738255034
21ee91ff3b2cfaf571db9feb4b585fdd84808aae0569295d46e378371484c9a0,motivated__L39,silent_gap,81,22.51851851851852
21ee91ff3b2cfaf571db9feb4b585fdd84808aae0569295d46e378371484c9a0,motivated__L39,burst_start_distance,81,24.358024691358025
1bc039ba5580ed4b8c0476ad5eb53364de9db55d016e582f90dbc200149def8d,suite__L39,trigger_distance,64,29.78125
1bc039ba5580ed4b8c0476ad5eb53364de9db55d016e582f90dbc200149def8d,suite__L39,silent_gap,44,41.86363636363637
1bc039ba5580ed4b8c0476ad5eb53364de9db55d016e582f90dbc200149def8d,suite__L39,burst_start_distance,44,43.29545454545455
1bc039ba5580ed4b8c0476ad5eb53364de9db55d016e582f90dbc200149def8d,validator__L39,trigger_distance,86,20.476744186046513
1bc039ba5580ed4b8c0476ad5eb53364de9db55d016e582f90dbc200149def8d,validator__L39,silent_gap,50,33.5
1bc039ba5580ed4b8c0476ad5eb53364de9db55d016e582f90dbc200149def8d,validator__L39,burst_start_distance,50,35.22
1bc039ba5580ed4b8c0476ad5eb53364de9db55d016e582f90dbc200149def8d,scorefile__L39,trigger_distance,117,16.299145299145298
1bc039ba5580ed4b8c0476ad5eb53364de9db55d016e582f90dbc200149def8d,scorefile__L39,silent_gap,77,23.246753246753247
1bc039ba5580ed4b8c0476ad5eb53364de9db55d016e582f90dbc200149def8d,scorefile__L39,burst_start_distance,77,24.766233766233768
1bc039ba5580ed4b8c0476ad5eb53364de9db55d016e582f90dbc200149def8d,acquire__L39,trigger_distance,123,15.658536585365853
1bc039ba5580ed4b8c0476ad5eb53364de9db55d016e582f90dbc200149def8d,acquire__L39,silent_gap,72,25.041666666666668
1bc039ba5580ed4b8c0476ad5eb53364de9db55d016e582f90dbc200149def8d,acquire__L39,burst_start_distance,72,26.75
1bc039ba5580ed4b8c0476ad5eb53364de9db55d016e582f90dbc200149def8d,report__L39,trigger_distance,87,21.20689655172414
1bc039ba5580ed4b8c0476ad5eb53364de9db55d016e582f90dbc200149def8d,report__L39,silent_gap,50,35.16
1bc039ba5580ed4b8c0476ad5eb53364de9db55d016e582f90dbc200149def8d,report__L39,burst_start_distance,50,36.76
1bc039ba5580ed4b8c0476ad5eb53364de9db55d016e582f90dbc200149def8d,motivated__L39,trigger_distance,134,13.126865671641792
1bc039ba5580ed4b8c0476ad5eb53364de9db55d016e582f90dbc200149def8d,motivated__L39,silent_gap,76,21.38157894736842
1bc039ba5580ed4b8c0476ad5eb53364de9db55d016e582f90dbc200149def8d,motivated__L39,burst_start_distance,76,23.144736842105264
7c78e92c45a78ecdfa14aee1cea975753ac16e43983b9f537e596fee138e4bfd,suite__L39,trigger_distance,265,10.358490566037736
7c78e92c45a78ecdfa14aee1cea975753ac16e43983b9f537e596fee138e4bfd,suite__L39,silent_gap,148,16.756756756756758
7c78e92c45a78ecdfa14aee1cea975753ac16e43983b9f537e596fee138e4bfd,suite__L39,burst_start_distance,148,18.527027027027028
7c78e92c45a78ecdfa14aee1cea975753ac16e43983b9f537e596fee138e4bfd,validator__L39,trigger_distance,435,6.264367816091954
7c78e92c45a78ecdfa14aee1cea975753ac16e43983b9f537e596fee138e4bfd,validator__L39,silent_gap,166,13.795180722891565
7c78e92c45a78ecdfa14aee1cea975753ac16e43983b9f537e596fee138e4bfd,validator__L39,burst_start_distance,166,16.403614457831324
7c78e92c45a78ecdfa14aee1cea975753ac16e43983b9f537e596fee138e4bfd,scorefile__L39,trigger_distance,409,6.806845965770171
7c78e92c45a78ecdfa14aee1cea975753ac16e43983b9f537e596fee138e4bfd,scorefile__L39,silent_gap,208,11.41826923076923
7c78e92c45a78ecdfa14aee1cea975753ac16e43983b9f537e596fee138e4bfd,scorefile__L39,burst_start_distance,208,13.384615384615385
7c78e92c45a78ecdfa14aee1cea975753ac16e43983b9f537e596fee138e4bfd,acquire__L39,trigger_distance,149,18.530201342281877
7c78e92c45a78ecdfa14aee1cea975753ac16e43983b9f537e596fee138e4bfd,acquire__L39,silent_gap,91,28.703296703296704
7c78e92c45a78ecdfa14aee1cea975753ac16e43983b9f537e596fee138e4bfd,acquire__L39,burst_start_distance,91,30.34065934065934
7c78e92c45a78ecdfa14aee1cea975753ac16e43983b9f537e596fee138e4bfd,report__L39,trigger_distance,177,15.248587570621469
7c78e92c45a78ecdfa14aee1cea975753ac16e43983b9f537e596fee138e4bfd,report__L39,silent_gap,49,51.46938775510204
7c78e92c45a78ecdfa14aee1cea975753ac16e43983b9f537e596fee138e4bfd,report__L39,burst_start_distance,49,54.714285714285715
7c78e92c45a78ecdfa14aee1cea975753ac16e43983b9f537e596fee138e4bfd,motivated__L39,trigger_distance,165,16.236363636363638
7c78e92c45a78ecdfa14aee1cea975753ac16e43983b9f537e596fee138e4bfd,motivated__L39,silent_gap,91,27.626373626373628
7c78e92c45a78ecdfa14aee1cea975753ac16e43983b9f537e596fee138e4bfd,motivated__L39,burst_start_distance,91,29.439560439560438
e7d60bc4bd3434e2af6dcf4785da346fe27c5b0bf37972c34bf5f873d538193c,suite__L39,trigger_distance,253,8.553359683794467
e7d60bc4bd3434e2af6dcf4785da346fe27c5b0bf37972c34bf5f873d538193c,suite__L39,silent_gap,123,15.536585365853659
e7d60bc4bd3434e2af6dcf4785da346fe27c5b0bf37972c34bf5f873d538193c,suite__L39,burst_start_distance,123,17.54471544715447
e7d60bc4bd3434e2af6dcf4785da346fe27c5b0bf37972c34bf5f873d538193c,validator__L39,trigger_distance,326,6.199386503067485
e7d60bc4bd3434e2af6dcf4785da346fe27c5b0bf37972c34bf5f873d538193c,validator__L39,silent_gap,107,15.841121495327103
e7d60bc4bd3434e2af6dcf4785da346fe27c5b0bf37972c34bf5f873d538193c,validator__L39,burst_start_distance,107,18.869158878504674
e7d60bc4bd3434e2af6dcf4785da346fe27c5b0bf37972c34bf5f873d538193c,scorefile__L39,trigger_distance,319,6.921630094043887
e7d60bc4bd3434e2af6dcf4785da346fe27c5b0bf37972c34bf5f873d538193c,scorefile__L39,silent_gap,127,14.874015748031496
e7d60bc4bd3434e2af6dcf4785da346fe27c5b0bf37972c34bf5f873d538193c,scorefile__L39,burst_start_distance,127,17.37795275590551
e7d60bc4bd3434e2af6dcf4785da346fe27c5b0bf37972c34bf5f873d538193c,acquire__L39,trigger_distance,100,21.63
e7d60bc4bd3434e2af6dcf4785da346fe27c5b0bf37972c34bf5f873d538193c,acquire__L39,silent_gap,76,27.144736842105264
e7d60bc4bd3434e2af6dcf4785da346fe27c5b0bf37972c34bf5f873d538193c,acquire__L39,burst_start_distance,76,28.44736842105263
e7d60bc4bd3434e2af6dcf4785da346fe27c5b0bf37972c34bf5f873d538193c,report__L39,trigger_distance,133,15.729323308270677
e7d60bc4bd3434e2af6dcf4785da346fe27c5b0bf37972c34bf5f873d538193c,report__L39,silent_gap,53,36.9622641509434
e7d60bc4bd3434e2af6dcf4785da346fe27c5b0bf37972c34bf5f873d538193c,report__L39,burst_start_distance,53,39.16981132075472
e7d60bc4bd3434e2af6dcf4785da346fe27c5b0bf37972c34bf5f873d538193c,motivated__L39,trigger_distance,148,13.128378378378379
e7d60bc4bd3434e2af6dcf4785da346fe27c5b0bf37972c34bf5f873d538193c,motivated__L39,silent_gap,75,23.933333333333334
e7d60bc4bd3434e2af6dcf4785da346fe27c5b0bf37972c34bf5f873d538193c,motivated__L39,burst_start_distance,75,25.906666666666666
60fe28c7e10c75935b24023a3e8f8aea739584abad578c38413730be799115b9,suite__L39,trigger_distance,60,26.983333333333334
60fe28c7e10c75935b24023a3e8f8aea739584abad578c38413730be799115b9,suite__L39,silent_gap,40,38.975
60fe28c7e10c75935b24023a3e8f8aea739584abad578c38413730be799115b9,suite__L39,burst_start_distance,40,40.45
60fe28c7e10c75935b24023a3e8f8aea739584abad578c38413730be799115b9,validator__L39,trigger_distance,51,28.215686274509803
60fe28c7e10c75935b24023a3e8f8aea739584abad578c38413730be799115b9,validator__L39,silent_gap,30,46.266666666666666
60fe28c7e10c75935b24023a3e8f8aea739584abad578c38413730be799115b9,validator__L39,burst_start_distance,30,47.93333333333333
60fe28c7e10c75935b24023a3e8f8aea739584abad578c38413730be799115b9,scorefile__L39,trigger_distance,82,19.902439024390244
60fe28c7e10c75935b24023a3e8f8aea739584abad578c38413730be799115b9,scorefile__L39,silent_gap,58,26.724137931034484
60fe28c7e10c75935b24023a3e8f8aea739584abad578c38413730be799115b9,scorefile__L39,burst_start_distance,58,28.120689655172413
60fe28c7e10c75935b24023a3e8f8aea739584abad578c38413730be799115b9,acquire__L39,trigger_distance,81,20.185185185185187
60fe28c7e10c75935b24023a3e8f8aea739584abad578c38413730be799115b9,acquire__L39,silent_gap,48,32.375
60fe28c7e10c75935b24023a3e8f8aea739584abad578c38413730be799115b9,acquire__L39,burst_start_distance,48,34.0625
60fe28c7e10c75935b24023a3e8f8aea739584abad578c38413730be799115b9,report__L39,trigger_distance,93,10.591397849462366
60fe28c7e10c75935b24023a3e8f8aea739584abad578c38413730be799115b9,report__L39,silent_gap,43,20.74418604651163
60fe28c7e10c75935b24023a3e8f8aea739584abad578c38413730be799115b9,report__L39,burst_start_distance,43,22.697674418604652
60fe28c7e10c75935b24023a3e8f8aea739584abad578c38413730be799115b9,motivated__L39,trigger_distance,140,11.014285714285714
60fe28c7e10c75935b24023a3e8f8aea739584abad578c38413730be799115b9,motivated__L39,silent_gap,70,20.02857142857143
60fe28c7e10c75935b24023a3e8f8aea739584abad578c38413730be799115b9,motivated__L39,burst_start_distance,70,22.02857142857143
8d76665f7ced7ba3fe9125f33f475f0922b5568e913f91f2809ae0536a35d087,suite__L39,trigger_distance,166,24.987951807228917
8d76665f7ced7ba3fe9125f33f475f0922b5568e913f91f2809ae0536a35d087,suite__L39,silent_gap,106,37.56603773584906
8d76665f7ced7ba3fe9125f33f475f0922b5568e913f91f2809ae0536a35d087,suite__L39,burst_start_distance,106,39.132075471698116
8d76665f7ced7ba3fe9125f33f475f0922b5568e913f91f2809ae0536a35d087,validator__L39,trigger_distance,200,20.53
8d76665f7ced7ba3fe9125f33f475f0922b5568e913f91f2809ae0536a35d087,validator__L39,silent_gap,117,33.38461538461539
8d76665f7ced7ba3fe9125f33f475f0922b5568e913f91f2809ae0536a35d087,validator__L39,burst_start_distance,117,35.085470085470085
8d76665f7ced7ba3fe9125f33f475f0922b5568e913f91f2809ae0536a35d087,scorefile__L39,trigger_distance,240,17.5625
8d76665f7ced7ba3fe9125f33f475f0922b5568e913f91f2809ae0536a35d087,scorefile__L39,silent_gap,163,24.386503067484664
8d76665f7ced7ba3fe9125f33f475f0922b5568e913f91f2809ae0536a35d087,scorefile__L39,burst_start_distance,163,25.858895705521473
8d76665f7ced7ba3fe9125f33f475f0922b5568e913f91f2809ae0536a35d087,acquire__L39,trigger_distance,254,16.61023622047244
8d76665f7ced7ba3fe9125f33f475f0922b5568e913f91f2809ae0536a35d087,acquire__L39,silent_gap,161,24.627329192546583
8d76665f7ced7ba3fe9125f33f475f0922b5568e913f91f2809ae0536a35d087,acquire__L39,burst_start_distance,161,26.204968944099377
8d76665f7ced7ba3fe9125f33f475f0922b5568e913f91f2809ae0536a35d087,report__L39,trigger_distance,110,37.31818181818182
8d76665f7ced7ba3fe9125f33f475f0922b5568e913f91f2809ae0536a35d087,report__L39,silent_gap,59,67.71186440677967
8d76665f7ced7ba3fe9125f33f475f0922b5568e913f91f2809ae0536a35d087,report__L39,burst_start_distance,59,69.52542372881356
8d76665f7ced7ba3fe9125f33f475f0922b5568e913f91f2809ae0536a35d087,motivated__L39,trigger_distance,325,12.34153846153846
8d76665f7ced7ba3fe9125f33f475f0922b5568e913f91f2809ae0536a35d087,motivated__L39,silent_gap,168,21.94047619047619
8d76665f7ced7ba3fe9125f33f475f0922b5568e913f91f2809ae0536a35d087,motivated__L39,burst_start_distance,168,23.875
345868c041946bdcb425ea2f02559eefbc16d7bf473d4d99ed78c4bdd2d530a7,suite__L39,trigger_distance,178,13.258426966292134
345868c041946bdcb425ea2f02559eefbc16d7bf473d4d99ed78c4bdd2d530a7,suite__L39,silent_gap,100,21.82
345868c041946bdcb425ea2f02559eefbc16d7bf473d4d99ed78c4bdd2d530a7,suite__L39,burst_start_distance,100,23.57
345868c041946bdcb425ea2f02559eefbc16d7bf473d4d99ed78c4bdd2d530a7,validator__L39,trigger_distance,198,11.742424242424242
345868c041946bdcb425ea2f02559eefbc16d7bf473d4d99ed78c4bdd2d530a7,validator__L39,silent_gap,76,27.986842105263158
345868c041946bdcb425ea2f02559eefbc16d7bf473d4d99ed78c4bdd2d530a7,validator__L39,burst_start_distance,76,30.56578947368421
345868c041946bdcb425ea2f02559eefbc16d7bf473d4d99ed78c4bdd2d530a7,scorefile__L39,trigger_distance,180,13.38888888888889
345868c041946bdcb425ea2f02559eefbc16d7bf473d4d99ed78c4bdd2d530a7,scorefile__L39,silent_gap,97,22.989690721649485
345868c041946bdcb425ea2f02559eefbc16d7bf473d4d99ed78c4bdd2d530a7,scorefile__L39,burst_start_distance,97,24.75257731958763
345868c041946bdcb425ea2f02559eefbc16d7bf473d4d99ed78c4bdd2d530a7,acquire__L39,trigger_distance,96,25.041666666666668
345868c041946bdcb425ea2f02559eefbc16d7bf473d4d99ed78c4bdd2d530a7,acquire__L39,silent_gap,72,32.05555555555556
345868c041946bdcb425ea2f02559eefbc16d7bf473d4d99ed78c4bdd2d530a7,acquire__L39,burst_start_distance,72,33.375
345868c041946bdcb425ea2f02559eefbc16d7bf473d4d99ed78c4bdd2d530a7,report__L39,trigger_distance,169,13.816568047337277
345868c041946bdcb425ea2f02559eefbc16d7bf473d4d99ed78c4bdd2d530a7,report__L39,silent_gap,59,36.71186440677966
345868c041946bdcb425ea2f02559eefbc16d7bf473d4d99ed78c4bdd2d530a7,report__L39,burst_start_distance,59,39.30508474576271
345868c041946bdcb425ea2f02559eefbc16d7bf473d4d99ed78c4bdd2d530a7,motivated__L39,trigger_distance,135,16.57777777777778
345868c041946bdcb425ea2f02559eefbc16d7bf473d4d99ed78c4bdd2d530a7,motivated__L39,silent_gap,70,30.042857142857144
345868c041946bdcb425ea2f02559eefbc16d7bf473d4d99ed78c4bdd2d530a7,motivated__L39,burst_start_distance,70,31.97142857142857
40b86f9e6173df5d9eadb4cc8f349ed735d85eabd3d4de9f5cba8d84cab31716,suite__L39,trigger_distance,120,12.35
40b86f9e6173df5d9eadb4cc8f349ed735d85eabd3d4de9f5cba8d84cab31716,suite__L39,silent_gap,69,19.73913043478261
40b86f9e6173df5d9eadb4cc8f349ed735d85eabd3d4de9f5cba8d84cab31716,suite__L39,burst_start_distance,69,21.47826086956522
40b86f9e6173df5d9eadb4cc8f349ed735d85eabd3d4de9f5cba8d84cab31716,validator__L39,trigger_distance,314,4.640127388535032
40b86f9e6173df5d9eadb4cc8f349ed735d85eabd3d4de9f5cba8d84cab31716,validator__L39,silent_gap,119,9.605042016806722
40b86f9e6173df5d9eadb4cc8f349ed735d85eabd3d4de9f5cba8d84cab31716,validator__L39,burst_start_distance,119,12.243697478991596
40b86f9e6173df5d9eadb4cc8f349ed735d85eabd3d4de9f5cba8d84cab31716,scorefile__L39,trigger_distance,270,5.7444444444444445
40b86f9e6173df5d9eadb4cc8f349ed735d85eabd3d4de9f5cba8d84cab31716,scorefile__L39,silent_gap,114,11.236842105263158
40b86f9e6173df5d9eadb4cc8f349ed735d85eabd3d4de9f5cba8d84cab31716,scorefile__L39,burst_start_distance,114,13.605263157894736
40b86f9e6173df5d9eadb4cc8f349ed735d85eabd3d4de9f5cba8d84cab31716,acquire__L39,trigger_distance,97,15.97938144329897
40b86f9e6173df5d9eadb4cc8f349ed735d85eabd3d4de9f5cba8d84cab31716,acquire__L39,silent_gap,58,25.051724137931036
40b86f9e6173df5d9eadb4cc8f349ed735d85eabd3d4de9f5cba8d84cab31716,acquire__L39,burst_start_distance,58,26.724137931034484
40b86f9e6173df5d9eadb4cc8f349ed735d85eabd3d4de9f5cba8d84cab31716,report__L39,trigger_distance,11,55.27272727272727
40b86f9e6173df5d9eadb4cc8f349ed735d85eabd3d4de9f5cba8d84cab31716,report__L39,silent_gap,8,74.625
40b86f9e6173df5d9eadb4cc8f349ed735d85eabd3d4de9f5cba8d84cab31716,report__L39,burst_start_distance,8,75.75
40b86f9e6173df5d9eadb4cc8f349ed735d85eabd3d4de9f5cba8d84cab31716,motivated__L39,trigger_distance,69,19.666666666666668
40b86f9e6173df5d9eadb4cc8f349ed735d85eabd3d4de9f5cba8d84cab31716,motivated__L39,silent_gap,40,32.2
40b86f9e6173df5d9eadb4cc8f349ed735d85eabd3d4de9f5cba8d84cab31716,motivated__L39,burst_start_distance,40,33.925
741bdd3a370147bc5cd4992856102b820debcbb06df5021aaa66322f8e6f8057,suite__L39,trigger_distance,96,24.645833333333332
741bdd3a370147bc5cd4992856102b820debcbb06df5021aaa66322f8e6f8057,suite__L39,silent_gap,53,42.83018867924528
741bdd3a370147bc5cd4992856102b820debcbb06df5021aaa66322f8e6f8057,suite__L39,burst_start_distance,53,44.64150943396226
741bdd3a370147bc5cd4992856102b820debcbb06df5021aaa66322f8e6f8057,validator__L39,trigger_distance,210,10.938095238095238
741bdd3a370147bc5cd4992856102b820debcbb06df5021aaa66322f8e6f8057,validator__L39,silent_gap,71,29.3943661971831
741bdd3a370147bc5cd4992856102b820debcbb06df5021aaa66322f8e6f8057,validator__L39,burst_start_distance,71,32.2112676056338
741bdd3a370147bc5cd4992856102b820debcbb06df5021aaa66322f8e6f8057,scorefile__L39,trigger_distance,230,10.434782608695652
741bdd3a370147bc5cd4992856102b820debcbb06df5021aaa66322f8e6f8057,scorefile__L39,silent_gap,111,19.54954954954955
741bdd3a370147bc5cd4992856102b820debcbb06df5021aaa66322f8e6f8057,scorefile__L39,burst_start_distance,111,21.54954954954955
741bdd3a370147bc5cd4992856102b820debcbb06df5021aaa66322f8e6f8057,acquire__L39,trigger_distance,120,20.083333333333332
741bdd3a370147bc5cd4992856102b820debcbb06df5021aaa66322f8e6f8057,acquire__L39,silent_gap,80,28.625
741bdd3a370147bc5cd4992856102b820debcbb06df5021aaa66322f8e6f8057,acquire__L39,burst_start_distance,80,30.125
741bdd3a370147bc5cd4992856102b820debcbb06df5021aaa66322f8e6f8057,report__L39,trigger_distance,67,34.298507462686565
741bdd3a370147bc5cd4992856102b820debcbb06df5021aaa66322f8e6f8057,report__L39,silent_gap,44,50.70454545454545
741bdd3a370147bc5cd4992856102b820debcbb06df5021aaa66322f8e6f8057,report__L39,burst_start_distance,44,52.09090909090909
741bdd3a370147bc5cd4992856102b820debcbb06df5021aaa66322f8e6f8057,motivated__L39,trigger_distance,174,13.137931034482758
741bdd3a370147bc5cd4992856102b820debcbb06df5021aaa66322f8e6f8057,motivated__L39,silent_gap,88,24.0
741bdd3a370147bc5cd4992856102b820debcbb06df5021aaa66322f8e6f8057,motivated__L39,burst_start_distance,88,25.977272727272727
d9e67875dd312f14495b252921042f55e510c1d42b8043cc1eca31c0c9b177fc,suite__L39,trigger_distance,222,14.342342342342342
d9e67875dd312f14495b252921042f55e510c1d42b8043cc1eca31c0c9b177fc,suite__L39,silent_gap,128,23.140625
d9e67875dd312f14495b252921042f55e510c1d42b8043cc1eca31c0c9b177fc,suite__L39,burst_start_distance,128,24.8125
d9e67875dd312f14495b252921042f55e510c1d42b8043cc1eca31c0c9b177fc,validator__L39,trigger_distance,146,21.28082191780822
d9e67875dd312f14495b252921042f55e510c1d42b8043cc1eca31c0c9b177fc,validator__L39,silent_gap,71,41.70422535211268
d9e67875dd312f14495b252921042f55e510c1d42b8043cc1eca31c0c9b177fc,validator__L39,burst_start_distance,71,43.732394366197184
d9e67875dd312f14495b252921042f55e510c1d42b8043cc1eca31c0c9b177fc,scorefile__L39,trigger_distance,245,13.151020408163266
d9e67875dd312f14495b252921042f55e510c1d42b8043cc1eca31c0c9b177fc,scorefile__L39,silent_gap,141,21.113475177304963
d9e67875dd312f14495b252921042f55e510c1d42b8043cc1eca31c0c9b177fc,scorefile__L39,burst_start_distance,141,22.851063829787233
d9e67875dd312f14495b252921042f55e510c1d42b8043cc1eca31c0c9b177fc,acquire__L39,trigger_distance,205,15.541463414634146
d9e67875dd312f14495b252921042f55e510c1d42b8043cc1eca31c0c9b177fc,acquire__L39,silent_gap,114,26.149122807017545
d9e67875dd312f14495b252921042f55e510c1d42b8043cc1eca31c0c9b177fc,acquire__L39,burst_start_distance,114,27.94736842105263
d9e67875dd312f14495b252921042f55e510c1d42b8043cc1eca31c0c9b177fc,report__L39,trigger_distance,234,12.051282051282051
d9e67875dd312f14495b252921042f55e510c1d42b8043cc1eca31c0c9b177fc,report__L39,silent_gap,78,33.15384615384615
d9e67875dd312f14495b252921042f55e510c1d42b8043cc1eca31c0c9b177fc,report__L39,burst_start_distance,78,35.93589743589744
d9e67875dd312f14495b252921042f55e510c1d42b8043cc1eca31c0c9b177fc,motivated__L39,trigger_distance,214,14.532710280373832
d9e67875dd312f14495b252921042f55e510c1d42b8043cc1eca31c0c9b177fc,motivated__L39,silent_gap,113,25.628318584070797
d9e67875dd312f14495b252921042f55e510c1d42b8043cc1eca31c0c9b177fc,motivated__L39,burst_start_distance,113,27.52212389380531
ad517096df4cc4c42cdf7be9b8f41e676f0d1df0a5583b0872e23038c32c50a8,suite__L39,trigger_distance,190,20.357894736842105
ad517096df4cc4c42cdf7be9b8f41e676f0d1df0a5583b0872e23038c32c50a8,suite__L39,silent_gap,127,28.96062992125984
ad517096df4cc4c42cdf7be9b8f41e676f0d1df0a5583b0872e23038c32c50a8,suite__L39,burst_start_distance,127,30.440944881889763
ad517096df4cc4c42cdf7be9b8f41e676f0d1df0a5583b0872e23038c32c50a8,validator__L39,trigger_distance,175,21.731428571428573
ad517096df4cc4c42cdf7be9b8f41e676f0d1df0a5583b0872e23038c32c50a8,validator__L39,silent_gap,90,40.31111111111111
ad517096df4cc4c42cdf7be9b8f41e676f0d1df0a5583b0872e23038c32c50a8,validator__L39,burst_start_distance,90,42.25555555555555
ad517096df4cc4c42cdf7be9b8f41e676f0d1df0a5583b0872e23038c32c50a8,scorefile__L39,trigger_distance,172,22.482558139534884
ad517096df4cc4c42cdf7be9b8f41e676f0d1df0a5583b0872e23038c32c50a8,scorefile__L39,silent_gap,121,30.537190082644628
ad517096df4cc4c42cdf7be9b8f41e676f0d1df0a5583b0872e23038c32c50a8,scorefile__L39,burst_start_distance,121,31.958677685950413
ad517096df4cc4c42cdf7be9b8f41e676f0d1df0a5583b0872e23038c32c50a8,acquire__L39,trigger_distance,188,19.675531914893618
ad517096df4cc4c42cdf7be9b8f41e676f0d1df0a5583b0872e23038c32c50a8,acquire__L39,silent_gap,109,32.211009174311926
ad517096df4cc4c42cdf7be9b8f41e676f0d1df0a5583b0872e23038c32c50a8,acquire__L39,burst_start_distance,109,33.908256880733944
ad517096df4cc4c42cdf7be9b8f41e676f0d1df0a5583b0872e23038c32c50a8,report__L39,trigger_distance,169,22.609467455621303
ad517096df4cc4c42cdf7be9b8f41e676f0d1df0a5583b0872e23038c32c50a8,report__L39,silent_gap,78,46.82051282051282
ad517096df4cc4c42cdf7be9b8f41e676f0d1df0a5583b0872e23038c32c50a8,report__L39,burst_start_distance,78,48.80769230769231
ad517096df4cc4c42cdf7be9b8f41e676f0d1df0a5583b0872e23038c32c50a8,motivated__L39,trigger_distance,304,12.384868421052632
ad517096df4cc4c42cdf7be9b8f41e676f0d1df0a5583b0872e23038c32c50a8,motivated__L39,silent_gap,157,22.044585987261147
ad517096df4cc4c42cdf7be9b8f41e676f0d1df0a5583b0872e23038c32c50a8,motivated__L39,burst_start_distance,157,23.980891719745223
1001ba286e5202879350b7848f9f11573149f6e10084c1a268a2c4c9f2efa064,suite__L39,trigger_distance,134,11.037313432835822
1001ba286e5202879350b7848f9f11573149f6e10084c1a268a2c4c9f2efa064,suite__L39,silent_gap,72,18.680555555555557
1001ba286e5202879350b7848f9f11573149f6e10084c1a268a2c4c9f2efa064,suite__L39,burst_start_distance,72,20.541666666666668
1001ba286e5202879350b7848f9f11573149f6e10084c1a268a2c4c9f2efa064,validator__L39,trigger_distance,221,6.619909502262443
1001ba286e5202879350b7848f9f11573149f6e10084c1a268a2c4c9f2efa064,validator__L39,silent_gap,71,17.492957746478872
1001ba286e5202879350b7848f9f11573149f6e10084c1a268a2c4c9f2efa064,validator__L39,burst_start_distance,71,20.591549295774648
1001ba286e5202879350b7848f9f11573149f6e10084c1a268a2c4c9f2efa064,scorefile__L39,trigger_distance,275,5.610909090909091
1001ba286e5202879350b7848f9f11573149f6e10084c1a268a2c4c9f2efa064,scorefile__L39,silent_gap,107,11.850467289719626
1001ba286e5202879350b7848f9f11573149f6e10084c1a268a2c4c9f2efa064,scorefile__L39,burst_start_distance,107,14.42056074766355
1001ba286e5202879350b7848f9f11573149f6e10084c1a268a2c4c9f2efa064,acquire__L39,trigger_distance,96,15.96875
1001ba286e5202879350b7848f9f11573149f6e10084c1a268a2c4c9f2efa064,acquire__L39,silent_gap,56,25.660714285714285
1001ba286e5202879350b7848f9f11573149f6e10084c1a268a2c4c9f2efa064,acquire__L39,burst_start_distance,56,27.375
1001ba286e5202879350b7848f9f11573149f6e10084c1a268a2c4c9f2efa064,report__L39,trigger_distance,30,48.46666666666667
1001ba286e5202879350b7848f9f11573149f6e10084c1a268a2c4c9f2efa064,report__L39,silent_gap,18,79.11111111111111
1001ba286e5202879350b7848f9f11573149f6e10084c1a268a2c4c9f2efa064,report__L39,burst_start_distance,18,80.72222222222223
1001ba286e5202879350b7848f9f11573149f6e10084c1a268a2c4c9f2efa064,motivated__L39,trigger_distance,78,17.73076923076923
1001ba286e5202879350b7848f9f11573149f6e10084c1a268a2c4c9f2efa064,motivated__L39,silent_gap,37,35.270270270270274
1001ba286e5202879350b7848f9f11573149f6e10084c1a268a2c4c9f2efa064,motivated__L39,burst_start_distance,37,37.37837837837838
f8e2fd1f3df776ab4fca10661f269b76cc37e62e964a5ae1b8f1060656241580,suite__L39,trigger_distance,207,16.516908212560388
f8e2fd1f3df776ab4fca10661f269b76cc37e62e964a5ae1b8f1060656241580,suite__L39,silent_gap,113,28.424778761061948
f8e2fd1f3df776ab4fca10661f269b76cc37e62e964a5ae1b8f1060656241580,suite__L39,burst_start_distance,113,30.256637168141594
f8e2fd1f3df776ab4fca10661f269b76cc37e62e964a5ae1b8f1060656241580,validator__L39,trigger_distance,227,14.709251101321586
f8e2fd1f3df776ab4fca10661f269b76cc37e62e964a5ae1b8f1060656241580,validator__L39,silent_gap,109,28.55045871559633
f8e2fd1f3df776ab4fca10661f269b76cc37e62e964a5ae1b8f1060656241580,validator__L39,burst_start_distance,109,30.63302752293578
f8e2fd1f3df776ab4fca10661f269b76cc37e62e964a5ae1b8f1060656241580,scorefile__L39,trigger_distance,289,12.020761245674741
f8e2fd1f3df776ab4fca10661f269b76cc37e62e964a5ae1b8f1060656241580,scorefile__L39,silent_gap,177,17.994350282485875
f8e2fd1f3df776ab4fca10661f269b76cc37e62e964a5ae1b8f1060656241580,scorefile__L39,burst_start_distance,177,19.615819209039547
f8e2fd1f3df776ab4fca10661f269b76cc37e62e964a5ae1b8f1060656241580,acquire__L39,trigger_distance,142,24.112676056338028
f8e2fd1f3df776ab4fca10661f269b76cc37e62e964a5ae1b8f1060656241580,acquire__L39,silent_gap,95,34.54736842105263
f8e2fd1f3df776ab4fca10661f269b76cc37e62e964a5ae1b8f1060656241580,acquire__L39,burst_start_distance,95,36.0
f8e2fd1f3df776ab4fca10661f269b76cc37e62e964a5ae1b8f1060656241580,report__L39,trigger_distance,119,28.51260504201681
f8e2fd1f3df776ab4fca10661f269b76cc37e62e964a5ae1b8f1060656241580,report__L39,silent_gap,77,42.51948051948052
f8e2fd1f3df776ab4fca10661f269b76cc37e62e964a5ae1b8f1060656241580,report__L39,burst_start_distance,77,44.01298701298701
f8e2fd1f3df776ab4fca10661f269b76cc37e62e964a5ae1b8f1060656241580,motivated__L39,trigger_distance,402,8.395522388059701
f8e2fd1f3df776ab4fca10661f269b76cc37e62e964a5ae1b8f1060656241580,motivated__L39,silent_gap,199,14.93969849246231
f8e2fd1f3df776ab4fca10661f269b76cc37e62e964a5ae1b8f1060656241580,motivated__L39,burst_start_distance,199,16.959798994974875
beeca6d206b818084caba7e91a5559687214417390f078a755e5b86ca1e4bfa7,suite__L39,trigger_distance,118,16.915254237288135
beeca6d206b818084caba7e91a5559687214417390f078a755e5b86ca1e4bfa7,suite__L39,silent_gap,64,29.34375
beeca6d206b818084caba7e91a5559687214417390f078a755e5b86ca1e4bfa7,suite__L39,burst_start_distance,64,31.1875
beeca6d206b818084caba7e91a5559687214417390f078a755e5b86ca1e4bfa7,validator__L39,trigger_distance,199,9.633165829145728
beeca6d206b818084caba7e91a5559687214417390f078a755e5b86ca1e4bfa7,validator__L39,silent_gap,63,27.26984126984127
beeca6d206b818084caba7e91a5559687214417390f078a755e5b86ca1e4bfa7,validator__L39,burst_start_distance,63,30.365079365079364
beeca6d206b818084caba7e91a5559687214417390f078a755e5b86ca1e4bfa7,scorefile__L39,trigger_distance,268,7.526119402985074
beeca6d206b818084caba7e91a5559687214417390f078a755e5b86ca1e4bfa7,scorefile__L39,silent_gap,100,17.49
beeca6d206b818084caba7e91a5559687214417390f078a755e5b86ca1e4bfa7,scorefile__L39,burst_start_distance,100,20.17
beeca6d206b818084caba7e91a5559687214417390f078a755e5b86ca1e4bfa7,acquire__L39,trigger_distance,103,18.75728155339806
beeca6d206b818084caba7e91a5559687214417390f078a755e5b86ca1e4bfa7,acquire__L39,silent_gap,62,29.5
beeca6d206b818084caba7e91a5559687214417390f078a755e5b86ca1e4bfa7,acquire__L39,burst_start_distance,62,31.14516129032258
beeca6d206b818084caba7e91a5559687214417390f078a755e5b86ca1e4bfa7,report__L39,trigger_distance,40,47.75
beeca6d206b818084caba7e91a5559687214417390f078a755e5b86ca1e4bfa7,report__L39,silent_gap,28,66.78571428571429
beeca6d206b818084caba7e91a5559687214417390f078a755e5b86ca1e4bfa7,report__L39,burst_start_distance,28,68.03571428571429
beeca6d206b818084caba7e91a5559687214417390f078a755e5b86ca1e4bfa7,motivated__L39,trigger_distance,102,18.147058823529413
beeca6d206b818084caba7e91a5559687214417390f078a755e5b86ca1e4bfa7,motivated__L39,silent_gap,50,34.98
beeca6d206b818084caba7e91a5559687214417390f078a755e5b86ca1e4bfa7,motivated__L39,burst_start_distance,50,36.98
2e6671c55efa547381aff960a01bffa6c34e44d2bc7cc4667f0d1c5185faa566,suite__L39,trigger_distance,156,27.275641025641026
2e6671c55efa547381aff960a01bffa6c34e44d2bc7cc4667f0d1c5185faa566,suite__L39,silent_gap,113,36.27433628318584
2e6671c55efa547381aff960a01bffa6c34e44d2bc7cc4667f0d1c5185faa566,suite__L39,burst_start_distance,113,37.6283185840708
2e6671c55efa547381aff960a01bffa6c34e44d2bc7cc4667f0d1c5185faa566,validator__L39,trigger_distance,128,32.6875
2e6671c55efa547381aff960a01bffa6c34e44d2bc7cc4667f0d1c5185faa566,validator__L39,silent_gap,81,50.074074074074076
2e6671c55efa547381aff960a01bffa6c34e44d2bc7cc4667f0d1c5185faa566,validator__L39,burst_start_distance,81,51.629629629629626
2e6671c55efa547381aff960a01bffa6c34e44d2bc7cc4667f0d1c5185faa566,scorefile__L39,trigger_distance,193,21.989637305699482
2e6671c55efa547381aff960a01bffa6c34e44d2bc7cc4667f0d1c5185faa566,scorefile__L39,silent_gap,140,28.935714285714287
2e6671c55efa547381aff960a01bffa6c34e44d2bc7cc4667f0d1c5185faa566,scorefile__L39,burst_start_distance,140,30.314285714285713
2e6671c55efa547381aff960a01bffa6c34e44d2bc7cc4667f0d1c5185faa566,acquire__L39,trigger_distance,209,19.75598086124402
2e6671c55efa547381aff960a01bffa6c34e44d2bc7cc4667f0d1c5185faa566,acquire__L39,silent_gap,136,28.823529411764707
2e6671c55efa547381aff960a01bffa6c34e44d2bc7cc4667f0d1c5185faa566,acquire__L39,burst_start_distance,136,30.360294117647058
2e6671c55efa547381aff960a01bffa6c34e44d2bc7cc4667f0d1c5185faa566,report__L39,trigger_distance,150,28.08
2e6671c55efa547381aff960a01bffa6c34e44d2bc7cc4667f0d1c5185faa566,report__L39,silent_gap,56,72.53571428571429
2e6671c55efa547381aff960a01bffa6c34e44d2bc7cc4667f0d1c5185faa566,report__L39,burst_start_distance,56,74.92857142857143
2e6671c55efa547381aff960a01bffa6c34e44d2bc7cc4667f0d1c5185faa566,motivated__L39,trigger_distance,219,19.095890410958905
2e6671c55efa547381aff960a01bffa6c34e44d2bc7cc4667f0d1c5185faa566,motivated__L39,silent_gap,138,28.717391304347824
2e6671c55efa547381aff960a01bffa6c34e44d2bc7cc4667f0d1c5185faa566,motivated__L39,burst_start_distance,138,30.304347826086957
b2f0c90505418241ccbcf02a05f4402ed41223bae259500432b61f9beb0b8283,suite__L39,trigger_distance,165,20.818181818181817
b2f0c90505418241ccbcf02a05f4402ed41223bae259500432b61f9beb0b8283,suite__L39,silent_gap,110,29.727272727272727
b2f0c90505418241ccbcf02a05f4402ed41223bae259500432b61f9beb0b8283,suite__L39,burst_start_distance,110,31.2
b2f0c90505418241ccbcf02a05f4402ed41223bae259500432b61f9beb0b8283,validator__L39,trigger_distance,113,28.01769911504425
b2f0c90505418241ccbcf02a05f4402ed41223bae259500432b61f9beb0b8283,validator__L39,silent_gap,60,50.88333333333333
b2f0c90505418241ccbcf02a05f4402ed41223bae259500432b61f9beb0b8283,validator__L39,burst_start_distance,60,52.766666666666666
b2f0c90505418241ccbcf02a05f4402ed41223bae259500432b61f9beb0b8283,scorefile__L39,trigger_distance,201,17.034825870646767
b2f0c90505418241ccbcf02a05f4402ed41223bae259500432b61f9beb0b8283,scorefile__L39,silent_gap,113,28.52212389380531
b2f0c90505418241ccbcf02a05f4402ed41223bae259500432b61f9beb0b8283,scorefile__L39,burst_start_distance,113,30.300884955752213
b2f0c90505418241ccbcf02a05f4402ed41223bae259500432b61f9beb0b8283,acquire__L39,trigger_distance,129,25.930232558139537
b2f0c90505418241ccbcf02a05f4402ed41223bae259500432b61f9beb0b8283,acquire__L39,silent_gap,84,38.285714285714285
b2f0c90505418241ccbcf02a05f4402ed41223bae259500432b61f9beb0b8283,acquire__L39,burst_start_distance,84,39.82142857142857
b2f0c90505418241ccbcf02a05f4402ed41223bae259500432b61f9beb0b8283,report__L39,trigger_distance,137,24.693430656934307
b2f0c90505418241ccbcf02a05f4402ed41223bae259500432b61f9beb0b8283,report__L39,silent_gap,54,60.111111111111114
b2f0c90505418241ccbcf02a05f4402ed41223bae259500432b61f9beb0b8283,report__L39,burst_start_distance,54,62.5
b2f0c90505418241ccbcf02a05f4402ed41223bae259500432b61f9beb0b8283,motivated__L39,trigger_distance,278,12.057553956834532
b2f0c90505418241ccbcf02a05f4402ed41223bae259500432b61f9beb0b8283,motivated__L39,silent_gap,138,22.27536231884058
b2f0c90505418241ccbcf02a05f4402ed41223bae259500432b61f9beb0b8283,motivated__L39,burst_start_distance,138,24.28985507246377
c043ea71dfe5c56b207570b7ade3e141173803219d8185cb8d76f0697a099566,suite__L39,trigger_distance,235,18.96595744680851
c043ea71dfe5c56b207570b7ade3e141173803219d8185cb8d76f0697a099566,suite__L39,silent_gap,139,30.37410071942446
c043ea71dfe5c56b207570b7ade3e141173803219d8185cb8d76f0697a099566,suite__L39,burst_start_distance,139,32.064748201438846
c043ea71dfe5c56b207570b7ade3e141173803219d8185cb8d76f0697a099566,validator__L39,trigger_distance,305,13.334426229508196
c043ea71dfe5c56b207570b7ade3e141173803219d8185cb8d76f0697a099566,validator__L39,silent_gap,123,30.585365853658537
c043ea71dfe5c56b207570b7ade3e141173803219d8185cb8d76f0697a099566,validator__L39,burst_start_distance,123,33.0650406504065
c043ea71dfe5c56b207570b7ade3e141173803219d8185cb8d76f0697a099566,scorefile__L39,trigger_distance,350,12.774285714285714
c043ea71dfe5c56b207570b7ade3e141173803219d8185cb8d76f0697a099566,scorefile__L39,silent_gap,184,22.39673913043478
c043ea71dfe5c56b207570b7ade3e141173803219d8185cb8d76f0697a099566,scorefile__L39,burst_start_distance,184,24.29891304347826
c043ea71dfe5c56b207570b7ade3e141173803219d8185cb8d76f0697a099566,acquire__L39,trigger_distance,162,27.623456790123456
c043ea71dfe5c56b207570b7ade3e141173803219d8185cb8d76f0697a099566,acquire__L39,silent_gap,110,39.20909090909091
c043ea71dfe5c56b207570b7ade3e141173803219d8185cb8d76f0697a099566,acquire__L39,burst_start_distance,110,40.68181818181818
c043ea71dfe5c56b207570b7ade3e141173803219d8185cb8d76f0697a099566,report__L39,trigger_distance,60,73.61666666666666
c043ea71dfe5c56b207570b7ade3e141173803219d8185cb8d76f0697a099566,report__L39,silent_gap,43,101.32558139534883
c043ea71dfe5c56b207570b7ade3e141173803219d8185cb8d76f0697a099566,report__L39,burst_start_distance,43,102.67441860465117
c043ea71dfe5c56b207570b7ade3e141173803219d8185cb8d76f0697a099566,motivated__L39,trigger_distance,447,9.883668903803132
c043ea71dfe5c56b207570b7ade3e141173803219d8185cb8d76f0697a099566,motivated__L39,silent_gap,234,16.97008547008547
c043ea71dfe5c56b207570b7ade3e141173803219d8185cb8d76f0697a099566,motivated__L39,burst_start_distance,234,18.876068376068375
e96a118241df6aa96f45afc27fe647eb9fd321535c28df5f62b4e7691d15f2fe,suite__L39,trigger_distance,389,8.426735218508998
e96a118241df6aa96f45afc27fe647eb9fd321535c28df5f62b4e7691d15f2fe,suite__L39,silent_gap,184,15.701086956521738
e96a118241df6aa96f45afc27fe647eb9fd321535c28df5f62b4e7691d15f2fe,suite__L39,burst_start_distance,184,17.815217391304348
e96a118241df6aa96f45afc27fe647eb9fd321535c28df5f62b4e7691d15f2fe,validator__L39,trigger_distance,556,5.794964028776978
e96a118241df6aa96f45afc27fe647eb9fd321535c28df5f62b4e7691d15f2fe,validator__L39,silent_gap,183,14.568306010928962
e96a118241df6aa96f45afc27fe647eb9fd321535c28df5f62b4e7691d15f2fe,validator__L39,burst_start_distance,183,17.595628415300546
e96a118241df6aa96f45afc27fe647eb9fd321535c28df5f62b4e7691d15f2fe,scorefile__L39,trigger_distance,506,6.563241106719367
e96a118241df6aa96f45afc27fe647eb9fd321535c28df5f62b4e7691d15f2fe,scorefile__L39,silent_gap,214,13.154205607476635
e96a118241df6aa96f45afc27fe647eb9fd321535c28df5f62b4e7691d15f2fe,scorefile__L39,burst_start_distance,214,15.518691588785046
e96a118241df6aa96f45afc27fe647eb9fd321535c28df5f62b4e7691d15f2fe,acquire__L39,trigger_distance,149,21.778523489932887
e96a118241df6aa96f45afc27fe647eb9fd321535c28df5f62b4e7691d15f2fe,acquire__L39,silent_gap,100,30.96
e96a118241df6aa96f45afc27fe647eb9fd321535c28df5f62b4e7691d15f2fe,acquire__L39,burst_start_distance,100,32.44
e96a118241df6aa96f45afc27fe647eb9fd321535c28df5f62b4e7691d15f2fe,report__L39,trigger_distance,188,17.22872340425532
e96a118241df6aa96f45afc27fe647eb9fd321535c28df5f62b4e7691d15f2fe,report__L39,silent_gap,61,50.01639344262295
e96a118241df6aa96f45afc27fe647eb9fd321535c28df5f62b4e7691d15f2fe,report__L39,burst_start_distance,61,53.049180327868854
e96a118241df6aa96f45afc27fe647eb9fd321535c28df5f62b4e7691d15f2fe,motivated__L39,trigger_distance,259,12.274131274131275
e96a118241df6aa96f45afc27fe647eb9fd321535c28df5f62b4e7691d15f2fe,motivated__L39,silent_gap,115,25.391304347826086
e96a118241df6aa96f45afc27fe647eb9fd321535c28df5f62b4e7691d15f2fe,motivated__L39,burst_start_distance,115,27.643478260869564
33478a48bc866635537eaae3b43f348c486ad0489acd038ff65e3381047839cf,suite__L39,trigger_distance,293,7.515358361774744
33478a48bc866635537eaae3b43f348c486ad0489acd038ff65e3381047839cf,suite__L39,silent_gap,131,14.572519083969466
33478a48bc866635537eaae3b43f348c486ad0489acd038ff65e3381047839cf,suite__L39,burst_start_distance,131,16.793893129770993
33478a48bc866635537eaae3b43f348c486ad0489acd038ff65e3381047839cf,validator__L39,trigger_distance,399,5.468671679197995
33478a48bc866635537eaae3b43f348c486ad0489acd038ff65e3381047839cf,validator__L39,silent_gap,114,15.640350877192983
33478a48bc866635537eaae3b43f348c486ad0489acd038ff65e3381047839cf,validator__L39,burst_start_distance,114,19.13157894736842
33478a48bc866635537eaae3b43f348c486ad0489acd038ff65e3381047839cf,scorefile__L39,trigger_distance,437,5.0
33478a48bc866635537eaae3b43f348c486ad0489acd038ff65e3381047839cf,scorefile__L39,silent_gap,164,10.658536585365853
33478a48bc866635537eaae3b43f348c486ad0489acd038ff65e3381047839cf,scorefile__L39,burst_start_distance,164,13.323170731707316
33478a48bc866635537eaae3b43f348c486ad0489acd038ff65e3381047839cf,acquire__L39,trigger_distance,122,17.434426229508198
33478a48bc866635537eaae3b43f348c486ad0489acd038ff65e3381047839cf,acquire__L39,silent_gap,85,23.58823529411765
33478a48bc866635537eaae3b43f348c486ad0489acd038ff65e3381047839cf,acquire__L39,burst_start_distance,85,24.95294117647059
33478a48bc866635537eaae3b43f348c486ad0489acd038ff65e3381047839cf,report__L39,trigger_distance,111,19.72972972972973
33478a48bc866635537eaae3b43f348c486ad0489acd038ff65e3381047839cf,report__L39,silent_gap,47,44.234042553191486
33478a48bc866635537eaae3b43f348c486ad0489acd038ff65e3381047839cf,report__L39,burst_start_distance,47,46.4468085106383
33478a48bc866635537eaae3b43f348c486ad0489acd038ff65e3381047839cf,motivated__L39,trigger_distance,141,14.957446808510639
33478a48bc866635537eaae3b43f348c486ad0489acd038ff65e3381047839cf,motivated__L39,silent_gap,77,25.558441558441558
33478a48bc866635537eaae3b43f348c486ad0489acd038ff65e3381047839cf,motivated__L39,burst_start_distance,77,27.376623376623378
8e877c4501b5fd02f3ca0a088c733c7d17da42d50ca40595bcd803e797bf72eb,suite__L39,trigger_distance,261,10.406130268199234
8e877c4501b5fd02f3ca0a088c733c7d17da42d50ca40595bcd803e797bf72eb,suite__L39,silent_gap,144,17.04861111111111
8e877c4501b5fd02f3ca0a088c733c7d17da42d50ca40595bcd803e797bf72eb,suite__L39,burst_start_distance,144,18.84027777777778
8e877c4501b5fd02f3ca0a088c733c7d17da42d50ca40595bcd803e797bf72eb,validator__L39,trigger_distance,311,8.643086816720258
8e877c4501b5fd02f3ca0a088c733c7d17da42d50ca40595bcd803e797bf72eb,validator__L39,silent_gap,115,20.669565217391305
8e877c4501b5fd02f3ca0a088c733c7d17da42d50ca40595bcd803e797bf72eb,validator__L39,burst_start_distance,115,23.330434782608695
8e877c4501b5fd02f3ca0a088c733c7d17da42d50ca40595bcd803e797bf72eb,scorefile__L39,trigger_distance,270,10.218518518518518
8e877c4501b5fd02f3ca0a088c733c7d17da42d50ca40595bcd803e797bf72eb,scorefile__L39,silent_gap,143,17.405594405594407
8e877c4501b5fd02f3ca0a088c733c7d17da42d50ca40595bcd803e797bf72eb,scorefile__L39,burst_start_distance,143,19.293706293706293
8e877c4501b5fd02f3ca0a088c733c7d17da42d50ca40595bcd803e797bf72eb,acquire__L39,trigger_distance,138,19.42753623188406
8e877c4501b5fd02f3ca0a088c733c7d17da42d50ca40595bcd803e797bf72eb,acquire__L39,silent_gap,82,31.01219512195122
8e877c4501b5fd02f3ca0a088c733c7d17da42d50ca40595bcd803e797bf72eb,acquire__L39,burst_start_distance,82,32.670731707317074
8e877c4501b5fd02f3ca0a088c733c7d17da42d50ca40595bcd803e797bf72eb,report__L39,trigger_distance,166,13.19277108433735
8e877c4501b5fd02f3ca0a088c733c7d17da42d50ca40595bcd803e797bf72eb,report__L39,silent_gap,65,31.138461538461538
8e877c4501b5fd02f3ca0a088c733c7d17da42d50ca40595bcd803e797bf72eb,report__L39,burst_start_distance,65,33.46153846153846
8e877c4501b5fd02f3ca0a088c733c7d17da42d50ca40595bcd803e797bf72eb,motivated__L39,trigger_distance,140,17.757142857142856
8e877c4501b5fd02f3ca0a088c733c7d17da42d50ca40595bcd803e797bf72eb,motivated__L39,silent_gap,76,30.86842105263158
8e877c4501b5fd02f3ca0a088c733c7d17da42d50ca40595bcd803e797bf72eb,motivated__L39,burst_start_distance,76,32.71052631578947
143e7a25ec8a1bfd7db55e69d86252e691be95a219c1f9292cd7f3f263f21bc1,suite__L39,trigger_distance,78,20.294871794871796
143e7a25ec8a1bfd7db55e69d86252e691be95a219c1f9292cd7f3f263f21bc1,suite__L39,silent_gap,46,32.71739130434783
143e7a25ec8a1bfd7db55e69d86252e691be95a219c1f9292cd7f3f263f21bc1,suite__L39,burst_start_distance,46,34.41304347826087
143e7a25ec8a1bfd7db55e69d86252e691be95a219c1f9292cd7f3f263f21bc1,validator__L39,trigger_distance,160,9.69375
143e7a25ec8a1bfd7db55e69d86252e691be95a219c1f9292cd7f3f263f21bc1,validator__L39,silent_gap,58,23.982758620689655
143e7a25ec8a1bfd7db55e69d86252e691be95a219c1f9292cd7f3f263f21bc1,validator__L39,burst_start_distance,58,26.689655172413794
143e7a25ec8a1bfd7db55e69d86252e691be95a219c1f9292cd7f3f263f21bc1,scorefile__L39,trigger_distance,174,9.459770114942529
143e7a25ec8a1bfd7db55e69d86252e691be95a219c1f9292cd7f3f263f21bc1,scorefile__L39,silent_gap,88,16.727272727272727
143e7a25ec8a1bfd7db55e69d86252e691be95a219c1f9292cd7f3f263f21bc1,scorefile__L39,burst_start_distance,88,18.693181818181817
143e7a25ec8a1bfd7db55e69d86252e691be95a219c1f9292cd7f3f263f21bc1,acquire__L39,trigger_distance,71,20.507042253521128
143e7a25ec8a1bfd7db55e69d86252e691be95a219c1f9292cd7f3f263f21bc1,acquire__L39,silent_gap,47,29.46808510638298
143e7a25ec8a1bfd7db55e69d86252e691be95a219c1f9292cd7f3f263f21bc1,acquire__L39,burst_start_distance,47,30.97872340425532
143e7a25ec8a1bfd7db55e69d86252e691be95a219c1f9292cd7f3f263f21bc1,report__L39,trigger_distance,57,27.45614035087719
143e7a25ec8a1bfd7db55e69d86252e691be95a219c1f9292cd7f3f263f21bc1,report__L39,silent_gap,37,40.75675675675676
143e7a25ec8a1bfd7db55e69d86252e691be95a219c1f9292cd7f3f263f21bc1,report__L39,burst_start_distance,37,42.13513513513514
143e7a25ec8a1bfd7db55e69d86252e691be95a219c1f9292cd7f3f263f21bc1,motivated__L39,trigger_distance,97,12.577319587628866
143e7a25ec8a1bfd7db55e69d86252e691be95a219c1f9292cd7f3f263f21bc1,motivated__L39,silent_gap,52,21.596153846153847
143e7a25ec8a1bfd7db55e69d86252e691be95a219c1f9292cd7f3f263f21bc1,motivated__L39,burst_start_distance,52,23.46153846153846
9f2ffdd11ceca3a89d6c62392df0adb9947e93c64028e6ad4fe9ef0140f57ac6,suite__L39,trigger_distance,273,16.065934065934066
9f2ffdd11ceca3a89d6c62392df0adb9947e93c64028e6ad4fe9ef0140f57ac6,suite__L39,silent_gap,153,26.88235294117647
9f2ffdd11ceca3a89d6c62392df0adb9947e93c64028e6ad4fe9ef0140f57ac6,suite__L39,burst_start_distance,153,28.65359477124183
9f2ffdd11ceca3a89d6c62392df0adb9947e93c64028e6ad4fe9ef0140f57ac6,validator__L39,trigger_distance,261,16.701149425287355
9f2ffdd11ceca3a89d6c62392df0adb9947e93c64028e6ad4fe9ef0140f57ac6,validator__L39,silent_gap,136,30.13235294117647
9f2ffdd11ceca3a89d6c62392df0adb9947e93c64028e6ad4fe9ef0140f57ac6,validator__L39,burst_start_distance,136,32.0514705882353
9f2ffdd11ceca3a89d6c62392df0adb9947e93c64028e6ad4fe9ef0140f57ac6,scorefile__L39,trigger_distance,302,14.7317880794702
9f2ffdd11ceca3a89d6c62392df0adb9947e93c64028e6ad4fe9ef0140f57ac6,scorefile__L39,silent_gap,197,21.050761421319798
9f2ffdd11ceca3a89d6c62392df0adb9947e93c64028e6ad4fe9ef0140f57ac6,scorefile__L39,burst_start_distance,197,22.583756345177665
9f2ffdd11ceca3a89d6c62392df0adb9947e93c64028e6ad4fe9ef0140f57ac6,acquire__L39,trigger_distance,239,18.317991631799163
9f2ffdd11ceca3a89d6c62392df0adb9947e93c64028e6ad4fe9ef0140f57ac6,acquire__L39,silent_gap,155,26.703225806451613
9f2ffdd11ceca3a89d6c62392df0adb9947e93c64028e6ad4fe9ef0140f57ac6,acquire__L39,burst_start_distance,155,28.24516129032258
9f2ffdd11ceca3a89d6c62392df0adb9947e93c64028e6ad4fe9ef0140f57ac6,report__L39,trigger_distance,273,15.97069597069597
9f2ffdd11ceca3a89d6c62392df0adb9947e93c64028e6ad4fe9ef0140f57ac6,report__L39,silent_gap,101,40.46534653465346
9f2ffdd11ceca3a89d6c62392df0adb9947e93c64028e6ad4fe9ef0140f57ac6,report__L39,burst_start_distance,101,43.00990099009901
9f2ffdd11ceca3a89d6c62392df0adb9947e93c64028e6ad4fe9ef0140f57ac6,motivated__L39,trigger_distance,316,13.746835443037975
9f2ffdd11ceca3a89d6c62392df0adb9947e93c64028e6ad4fe9ef0140f57ac6,motivated__L39,silent_gap,174,23.149425287356323
9f2ffdd11ceca3a89d6c62392df0adb9947e93c64028e6ad4fe9ef0140f57ac6,motivated__L39,burst_start_distance,174,24.96551724137931
7f083e3569775ddbd84db6e36329308a6b1796aa889e83161566ea7b148f87e7,suite__L39,trigger_distance,99,13.323232323232324
7f083e3569775ddbd84db6e36329308a6b1796aa889e83161566ea7b148f87e7,suite__L39,silent_gap,59,20.677966101694917
7f083e3569775ddbd84db6e36329308a6b1796aa889e83161566ea7b148f87e7,suite__L39,burst_start_distance,59,22.35593220338983
7f083e3569775ddbd84db6e36329308a6b1796aa889e83161566ea7b148f87e7,validator__L39,trigger_distance,199,6.256281407035176
7f083e3569775ddbd84db6e36329308a6b1796aa889e83161566ea7b148f87e7,validator__L39,silent_gap,78,13.41025641025641
7f083e3569775ddbd84db6e36329308a6b1796aa889e83161566ea7b148f87e7,validator__L39,burst_start_distance,78,15.961538461538462
7f083e3569775ddbd84db6e36329308a6b1796aa889e83161566ea7b148f87e7,scorefile__L39,trigger_distance,191,7.041884816753926
7f083e3569775ddbd84db6e36329308a6b1796aa889e83161566ea7b148f87e7,scorefile__L39,silent_gap,92,12.543478260869565
7f083e3569775ddbd84db6e36329308a6b1796aa889e83161566ea7b148f87e7,scorefile__L39,burst_start_distance,92,14.619565217391305
7f083e3569775ddbd84db6e36329308a6b1796aa889e83161566ea7b148f87e7,acquire__L39,trigger_distance,91,15.021978021978022
7f083e3569775ddbd84db6e36329308a6b1796aa889e83161566ea7b148f87e7,acquire__L39,silent_gap,49,26.040816326530614
7f083e3569775ddbd84db6e36329308a6b1796aa889e83161566ea7b148f87e7,acquire__L39,burst_start_distance,49,27.897959183673468
7f083e3569775ddbd84db6e36329308a6b1796aa889e83161566ea7b148f87e7,report__L39,trigger_distance,35,36.05714285714286
7f083e3569775ddbd84db6e36329308a6b1796aa889e83161566ea7b148f87e7,report__L39,silent_gap,24,51.125
7f083e3569775ddbd84db6e36329308a6b1796aa889e83161566ea7b148f87e7,report__L39,burst_start_distance,24,52.541666666666664
7f083e3569775ddbd84db6e36329308a6b1796aa889e83161566ea7b148f87e7,motivated__L39,trigger_distance,45,20.488888888888887
7f083e3569775ddbd84db6e36329308a6b1796aa889e83161566ea7b148f87e7,motivated__L39,silent_gap,26,33.73076923076923
7f083e3569775ddbd84db6e36329308a6b1796aa889e83161566ea7b148f87e7,motivated__L39,burst_start_distance,26,35.46153846153846
08bf8bbd7a72214a517ab73c237692123cf555e0f25afb062de5e9ac195959e6,suite__L39,trigger_distance,120,18.5
08bf8bbd7a72214a517ab73c237692123cf555e0f25afb062de5e9ac195959e6,suite__L39,silent_gap,65,32.30769230769231
08bf8bbd7a72214a517ab73c237692123cf555e0f25afb062de5e9ac195959e6,suite__L39,burst_start_distance,65,34.15384615384615
08bf8bbd7a72214a517ab73c237692123cf555e0f25afb062de5e9ac195959e6,validator__L39,trigger_distance,202,10.866336633663366
08bf8bbd7a72214a517ab73c237692123cf555e0f25afb062de5e9ac195959e6,validator__L39,silent_gap,82,24.304878048780488
08bf8bbd7a72214a517ab73c237692123cf555e0f25afb062de5e9ac195959e6,validator__L39,burst_start_distance,82,26.75609756097561
08bf8bbd7a72214a517ab73c237692123cf555e0f25afb062de5e9ac195959e6,scorefile__L39,trigger_distance,256,8.84765625
08bf8bbd7a72214a517ab73c237692123cf555e0f25afb062de5e9ac195959e6,scorefile__L39,silent_gap,113,17.778761061946902
08bf8bbd7a72214a517ab73c237692123cf555e0f25afb062de5e9ac195959e6,scorefile__L39,burst_start_distance,113,20.04424778761062
08bf8bbd7a72214a517ab73c237692123cf555e0f25afb062de5e9ac195959e6,acquire__L39,trigger_distance,116,19.517241379310345
08bf8bbd7a72214a517ab73c237692123cf555e0f25afb062de5e9ac195959e6,acquire__L39,silent_gap,77,27.896103896103895
08bf8bbd7a72214a517ab73c237692123cf555e0f25afb062de5e9ac195959e6,acquire__L39,burst_start_distance,77,29.4025974025974
08bf8bbd7a72214a517ab73c237692123cf555e0f25afb062de5e9ac195959e6,report__L39,trigger_distance,55,29.2
08bf8bbd7a72214a517ab73c237692123cf555e0f25afb062de5e9ac195959e6,report__L39,silent_gap,36,43.083333333333336
08bf8bbd7a72214a517ab73c237692123cf555e0f25afb062de5e9ac195959e6,report__L39,burst_start_distance,36,44.55555555555556
08bf8bbd7a72214a517ab73c237692123cf555e0f25afb062de5e9ac195959e6,motivated__L39,trigger_distance,181,11.541436464088397
08bf8bbd7a72214a517ab73c237692123cf555e0f25afb062de5e9ac195959e6,motivated__L39,silent_gap,98,19.46938775510204
08bf8bbd7a72214a517ab73c237692123cf555e0f25afb062de5e9ac195959e6,motivated__L39,burst_start_distance,98,21.316326530612244
f7000aaf98c238a83b4c7fb3471abcc18661795bd066fd6aeddcc114fce4ae45,suite__L39,trigger_distance,267,12.359550561797754
f7000aaf98c238a83b4c7fb3471abcc18661795bd066fd6aeddcc114fce4ae45,suite__L39,silent_gap,134,22.634328358208954
f7000aaf98c238a83b4c7fb3471abcc18661795bd066fd6aeddcc114fce4ae45,suite__L39,burst_start_distance,134,24.619402985074625
f7000aaf98c238a83b4c7fb3471abcc18661795bd066fd6aeddcc114fce4ae45,validator__L39,trigger_distance,174,15.833333333333334
f7000aaf98c238a83b4c7fb3471abcc18661795bd066fd6aeddcc114fce4ae45,validator__L39,silent_gap,77,33.51948051948052
f7000aaf98c238a83b4c7fb3471abcc18661795bd066fd6aeddcc114fce4ae45,validator__L39,burst_start_distance,77,35.77922077922078
f7000aaf98c238a83b4c7fb3471abcc18661795bd066fd6aeddcc114fce4ae45,scorefile__L39,trigger_distance,255,12.988235294117647
f7000aaf98c238a83b4c7fb3471abcc18661795bd066fd6aeddcc114fce4ae45,scorefile__L39,silent_gap,140,21.835714285714285
f7000aaf98c238a83b4c7fb3471abcc18661795bd066fd6aeddcc114fce4ae45,scorefile__L39,burst_start_distance,140,23.65714285714286
f7000aaf98c238a83b4c7fb3471abcc18661795bd066fd6aeddcc114fce4ae45,acquire__L39,trigger_distance,121,26.24793388429752
f7000aaf98c238a83b4c7fb3471abcc18661795bd066fd6aeddcc114fce4ae45,acquire__L39,silent_gap,87,35.11494252873563
f7000aaf98c238a83b4c7fb3471abcc18661795bd066fd6aeddcc114fce4ae45,acquire__L39,burst_start_distance,87,36.50574712643678
f7000aaf98c238a83b4c7fb3471abcc18661795bd066fd6aeddcc114fce4ae45,report__L39,trigger_distance,194,16.65463917525773
f7000aaf98c238a83b4c7fb3471abcc18661795bd066fd6aeddcc114fce4ae45,report__L39,silent_gap,68,44.661764705882355
f7000aaf98c238a83b4c7fb3471abcc18661795bd066fd6aeddcc114fce4ae45,report__L39,burst_start_distance,68,47.294117647058826
f7000aaf98c238a83b4c7fb3471abcc18661795bd066fd6aeddcc114fce4ae45,motivated__L39,trigger_distance,210,15.338095238095239
f7000aaf98c238a83b4c7fb3471abcc18661795bd066fd6aeddcc114fce4ae45,motivated__L39,silent_gap,123,24.479674796747968
f7000aaf98c238a83b4c7fb3471abcc18661795bd066fd6aeddcc114fce4ae45,motivated__L39,burst_start_distance,123,26.170731707317074
51a316df72fc7af5d884f530588ba97452cd3b3832ecabfabe48268cc9a2981a,suite__L39,trigger_distance,277,12.754512635379061
51a316df72fc7af5d884f530588ba97452cd3b3832ecabfabe48268cc9a2981a,suite__L39,silent_gap,152,21.42105263157895
51a316df72fc7af5d884f530588ba97452cd3b3832ecabfabe48268cc9a2981a,suite__L39,burst_start_distance,152,23.19078947368421
51a316df72fc7af5d884f530588ba97452cd3b3832ecabfabe48268cc9a2981a,validator__L39,trigger_distance,206,16.79126213592233
51a316df72fc7af5d884f530588ba97452cd3b3832ecabfabe48268cc9a2981a,validator__L39,silent_gap,103,31.58252427184466
51a316df72fc7af5d884f530588ba97452cd3b3832ecabfabe48268cc9a2981a,validator__L39,burst_start_distance,103,33.53398058252427
51a316df72fc7af5d884f530588ba97452cd3b3832ecabfabe48268cc9a2981a,scorefile__L39,trigger_distance,229,15.694323144104803
51a316df72fc7af5d884f530588ba97452cd3b3832ecabfabe48268cc9a2981a,scorefile__L39,silent_gap,135,24.925925925925927
51a316df72fc7af5d884f530588ba97452cd3b3832ecabfabe48268cc9a2981a,scorefile__L39,burst_start_distance,135,26.614814814814814
51a316df72fc7af5d884f530588ba97452cd3b3832ecabfabe48268cc9a2981a,acquire__L39,trigger_distance,123,29.024390243902438
51a316df72fc7af5d884f530588ba97452cd3b3832ecabfabe48268cc9a2981a,acquire__L39,silent_gap,91,37.879120879120876
51a316df72fc7af5d884f530588ba97452cd3b3832ecabfabe48268cc9a2981a,acquire__L39,burst_start_distance,91,39.23076923076923
51a316df72fc7af5d884f530588ba97452cd3b3832ecabfabe48268cc9a2981a,report__L39,trigger_distance,170,20.63529411764706
51a316df72fc7af5d884f530588ba97452cd3b3832ecabfabe48268cc9a2981a,report__L39,silent_gap,74,45.108108108108105
51a316df72fc7af5d884f530588ba97452cd3b3832ecabfabe48268cc9a2981a,report__L39,burst_start_distance,74,47.36486486486486
51a316df72fc7af5d884f530588ba97452cd3b3832ecabfabe48268cc9a2981a,motivated__L39,trigger_distance,233,14.995708154506438
51a316df72fc7af5d884f530588ba97452cd3b3832ecabfabe48268cc9a2981a,motivated__L39,silent_gap,125,26.088
51a316df72fc7af5d884f530588ba97452cd3b3832ecabfabe48268cc9a2981a,motivated__L39,burst_start_distance,125,27.944
41f0bcbfb6ef62582bbeb4f926233fa9e693d228553ab6b9b41ba5e12b294697,suite__L39,trigger_distance,151,22.178807947019866
41f0bcbfb6ef62582bbeb4f926233fa9e693d228553ab6b9b41ba5e12b294697,suite__L39,silent_gap,98,32.63265306122449
41f0bcbfb6ef62582bbeb4f926233fa9e693d228553ab6b9b41ba5e12b294697,suite__L39,burst_start_distance,98,34.173469387755105
41f0bcbfb6ef62582bbeb4f926233fa9e693d228553ab6b9b41ba5e12b294697,validator__L39,trigger_distance,173,19.00578034682081
41f0bcbfb6ef62582bbeb4f926233fa9e693d228553ab6b9b41ba5e12b294697,validator__L39,silent_gap,88,35.39772727272727
41f0bcbfb6ef62582bbeb4f926233fa9e693d228553ab6b9b41ba5e12b294697,validator__L39,burst_start_distance,88,37.35227272727273
41f0bcbfb6ef62582bbeb4f926233fa9e693d228553ab6b9b41ba5e12b294697,scorefile__L39,trigger_distance,157,21.331210191082803
41f0bcbfb6ef62582bbeb4f926233fa9e693d228553ab6b9b41ba5e12b294697,scorefile__L39,silent_gap,99,32.24242424242424
41f0bcbfb6ef62582bbeb4f926233fa9e693d228553ab6b9b41ba5e12b294697,scorefile__L39,burst_start_distance,99,33.82828282828283
41f0bcbfb6ef62582bbeb4f926233fa9e693d228553ab6b9b41ba5e12b294697,acquire__L39,trigger_distance,150,22.106666666666666
41f0bcbfb6ef62582bbeb4f926233fa9e693d228553ab6b9b41ba5e12b294697,acquire__L39,silent_gap,99,31.97979797979798
41f0bcbfb6ef62582bbeb4f926233fa9e693d228553ab6b9b41ba5e12b294697,acquire__L39,burst_start_distance,99,33.494949494949495
41f0bcbfb6ef62582bbeb4f926233fa9e693d228553ab6b9b41ba5e12b294697,report__L39,trigger_distance,254,12.940944881889763
41f0bcbfb6ef62582bbeb4f926233fa9e693d228553ab6b9b41ba5e12b294697,report__L39,silent_gap,94,32.265957446808514
41f0bcbfb6ef62582bbeb4f926233fa9e693d228553ab6b9b41ba5e12b294697,report__L39,burst_start_distance,94,34.787234042553195
41f0bcbfb6ef62582bbeb4f926233fa9e693d228553ab6b9b41ba5e12b294697,motivated__L39,trigger_distance,237,13.578059071729959
41f0bcbfb6ef62582bbeb4f926233fa9e693d228553ab6b9b41ba5e12b294697,motivated__L39,silent_gap,121,24.636363636363637
41f0bcbfb6ef62582bbeb4f926233fa9e693d228553ab6b9b41ba5e12b294697,motivated__L39,burst_start_distance,121,26.58677685950413
a5fbb5efab45c6e1dcb2918c2d9fc697de7d8774a354c4b525a751bf5661a6a8,suite__L39,trigger_distance,240,15.375
a5fbb5efab45c6e1dcb2918c2d9fc697de7d8774a354c4b525a751bf5661a6a8,suite__L39,silent_gap,149,23.154362416107382
a5fbb5efab45c6e1dcb2918c2d9fc697de7d8774a354c4b525a751bf5661a6a8,suite__L39,burst_start_distance,149,24.751677852348994
a5fbb5efab45c6e1dcb2918c2d9fc697de7d8774a354c4b525a751bf5661a6a8,validator__L39,trigger_distance,227,15.837004405286343
a5fbb5efab45c6e1dcb2918c2d9fc697de7d8774a354c4b525a751bf5661a6a8,validator__L39,silent_gap,104,32.38461538461539
a5fbb5efab45c6e1dcb2918c2d9fc697de7d8774a354c4b525a751bf5661a6a8,validator__L39,burst_start_distance,104,34.55769230769231
a5fbb5efab45c6e1dcb2918c2d9fc697de7d8774a354c4b525a751bf5661a6a8,scorefile__L39,trigger_distance,219,16.899543378995435
a5fbb5efab45c6e1dcb2918c2d9fc697de7d8774a354c4b525a751bf5661a6a8,scorefile__L39,silent_gap,150,23.213333333333335
a5fbb5efab45c6e1dcb2918c2d9fc697de7d8774a354c4b525a751bf5661a6a8,scorefile__L39,burst_start_distance,150,24.673333333333332
a5fbb5efab45c6e1dcb2918c2d9fc697de7d8774a354c4b525a751bf5661a6a8,acquire__L39,trigger_distance,190,19.231578947368423
a5fbb5efab45c6e1dcb2918c2d9fc697de7d8774a354c4b525a751bf5661a6a8,acquire__L39,silent_gap,123,28.16260162601626
a5fbb5efab45c6e1dcb2918c2d9fc697de7d8774a354c4b525a751bf5661a6a8,acquire__L39,burst_start_distance,123,29.70731707317073
a5fbb5efab45c6e1dcb2918c2d9fc697de7d8774a354c4b525a751bf5661a6a8,report__L39,trigger_distance,236,15.35593220338983
a5fbb5efab45c6e1dcb2918c2d9fc697de7d8774a354c4b525a751bf5661a6a8,report__L39,silent_gap,83,40.81927710843374
a5fbb5efab45c6e1dcb2918c2d9fc697de7d8774a354c4b525a751bf5661a6a8,report__L39,burst_start_distance,83,43.57831325301205
a5fbb5efab45c6e1dcb2918c2d9fc697de7d8774a354c4b525a751bf5661a6a8,motivated__L39,trigger_distance,195,18.17948717948718
a5fbb5efab45c6e1dcb2918c2d9fc697de7d8774a354c4b525a751bf5661a6a8,motivated__L39,silent_gap,107,31.30841121495327
a5fbb5efab45c6e1dcb2918c2d9fc697de7d8774a354c4b525a751bf5661a6a8,motivated__L39,burst_start_distance,107,33.13084112149533
b765156653ca54230bec85d9832280593aab282c215a92cd1cd9b88dfec4763e,suite__L39,trigger_distance,235,10.570212765957447
b765156653ca54230bec85d9832280593aab282c215a92cd1cd9b88dfec4763e,suite__L39,silent_gap,139,16.179856115107913
b765156653ca54230bec85d9832280593aab282c215a92cd1cd9b88dfec4763e,suite__L39,burst_start_distance,139,17.834532374100718
b765156653ca54230bec85d9832280593aab282c215a92cd1cd9b88dfec4763e,validator__L39,trigger_distance,371,6.53099730458221
b765156653ca54230bec85d9832280593aab282c215a92cd1cd9b88dfec4763e,validator__L39,silent_gap,126,16.285714285714285
b765156653ca54230bec85d9832280593aab282c215a92cd1cd9b88dfec4763e,validator__L39,burst_start_distance,126,19.206349206349206
b765156653ca54230bec85d9832280593aab282c215a92cd1cd9b88dfec4763e,scorefile__L39,trigger_distance,354,6.9124293785310735
b765156653ca54230bec85d9832280593aab282c215a92cd1cd9b88dfec4763e,scorefile__L39,silent_gap,149,14.046979865771812
b765156653ca54230bec85d9832280593aab282c215a92cd1cd9b88dfec4763e,scorefile__L39,burst_start_distance,149,16.42281879194631
b765156653ca54230bec85d9832280593aab282c215a92cd1cd9b88dfec4763e,acquire__L39,trigger_distance,134,18.082089552238806
b765156653ca54230bec85d9832280593aab282c215a92cd1cd9b88dfec4763e,acquire__L39,silent_gap,89,25.719101123595507
b765156653ca54230bec85d9832280593aab282c215a92cd1cd9b88dfec4763e,acquire__L39,burst_start_distance,89,27.202247191011235
b765156653ca54230bec85d9832280593aab282c215a92cd1cd9b88dfec4763e,report__L39,trigger_distance,166,14.481927710843374
b765156653ca54230bec85d9832280593aab282c215a92cd1cd9b88dfec4763e,report__L39,silent_gap,60,37.3
b765156653ca54230bec85d9832280593aab282c215a92cd1cd9b88dfec4763e,report__L39,burst_start_distance,60,40.016666666666666
b765156653ca54230bec85d9832280593aab282c215a92cd1cd9b88dfec4763e,motivated__L39,trigger_distance,111,21.45945945945946
b765156653ca54230bec85d9832280593aab282c215a92cd1cd9b88dfec4763e,motivated__L39,silent_gap,71,31.985915492957748
b765156653ca54230bec85d9832280593aab282c215a92cd1cd9b88dfec4763e,motivated__L39,burst_start_distance,71,33.54929577464789
556c475833d87252ab361c65ad6997850ccf1e19da6fcefde367ea4ce9aaacd2,suite__L39,trigger_distance,169,15.319526627218934
556c475833d87252ab361c65ad6997850ccf1e19da6fcefde367ea4ce9aaacd2,suite__L39,silent_gap,88,27.5
556c475833d87252ab361c65ad6997850ccf1e19da6fcefde367ea4ce9aaacd2,suite__L39,burst_start_distance,88,29.386363636363637
556c475833d87252ab361c65ad6997850ccf1e19da6fcefde367ea4ce9aaacd2,validator__L39,trigger_distance,134,15.753731343283581
556c475833d87252ab361c65ad6997850ccf1e19da6fcefde367ea4ce9aaacd2,validator__L39,silent_gap,60,32.95
556c475833d87252ab361c65ad6997850ccf1e19da6fcefde367ea4ce9aaacd2,validator__L39,burst_start_distance,60,35.15
556c475833d87252ab361c65ad6997850ccf1e19da6fcefde367ea4ce9aaacd2,scorefile__L39,trigger_distance,141,18.368794326241133
556c475833d87252ab361c65ad6997850ccf1e19da6fcefde367ea4ce9aaacd2,scorefile__L39,silent_gap,88,27.829545454545453
556c475833d87252ab361c65ad6997850ccf1e19da6fcefde367ea4ce9aaacd2,scorefile__L39,burst_start_distance,88,29.420454545454547
556c475833d87252ab361c65ad6997850ccf1e19da6fcefde367ea4ce9aaacd2,acquire__L39,trigger_distance,106,23.0
556c475833d87252ab361c65ad6997850ccf1e19da6fcefde367ea4ce9aaacd2,acquire__L39,silent_gap,79,29.518987341772153
556c475833d87252ab361c65ad6997850ccf1e19da6fcefde367ea4ce9aaacd2,acquire__L39,burst_start_distance,79,30.848101265822784
556c475833d87252ab361c65ad6997850ccf1e19da6fcefde367ea4ce9aaacd2,report__L39,trigger_distance,159,15.949685534591195
556c475833d87252ab361c65ad6997850ccf1e19da6fcefde367ea4ce9aaacd2,report__L39,silent_gap,61,38.967213114754095
556c475833d87252ab361c65ad6997850ccf1e19da6fcefde367ea4ce9aaacd2,report__L39,burst_start_distance,61,41.22950819672131
556c475833d87252ab361c65ad6997850ccf1e19da6fcefde367ea4ce9aaacd2,motivated__L39,trigger_distance,219,11.579908675799087
556c475833d87252ab361c65ad6997850ccf1e19da6fcefde367ea4ce9aaacd2,motivated__L39,silent_gap,106,21.858490566037737
556c475833d87252ab361c65ad6997850ccf1e19da6fcefde367ea4ce9aaacd2,motivated__L39,burst_start_distance,106,23.92452830188679
f7d7604dfe8134a70b58498f0c8326f38dc2155f87496b711dbfe153dded58c8,suite__L39,trigger_distance,413,7.048426150121065
f7d7604dfe8134a70b58498f0c8326f38dc2155f87496b711dbfe153dded58c8,suite__L39,silent_gap,149,16.76510067114094
f7d7604dfe8134a70b58498f0c8326f38dc2155f87496b711dbfe153dded58c8,suite__L39,burst_start_distance,149,19.483221476510067
f7d7604dfe8134a70b58498f0c8326f38dc2155f87496b711dbfe153dded58c8,validator__L39,trigger_distance,419,6.878281622911694
f7d7604dfe8134a70b58498f0c8326f38dc2155f87496b711dbfe153dded58c8,validator__L39,silent_gap,150,16.42
f7d7604dfe8134a70b58498f0c8326f38dc2155f87496b711dbfe153dded58c8,validator__L39,burst_start_distance,150,19.206666666666667
f7d7604dfe8134a70b58498f0c8326f38dc2155f87496b711dbfe153dded58c8,scorefile__L39,trigger_distance,424,6.9834905660377355
f7d7604dfe8134a70b58498f0c8326f38dc2155f87496b711dbfe153dded58c8,scorefile__L39,silent_gap,177,14.333333333333334
f7d7604dfe8134a70b58498f0c8326f38dc2155f87496b711dbfe153dded58c8,scorefile__L39,burst_start_distance,177,16.728813559322035
f7d7604dfe8134a70b58498f0c8326f38dc2155f87496b711dbfe153dded58c8,acquire__L39,trigger_distance,137,21.547445255474454
f7d7604dfe8134a70b58498f0c8326f38dc2155f87496b711dbfe153dded58c8,acquire__L39,silent_gap,96,29.322916666666668
f7d7604dfe8134a70b58498f0c8326f38dc2155f87496b711dbfe153dded58c8,acquire__L39,burst_start_distance,96,30.75
f7d7604dfe8134a70b58498f0c8326f38dc2155f87496b711dbfe153dded58c8,report__L39,trigger_distance,215,13.465116279069768
f7d7604dfe8134a70b58498f0c8326f38dc2155f87496b711dbfe153dded58c8,report__L39,silent_gap,71,37.74647887323944
f7d7604dfe8134a70b58498f0c8326f38dc2155f87496b711dbfe153dded58c8,report__L39,burst_start_distance,71,40.478873239436616
f7d7604dfe8134a70b58498f0c8326f38dc2155f87496b711dbfe153dded58c8,motivated__L39,trigger_distance,179,15.547486033519553
f7d7604dfe8134a70b58498f0c8326f38dc2155f87496b711dbfe153dded58c8,motivated__L39,silent_gap,89,29.258426966292134
f7d7604dfe8134a70b58498f0c8326f38dc2155f87496b711dbfe153dded58c8,motivated__L39,burst_start_distance,89,31.258426966292134
3e02eb847f8de150a958c35e2ae2a722139d76a0333c819226dd9b4966fd96c0,suite__L39,trigger_distance,224,6.15625
3e02eb847f8de150a958c35e2ae2a722139d76a0333c819226dd9b4966fd96c0,suite__L39,silent_gap,100,11.55
3e02eb847f8de150a958c35e2ae2a722139d76a0333c819226dd9b4966fd96c0,suite__L39,burst_start_distance,100,13.79
3e02eb847f8de150a958c35e2ae2a722139d76a0333c819226dd9b4966fd96c0,validator__L39,trigger_distance,388,3.484536082474227
3e02eb847f8de150a958c35e2ae2a722139d76a0333c819226dd9b4966fd96c0,validator__L39,silent_gap,107,9.009345794392523
3e02eb847f8de150a958c35e2ae2a722139d76a0333c819226dd9b4966fd96c0,validator__L39,burst_start_distance,107,12.616822429906541
3e02eb847f8de150a958c35e2ae2a722139d76a0333c819226dd9b4966fd96c0,scorefile__L39,trigger_distance,424,3.3702830188679247
3e02eb847f8de150a958c35e2ae2a722139d76a0333c819226dd9b4966fd96c0,scorefile__L39,silent_gap,113,8.893805309734514
3e02eb847f8de150a958c35e2ae2a722139d76a0333c819226dd9b4966fd96c0,scorefile__L39,burst_start_distance,113,12.628318584070797
3e02eb847f8de150a958c35e2ae2a722139d76a0333c819226dd9b4966fd96c0,acquire__L39,trigger_distance,91,15.824175824175825
3e02eb847f8de150a958c35e2ae2a722139d76a0333c819226dd9b4966fd96c0,acquire__L39,silent_gap,61,22.114754098360656
3e02eb847f8de150a958c35e2ae2a722139d76a0333c819226dd9b4966fd96c0,acquire__L39,burst_start_distance,61,23.60655737704918
3e02eb847f8de150a958c35e2ae2a722139d76a0333c819226dd9b4966fd96c0,report__L39,trigger_distance,16,84.5
3e02eb847f8de150a958c35e2ae2a722139d76a0333c819226dd9b4966fd96c0,report__L39,silent_gap,9,148.44444444444446
3e02eb847f8de150a958c35e2ae2a722139d76a0333c819226dd9b4966fd96c0,report__L39,burst_start_distance,9,150.0
3e02eb847f8de150a958c35e2ae2a722139d76a0333c819226dd9b4966fd96c0,motivated__L39,trigger_distance,83,16.02409638554217
3e02eb847f8de150a958c35e2ae2a722139d76a0333c819226dd9b4966fd96c0,motivated__L39,silent_gap,55,22.672727272727272
3e02eb847f8de150a958c35e2ae2a722139d76a0333c819226dd9b4966fd96c0,motivated__L39,burst_start_distance,55,24.181818181818183
a9febf991c53ee21bc4a750ea7b80731524b462ec12b4f0bdb3b3a998d37c925,suite__L39,trigger_distance,72,31.083333333333332
a9febf991c53ee21bc4a750ea7b80731524b462ec12b4f0bdb3b3a998d37c925,suite__L39,silent_gap,49,44.204081632653065
a9febf991c53ee21bc4a750ea7b80731524b462ec12b4f0bdb3b3a998d37c925,suite__L39,burst_start_distance,49,45.673469387755105
a9febf991c53ee21bc4a750ea7b80731524b462ec12b4f0bdb3b3a998d37c925,validator__L39,trigger_distance,115,18.678260869565218
a9febf991c53ee21bc4a750ea7b80731524b462ec12b4f0bdb3b3a998d37c925,validator__L39,silent_gap,57,35.666666666666664
a9febf991c53ee21bc4a750ea7b80731524b462ec12b4f0bdb3b3a998d37c925,validator__L39,burst_start_distance,57,37.64912280701754
a9febf991c53ee21bc4a750ea7b80731524b462ec12b4f0bdb3b3a998d37c925,scorefile__L39,trigger_distance,115,19.547826086956523
a9febf991c53ee21bc4a750ea7b80731524b462ec12b4f0bdb3b3a998d37c925,scorefile__L39,silent_gap,83,25.698795180722893
a9febf991c53ee21bc4a750ea7b80731524b462ec12b4f0bdb3b3a998d37c925,scorefile__L39,burst_start_distance,83,27.08433734939759
a9febf991c53ee21bc4a750ea7b80731524b462ec12b4f0bdb3b3a998d37c925,acquire__L39,trigger_distance,133,16.954887218045112
a9febf991c53ee21bc4a750ea7b80731524b462ec12b4f0bdb3b3a998d37c925,acquire__L39,silent_gap,79,26.860759493670887
a9febf991c53ee21bc4a750ea7b80731524b462ec12b4f0bdb3b3a998d37c925,acquire__L39,burst_start_distance,79,28.544303797468356
a9febf991c53ee21bc4a750ea7b80731524b462ec12b4f0bdb3b3a998d37c925,report__L39,trigger_distance,73,30.10958904109589
a9febf991c53ee21bc4a750ea7b80731524b462ec12b4f0bdb3b3a998d37c925,report__L39,silent_gap,38,55.921052631578945
a9febf991c53ee21bc4a750ea7b80731524b462ec12b4f0bdb3b3a998d37c925,report__L39,burst_start_distance,38,57.6578947368421
a9febf991c53ee21bc4a750ea7b80731524b462ec12b4f0bdb3b3a998d37c925,motivated__L39,trigger_distance,190,11.352631578947369
a9febf991c53ee21bc4a750ea7b80731524b462ec12b4f0bdb3b3a998d37c925,motivated__L39,silent_gap,88,22.352272727272727
a9febf991c53ee21bc4a750ea7b80731524b462ec12b4f0bdb3b3a998d37c925,motivated__L39,burst_start_distance,88,24.46590909090909
4c41f3fe3460625b4e6e8bae9684464fd98ccdd98d24693c0f70ab6b84bcbfa4,suite__L39,trigger_distance,61,32.42622950819672
4c41f3fe3460625b4e6e8bae9684464fd98ccdd98d24693c0f70ab6b84bcbfa4,suite__L39,silent_gap,49,39.12244897959184
4c41f3fe3460625b4e6e8bae9684464fd98ccdd98d24693c0f70ab6b84bcbfa4,suite__L39,burst_start_distance,49,40.36734693877551
4c41f3fe3460625b4e6e8bae9684464fd98ccdd98d24693c0f70ab6b84bcbfa4,validator__L39,trigger_distance,136,13.419117647058824
4c41f3fe3460625b4e6e8bae9684464fd98ccdd98d24693c0f70ab6b84bcbfa4,validator__L39,silent_gap,53,31.867924528301888
4c41f3fe3460625b4e6e8bae9684464fd98ccdd98d24693c0f70ab6b84bcbfa4,validator__L39,burst_start_distance,53,34.43396226415094
4c41f3fe3460625b4e6e8bae9684464fd98ccdd98d24693c0f70ab6b84bcbfa4,scorefile__L39,trigger_distance,107,18.560747663551403
4c41f3fe3460625b4e6e8bae9684464fd98ccdd98d24693c0f70ab6b84bcbfa4,scorefile__L39,silent_gap,70,26.84285714285714
4c41f3fe3460625b4e6e8bae9684464fd98ccdd98d24693c0f70ab6b84bcbfa4,scorefile__L39,burst_start_distance,70,28.37142857142857
4c41f3fe3460625b4e6e8bae9684464fd98ccdd98d24693c0f70ab6b84bcbfa4,acquire__L39,trigger_distance,96,19.520833333333332
4c41f3fe3460625b4e6e8bae9684464fd98ccdd98d24693c0f70ab6b84bcbfa4,acquire__L39,silent_gap,64,27.78125
4c41f3fe3460625b4e6e8bae9684464fd98ccdd98d24693c0f70ab6b84bcbfa4,acquire__L39,burst_start_distance,64,29.28125
4c41f3fe3460625b4e6e8bae9684464fd98ccdd98d24693c0f70ab6b84bcbfa4,report__L39,trigger_distance,74,26.0
4c41f3fe3460625b4e6e8bae9684464fd98ccdd98d24693c0f70ab6b84bcbfa4,report__L39,silent_gap,37,50.0
4c41f3fe3460625b4e6e8bae9684464fd98ccdd98d24693c0f70ab6b84bcbfa4,report__L39,burst_start_distance,37,51.945945945945944
4c41f3fe3460625b4e6e8bae9684464fd98ccdd98d24693c0f70ab6b84bcbfa4,motivated__L39,trigger_distance,115,14.704347826086957
4c41f3fe3460625b4e6e8bae9684464fd98ccdd98d24693c0f70ab6b84bcbfa4,motivated__L39,silent_gap,69,22.840579710144926
4c41f3fe3460625b4e6e8bae9684464fd98ccdd98d24693c0f70ab6b84bcbfa4,motivated__L39,burst_start_distance,69,24.507246376811594
ac1d320c8cdf7ee58e1427590ccf57a9a651476664d2eb6a4c543950d90bd20c,suite__L39,trigger_distance,125,17.84
ac1d320c8cdf7ee58e1427590ccf57a9a651476664d2eb6a4c543950d90bd20c,suite__L39,silent_gap,73,28.835616438356166
ac1d320c8cdf7ee58e1427590ccf57a9a651476664d2eb6a4c543950d90bd20c,suite__L39,burst_start_distance,73,30.54794520547945
ac1d320c8cdf7ee58e1427590ccf57a9a651476664d2eb6a4c543950d90bd20c,validator__L39,trigger_distance,189,11.571428571428571
ac1d320c8cdf7ee58e1427590ccf57a9a651476664d2eb6a4c543950d90bd20c,validator__L39,silent_gap,73,27.36986301369863
ac1d320c8cdf7ee58e1427590ccf57a9a651476664d2eb6a4c543950d90bd20c,validator__L39,burst_start_distance,73,29.958904109589042
ac1d320c8cdf7ee58e1427590ccf57a9a651476664d2eb6a4c543950d90bd20c,scorefile__L39,trigger_distance,204,11.269607843137255
ac1d320c8cdf7ee58e1427590ccf57a9a651476664d2eb6a4c543950d90bd20c,scorefile__L39,silent_gap,91,23.021978021978022
ac1d320c8cdf7ee58e1427590ccf57a9a651476664d2eb6a4c543950d90bd20c,scorefile__L39,burst_start_distance,91,25.263736263736263
ac1d320c8cdf7ee58e1427590ccf57a9a651476664d2eb6a4c543950d90bd20c,acquire__L39,trigger_distance,147,15.714285714285714
ac1d320c8cdf7ee58e1427590ccf57a9a651476664d2eb6a4c543950d90bd20c,acquire__L39,silent_gap,100,21.63
ac1d320c8cdf7ee58e1427590ccf57a9a651476664d2eb6a4c543950d90bd20c,acquire__L39,burst_start_distance,100,23.1
ac1d320c8cdf7ee58e1427590ccf57a9a651476664d2eb6a4c543950d90bd20c,report__L39,trigger_distance,65,33.646153846153844
ac1d320c8cdf7ee58e1427590ccf57a9a651476664d2eb6a4c543950d90bd20c,report__L39,silent_gap,41,51.75609756097561
ac1d320c8cdf7ee58e1427590ccf57a9a651476664d2eb6a4c543950d90bd20c,report__L39,burst_start_distance,41,53.170731707317074
ac1d320c8cdf7ee58e1427590ccf57a9a651476664d2eb6a4c543950d90bd20c,motivated__L39,trigger_distance,129,14.643410852713178
ac1d320c8cdf7ee58e1427590ccf57a9a651476664d2eb6a4c543950d90bd20c,motivated__L39,silent_gap,66,26.666666666666668
ac1d320c8cdf7ee58e1427590ccf57a9a651476664d2eb6a4c543950d90bd20c,motivated__L39,burst_start_distance,66,28.606060606060606
65897e9a014d3e520efb6361582befc4609551c68a5dba78051e5dee56d7730c,suite__L39,trigger_distance,222,11.045045045045045
65897e9a014d3e520efb6361582befc4609551c68a5dba78051e5dee56d7730c,suite__L39,silent_gap,112,19.910714285714285
65897e9a014d3e520efb6361582befc4609551c68a5dba78051e5dee56d7730c,suite__L39,burst_start_distance,112,21.839285714285715
65897e9a014d3e520efb6361582befc4609551c68a5dba78051e5dee56d7730c,validator__L39,trigger_distance,253,9.42687747035573
65897e9a014d3e520efb6361582befc4609551c68a5dba78051e5dee56d7730c,validator__L39,silent_gap,100,21.32
65897e9a014d3e520efb6361582befc4609551c68a5dba78051e5dee56d7730c,validator__L39,burst_start_distance,100,23.85
65897e9a014d3e520efb6361582befc4609551c68a5dba78051e5dee56d7730c,scorefile__L39,trigger_distance,238,10.38655462184874
65897e9a014d3e520efb6361582befc4609551c68a5dba78051e5dee56d7730c,scorefile__L39,silent_gap,121,18.462809917355372
65897e9a014d3e520efb6361582befc4609551c68a5dba78051e5dee56d7730c,scorefile__L39,burst_start_distance,121,20.429752066115704
65897e9a014d3e520efb6361582befc4609551c68a5dba78051e5dee56d7730c,acquire__L39,trigger_distance,114,21.482456140350877
65897e9a014d3e520efb6361582befc4609551c68a5dba78051e5dee56d7730c,acquire__L39,silent_gap,76,30.723684210526315
65897e9a014d3e520efb6361582befc4609551c68a5dba78051e5dee56d7730c,acquire__L39,burst_start_distance,76,32.1578947368421
65897e9a014d3e520efb6361582befc4609551c68a5dba78051e5dee56d7730c,report__L39,trigger_distance,195,12.364102564102565
65897e9a014d3e520efb6361582befc4609551c68a5dba78051e5dee56d7730c,report__L39,silent_gap,64,34.625
65897e9a014d3e520efb6361582befc4609551c68a5dba78051e5dee56d7730c,report__L39,burst_start_distance,64,37.453125
65897e9a014d3e520efb6361582befc4609551c68a5dba78051e5dee56d7730c,motivated__L39,trigger_distance,155,15.07741935483871
65897e9a014d3e520efb6361582befc4609551c68a5dba78051e5dee56d7730c,motivated__L39,silent_gap,83,26.289156626506024
65897e9a014d3e520efb6361582befc4609551c68a5dba78051e5dee56d7730c,motivated__L39,burst_start_distance,83,28.156626506024097
94984b9d3a447d6cbaba7d64dbe332078bf1c7105f0dd86e684e59ac844851b9,suite__L39,trigger_distance,64,31.5
94984b9d3a447d6cbaba7d64dbe332078bf1c7105f0dd86e684e59ac844851b9,suite__L39,silent_gap,43,45.395348837209305
94984b9d3a447d6cbaba7d64dbe332078bf1c7105f0dd86e684e59ac844851b9,suite__L39,burst_start_distance,43,46.86046511627907
94984b9d3a447d6cbaba7d64dbe332078bf1c7105f0dd86e684e59ac844851b9,validator__L39,trigger_distance,73,26.958904109589042
94984b9d3a447d6cbaba7d64dbe332078bf1c7105f0dd86e684e59ac844851b9,validator__L39,silent_gap,41,46.21951219512195
94984b9d3a447d6cbaba7d64dbe332078bf1c7105f0dd86e684e59ac844851b9,validator__L39,burst_start_distance,41,48.0
94984b9d3a447d6cbaba7d64dbe332078bf1c7105f0dd86e684e59ac844851b9,scorefile__L39,trigger_distance,95,21.210526315789473
94984b9d3a447d6cbaba7d64dbe332078bf1c7105f0dd86e684e59ac844851b9,scorefile__L39,silent_gap,57,33.68421052631579
94984b9d3a447d6cbaba7d64dbe332078bf1c7105f0dd86e684e59ac844851b9,scorefile__L39,burst_start_distance,57,35.35087719298246
94984b9d3a447d6cbaba7d64dbe332078bf1c7105f0dd86e684e59ac844851b9,acquire__L39,trigger_distance,98,20.602040816326532
94984b9d3a447d6cbaba7d64dbe332078bf1c7105f0dd86e684e59ac844851b9,acquire__L39,silent_gap,67,28.671641791044777
94984b9d3a447d6cbaba7d64dbe332078bf1c7105f0dd86e684e59ac844851b9,acquire__L39,burst_start_distance,67,30.134328358208954
94984b9d3a447d6cbaba7d64dbe332078bf1c7105f0dd86e684e59ac844851b9,report__L39,trigger_distance,86,22.86046511627907
94984b9d3a447d6cbaba7d64dbe332078bf1c7105f0dd86e684e59ac844851b9,report__L39,silent_gap,41,45.853658536585364
94984b9d3a447d6cbaba7d64dbe332078bf1c7105f0dd86e684e59ac844851b9,report__L39,burst_start_distance,41,47.75609756097561
94984b9d3a447d6cbaba7d64dbe332078bf1c7105f0dd86e684e59ac844851b9,motivated__L39,trigger_distance,140,13.864285714285714
94984b9d3a447d6cbaba7d64dbe332078bf1c7105f0dd86e684e59ac844851b9,motivated__L39,silent_gap,73,24.671232876712327
94984b9d3a447d6cbaba7d64dbe332078bf1c7105f0dd86e684e59ac844851b9,motivated__L39,burst_start_distance,73,26.589041095890412
44a752ce23f2777b74ab2ac0b56e91acce5309be5cd48a80beae7136ee9918d2,suite__L39,trigger_distance,378,8.534391534391535
44a752ce23f2777b74ab2ac0b56e91acce5309be5cd48a80beae7136ee9918d2,suite__L39,silent_gap,174,16.367816091954023
44a752ce23f2777b74ab2ac0b56e91acce5309be5cd48a80beae7136ee9918d2,suite__L39,burst_start_distance,174,18.517241379310345
44a752ce23f2777b74ab2ac0b56e91acce5309be5cd48a80beae7136ee9918d2,validator__L39,trigger_distance,425,7.421176470588235
44a752ce23f2777b74ab2ac0b56e91acce5309be5cd48a80beae7136ee9918d2,validator__L39,silent_gap,140,19.492857142857144
44a752ce23f2777b74ab2ac0b56e91acce5309be5cd48a80beae7136ee9918d2,validator__L39,burst_start_distance,140,22.52857142857143
44a752ce23f2777b74ab2ac0b56e91acce5309be5cd48a80beae7136ee9918d2,scorefile__L39,trigger_distance,455,7.2615384615384615
44a752ce23f2777b74ab2ac0b56e91acce5309be5cd48a80beae7136ee9918d2,scorefile__L39,silent_gap,184,15.483695652173912
44a752ce23f2777b74ab2ac0b56e91acce5309be5cd48a80beae7136ee9918d2,scorefile__L39,burst_start_distance,184,17.956521739130434
44a752ce23f2777b74ab2ac0b56e91acce5309be5cd48a80beae7136ee9918d2,acquire__L39,trigger_distance,139,23.633093525179856
44a752ce23f2777b74ab2ac0b56e91acce5309be5cd48a80beae7136ee9918d2,acquire__L39,silent_gap,101,31.14851485148515
44a752ce23f2777b74ab2ac0b56e91acce5309be5cd48a80beae7136ee9918d2,acquire__L39,burst_start_distance,101,32.524752475247524
44a752ce23f2777b74ab2ac0b56e91acce5309be5cd48a80beae7136ee9918d2,report__L39,trigger_distance,202,15.816831683168317
44a752ce23f2777b74ab2ac0b56e91acce5309be5cd48a80beae7136ee9918d2,report__L39,silent_gap,71,42.15492957746479
44a752ce23f2777b74ab2ac0b56e91acce5309be5cd48a80beae7136ee9918d2,report__L39,burst_start_distance,71,44.943661971830984
44a752ce23f2777b74ab2ac0b56e91acce5309be5cd48a80beae7136ee9918d2,motivated__L39,trigger_distance,208,14.83173076923077
44a752ce23f2777b74ab2ac0b56e91acce5309be5cd48a80beae7136ee9918d2,motivated__L39,silent_gap,101,28.485148514851485
44a752ce23f2777b74ab2ac0b56e91acce5309be5cd48a80beae7136ee9918d2,motivated__L39,burst_start_distance,101,30.544554455445546
2db6ec27ab4a1b24289e45f78deb2c7fdd1802bc2b40ad5304936ed650e490d5,suite__L39,trigger_distance,293,9.843003412969283
2db6ec27ab4a1b24289e45f78deb2c7fdd1802bc2b40ad5304936ed650e490d5,suite__L39,silent_gap,151,17.158940397350992
2db6ec27ab4a1b24289e45f78deb2c7fdd1802bc2b40ad5304936ed650e490d5,suite__L39,burst_start_distance,151,19.079470198675498
2db6ec27ab4a1b24289e45f78deb2c7fdd1802bc2b40ad5304936ed650e490d5,validator__L39,trigger_distance,317,8.949526813880126
2db6ec27ab4a1b24289e45f78deb2c7fdd1802bc2b40ad5304936ed650e490d5,validator__L39,silent_gap,106,23.77358490566038
2db6ec27ab4a1b24289e45f78deb2c7fdd1802bc2b40ad5304936ed650e490d5,validator__L39,burst_start_distance,106,26.764150943396228
2db6ec27ab4a1b24289e45f78deb2c7fdd1802bc2b40ad5304936ed650e490d5,scorefile__L39,trigger_distance,386,7.616580310880829
2db6ec27ab4a1b24289e45f78deb2c7fdd1802bc2b40ad5304936ed650e490d5,scorefile__L39,silent_gap,164,15.573170731707316
2db6ec27ab4a1b24289e45f78deb2c7fdd1802bc2b40ad5304936ed650e490d5,scorefile__L39,burst_start_distance,164,17.926829268292682
2db6ec27ab4a1b24289e45f78deb2c7fdd1802bc2b40ad5304936ed650e490d5,acquire__L39,trigger_distance,140,20.65714285714286
2db6ec27ab4a1b24289e45f78deb2c7fdd1802bc2b40ad5304936ed650e490d5,acquire__L39,silent_gap,92,29.91304347826087
2db6ec27ab4a1b24289e45f78deb2c7fdd1802bc2b40ad5304936ed650e490d5,acquire__L39,burst_start_distance,92,31.434782608695652
2db6ec27ab4a1b24289e45f78deb2c7fdd1802bc2b40ad5304936ed650e490d5,report__L39,trigger_distance,171,16.60233918128655
2db6ec27ab4a1b24289e45f78deb2c7fdd1802bc2b40ad5304936ed650e490d5,report__L39,silent_gap,54,49.407407407407405
2db6ec27ab4a1b24289e45f78deb2c7fdd1802bc2b40ad5304936ed650e490d5,report__L39,burst_start_distance,54,52.25925925925926
2db6ec27ab4a1b24289e45f78deb2c7fdd1802bc2b40ad5304936ed650e490d5,motivated__L39,trigger_distance,133,21.030075187969924
2db6ec27ab4a1b24289e45f78deb2c7fdd1802bc2b40ad5304936ed650e490d5,motivated__L39,silent_gap,81,32.888888888888886
2db6ec27ab4a1b24289e45f78deb2c7fdd1802bc2b40ad5304936ed650e490d5,motivated__L39,burst_start_distance,81,34.53086419753087
04467263a4715f96de4d756fa0a44402c8db3572e01038fe676ffc98d4ec3a37,suite__L39,trigger_distance,123,22.333333333333332
04467263a4715f96de4d756fa0a44402c8db3572e01038fe676ffc98d4ec3a37,suite__L39,silent_gap,78,33.64102564102564
04467263a4715f96de4d756fa0a44402c8db3572e01038fe676ffc98d4ec3a37,suite__L39,burst_start_distance,78,35.17948717948718
04467263a4715f96de4d756fa0a44402c8db3572e01038fe676ffc98d4ec3a37,validator__L39,trigger_distance,127,19.834645669291337
04467263a4715f96de4d756fa0a44402c8db3572e01038fe676ffc98d4ec3a37,validator__L39,silent_gap,59,40.54237288135593
04467263a4715f96de4d756fa0a44402c8db3572e01038fe676ffc98d4ec3a37,validator__L39,burst_start_distance,59,42.69491525423729
04467263a4715f96de4d756fa0a44402c8db3572e01038fe676ffc98d4ec3a37,scorefile__L39,trigger_distance,131,21.068702290076335
04467263a4715f96de4d756fa0a44402c8db3572e01038fe676ffc98d4ec3a37,scorefile__L39,silent_gap,87,30.2183908045977
04467263a4715f96de4d756fa0a44402c8db3572e01038fe676ffc98d4ec3a37,scorefile__L39,burst_start_distance,87,31.724137931034484
04467263a4715f96de4d756fa0a44402c8db3572e01038fe676ffc98d4ec3a37,acquire__L39,trigger_distance,176,14.852272727272727
04467263a4715f96de4d756fa0a44402c8db3572e01038fe676ffc98d4ec3a37,acquire__L39,silent_gap,97,25.1340206185567
04467263a4715f96de4d756fa0a44402c8db3572e01038fe676ffc98d4ec3a37,acquire__L39,burst_start_distance,97,26.948453608247423
04467263a4715f96de4d756fa0a44402c8db3572e01038fe676ffc98d4ec3a37,report__L39,trigger_distance,161,16.614906832298136
04467263a4715f96de4d756fa0a44402c8db3572e01038fe676ffc98d4ec3a37,report__L39,silent_gap,64,39.28125
04467263a4715f96de4d756fa0a44402c8db3572e01038fe676ffc98d4ec3a37,report__L39,burst_start_distance,64,41.671875
04467263a4715f96de4d756fa0a44402c8db3572e01038fe676ffc98d4ec3a37,motivated__L39,trigger_distance,140,18.571428571428573
04467263a4715f96de4d756fa0a44402c8db3572e01038fe676ffc98d4ec3a37,motivated__L39,silent_gap,77,31.948051948051948
04467263a4715f96de4d756fa0a44402c8db3572e01038fe676ffc98d4ec3a37,motivated__L39,burst_start_distance,77,33.76623376623377
d677abb1779b786ed4cde3dbfe673e121cdba0fe72d18965be30c730284bd0b8,suite__L39,trigger_distance,78,30.5
d677abb1779b786ed4cde3dbfe673e121cdba0fe72d18965be30c730284bd0b8,suite__L39,silent_gap,58,39.672413793103445
d677abb1779b786ed4cde3dbfe673e121cdba0fe72d18965be30c730284bd0b8,suite__L39,burst_start_distance,58,41.01724137931034
d677abb1779b786ed4cde3dbfe673e121cdba0fe72d18965be30c730284bd0b8,validator__L39,trigger_distance,86,27.127906976744185
d677abb1779b786ed4cde3dbfe673e121cdba0fe72d18965be30c730284bd0b8,validator__L39,silent_gap,54,41.611111111111114
d677abb1779b786ed4cde3dbfe673e121cdba0fe72d18965be30c730284bd0b8,validator__L39,burst_start_distance,54,43.18518518518518
d677abb1779b786ed4cde3dbfe673e121cdba0fe72d18965be30c730284bd0b8,scorefile__L39,trigger_distance,133,18.48872180451128
d677abb1779b786ed4cde3dbfe673e121cdba0fe72d18965be30c730284bd0b8,scorefile__L39,silent_gap,95,24.48421052631579
d677abb1779b786ed4cde3dbfe673e121cdba0fe72d18965be30c730284bd0b8,scorefile__L39,burst_start_distance,95,25.88421052631579
d677abb1779b786ed4cde3dbfe673e121cdba0fe72d18965be30c730284bd0b8,acquire__L39,trigger_distance,176,14.107954545454545
d677abb1779b786ed4cde3dbfe673e121cdba0fe72d18965be30c730284bd0b8,acquire__L39,silent_gap,97,23.783505154639176
d677abb1779b786ed4cde3dbfe673e121cdba0fe72d18965be30c730284bd0b8,acquire__L39,burst_start_distance,97,25.5979381443299
d677abb1779b786ed4cde3dbfe673e121cdba0fe72d18965be30c730284bd0b8,report__L39,trigger_distance,71,33.91549295774648
d677abb1779b786ed4cde3dbfe673e121cdba0fe72d18965be30c730284bd0b8,report__L39,silent_gap,40,58.425
d677abb1779b786ed4cde3dbfe673e121cdba0fe72d18965be30c730284bd0b8,report__L39,burst_start_distance,40,60.15
d677abb1779b786ed4cde3dbfe673e121cdba0fe72d18965be30c730284bd0b8,motivated__L39,trigger_distance,167,13.886227544910179
d677abb1779b786ed4cde3dbfe673e121cdba0fe72d18965be30c730284bd0b8,motivated__L39,silent_gap,98,21.959183673469386
d677abb1779b786ed4cde3dbfe673e121cdba0fe72d18965be30c730284bd0b8,motivated__L39,burst_start_distance,98,23.663265306122447
89b64794ea79fd720c9a938e9aea5cd451dc42c61e2e151375f72b65359dbf15,suite__L39,trigger_distance,192,18.875
89b64794ea79fd720c9a938e9aea5cd451dc42c61e2e151375f72b65359dbf15,suite__L39,silent_gap,118,29.084745762711865
89b64794ea79fd720c9a938e9aea5cd451dc42c61e2e151375f72b65359dbf15,suite__L39,burst_start_distance,118,30.6864406779661
89b64794ea79fd720c9a938e9aea5cd451dc42c61e2e151375f72b65359dbf15,validator__L39,trigger_distance,186,18.881720430107528
89b64794ea79fd720c9a938e9aea5cd451dc42c61e2e151375f72b65359dbf15,validator__L39,silent_gap,90,36.955555555555556
89b64794ea79fd720c9a938e9aea5cd451dc42c61e2e151375f72b65359dbf15,validator__L39,burst_start_distance,90,39.01111111111111
89b64794ea79fd720c9a938e9aea5cd451dc42c61e2e151375f72b65359dbf15,scorefile__L39,trigger_distance,196,18.556122448979593
89b64794ea79fd720c9a938e9aea5cd451dc42c61e2e151375f72b65359dbf15,scorefile__L39,silent_gap,130,26.46923076923077
89b64794ea79fd720c9a938e9aea5cd451dc42c61e2e151375f72b65359dbf15,scorefile__L39,burst_start_distance,130,27.96153846153846
89b64794ea79fd720c9a938e9aea5cd451dc42c61e2e151375f72b65359dbf15,acquire__L39,trigger_distance,148,24.58783783783784
89b64794ea79fd720c9a938e9aea5cd451dc42c61e2e151375f72b65359dbf15,acquire__L39,silent_gap,88,39.67045454545455
89b64794ea79fd720c9a938e9aea5cd451dc42c61e2e151375f72b65359dbf15,acquire__L39,burst_start_distance,88,41.35227272727273
89b64794ea79fd720c9a938e9aea5cd451dc42c61e2e151375f72b65359dbf15,report__L39,trigger_distance,168,21.321428571428573
89b64794ea79fd720c9a938e9aea5cd451dc42c61e2e151375f72b65359dbf15,report__L39,silent_gap,66,51.72727272727273
89b64794ea79fd720c9a938e9aea5cd451dc42c61e2e151375f72b65359dbf15,report__L39,burst_start_distance,66,54.121212121212125
89b64794ea79fd720c9a938e9aea5cd451dc42c61e2e151375f72b65359dbf15,motivated__L39,trigger_distance,357,9.873949579831933
89b64794ea79fd720c9a938e9aea5cd451dc42c61e2e151375f72b65359dbf15,motivated__L39,silent_gap,163,19.43558282208589
89b64794ea79fd720c9a938e9aea5cd451dc42c61e2e151375f72b65359dbf15,motivated__L39,burst_start_distance,163,21.613496932515336
ac747b2e40f9ba043f6f68ec54385e78fc3a5a19db99b9e29aabf9e12fb60c88,suite__L39,trigger_distance,125,21.28
ac747b2e40f9ba043f6f68ec54385e78fc3a5a19db99b9e29aabf9e12fb60c88,suite__L39,silent_gap,79,32.08860759493671
ac747b2e40f9ba043f6f68ec54385e78fc3a5a19db99b9e29aabf9e12fb60c88,suite__L39,burst_start_distance,79,33.63291139240506
ac747b2e40f9ba043f6f68ec54385e78fc3a5a19db99b9e29aabf9e12fb60c88,validator__L39,trigger_distance,86,30.197674418604652
ac747b2e40f9ba043f6f68ec54385e78fc3a5a19db99b9e29aabf9e12fb60c88,validator__L39,silent_gap,44,57.06818181818182
ac747b2e40f9ba043f6f68ec54385e78fc3a5a19db99b9e29aabf9e12fb60c88,validator__L39,burst_start_distance,44,59.02272727272727
ac747b2e40f9ba043f6f68ec54385e78fc3a5a19db99b9e29aabf9e12fb60c88,scorefile__L39,trigger_distance,121,22.05785123966942
ac747b2e40f9ba043f6f68ec54385e78fc3a5a19db99b9e29aabf9e12fb60c88,scorefile__L39,silent_gap,86,29.627906976744185
ac747b2e40f9ba043f6f68ec54385e78fc3a5a19db99b9e29aabf9e12fb60c88,scorefile__L39,burst_start_distance,86,31.03488372093023
ac747b2e40f9ba043f6f68ec54385e78fc3a5a19db99b9e29aabf9e12fb60c88,acquire__L39,trigger_distance,125,20.648
ac747b2e40f9ba043f6f68ec54385e78fc3a5a19db99b9e29aabf9e12fb60c88,acquire__L39,silent_gap,90,27.288888888888888
ac747b2e40f9ba043f6f68ec54385e78fc3a5a19db99b9e29aabf9e12fb60c88,acquire__L39,burst_start_distance,90,28.677777777777777
ac747b2e40f9ba043f6f68ec54385e78fc3a5a19db99b9e29aabf9e12fb60c88,report__L39,trigger_distance,161,16.180124223602483
ac747b2e40f9ba043f6f68ec54385e78fc3a5a19db99b9e29aabf9e12fb60c88,report__L39,silent_gap,57,42.87719298245614
ac747b2e40f9ba043f6f68ec54385e78fc3a5a19db99b9e29aabf9e12fb60c88,report__L39,burst_start_distance,57,45.56140350877193
ac747b2e40f9ba043f6f68ec54385e78fc3a5a19db99b9e29aabf9e12fb60c88,motivated__L39,trigger_distance,141,17.382978723404257
ac747b2e40f9ba043f6f68ec54385e78fc3a5a19db99b9e29aabf9e12fb60c88,motivated__L39,silent_gap,83,27.83132530120482
ac747b2e40f9ba043f6f68ec54385e78fc3a5a19db99b9e29aabf9e12fb60c88,motivated__L39,burst_start_distance,83,29.53012048192771
05d55aa92a134a3918ff02961a8464c3d33bbeac8ae79da4c36bc8c7296535fa,suite__L39,trigger_distance,151,18.5364238410596
05d55aa92a134a3918ff02961a8464c3d33bbeac8ae79da4c36bc8c7296535fa,suite__L39,silent_gap,96,27.583333333333332
05d55aa92a134a3918ff02961a8464c3d33bbeac8ae79da4c36bc8c7296535fa,suite__L39,burst_start_distance,96,29.125
05d55aa92a134a3918ff02961a8464c3d33bbeac8ae79da4c36bc8c7296535fa,validator__L39,trigger_distance,150,18.106666666666666
05d55aa92a134a3918ff02961a8464c3d33bbeac8ae79da4c36bc8c7296535fa,validator__L39,silent_gap,76,33.76315789473684
05d55aa92a134a3918ff02961a8464c3d33bbeac8ae79da4c36bc8c7296535fa,validator__L39,burst_start_distance,76,35.68421052631579
05d55aa92a134a3918ff02961a8464c3d33bbeac8ae79da4c36bc8c7296535fa,scorefile__L39,trigger_distance,154,18.25974025974026
05d55aa92a134a3918ff02961a8464c3d33bbeac8ae79da4c36bc8c7296535fa,scorefile__L39,silent_gap,106,25.07547169811321
05d55aa92a134a3918ff02961a8464c3d33bbeac8ae79da4c36bc8c7296535fa,scorefile__L39,burst_start_distance,106,26.50943396226415
05d55aa92a134a3918ff02961a8464c3d33bbeac8ae79da4c36bc8c7296535fa,acquire__L39,trigger_distance,142,18.866197183098592
05d55aa92a134a3918ff02961a8464c3d33bbeac8ae79da4c36bc8c7296535fa,acquire__L39,silent_gap,92,27.57608695652174
05d55aa92a134a3918ff02961a8464c3d33bbeac8ae79da4c36bc8c7296535fa,acquire__L39,burst_start_distance,92,29.119565217391305
05d55aa92a134a3918ff02961a8464c3d33bbeac8ae79da4c36bc8c7296535fa,report__L39,trigger_distance,152,18.13157894736842
05d55aa92a134a3918ff02961a8464c3d33bbeac8ae79da4c36bc8c7296535fa,report__L39,silent_gap,50,52.08
05d55aa92a134a3918ff02961a8464c3d33bbeac8ae79da4c36bc8c7296535fa,report__L39,burst_start_distance,50,55.06
05d55aa92a134a3918ff02961a8464c3d33bbeac8ae79da4c36bc8c7296535fa,motivated__L39,trigger_distance,198,13.580808080808081
05d55aa92a134a3918ff02961a8464c3d33bbeac8ae79da4c36bc8c7296535fa,motivated__L39,silent_gap,97,25.68041237113402
05d55aa92a134a3918ff02961a8464c3d33bbeac8ae79da4c36bc8c7296535fa,motivated__L39,burst_start_distance,97,27.721649484536083
6cfc46b86a9f2a52bb5b160b76e3766f33f92ac183148aedeb949c3f34494e71,suite__L39,trigger_distance,103,21.203883495145632
6cfc46b86a9f2a52bb5b160b76e3766f33f92ac183148aedeb949c3f34494e71,suite__L39,silent_gap,64,32.515625
6cfc46b86a9f2a52bb5b160b76e3766f33f92ac183148aedeb949c3f34494e71,suite__L39,burst_start_distance,64,34.09375
6cfc46b86a9f2a52bb5b160b76e3766f33f92ac183148aedeb949c3f34494e71,validator__L39,trigger_distance,202,10.653465346534654
6cfc46b86a9f2a52bb5b160b76e3766f33f92ac183148aedeb949c3f34494e71,validator__L39,silent_gap,69,28.26086956521739
6cfc46b86a9f2a52bb5b160b76e3766f33f92ac183148aedeb949c3f34494e71,validator__L39,burst_start_distance,69,31.17391304347826
6cfc46b86a9f2a52bb5b160b76e3766f33f92ac183148aedeb949c3f34494e71,scorefile__L39,trigger_distance,192,11.765625
6cfc46b86a9f2a52bb5b160b76e3766f33f92ac183148aedeb949c3f34494e71,scorefile__L39,silent_gap,105,19.685714285714287
6cfc46b86a9f2a52bb5b160b76e3766f33f92ac183148aedeb949c3f34494e71,scorefile__L39,burst_start_distance,105,21.514285714285716
6cfc46b86a9f2a52bb5b160b76e3766f33f92ac183148aedeb949c3f34494e71,acquire__L39,trigger_distance,121,17.785123966942148
6cfc46b86a9f2a52bb5b160b76e3766f33f92ac183148aedeb949c3f34494e71,acquire__L39,silent_gap,80,25.3875
6cfc46b86a9f2a52bb5b160b76e3766f33f92ac183148aedeb949c3f34494e71,acquire__L39,burst_start_distance,80,26.9
6cfc46b86a9f2a52bb5b160b76e3766f33f92ac183148aedeb949c3f34494e71,report__L39,trigger_distance,83,25.879518072289155
6cfc46b86a9f2a52bb5b160b76e3766f33f92ac183148aedeb949c3f34494e71,report__L39,silent_gap,38,54.3421052631579
6cfc46b86a9f2a52bb5b160b76e3766f33f92ac183148aedeb949c3f34494e71,report__L39,burst_start_distance,38,56.13157894736842
6cfc46b86a9f2a52bb5b160b76e3766f33f92ac183148aedeb949c3f34494e71,motivated__L39,trigger_distance,138,14.108695652173912
6cfc46b86a9f2a52bb5b160b76e3766f33f92ac183148aedeb949c3f34494e71,motivated__L39,silent_gap,72,25.125
6cfc46b86a9f2a52bb5b160b76e3766f33f92ac183148aedeb949c3f34494e71,motivated__L39,burst_start_distance,72,27.0
73917b173c8102468af2141c53d22dc2ee729a86c21f72e35de81353c6b7a9ed,suite__L39,trigger_distance,203,17.31527093596059
73917b173c8102468af2141c53d22dc2ee729a86c21f72e35de81353c6b7a9ed,suite__L39,silent_gap,125,26.496
73917b173c8102468af2141c53d22dc2ee729a86c21f72e35de81353c6b7a9ed,suite__L39,burst_start_distance,125,28.096
73917b173c8102468af2141c53d22dc2ee729a86c21f72e35de81353c6b7a9ed,validator__L39,trigger_distance,170,18.811764705882354
73917b173c8102468af2141c53d22dc2ee729a86c21f72e35de81353c6b7a9ed,validator__L39,silent_gap,94,32.212765957446805
73917b173c8102468af2141c53d22dc2ee729a86c21f72e35de81353c6b7a9ed,validator__L39,burst_start_distance,94,34.02127659574468
73917b173c8102468af2141c53d22dc2ee729a86c21f72e35de81353c6b7a9ed,scorefile__L39,trigger_distance,210,16.79047619047619
73917b173c8102468af2141c53d22dc2ee729a86c21f72e35de81353c6b7a9ed,scorefile__L39,silent_gap,137,24.204379562043794
73917b173c8102468af2141c53d22dc2ee729a86c21f72e35de81353c6b7a9ed,scorefile__L39,burst_start_distance,137,25.73722627737226
73917b173c8102468af2141c53d22dc2ee729a86c21f72e35de81353c6b7a9ed,acquire__L39,trigger_distance,172,20.523255813953487
73917b173c8102468af2141c53d22dc2ee729a86c21f72e35de81353c6b7a9ed,acquire__L39,silent_gap,113,29.716814159292035
73917b173c8102468af2141c53d22dc2ee729a86c21f72e35de81353c6b7a9ed,acquire__L39,burst_start_distance,113,31.238938053097346
73917b173c8102468af2141c53d22dc2ee729a86c21f72e35de81353c6b7a9ed,report__L39,trigger_distance,228,15.258771929824562
73917b173c8102468af2141c53d22dc2ee729a86c21f72e35de81353c6b7a9ed,report__L39,silent_gap,76,42.776315789473685
73917b173c8102468af2141c53d22dc2ee729a86c21f72e35de81353c6b7a9ed,report__L39,burst_start_distance,76,45.60526315789474
73917b173c8102468af2141c53d22dc2ee729a86c21f72e35de81353c6b7a9ed,motivated__L39,trigger_distance,273,12.172161172161172
73917b173c8102468af2141c53d22dc2ee729a86c21f72e35de81353c6b7a9ed,motivated__L39,silent_gap,134,22.761194029850746
73917b173c8102468af2141c53d22dc2ee729a86c21f72e35de81353c6b7a9ed,motivated__L39,burst_start_distance,134,24.79850746268657
bb03c29b2bc5b2c1a248805b4e1698299a5f929ed758049ddb2b10b9fbef68b4,suite__L39,trigger_distance,370,13.37027027027027
bb03c29b2bc5b2c1a248805b4e1698299a5f929ed758049ddb2b10b9fbef68b4,suite__L39,silent_gap,211,21.691943127962084
bb03c29b2bc5b2c1a248805b4e1698299a5f929ed758049ddb2b10b9fbef68b4,suite__L39,burst_start_distance,211,23.412322274881518
bb03c29b2bc5b2c1a248805b4e1698299a5f929ed758049ddb2b10b9fbef68b4,validator__L39,trigger_distance,216,22.546296296296298
bb03c29b2bc5b2c1a248805b4e1698299a5f929ed758049ddb2b10b9fbef68b4,validator__L39,silent_gap,111,41.927927927927925
bb03c29b2bc5b2c1a248805b4e1698299a5f929ed758049ddb2b10b9fbef68b4,validator__L39,burst_start_distance,111,43.873873873873876
bb03c29b2bc5b2c1a248805b4e1698299a5f929ed758049ddb2b10b9fbef68b4,scorefile__L39,trigger_distance,289,17.093425605536332
bb03c29b2bc5b2c1a248805b4e1698299a5f929ed758049ddb2b10b9fbef68b4,scorefile__L39,silent_gap,186,25.00537634408602
bb03c29b2bc5b2c1a248805b4e1698299a5f929ed758049ddb2b10b9fbef68b4,scorefile__L39,burst_start_distance,186,26.559139784946236
bb03c29b2bc5b2c1a248805b4e1698299a5f929ed758049ddb2b10b9fbef68b4,acquire__L39,trigger_distance,149,32.84563758389262
bb03c29b2bc5b2c1a248805b4e1698299a5f929ed758049ddb2b10b9fbef68b4,acquire__L39,silent_gap,103,46.067961165048544
bb03c29b2bc5b2c1a248805b4e1698299a5f929ed758049ddb2b10b9fbef68b4,acquire__L39,burst_start_distance,103,47.51456310679612
bb03c29b2bc5b2c1a248805b4e1698299a5f929ed758049ddb2b10b9fbef68b4,report__L39,trigger_distance,291,16.756013745704468
bb03c29b2bc5b2c1a248805b4e1698299a5f929ed758049ddb2b10b9fbef68b4,report__L39,silent_gap,115,39.869565217391305
bb03c29b2bc5b2c1a248805b4e1698299a5f929ed758049ddb2b10b9fbef68b4,report__L39,burst_start_distance,115,42.38260869565217
bb03c29b2bc5b2c1a248805b4e1698299a5f929ed758049ddb2b10b9fbef68b4,motivated__L39,trigger_distance,339,14.058997050147493
bb03c29b2bc5b2c1a248805b4e1698299a5f929ed758049ddb2b10b9fbef68b4,motivated__L39,silent_gap,183,24.191256830601095
bb03c29b2bc5b2c1a248805b4e1698299a5f929ed758049ddb2b10b9fbef68b4,motivated__L39,burst_start_distance,183,26.043715846994534
9d457162e423f4ebd16434d9df6f3d70351b930bb63eeecbaa72b89d13e3662a,suite__L39,trigger_distance,185,23.972972972972972
9d457162e423f4ebd16434d9df6f3d70351b930bb63eeecbaa72b89d13e3662a,suite__L39,silent_gap,124,34.274193548387096
9d457162e423f4ebd16434d9df6f3d70351b930bb63eeecbaa72b89d13e3662a,suite__L39,burst_start_distance,124,35.75
9d457162e423f4ebd16434d9df6f3d70351b930bb63eeecbaa72b89d13e3662a,validator__L39,trigger_distance,140,31.071428571428573
9d457162e423f4ebd16434d9df6f3d70351b930bb63eeecbaa72b89d13e3662a,validator__L39,silent_gap,72,58.47222222222222
9d457162e423f4ebd16434d9df6f3d70351b930bb63eeecbaa72b89d13e3662a,validator__L39,burst_start_distance,72,60.40277777777778
9d457162e423f4ebd16434d9df6f3d70351b930bb63eeecbaa72b89d13e3662a,scorefile__L39,trigger_distance,226,19.68141592920354
9d457162e423f4ebd16434d9df6f3d70351b930bb63eeecbaa72b89d13e3662a,scorefile__L39,silent_gap,153,27.594771241830067
9d457162e423f4ebd16434d9df6f3d70351b930bb63eeecbaa72b89d13e3662a,scorefile__L39,burst_start_distance,153,29.058823529411764
9d457162e423f4ebd16434d9df6f3d70351b930bb63eeecbaa72b89d13e3662a,acquire__L39,trigger_distance,242,18.388429752066116
9d457162e423f4ebd16434d9df6f3d70351b930bb63eeecbaa72b89d13e3662a,acquire__L39,silent_gap,141,29.843971631205672
9d457162e423f4ebd16434d9df6f3d70351b930bb63eeecbaa72b89d13e3662a,acquire__L39,burst_start_distance,141,31.56028368794326
9d457162e423f4ebd16434d9df6f3d70351b930bb63eeecbaa72b89d13e3662a,report__L39,trigger_distance,157,27.923566878980893
9d457162e423f4ebd16434d9df6f3d70351b930bb63eeecbaa72b89d13e3662a,report__L39,silent_gap,68,62.161764705882355
9d457162e423f4ebd16434d9df6f3d70351b930bb63eeecbaa72b89d13e3662a,report__L39,burst_start_distance,68,64.33823529411765
9d457162e423f4ebd16434d9df6f3d70351b930bb63eeecbaa72b89d13e3662a,motivated__L39,trigger_distance,273,15.945054945054945
9d457162e423f4ebd16434d9df6f3d70351b930bb63eeecbaa72b89d13e3662a,motivated__L39,silent_gap,153,26.666666666666668
9d457162e423f4ebd16434d9df6f3d70351b930bb63eeecbaa72b89d13e3662a,motivated__L39,burst_start_distance,153,28.45098039215686
15b7323ebee8566d5cd113d588dcc1c2f99e96e8b6c49ac174e81865c795fc09,suite__L39,trigger_distance,229,16.934497816593886
15b7323ebee8566d5cd113d588dcc1c2f99e96e8b6c49ac174e81865c795fc09,suite__L39,silent_gap,125,29.192
15b7323ebee8566d5cd113d588dcc1c2f99e96e8b6c49ac174e81865c795fc09,suite__L39,burst_start_distance,125,31.0
15b7323ebee8566d5cd113d588dcc1c2f99e96e8b6c49ac174e81865c795fc09,validator__L39,trigger_distance,209,18.124401913875598
15b7323ebee8566d5cd113d588dcc1c2f99e96e8b6c49ac174e81865c795fc09,validator__L39,silent_gap,86,41.616279069767444
15b7323ebee8566d5cd113d588dcc1c2f99e96e8b6c49ac174e81865c795fc09,validator__L39,burst_start_distance,86,44.04651162790697
15b7323ebee8566d5cd113d588dcc1c2f99e96e8b6c49ac174e81865c795fc09,scorefile__L39,trigger_distance,296,13.04391891891892
15b7323ebee8566d5cd113d588dcc1c2f99e96e8b6c49ac174e81865c795fc09,scorefile__L39,silent_gap,159,22.42138364779874
15b7323ebee8566d5cd113d588dcc1c2f99e96e8b6c49ac174e81865c795fc09,scorefile__L39,burst_start_distance,159,24.28301886792453
15b7323ebee8566d5cd113d588dcc1c2f99e96e8b6c49ac174e81865c795fc09,acquire__L39,trigger_distance,177,21.587570621468927
15b7323ebee8566d5cd113d588dcc1c2f99e96e8b6c49ac174e81865c795fc09,acquire__L39,silent_gap,114,31.964912280701753
15b7323ebee8566d5cd113d588dcc1c2f99e96e8b6c49ac174e81865c795fc09,acquire__L39,burst_start_distance,114,33.50877192982456
15b7323ebee8566d5cd113d588dcc1c2f99e96e8b6c49ac174e81865c795fc09,report__L39,trigger_distance,134,28.649253731343283
15b7323ebee8566d5cd113d588dcc1c2f99e96e8b6c49ac174e81865c795fc09,report__L39,silent_gap,62,59.75806451612903
15b7323ebee8566d5cd113d588dcc1c2f99e96e8b6c49ac174e81865c795fc09,report__L39,burst_start_distance,62,61.79032258064516
15b7323ebee8566d5cd113d588dcc1c2f99e96e8b6c49ac174e81865c795fc09,motivated__L39,trigger_distance,290,13.010344827586207
15b7323ebee8566d5cd113d588dcc1c2f99e96e8b6c49ac174e81865c795fc09,motivated__L39,silent_gap,155,22.470967741935485
15b7323ebee8566d5cd113d588dcc1c2f99e96e8b6c49ac174e81865c795fc09,motivated__L39,burst_start_distance,155,24.322580645161292
69d4c323c05ecfe13789bb6ecd4e6131edd632b16d9bda3af1a11b23b49d1457,suite__L39,trigger_distance,73,25.534246575342465
69d4c323c05ecfe13789bb6ecd4e6131edd632b16d9bda3af1a11b23b49d1457,suite__L39,silent_gap,50,35.82
69d4c323c05ecfe13789bb6ecd4e6131edd632b16d9bda3af1a11b23b49d1457,suite__L39,burst_start_distance,50,37.28
69d4c323c05ecfe13789bb6ecd4e6131edd632b16d9bda3af1a11b23b49d1457,validator__L39,trigger_distance,95,16.126315789473683
69d4c323c05ecfe13789bb6ecd4e6131edd632b16d9bda3af1a11b23b49d1457,validator__L39,silent_gap,46,31.23913043478261
69d4c323c05ecfe13789bb6ecd4e6131edd632b16d9bda3af1a11b23b49d1457,validator__L39,burst_start_distance,46,33.28260869565217
69d4c323c05ecfe13789bb6ecd4e6131edd632b16d9bda3af1a11b23b49d1457,scorefile__L39,trigger_distance,126,14.944444444444445
69d4c323c05ecfe13789bb6ecd4e6131edd632b16d9bda3af1a11b23b49d1457,scorefile__L39,silent_gap,77,22.818181818181817
69d4c323c05ecfe13789bb6ecd4e6131edd632b16d9bda3af1a11b23b49d1457,scorefile__L39,burst_start_distance,77,24.454545454545453
69d4c323c05ecfe13789bb6ecd4e6131edd632b16d9bda3af1a11b23b49d1457,acquire__L39,trigger_distance,81,23.432098765432098
69d4c323c05ecfe13789bb6ecd4e6131edd632b16d9bda3af1a11b23b49d1457,acquire__L39,silent_gap,54,33.648148148148145
69d4c323c05ecfe13789bb6ecd4e6131edd632b16d9bda3af1a11b23b49d1457,acquire__L39,burst_start_distance,54,35.148148148148145
69d4c323c05ecfe13789bb6ecd4e6131edd632b16d9bda3af1a11b23b49d1457,report__L39,trigger_distance,41,44.829268292682926
69d4c323c05ecfe13789bb6ecd4e6131edd632b16d9bda3af1a11b23b49d1457,report__L39,silent_gap,26,69.11538461538461
69d4c323c05ecfe13789bb6ecd4e6131edd632b16d9bda3af1a11b23b49d1457,report__L39,burst_start_distance,26,70.61538461538461
69d4c323c05ecfe13789bb6ecd4e6131edd632b16d9bda3af1a11b23b49d1457,motivated__L39,trigger_distance,182,9.989010989010989
69d4c323c05ecfe13789bb6ecd4e6131edd632b16d9bda3af1a11b23b49d1457,motivated__L39,silent_gap,85,19.24705882352941
69d4c323c05ecfe13789bb6ecd4e6131edd632b16d9bda3af1a11b23b49d1457,motivated__L39,burst_start_distance,85,21.388235294117646
2b10306796bd025d42248b8ac8b876e8e9679e1e1e9afa3a14a58d4214f24c0a,suite__L39,trigger_distance,192,15.234375
2b10306796bd025d42248b8ac8b876e8e9679e1e1e9afa3a14a58d4214f24c0a,suite__L39,silent_gap,116,23.560344827586206
2b10306796bd025d42248b8ac8b876e8e9679e1e1e9afa3a14a58d4214f24c0a,suite__L39,burst_start_distance,116,25.189655172413794
2b10306796bd025d42248b8ac8b876e8e9679e1e1e9afa3a14a58d4214f24c0a,validator__L39,trigger_distance,150,19.02
2b10306796bd025d42248b8ac8b876e8e9679e1e1e9afa3a14a58d4214f24c0a,validator__L39,silent_gap,70,38.614285714285714
2b10306796bd025d42248b8ac8b876e8e9679e1e1e9afa3a14a58d4214f24c0a,validator__L39,burst_start_distance,70,40.714285714285715
2b10306796bd025d42248b8ac8b876e8e9679e1e1e9afa3a14a58d4214f24c0a,scorefile__L39,trigger_distance,151,19.29139072847682
2b10306796bd025d42248b8ac8b876e8e9679e1e1e9afa3a14a58d4214f24c0a,scorefile__L39,silent_gap,105,26.304761904761904
2b10306796bd025d42248b8ac8b876e8e9679e1e1e9afa3a14a58d4214f24c0a,scorefile__L39,burst_start_distance,105,27.742857142857144
2b10306796bd025d42248b8ac8b876e8e9679e1e1e9afa3a14a58d4214f24c0a,acquire__L39,trigger_distance,162,17.38888888888889
2b10306796bd025d42248b8ac8b876e8e9679e1e1e9afa3a14a58d4214f24c0a,acquire__L39,silent_gap,96,27.65625
2b10306796bd025d42248b8ac8b876e8e9679e1e1e9afa3a14a58d4214f24c0a,acquire__L39,burst_start_distance,96,29.333333333333332
2b10306796bd025d42248b8ac8b876e8e9679e1e1e9afa3a14a58d4214f24c0a,report__L39,trigger_distance,240,11.925
2b10306796bd025d42248b8ac8b876e8e9679e1e1e9afa3a14a58d4214f24c0a,report__L39,silent_gap,81,32.370370370370374
2b10306796bd025d42248b8ac8b876e8e9679e1e1e9afa3a14a58d4214f24c0a,report__L39,burst_start_distance,81,35.111111111111114
2b10306796bd025d42248b8ac8b876e8e9679e1e1e9afa3a14a58d4214f24c0a,motivated__L39,trigger_distance,225,12.68
2b10306796bd025d42248b8ac8b876e8e9679e1e1e9afa3a14a58d4214f24c0a,motivated__L39,silent_gap,121,21.71900826446281
2b10306796bd025d42248b8ac8b876e8e9679e1e1e9afa3a14a58d4214f24c0a,motivated__L39,burst_start_distance,121,23.578512396694215
1aa35d6cd549e48f4585728a9b8b869d7399ddaf191abb75861c16ba0e58873e,suite__L39,trigger_distance,127,24.968503937007874
1aa35d6cd549e48f4585728a9b8b869d7399ddaf191abb75861c16ba0e58873e,suite__L39,silent_gap,77,39.532467532467535
1aa35d6cd549e48f4585728a9b8b869d7399ddaf191abb75861c16ba0e58873e,suite__L39,burst_start_distance,77,41.18181818181818
1aa35d6cd549e48f4585728a9b8b869d7399ddaf191abb75861c16ba0e58873e,validator__L39,trigger_distance,133,19.894736842105264
1aa35d6cd549e48f4585728a9b8b869d7399ddaf191abb75861c16ba0e58873e,validator__L39,silent_gap,71,35.394366197183096
1aa35d6cd549e48f4585728a9b8b869d7399ddaf191abb75861c16ba0e58873e,validator__L39,burst_start_distance,71,37.12676056338028
1aa35d6cd549e48f4585728a9b8b869d7399ddaf191abb75861c16ba0e58873e,scorefile__L39,trigger_distance,169,18.85207100591716
1aa35d6cd549e48f4585728a9b8b869d7399ddaf191abb75861c16ba0e58873e,scorefile__L39,silent_gap,109,27.678899082568808
1aa35d6cd549e48f4585728a9b8b869d7399ddaf191abb75861c16ba0e58873e,scorefile__L39,burst_start_distance,109,29.229357798165136
1aa35d6cd549e48f4585728a9b8b869d7399ddaf191abb75861c16ba0e58873e,acquire__L39,trigger_distance,132,24.166666666666668
1aa35d6cd549e48f4585728a9b8b869d7399ddaf191abb75861c16ba0e58873e,acquire__L39,silent_gap,77,39.714285714285715
1aa35d6cd549e48f4585728a9b8b869d7399ddaf191abb75861c16ba0e58873e,acquire__L39,burst_start_distance,77,41.42857142857143
1aa35d6cd549e48f4585728a9b8b869d7399ddaf191abb75861c16ba0e58873e,report__L39,trigger_distance,81,38.58024691358025
1aa35d6cd549e48f4585728a9b8b869d7399ddaf191abb75861c16ba0e58873e,report__L39,silent_gap,52,58.53846153846154
1aa35d6cd549e48f4585728a9b8b869d7399ddaf191abb75861c16ba0e58873e,report__L39,burst_start_distance,52,60.05769230769231
1aa35d6cd549e48f4585728a9b8b869d7399ddaf191abb75861c16ba0e58873e,motivated__L39,trigger_distance,245,12.771428571428572
1aa35d6cd549e48f4585728a9b8b869d7399ddaf191abb75861c16ba0e58873e,motivated__L39,silent_gap,127,22.708661417322833
1aa35d6cd549e48f4585728a9b8b869d7399ddaf191abb75861c16ba0e58873e,motivated__L39,burst_start_distance,127,24.637795275590552
85b570a19d08fa339dd5281a12329d2224a1438adc2b2e0aa50d93d774b6b96f,suite__L39,trigger_distance,182,14.791208791208792
85b570a19d08fa339dd5281a12329d2224a1438adc2b2e0aa50d93d774b6b96f,suite__L39,silent_gap,92,27.282608695652176
85b570a19d08fa339dd5281a12329d2224a1438adc2b2e0aa50d93d774b6b96f,suite__L39,burst_start_distance,92,29.22826086956522
85b570a19d08fa339dd5281a12329d2224a1438adc2b2e0aa50d93d774b6b96f,validator__L39,trigger_distance,233,11.34763948497854
85b570a19d08fa339dd5281a12329d2224a1438adc2b2e0aa50d93d774b6b96f,validator__L39,silent_gap,88,27.397727272727273
85b570a19d08fa339dd5281a12329d2224a1438adc2b2e0aa50d93d774b6b96f,validator__L39,burst_start_distance,88,30.045454545454547
85b570a19d08fa339dd5281a12329d2224a1438adc2b2e0aa50d93d774b6b96f,scorefile__L39,trigger_distance,246,11.060975609756097
85b570a19d08fa339dd5281a12329d2224a1438adc2b2e0aa50d93d774b6b96f,scorefile__L39,silent_gap,127,19.488188976377952
85b570a19d08fa339dd5281a12329d2224a1438adc2b2e0aa50d93d774b6b96f,scorefile__L39,burst_start_distance,127,21.4251968503937
85b570a19d08fa339dd5281a12329d2224a1438adc2b2e0aa50d93d774b6b96f,acquire__L39,trigger_distance,132,19.901515151515152
85b570a19d08fa339dd5281a12329d2224a1438adc2b2e0aa50d93d774b6b96f,acquire__L39,silent_gap,90,27.72222222222222
85b570a19d08fa339dd5281a12329d2224a1438adc2b2e0aa50d93d774b6b96f,acquire__L39,burst_start_distance,90,29.177777777777777
85b570a19d08fa339dd5281a12329d2224a1438adc2b2e0aa50d93d774b6b96f,report__L39,trigger_distance,131,20.236641221374047
85b570a19d08fa339dd5281a12329d2224a1438adc2b2e0aa50d93d774b6b96f,report__L39,silent_gap,57,44.21052631578947
85b570a19d08fa339dd5281a12329d2224a1438adc2b2e0aa50d93d774b6b96f,report__L39,burst_start_distance,57,46.24561403508772
85b570a19d08fa339dd5281a12329d2224a1438adc2b2e0aa50d93d774b6b96f,motivated__L39,trigger_distance,188,13.946808510638299
85b570a19d08fa339dd5281a12329d2224a1438adc2b2e0aa50d93d774b6b96f,motivated__L39,silent_gap,96,25.354166666666668
85b570a19d08fa339dd5281a12329d2224a1438adc2b2e0aa50d93d774b6b96f,motivated__L39,burst_start_distance,96,27.3125
0029481b724254c172abcc8ed71e197b1fe1cad4a060bc2e5d2cd2613838abda,suite__L39,trigger_distance,204,13.926470588235293
0029481b724254c172abcc8ed71e197b1fe1cad4a060bc2e5d2cd2613838abda,suite__L39,silent_gap,122,21.614754098360656
0029481b724254c172abcc8ed71e197b1fe1cad4a060bc2e5d2cd2613838abda,suite__L39,burst_start_distance,122,23.278688524590162
0029481b724254c172abcc8ed71e197b1fe1cad4a060bc2e5d2cd2613838abda,validator__L39,trigger_distance,195,14.425641025641026
0029481b724254c172abcc8ed71e197b1fe1cad4a060bc2e5d2cd2613838abda,validator__L39,silent_gap,80,32.725
0029481b724254c172abcc8ed71e197b1fe1cad4a060bc2e5d2cd2613838abda,validator__L39,burst_start_distance,80,35.15
0029481b724254c172abcc8ed71e197b1fe1cad4a060bc2e5d2cd2613838abda,scorefile__L39,trigger_distance,223,13.04932735426009
0029481b724254c172abcc8ed71e197b1fe1cad4a060bc2e5d2cd2613838abda,scorefile__L39,silent_gap,143,18.79020979020979
0029481b724254c172abcc8ed71e197b1fe1cad4a060bc2e5d2cd2613838abda,scorefile__L39,burst_start_distance,143,20.342657342657343
0029481b724254c172abcc8ed71e197b1fe1cad4a060bc2e5d2cd2613838abda,acquire__L39,trigger_distance,144,20.20138888888889
0029481b724254c172abcc8ed71e197b1fe1cad4a060bc2e5d2cd2613838abda,acquire__L39,silent_gap,95,29.105263157894736
0029481b724254c172abcc8ed71e197b1fe1cad4a060bc2e5d2cd2613838abda,acquire__L39,burst_start_distance,95,30.610526315789475
0029481b724254c172abcc8ed71e197b1fe1cad4a060bc2e5d2cd2613838abda,report__L39,trigger_distance,217,13.04147465437788
0029481b724254c172abcc8ed71e197b1fe1cad4a060bc2e5d2cd2613838abda,report__L39,silent_gap,74,35.310810810810814
0029481b724254c172abcc8ed71e197b1fe1cad4a060bc2e5d2cd2613838abda,report__L39,burst_start_distance,74,38.2027027027027
0029481b724254c172abcc8ed71e197b1fe1cad4a060bc2e5d2cd2613838abda,motivated__L39,trigger_distance,228,11.359649122807017
0029481b724254c172abcc8ed71e197b1fe1cad4a060bc2e5d2cd2613838abda,motivated__L39,silent_gap,112,21.089285714285715
0029481b724254c172abcc8ed71e197b1fe1cad4a060bc2e5d2cd2613838abda,motivated__L39,burst_start_distance,112,23.116071428571427
6a7449c8f4a1251fd92a1a6d42365f19fc845df85845b18d6ac62afc47037ace,suite__L39,trigger_distance,148,25.10810810810811
6a7449c8f4a1251fd92a1a6d42365f19fc845df85845b18d6ac62afc47037ace,suite__L39,silent_gap,96,37.166666666666664
6a7449c8f4a1251fd92a1a6d42365f19fc845df85845b18d6ac62afc47037ace,suite__L39,burst_start_distance,96,38.708333333333336
6a7449c8f4a1251fd92a1a6d42365f19fc845df85845b18d6ac62afc47037ace,validator__L39,trigger_distance,237,15.59915611814346
6a7449c8f4a1251fd92a1a6d42365f19fc845df85845b18d6ac62afc47037ace,validator__L39,silent_gap,115,30.08695652173913
6a7449c8f4a1251fd92a1a6d42365f19fc845df85845b18d6ac62afc47037ace,validator__L39,burst_start_distance,115,32.130434782608695
6a7449c8f4a1251fd92a1a6d42365f19fc845df85845b18d6ac62afc47037ace,scorefile__L39,trigger_distance,288,13.229166666666666
6a7449c8f4a1251fd92a1a6d42365f19fc845df85845b18d6ac62afc47037ace,scorefile__L39,silent_gap,137,25.708029197080293
6a7449c8f4a1251fd92a1a6d42365f19fc845df85845b18d6ac62afc47037ace,scorefile__L39,burst_start_distance,137,27.802919708029197
6a7449c8f4a1251fd92a1a6d42365f19fc845df85845b18d6ac62afc47037ace,acquire__L39,trigger_distance,189,20.211640211640212
6a7449c8f4a1251fd92a1a6d42365f19fc845df85845b18d6ac62afc47037ace,acquire__L39,silent_gap,128,28.3671875
6a7449c8f4a1251fd92a1a6d42365f19fc845df85845b18d6ac62afc47037ace,acquire__L39,burst_start_distance,128,29.84375
6a7449c8f4a1251fd92a1a6d42365f19fc845df85845b18d6ac62afc47037ace,report__L39,trigger_distance,44,84.72727272727273
6a7449c8f4a1251fd92a1a6d42365f19fc845df85845b18d6ac62afc47037ace,report__L39,silent_gap,32,115.125
6a7449c8f4a1251fd92a1a6d42365f19fc845df85845b18d6ac62afc47037ace,report__L39,burst_start_distance,32,116.4375
6a7449c8f4a1251fd92a1a6d42365f19fc845df85845b18d6ac62afc47037ace,motivated__L39,trigger_distance,270,13.777777777777779
6a7449c8f4a1251fd92a1a6d42365f19fc845df85845b18d6ac62afc47037ace,motivated__L39,silent_gap,146,23.63013698630137
6a7449c8f4a1251fd92a1a6d42365f19fc845df85845b18d6ac62afc47037ace,motivated__L39,burst_start_distance,146,25.47945205479452
df8f8d0cb9cd2344d97e82a142f4358d8e66c79ab0f516aede7df74751970d19,suite__L39,trigger_distance,210,17.761904761904763
df8f8d0cb9cd2344d97e82a142f4358d8e66c79ab0f516aede7df74751970d19,suite__L39,silent_gap,128,27.5
df8f8d0cb9cd2344d97e82a142f4358d8e66c79ab0f516aede7df74751970d19,suite__L39,burst_start_distance,128,29.1171875
df8f8d0cb9cd2344d97e82a142f4358d8e66c79ab0f516aede7df74751970d19,validator__L39,trigger_distance,159,23.0
df8f8d0cb9cd2344d97e82a142f4358d8e66c79ab0f516aede7df74751970d19,validator__L39,silent_gap,95,36.82105263157895
df8f8d0cb9cd2344d97e82a142f4358d8e66c79ab0f516aede7df74751970d19,validator__L39,burst_start_distance,95,38.49473684210526
df8f8d0cb9cd2344d97e82a142f4358d8e66c79ab0f516aede7df74751970d19,scorefile__L39,trigger_distance,193,19.17098445595855
df8f8d0cb9cd2344d97e82a142f4358d8e66c79ab0f516aede7df74751970d19,scorefile__L39,silent_gap,134,26.171641791044777
df8f8d0cb9cd2344d97e82a142f4358d8e66c79ab0f516aede7df74751970d19,scorefile__L39,burst_start_distance,134,27.58955223880597
df8f8d0cb9cd2344d97e82a142f4358d8e66c79ab0f516aede7df74751970d19,acquire__L39,trigger_distance,178,20.573033707865168
df8f8d0cb9cd2344d97e82a142f4358d8e66c79ab0f516aede7df74751970d19,acquire__L39,silent_gap,115,30.295652173913044
df8f8d0cb9cd2344d97e82a142f4358d8e66c79ab0f516aede7df74751970d19,acquire__L39,burst_start_distance,115,31.843478260869563
df8f8d0cb9cd2344d97e82a142f4358d8e66c79ab0f516aede7df74751970d19,report__L39,trigger_distance,248,14.84274193548387
df8f8d0cb9cd2344d97e82a142f4358d8e66c79ab0f516aede7df74751970d19,report__L39,silent_gap,86,39.91860465116279
df8f8d0cb9cd2344d97e82a142f4358d8e66c79ab0f516aede7df74751970d19,report__L39,burst_start_distance,86,42.616279069767444
df8f8d0cb9cd2344d97e82a142f4358d8e66c79ab0f516aede7df74751970d19,motivated__L39,trigger_distance,356,10.289325842696629
df8f8d0cb9cd2344d97e82a142f4358d8e66c79ab0f516aede7df74751970d19,motivated__L39,silent_gap,173,19.115606936416185
df8f8d0cb9cd2344d97e82a142f4358d8e66c79ab0f516aede7df74751970d19,motivated__L39,burst_start_distance,173,21.173410404624278
c80963a1dbc79529ac7e5b61e7825281b2fad1ab9ee2df5608033709ca7912d7,suite__L39,trigger_distance,156,11.076923076923077
c80963a1dbc79529ac7e5b61e7825281b2fad1ab9ee2df5608033709ca7912d7,suite__L39,silent_gap,91,17.274725274725274
c80963a1dbc79529ac7e5b61e7825281b2fad1ab9ee2df5608033709ca7912d7,suite__L39,burst_start_distance,91,18.967032967032967
c80963a1dbc79529ac7e5b61e7825281b2fad1ab9ee2df5608033709ca7912d7,validator__L39,trigger_distance,224,7.589285714285714
c80963a1dbc79529ac7e5b61e7825281b2fad1ab9ee2df5608033709ca7912d7,validator__L39,silent_gap,97,15.216494845360824
c80963a1dbc79529ac7e5b61e7825281b2fad1ab9ee2df5608033709ca7912d7,validator__L39,burst_start_distance,97,17.52577319587629
c80963a1dbc79529ac7e5b61e7825281b2fad1ab9ee2df5608033709ca7912d7,scorefile__L39,trigger_distance,207,8.555555555555555
c80963a1dbc79529ac7e5b61e7825281b2fad1ab9ee2df5608033709ca7912d7,scorefile__L39,silent_gap,106,14.754716981132075
c80963a1dbc79529ac7e5b61e7825281b2fad1ab9ee2df5608033709ca7912d7,scorefile__L39,burst_start_distance,106,16.70754716981132
c80963a1dbc79529ac7e5b61e7825281b2fad1ab9ee2df5608033709ca7912d7,acquire__L39,trigger_distance,77,22.98701298701299
c80963a1dbc79529ac7e5b61e7825281b2fad1ab9ee2df5608033709ca7912d7,acquire__L39,silent_gap,60,28.216666666666665
c80963a1dbc79529ac7e5b61e7825281b2fad1ab9ee2df5608033709ca7912d7,acquire__L39,burst_start_distance,60,29.5
c80963a1dbc79529ac7e5b61e7825281b2fad1ab9ee2df5608033709ca7912d7,report__L39,trigger_distance,78,16.564102564102566
c80963a1dbc79529ac7e5b61e7825281b2fad1ab9ee2df5608033709ca7912d7,report__L39,silent_gap,37,32.810810810810814
c80963a1dbc79529ac7e5b61e7825281b2fad1ab9ee2df5608033709ca7912d7,report__L39,burst_start_distance,37,34.729729729729726
c80963a1dbc79529ac7e5b61e7825281b2fad1ab9ee2df5608033709ca7912d7,motivated__L39,trigger_distance,104,16.182692307692307
c80963a1dbc79529ac7e5b61e7825281b2fad1ab9ee2df5608033709ca7912d7,motivated__L39,silent_gap,58,27.224137931034484
c80963a1dbc79529ac7e5b61e7825281b2fad1ab9ee2df5608033709ca7912d7,motivated__L39,burst_start_distance,58,29.017241379310345
67efa29a2141b84091d625716138e0ef8fbe48eb99ade73e9ae3f3fbbccebb02,suite__L39,trigger_distance,94,23.23404255319149
67efa29a2141b84091d625716138e0ef8fbe48eb99ade73e9ae3f3fbbccebb02,suite__L39,silent_gap,60,34.833333333333336
67efa29a2141b84091d625716138e0ef8fbe48eb99ade73e9ae3f3fbbccebb02,suite__L39,burst_start_distance,60,36.36666666666667
67efa29a2141b84091d625716138e0ef8fbe48eb99ade73e9ae3f3fbbccebb02,validator__L39,trigger_distance,105,16.285714285714285
67efa29a2141b84091d625716138e0ef8fbe48eb99ade73e9ae3f3fbbccebb02,validator__L39,silent_gap,54,29.72222222222222
67efa29a2141b84091d625716138e0ef8fbe48eb99ade73e9ae3f3fbbccebb02,validator__L39,burst_start_distance,54,31.666666666666668
67efa29a2141b84091d625716138e0ef8fbe48eb99ade73e9ae3f3fbbccebb02,scorefile__L39,trigger_distance,160,13.7375
67efa29a2141b84091d625716138e0ef8fbe48eb99ade73e9ae3f3fbbccebb02,scorefile__L39,silent_gap,109,18.69724770642202
67efa29a2141b84091d625716138e0ef8fbe48eb99ade73e9ae3f3fbbccebb02,scorefile__L39,burst_start_distance,109,20.155963302752294
67efa29a2141b84091d625716138e0ef8fbe48eb99ade73e9ae3f3fbbccebb02,acquire__L39,trigger_distance,87,25.310344827586206
67efa29a2141b84091d625716138e0ef8fbe48eb99ade73e9ae3f3fbbccebb02,acquire__L39,silent_gap,61,34.67213114754098
67efa29a2141b84091d625716138e0ef8fbe48eb99ade73e9ae3f3fbbccebb02,acquire__L39,burst_start_distance,61,36.08196721311475
67efa29a2141b84091d625716138e0ef8fbe48eb99ade73e9ae3f3fbbccebb02,report__L39,trigger_distance,152,14.105263157894736
67efa29a2141b84091d625716138e0ef8fbe48eb99ade73e9ae3f3fbbccebb02,report__L39,silent_gap,67,29.73134328358209
67efa29a2141b84091d625716138e0ef8fbe48eb99ade73e9ae3f3fbbccebb02,report__L39,burst_start_distance,67,31.62686567164179
67efa29a2141b84091d625716138e0ef8fbe48eb99ade73e9ae3f3fbbccebb02,motivated__L39,trigger_distance,157,13.394904458598726
67efa29a2141b84091d625716138e0ef8fbe48eb99ade73e9ae3f3fbbccebb02,motivated__L39,silent_gap,88,22.113636363636363
67efa29a2141b84091d625716138e0ef8fbe48eb99ade73e9ae3f3fbbccebb02,motivated__L39,burst_start_distance,88,23.897727272727273
da65224b77c33d3a610d82a0e1ab45982167b6a135350da1481c92169b2a0ba5,suite__L39,trigger_distance,202,15.168316831683168
da65224b77c33d3a610d82a0e1ab45982167b6a135350da1481c92169b2a0ba5,suite__L39,silent_gap,103,27.78640776699029
da65224b77c33d3a610d82a0e1ab45982167b6a135350da1481c92169b2a0ba5,suite__L39,burst_start_distance,103,29.718446601941746
da65224b77c33d3a610d82a0e1ab45982167b6a135350da1481c92169b2a0ba5,validator__L39,trigger_distance,135,22.28148148148148
da65224b77c33d3a610d82a0e1ab45982167b6a135350da1481c92169b2a0ba5,validator__L39,silent_gap,75,38.306666666666665
da65224b77c33d3a610d82a0e1ab45982167b6a135350da1481c92169b2a0ba5,validator__L39,burst_start_distance,75,40.10666666666667
da65224b77c33d3a610d82a0e1ab45982167b6a135350da1481c92169b2a0ba5,scorefile__L39,trigger_distance,198,15.616161616161616
da65224b77c33d3a610d82a0e1ab45982167b6a135350da1481c92169b2a0ba5,scorefile__L39,silent_gap,121,23.917355371900825
da65224b77c33d3a610d82a0e1ab45982167b6a135350da1481c92169b2a0ba5,scorefile__L39,burst_start_distance,121,25.553719008264462
da65224b77c33d3a610d82a0e1ab45982167b6a135350da1481c92169b2a0ba5,acquire__L39,trigger_distance,211,14.587677725118484
da65224b77c33d3a610d82a0e1ab45982167b6a135350da1481c92169b2a0ba5,acquire__L39,silent_gap,121,23.694214876033058
da65224b77c33d3a610d82a0e1ab45982167b6a135350da1481c92169b2a0ba5,acquire__L39,burst_start_distance,121,25.43801652892562
da65224b77c33d3a610d82a0e1ab45982167b6a135350da1481c92169b2a0ba5,report__L39,trigger_distance,170,17.958823529411763
da65224b77c33d3a610d82a0e1ab45982167b6a135350da1481c92169b2a0ba5,report__L39,silent_gap,65,44.353846153846156
da65224b77c33d3a610d82a0e1ab45982167b6a135350da1481c92169b2a0ba5,report__L39,burst_start_distance,65,46.84615384615385
da65224b77c33d3a610d82a0e1ab45982167b6a135350da1481c92169b2a0ba5,motivated__L39,trigger_distance,175,16.66857142857143
da65224b77c33d3a610d82a0e1ab45982167b6a135350da1481c92169b2a0ba5,motivated__L39,silent_gap,99,27.696969696969695
da65224b77c33d3a610d82a0e1ab45982167b6a135350da1481c92169b2a0ba5,motivated__L39,burst_start_distance,99,29.454545454545453
982b7d5a4f19f67cc26fba9c32e5f04c2b029a2da3753fc52109cfb095f01ebf,suite__L39,trigger_distance,73,23.73972602739726
982b7d5a4f19f67cc26fba9c32e5f04c2b029a2da3753fc52109cfb095f01ebf,suite__L39,silent_gap,46,36.08695652173913
982b7d5a4f19f67cc26fba9c32e5f04c2b029a2da3753fc52109cfb095f01ebf,suite__L39,burst_start_distance,46,37.67391304347826
982b7d5a4f19f67cc26fba9c32e5f04c2b029a2da3753fc52109cfb095f01ebf,validator__L39,trigger_distance,156,10.942307692307692
982b7d5a4f19f67cc26fba9c32e5f04c2b029a2da3753fc52109cfb095f01ebf,validator__L39,silent_gap,65,23.861538461538462
982b7d5a4f19f67cc26fba9c32e5f04c2b029a2da3753fc52109cfb095f01ebf,validator__L39,burst_start_distance,65,26.215384615384615
982b7d5a4f19f67cc26fba9c32e5f04c2b029a2da3753fc52109cfb095f01ebf,scorefile__L39,trigger_distance,163,11.061349693251534
982b7d5a4f19f67cc26fba9c32e5f04c2b029a2da3753fc52109cfb095f01ebf,scorefile__L39,silent_gap,94,17.4468085106383
982b7d5a4f19f67cc26fba9c32e5f04c2b029a2da3753fc52109cfb095f01ebf,scorefile__L39,burst_start_distance,94,19.180851063829788
982b7d5a4f19f67cc26fba9c32e5f04c2b029a2da3753fc52109cfb095f01ebf,acquire__L39,trigger_distance,100,17.16
982b7d5a4f19f67cc26fba9c32e5f04c2b029a2da3753fc52109cfb095f01ebf,acquire__L39,silent_gap,69,23.420289855072465
982b7d5a4f19f67cc26fba9c32e5f04c2b029a2da3753fc52109cfb095f01ebf,acquire__L39,burst_start_distance,69,24.869565217391305
982b7d5a4f19f67cc26fba9c32e5f04c2b029a2da3753fc52109cfb095f01ebf,report__L39,trigger_distance,46,37.17391304347826
982b7d5a4f19f67cc26fba9c32e5f04c2b029a2da3753fc52109cfb095f01ebf,report__L39,silent_gap,29,57.37931034482759
982b7d5a4f19f67cc26fba9c32e5f04c2b029a2da3753fc52109cfb095f01ebf,report__L39,burst_start_distance,29,58.793103448275865
982b7d5a4f19f67cc26fba9c32e5f04c2b029a2da3753fc52109cfb095f01ebf,motivated__L39,trigger_distance,140,11.707142857142857
982b7d5a4f19f67cc26fba9c32e5f04c2b029a2da3753fc52109cfb095f01ebf,motivated__L39,silent_gap,73,20.534246575342465
982b7d5a4f19f67cc26fba9c32e5f04c2b029a2da3753fc52109cfb095f01ebf,motivated__L39,burst_start_distance,73,22.438356164383563
9f77db85a1b898c9b611b6e9403bd47918a0111fa46dc00ceb4d36330fb4081b,suite__L39,trigger_distance,236,11.741525423728813
9f77db85a1b898c9b611b6e9403bd47918a0111fa46dc00ceb4d36330fb4081b,suite__L39,silent_gap,132,19.204545454545453
9f77db85a1b898c9b611b6e9403bd47918a0111fa46dc00ceb4d36330fb4081b,suite__L39,burst_start_distance,132,20.984848484848484
9f77db85a1b898c9b611b6e9403bd47918a0111fa46dc00ceb4d36330fb4081b,validator__L39,trigger_distance,161,16.8944099378882
9f77db85a1b898c9b611b6e9403bd47918a0111fa46dc00ceb4d36330fb4081b,validator__L39,silent_gap,63,40.61904761904762
9f77db85a1b898c9b611b6e9403bd47918a0111fa46dc00ceb4d36330fb4081b,validator__L39,burst_start_distance,63,43.15873015873016
9f77db85a1b898c9b611b6e9403bd47918a0111fa46dc00ceb4d36330fb4081b,scorefile__L39,trigger_distance,204,13.803921568627452
9f77db85a1b898c9b611b6e9403bd47918a0111fa46dc00ceb4d36330fb4081b,scorefile__L39,silent_gap,101,25.861386138613863
9f77db85a1b898c9b611b6e9403bd47918a0111fa46dc00ceb4d36330fb4081b,scorefile__L39,burst_start_distance,101,27.871287128712872
9f77db85a1b898c9b611b6e9403bd47918a0111fa46dc00ceb4d36330fb4081b,acquire__L39,trigger_distance,116,24.267241379310345
9f77db85a1b898c9b611b6e9403bd47918a0111fa46dc00ceb4d36330fb4081b,acquire__L39,silent_gap,83,32.51807228915663
9f77db85a1b898c9b611b6e9403bd47918a0111fa46dc00ceb4d36330fb4081b,acquire__L39,burst_start_distance,83,33.903614457831324
9f77db85a1b898c9b611b6e9403bd47918a0111fa46dc00ceb4d36330fb4081b,report__L39,trigger_distance,228,11.99561403508772
9f77db85a1b898c9b611b6e9403bd47918a0111fa46dc00ceb4d36330fb4081b,report__L39,silent_gap,72,34.81944444444444
9f77db85a1b898c9b611b6e9403bd47918a0111fa46dc00ceb4d36330fb4081b,report__L39,burst_start_distance,72,37.666666666666664
9f77db85a1b898c9b611b6e9403bd47918a0111fa46dc00ceb4d36330fb4081b,motivated__L39,trigger_distance,159,16.90566037735849
9f77db85a1b898c9b611b6e9403bd47918a0111fa46dc00ceb4d36330fb4081b,motivated__L39,silent_gap,89,28.415730337078653
9f77db85a1b898c9b611b6e9403bd47918a0111fa46dc00ceb4d36330fb4081b,motivated__L39,burst_start_distance,89,30.202247191011235
b8861ad1c8163df0ebaf14e238eee3230fd7f17c4d99601be6a59fc82d6c02e2,suite__L39,trigger_distance,214,17.453271028037385
b8861ad1c8163df0ebaf14e238eee3230fd7f17c4d99601be6a59fc82d6c02e2,suite__L39,silent_gap,126,27.944444444444443
b8861ad1c8163df0ebaf14e238eee3230fd7f17c4d99601be6a59fc82d6c02e2,suite__L39,burst_start_distance,126,29.642857142857142
b8861ad1c8163df0ebaf14e238eee3230fd7f17c4d99601be6a59fc82d6c02e2,validator__L39,trigger_distance,217,16.981566820276498
b8861ad1c8163df0ebaf14e238eee3230fd7f17c4d99601be6a59fc82d6c02e2,validator__L39,silent_gap,109,31.81651376146789
b8861ad1c8163df0ebaf14e238eee3230fd7f17c4d99601be6a59fc82d6c02e2,validator__L39,burst_start_distance,109,33.76146788990825
b8861ad1c8163df0ebaf14e238eee3230fd7f17c4d99601be6a59fc82d6c02e2,scorefile__L39,trigger_distance,209,17.90909090909091
b8861ad1c8163df0ebaf14e238eee3230fd7f17c4d99601be6a59fc82d6c02e2,scorefile__L39,silent_gap,125,28.272
b8861ad1c8163df0ebaf14e238eee3230fd7f17c4d99601be6a59fc82d6c02e2,scorefile__L39,burst_start_distance,125,29.92
b8861ad1c8163df0ebaf14e238eee3230fd7f17c4d99601be6a59fc82d6c02e2,acquire__L39,trigger_distance,124,30.266129032258064
b8861ad1c8163df0ebaf14e238eee3230fd7f17c4d99601be6a59fc82d6c02e2,acquire__L39,silent_gap,78,46.52564102564103
b8861ad1c8163df0ebaf14e238eee3230fd7f17c4d99601be6a59fc82d6c02e2,acquire__L39,burst_start_distance,78,48.11538461538461
b8861ad1c8163df0ebaf14e238eee3230fd7f17c4d99601be6a59fc82d6c02e2,report__L39,trigger_distance,118,31.177966101694917
b8861ad1c8163df0ebaf14e238eee3230fd7f17c4d99601be6a59fc82d6c02e2,report__L39,silent_gap,71,50.15492957746479
b8861ad1c8163df0ebaf14e238eee3230fd7f17c4d99601be6a59fc82d6c02e2,report__L39,burst_start_distance,71,51.74647887323944
b8861ad1c8163df0ebaf14e238eee3230fd7f17c4d99601be6a59fc82d6c02e2,motivated__L39,trigger_distance,357,10.319327731092438
b8861ad1c8163df0ebaf14e238eee3230fd7f17c4d99601be6a59fc82d6c02e2,motivated__L39,silent_gap,184,18.081521739130434
b8861ad1c8163df0ebaf14e238eee3230fd7f17c4d99601be6a59fc82d6c02e2,motivated__L39,burst_start_distance,184,20.02173913043478
6504295d24e9a922c8727a1397188650c2214f743482724b48ca942dee3528da,suite__L39,trigger_distance,309,7.977346278317152
6504295d24e9a922c8727a1397188650c2214f743482724b48ca942dee3528da,suite__L39,silent_gap,149,14.46979865771812
6504295d24e9a922c8727a1397188650c2214f743482724b48ca942dee3528da,suite__L39,burst_start_distance,149,16.523489932885905
6504295d24e9a922c8727a1397188650c2214f743482724b48ca942dee3528da,validator__L39,trigger_distance,473,5.0
6504295d24e9a922c8727a1397188650c2214f743482724b48ca942dee3528da,validator__L39,silent_gap,136,13.911764705882353
6504295d24e9a922c8727a1397188650c2214f743482724b48ca942dee3528da,validator__L39,burst_start_distance,136,17.389705882352942
6504295d24e9a922c8727a1397188650c2214f743482724b48ca942dee3528da,scorefile__L39,trigger_distance,331,7.574018126888218
6504295d24e9a922c8727a1397188650c2214f743482724b48ca942dee3528da,scorefile__L39,silent_gap,154,14.12987012987013
6504295d24e9a922c8727a1397188650c2214f743482724b48ca942dee3528da,scorefile__L39,burst_start_distance,154,16.27922077922078
6504295d24e9a922c8727a1397188650c2214f743482724b48ca942dee3528da,acquire__L39,trigger_distance,136,17.24264705882353
6504295d24e9a922c8727a1397188650c2214f743482724b48ca942dee3528da,acquire__L39,silent_gap,95,23.25263157894737
6504295d24e9a922c8727a1397188650c2214f743482724b48ca942dee3528da,acquire__L39,burst_start_distance,95,24.68421052631579
6504295d24e9a922c8727a1397188650c2214f743482724b48ca942dee3528da,report__L39,trigger_distance,143,14.713286713286713
6504295d24e9a922c8727a1397188650c2214f743482724b48ca942dee3528da,report__L39,silent_gap,49,40.02040816326531
6504295d24e9a922c8727a1397188650c2214f743482724b48ca942dee3528da,report__L39,burst_start_distance,49,42.55102040816327
6504295d24e9a922c8727a1397188650c2214f743482724b48ca942dee3528da,motivated__L39,trigger_distance,69,33.6231884057971
6504295d24e9a922c8727a1397188650c2214f743482724b48ca942dee3528da,motivated__L39,silent_gap,42,53.595238095238095
6504295d24e9a922c8727a1397188650c2214f743482724b48ca942dee3528da,motivated__L39,burst_start_distance,42,55.23809523809524
e1ef1816dcf5799a6b581fd95c7aa73cddec7c9432d80b6259684312389b16a4,suite__L39,trigger_distance,203,15.556650246305418
e1ef1816dcf5799a6b581fd95c7aa73cddec7c9432d80b6259684312389b16a4,suite__L39,silent_gap,119,24.831932773109244
e1ef1816dcf5799a6b581fd95c7aa73cddec7c9432d80b6259684312389b16a4,suite__L39,burst_start_distance,119,26.537815126050422
e1ef1816dcf5799a6b581fd95c7aa73cddec7c9432d80b6259684312389b16a4,validator__L39,trigger_distance,136,22.889705882352942
e1ef1816dcf5799a6b581fd95c7aa73cddec7c9432d80b6259684312389b16a4,validator__L39,silent_gap,66,45.10606060606061
e1ef1816dcf5799a6b581fd95c7aa73cddec7c9432d80b6259684312389b16a4,validator__L39,burst_start_distance,66,47.166666666666664
e1ef1816dcf5799a6b581fd95c7aa73cddec7c9432d80b6259684312389b16a4,scorefile__L39,trigger_distance,187,17.203208556149733
e1ef1816dcf5799a6b581fd95c7aa73cddec7c9432d80b6259684312389b16a4,scorefile__L39,silent_gap,116,26.120689655172413
e1ef1816dcf5799a6b581fd95c7aa73cddec7c9432d80b6259684312389b16a4,scorefile__L39,burst_start_distance,116,27.724137931034484
e1ef1816dcf5799a6b581fd95c7aa73cddec7c9432d80b6259684312389b16a4,acquire__L39,trigger_distance,106,29.90566037735849
e1ef1816dcf5799a6b581fd95c7aa73cddec7c9432d80b6259684312389b16a4,acquire__L39,silent_gap,78,39.282051282051285
e1ef1816dcf5799a6b581fd95c7aa73cddec7c9432d80b6259684312389b16a4,acquire__L39,burst_start_distance,78,40.64102564102564
e1ef1816dcf5799a6b581fd95c7aa73cddec7c9432d80b6259684312389b16a4,report__L39,trigger_distance,228,13.793859649122806
e1ef1816dcf5799a6b581fd95c7aa73cddec7c9432d80b6259684312389b16a4,report__L39,silent_gap,77,37.883116883116884
e1ef1816dcf5799a6b581fd95c7aa73cddec7c9432d80b6259684312389b16a4,report__L39,burst_start_distance,77,40.753246753246756
e1ef1816dcf5799a6b581fd95c7aa73cddec7c9432d80b6259684312389b16a4,motivated__L39,trigger_distance,202,14.138613861386139
e1ef1816dcf5799a6b581fd95c7aa73cddec7c9432d80b6259684312389b16a4,motivated__L39,silent_gap,109,24.34862385321101
e1ef1816dcf5799a6b581fd95c7aa73cddec7c9432d80b6259684312389b16a4,motivated__L39,burst_start_distance,109,26.201834862385322
ab94235a225d675e35761a72a3befae29a8396945a6bb1642266aa2b22811f05,suite__L39,trigger_distance,285,9.705263157894738
ab94235a225d675e35761a72a3befae29a8396945a6bb1642266aa2b22811f05,suite__L39,silent_gap,147,16.877551020408163
ab94235a225d675e35761a72a3befae29a8396945a6bb1642266aa2b22811f05,suite__L39,burst_start_distance,147,18.79591836734694
ab94235a225d675e35761a72a3befae29a8396945a6bb1642266aa2b22811f05,validator__L39,trigger_distance,285,9.56842105263158
ab94235a225d675e35761a72a3befae29a8396945a6bb1642266aa2b22811f05,validator__L39,silent_gap,104,23.48076923076923
ab94235a225d675e35761a72a3befae29a8396945a6bb1642266aa2b22811f05,validator__L39,burst_start_distance,104,26.21153846153846
ab94235a225d675e35761a72a3befae29a8396945a6bb1642266aa2b22811f05,scorefile__L39,trigger_distance,304,9.12828947368421
ab94235a225d675e35761a72a3befae29a8396945a6bb1642266aa2b22811f05,scorefile__L39,silent_gap,142,17.401408450704224
ab94235a225d675e35761a72a3befae29a8396945a6bb1642266aa2b22811f05,scorefile__L39,burst_start_distance,142,19.443661971830984
ab94235a225d675e35761a72a3befae29a8396945a6bb1642266aa2b22811f05,acquire__L39,trigger_distance,140,19.27857142857143
ab94235a225d675e35761a72a3befae29a8396945a6bb1642266aa2b22811f05,acquire__L39,silent_gap,94,27.22340425531915
ab94235a225d675e35761a72a3befae29a8396945a6bb1642266aa2b22811f05,acquire__L39,burst_start_distance,94,28.680851063829788
ab94235a225d675e35761a72a3befae29a8396945a6bb1642266aa2b22811f05,report__L39,trigger_distance,184,14.858695652173912
ab94235a225d675e35761a72a3befae29a8396945a6bb1642266aa2b22811f05,report__L39,silent_gap,62,41.12903225806452
ab94235a225d675e35761a72a3befae29a8396945a6bb1642266aa2b22811f05,report__L39,burst_start_distance,62,43.83870967741935
ab94235a225d675e35761a72a3befae29a8396945a6bb1642266aa2b22811f05,motivated__L39,trigger_distance,181,14.226519337016574
ab94235a225d675e35761a72a3befae29a8396945a6bb1642266aa2b22811f05,motivated__L39,silent_gap,89,26.89887640449438
ab94235a225d675e35761a72a3befae29a8396945a6bb1642266aa2b22811f05,motivated__L39,burst_start_distance,89,28.8876404494382
15b2ba07b46cfe8596cba1861a85d0cca847bddb7637fc37298aa1ade4e92eda,suite__L39,trigger_distance,159,17.61635220125786
15b2ba07b46cfe8596cba1861a85d0cca847bddb7637fc37298aa1ade4e92eda,suite__L39,silent_gap,104,25.403846153846153
15b2ba07b46cfe8596cba1861a85d0cca847bddb7637fc37298aa1ade4e92eda,suite__L39,burst_start_distance,104,26.91346153846154
15b2ba07b46cfe8596cba1861a85d0cca847bddb7637fc37298aa1ade4e92eda,validator__L39,trigger_distance,138,18.768115942028984
15b2ba07b46cfe8596cba1861a85d0cca847bddb7637fc37298aa1ade4e92eda,validator__L39,silent_gap,66,37.15151515151515
15b2ba07b46cfe8596cba1861a85d0cca847bddb7637fc37298aa1ade4e92eda,validator__L39,burst_start_distance,66,39.13636363636363
15b2ba07b46cfe8596cba1861a85d0cca847bddb7637fc37298aa1ade4e92eda,scorefile__L39,trigger_distance,142,19.5
15b2ba07b46cfe8596cba1861a85d0cca847bddb7637fc37298aa1ade4e92eda,scorefile__L39,silent_gap,98,26.806122448979593
15b2ba07b46cfe8596cba1861a85d0cca847bddb7637fc37298aa1ade4e92eda,scorefile__L39,burst_start_distance,98,28.214285714285715
15b2ba07b46cfe8596cba1861a85d0cca847bddb7637fc37298aa1ade4e92eda,acquire__L39,trigger_distance,161,16.84472049689441
15b2ba07b46cfe8596cba1861a85d0cca847bddb7637fc37298aa1ade4e92eda,acquire__L39,silent_gap,89,28.662921348314608
15b2ba07b46cfe8596cba1861a85d0cca847bddb7637fc37298aa1ade4e92eda,acquire__L39,burst_start_distance,89,30.471910112359552
15b2ba07b46cfe8596cba1861a85d0cca847bddb7637fc37298aa1ade4e92eda,report__L39,trigger_distance,147,18.789115646258505
15b2ba07b46cfe8596cba1861a85d0cca847bddb7637fc37298aa1ade4e92eda,report__L39,silent_gap,55,47.54545454545455
15b2ba07b46cfe8596cba1861a85d0cca847bddb7637fc37298aa1ade4e92eda,report__L39,burst_start_distance,55,50.07272727272727
15b2ba07b46cfe8596cba1861a85d0cca847bddb7637fc37298aa1ade4e92eda,motivated__L39,trigger_distance,155,17.019354838709678
15b2ba07b46cfe8596cba1861a85d0cca847bddb7637fc37298aa1ade4e92eda,motivated__L39,silent_gap,78,31.833333333333332
15b2ba07b46cfe8596cba1861a85d0cca847bddb7637fc37298aa1ade4e92eda,motivated__L39,burst_start_distance,78,33.82051282051282
3921cc3ef0d5f48414afb2cfd151475282a1ee058f8340e786caf0106d79a0cb,suite__L39,trigger_distance,109,15.577981651376147
3921cc3ef0d5f48414afb2cfd151475282a1ee058f8340e786caf0106d79a0cb,suite__L39,silent_gap,64,24.828125
3921cc3ef0d5f48414afb2cfd151475282a1ee058f8340e786caf0106d79a0cb,suite__L39,burst_start_distance,64,26.53125
3921cc3ef0d5f48414afb2cfd151475282a1ee058f8340e786caf0106d79a0cb,validator__L39,trigger_distance,202,8.247524752475247
3921cc3ef0d5f48414afb2cfd151475282a1ee058f8340e786caf0106d79a0cb,validator__L39,silent_gap,83,17.63855421686747
3921cc3ef0d5f48414afb2cfd151475282a1ee058f8340e786caf0106d79a0cb,validator__L39,burst_start_distance,83,20.072289156626507
3921cc3ef0d5f48414afb2cfd151475282a1ee058f8340e786caf0106d79a0cb,scorefile__L39,trigger_distance,217,8.110599078341014
3921cc3ef0d5f48414afb2cfd151475282a1ee058f8340e786caf0106d79a0cb,scorefile__L39,silent_gap,112,13.776785714285714
3921cc3ef0d5f48414afb2cfd151475282a1ee058f8340e786caf0106d79a0cb,scorefile__L39,burst_start_distance,112,15.705357142857142
3921cc3ef0d5f48414afb2cfd151475282a1ee058f8340e786caf0106d79a0cb,acquire__L39,trigger_distance,95,16.16842105263158
3921cc3ef0d5f48414afb2cfd151475282a1ee058f8340e786caf0106d79a0cb,acquire__L39,silent_gap,63,22.873015873015873
3921cc3ef0d5f48414afb2cfd151475282a1ee058f8340e786caf0106d79a0cb,acquire__L39,burst_start_distance,63,24.38095238095238
3921cc3ef0d5f48414afb2cfd151475282a1ee058f8340e786caf0106d79a0cb,report__L39,trigger_distance,54,30.833333333333332
3921cc3ef0d5f48414afb2cfd151475282a1ee058f8340e786caf0106d79a0cb,report__L39,silent_gap,34,47.38235294117647
3921cc3ef0d5f48414afb2cfd151475282a1ee058f8340e786caf0106d79a0cb,report__L39,burst_start_distance,34,48.88235294117647
3921cc3ef0d5f48414afb2cfd151475282a1ee058f8340e786caf0106d79a0cb,motivated__L39,trigger_distance,127,12.4251968503937
3921cc3ef0d5f48414afb2cfd151475282a1ee058f8340e786caf0106d79a0cb,motivated__L39,silent_gap,56,25.910714285714285
3921cc3ef0d5f48414afb2cfd151475282a1ee058f8340e786caf0106d79a0cb,motivated__L39,burst_start_distance,56,28.107142857142858
91745734b79041e2a59461a89837cc487a022b95f042338e39ab06d9edea4ac9,suite__L39,trigger_distance,84,29.571428571428573
91745734b79041e2a59461a89837cc487a022b95f042338e39ab06d9edea4ac9,suite__L39,silent_gap,56,42.857142857142854
91745734b79041e2a59461a89837cc487a022b95f042338e39ab06d9edea4ac9,suite__L39,burst_start_distance,56,44.339285714285715
91745734b79041e2a59461a89837cc487a022b95f042338e39ab06d9edea4ac9,validator__L39,trigger_distance,114,21.412280701754387
91745734b79041e2a59461a89837cc487a022b95f042338e39ab06d9edea4ac9,validator__L39,silent_gap,72,32.31944444444444
91745734b79041e2a59461a89837cc487a022b95f042338e39ab06d9edea4ac9,validator__L39,burst_start_distance,72,33.90277777777778
91745734b79041e2a59461a89837cc487a022b95f042338e39ab06d9edea4ac9,scorefile__L39,trigger_distance,126,18.904761904761905
91745734b79041e2a59461a89837cc487a022b95f042338e39ab06d9edea4ac9,scorefile__L39,silent_gap,91,24.791208791208792
91745734b79041e2a59461a89837cc487a022b95f042338e39ab06d9edea4ac9,scorefile__L39,burst_start_distance,91,26.175824175824175
91745734b79041e2a59461a89837cc487a022b95f042338e39ab06d9edea4ac9,acquire__L39,trigger_distance,148,16.925675675675677
91745734b79041e2a59461a89837cc487a022b95f042338e39ab06d9edea4ac9,acquire__L39,silent_gap,88,26.78409090909091
91745734b79041e2a59461a89837cc487a022b95f042338e39ab06d9edea4ac9,acquire__L39,burst_start_distance,88,28.46590909090909
91745734b79041e2a59461a89837cc487a022b95f042338e39ab06d9edea4ac9,report__L39,trigger_distance,111,21.936936936936938
91745734b79041e2a59461a89837cc487a022b95f042338e39ab06d9edea4ac9,report__L39,silent_gap,55,42.25454545454546
91745734b79041e2a59461a89837cc487a022b95f042338e39ab06d9edea4ac9,report__L39,burst_start_distance,55,44.25454545454546
91745734b79041e2a59461a89837cc487a022b95f042338e39ab06d9edea4ac9,motivated__L39,trigger_distance,163,14.858895705521473
91745734b79041e2a59461a89837cc487a022b95f042338e39ab06d9edea4ac9,motivated__L39,silent_gap,92,24.554347826086957
91745734b79041e2a59461a89837cc487a022b95f042338e39ab06d9edea4ac9,motivated__L39,burst_start_distance,92,26.32608695652174
695058bc60cb7e63cf94c4a9cced9cfe9fd36907dfbfd537cf0348e56f61b993,suite__L39,trigger_distance,256,10.53125
695058bc60cb7e63cf94c4a9cced9cfe9fd36907dfbfd537cf0348e56f61b993,suite__L39,silent_gap,134,18.208955223880597
695058bc60cb7e63cf94c4a9cced9cfe9fd36907dfbfd537cf0348e56f61b993,suite__L39,burst_start_distance,134,20.097014925373134
695058bc60cb7e63cf94c4a9cced9cfe9fd36907dfbfd537cf0348e56f61b993,validator__L39,trigger_distance,285,9.396491228070175
695058bc60cb7e63cf94c4a9cced9cfe9fd36907dfbfd537cf0348e56f61b993,validator__L39,silent_gap,102,23.46078431372549
695058bc60cb7e63cf94c4a9cced9cfe9fd36907dfbfd537cf0348e56f61b993,validator__L39,burst_start_distance,102,26.254901960784313
695058bc60cb7e63cf94c4a9cced9cfe9fd36907dfbfd537cf0348e56f61b993,scorefile__L39,trigger_distance,319,8.445141065830722
695058bc60cb7e63cf94c4a9cced9cfe9fd36907dfbfd537cf0348e56f61b993,scorefile__L39,silent_gap,155,15.32258064516129
695058bc60cb7e63cf94c4a9cced9cfe9fd36907dfbfd537cf0348e56f61b993,scorefile__L39,burst_start_distance,155,17.38064516129032
695058bc60cb7e63cf94c4a9cced9cfe9fd36907dfbfd537cf0348e56f61b993,acquire__L39,trigger_distance,135,19.185185185185187
695058bc60cb7e63cf94c4a9cced9cfe9fd36907dfbfd537cf0348e56f61b993,acquire__L39,silent_gap,88,27.897727272727273
695058bc60cb7e63cf94c4a9cced9cfe9fd36907dfbfd537cf0348e56f61b993,acquire__L39,burst_start_distance,88,29.431818181818183
695058bc60cb7e63cf94c4a9cced9cfe9fd36907dfbfd537cf0348e56f61b993,report__L39,trigger_distance,162,16.35185185185185
695058bc60cb7e63cf94c4a9cced9cfe9fd36907dfbfd537cf0348e56f61b993,report__L39,silent_gap,65,38.261538461538464
695058bc60cb7e63cf94c4a9cced9cfe9fd36907dfbfd537cf0348e56f61b993,report__L39,burst_start_distance,65,40.53846153846154
695058bc60cb7e63cf94c4a9cced9cfe9fd36907dfbfd537cf0348e56f61b993,motivated__L39,trigger_distance,176,14.823863636363637
695058bc60cb7e63cf94c4a9cced9cfe9fd36907dfbfd537cf0348e56f61b993,motivated__L39,silent_gap,106,22.952830188679247
695058bc60cb7e63cf94c4a9cced9cfe9fd36907dfbfd537cf0348e56f61b993,motivated__L39,burst_start_distance,106,24.60377358490566
0b35c71625c7c2d91b336213f22928d079c0fdd76b538a24c4f77486c8f59c9b,suite__L39,trigger_distance,231,15.012987012987013
0b35c71625c7c2d91b336213f22928d079c0fdd76b538a24c4f77486c8f59c9b,suite__L39,silent_gap,126,25.69047619047619
0b35c71625c7c2d91b336213f22928d079c0fdd76b538a24c4f77486c8f59c9b,suite__L39,burst_start_distance,126,27.49206349206349
0b35c71625c7c2d91b336213f22928d079c0fdd76b538a24c4f77486c8f59c9b,validator__L39,trigger_distance,116,28.68103448275862
0b35c71625c7c2d91b336213f22928d079c0fdd76b538a24c4f77486c8f59c9b,validator__L39,silent_gap,52,61.75
0b35c71625c7c2d91b336213f22928d079c0fdd76b538a24c4f77486c8f59c9b,validator__L39,burst_start_distance,52,63.84615384615385
0b35c71625c7c2d91b336213f22928d079c0fdd76b538a24c4f77486c8f59c9b,scorefile__L39,trigger_distance,212,16.38679245283019
0b35c71625c7c2d91b336213f22928d079c0fdd76b538a24c4f77486c8f59c9b,scorefile__L39,silent_gap,110,29.654545454545456
0b35c71625c7c2d91b336213f22928d079c0fdd76b538a24c4f77486c8f59c9b,scorefile__L39,burst_start_distance,110,31.545454545454547
0b35c71625c7c2d91b336213f22928d079c0fdd76b538a24c4f77486c8f59c9b,acquire__L39,trigger_distance,151,22.827814569536425
0b35c71625c7c2d91b336213f22928d079c0fdd76b538a24c4f77486c8f59c9b,acquire__L39,silent_gap,96,34.333333333333336
0b35c71625c7c2d91b336213f22928d079c0fdd76b538a24c4f77486c8f59c9b,acquire__L39,burst_start_distance,96,35.90625
0b35c71625c7c2d91b336213f22928d079c0fdd76b538a24c4f77486c8f59c9b,report__L39,trigger_distance,287,11.937282229965156
0b35c71625c7c2d91b336213f22928d079c0fdd76b538a24c4f77486c8f59c9b,report__L39,silent_gap,100,31.39
0b35c71625c7c2d91b336213f22928d079c0fdd76b538a24c4f77486c8f59c9b,report__L39,burst_start_distance,100,34.18
0b35c71625c7c2d91b336213f22928d079c0fdd76b538a24c4f77486c8f59c9b,motivated__L39,trigger_distance,206,16.5873786407767
0b35c71625c7c2d91b336213f22928d079c0fdd76b538a24c4f77486c8f59c9b,motivated__L39,silent_gap,118,27.21186440677966
0b35c71625c7c2d91b336213f22928d079c0fdd76b538a24c4f77486c8f59c9b,motivated__L39,burst_start_distance,118,28.95762711864407
439d1b126b554440bd2599ddaa12009877f92941886a86f4ecad3a1cae3e88a0,suite__L39,trigger_distance,260,10.26923076923077
439d1b126b554440bd2599ddaa12009877f92941886a86f4ecad3a1cae3e88a0,suite__L39,silent_gap,139,17.33812949640288
439d1b126b554440bd2599ddaa12009877f92941886a86f4ecad3a1cae3e88a0,suite__L39,burst_start_distance,139,19.179856115107913
439d1b126b554440bd2599ddaa12009877f92941886a86f4ecad3a1cae3e88a0,validator__L39,trigger_distance,305,8.6327868852459
439d1b126b554440bd2599ddaa12009877f92941886a86f4ecad3a1cae3e88a0,validator__L39,silent_gap,113,20.601769911504423
439d1b126b554440bd2599ddaa12009877f92941886a86f4ecad3a1cae3e88a0,validator__L39,burst_start_distance,113,23.300884955752213
439d1b126b554440bd2599ddaa12009877f92941886a86f4ecad3a1cae3e88a0,scorefile__L39,trigger_distance,293,9.266211604095563
439d1b126b554440bd2599ddaa12009877f92941886a86f4ecad3a1cae3e88a0,scorefile__L39,silent_gap,153,15.830065359477125
439d1b126b554440bd2599ddaa12009877f92941886a86f4ecad3a1cae3e88a0,scorefile__L39,burst_start_distance,153,17.745098039215687
439d1b126b554440bd2599ddaa12009877f92941886a86f4ecad3a1cae3e88a0,acquire__L39,trigger_distance,116,22.78448275862069
439d1b126b554440bd2599ddaa12009877f92941886a86f4ecad3a1cae3e88a0,acquire__L39,silent_gap,89,28.39325842696629
439d1b126b554440bd2599ddaa12009877f92941886a86f4ecad3a1cae3e88a0,acquire__L39,burst_start_distance,89,29.696629213483146
439d1b126b554440bd2599ddaa12009877f92941886a86f4ecad3a1cae3e88a0,report__L39,trigger_distance,201,11.751243781094526
439d1b126b554440bd2599ddaa12009877f92941886a86f4ecad3a1cae3e88a0,report__L39,silent_gap,70,30.87142857142857
439d1b126b554440bd2599ddaa12009877f92941886a86f4ecad3a1cae3e88a0,report__L39,burst_start_distance,70,33.44285714285714
439d1b126b554440bd2599ddaa12009877f92941886a86f4ecad3a1cae3e88a0,motivated__L39,trigger_distance,81,28.59259259259259
439d1b126b554440bd2599ddaa12009877f92941886a86f4ecad3a1cae3e88a0,motivated__L39,silent_gap,45,49.666666666666664
439d1b126b554440bd2599ddaa12009877f92941886a86f4ecad3a1cae3e88a0,motivated__L39,burst_start_distance,45,51.46666666666667
e6eb28abb2c7eba159ebb1cadd1c361898bd2743223b591a790bd6e348922bd4,suite__L39,trigger_distance,148,13.905405405405405
e6eb28abb2c7eba159ebb1cadd1c361898bd2743223b591a790bd6e348922bd4,suite__L39,silent_gap,82,23.29268292682927
e6eb28abb2c7eba159ebb1cadd1c361898bd2743223b591a790bd6e348922bd4,suite__L39,burst_start_distance,82,25.097560975609756
e6eb28abb2c7eba159ebb1cadd1c361898bd2743223b591a790bd6e348922bd4,validator__L39,trigger_distance,254,7.771653543307087
e6eb28abb2c7eba159ebb1cadd1c361898bd2743223b591a790bd6e348922bd4,validator__L39,silent_gap,90,19.11111111111111
e6eb28abb2c7eba159ebb1cadd1c361898bd2743223b591a790bd6e348922bd4,validator__L39,burst_start_distance,90,21.92222222222222
e6eb28abb2c7eba159ebb1cadd1c361898bd2743223b591a790bd6e348922bd4,scorefile__L39,trigger_distance,233,9.107296137339056
e6eb28abb2c7eba159ebb1cadd1c361898bd2743223b591a790bd6e348922bd4,scorefile__L39,silent_gap,113,16.716814159292035
e6eb28abb2c7eba159ebb1cadd1c361898bd2743223b591a790bd6e348922bd4,scorefile__L39,burst_start_distance,113,18.778761061946902
e6eb28abb2c7eba159ebb1cadd1c361898bd2743223b591a790bd6e348922bd4,acquire__L39,trigger_distance,133,15.954887218045112
e6eb28abb2c7eba159ebb1cadd1c361898bd2743223b591a790bd6e348922bd4,acquire__L39,silent_gap,85,23.4
e6eb28abb2c7eba159ebb1cadd1c361898bd2743223b591a790bd6e348922bd4,acquire__L39,burst_start_distance,85,24.95294117647059
e6eb28abb2c7eba159ebb1cadd1c361898bd2743223b591a790bd6e348922bd4,report__L39,trigger_distance,57,36.12280701754386
e6eb28abb2c7eba159ebb1cadd1c361898bd2743223b591a790bd6e348922bd4,report__L39,silent_gap,35,57.2
e6eb28abb2c7eba159ebb1cadd1c361898bd2743223b591a790bd6e348922bd4,report__L39,burst_start_distance,35,58.8
e6eb28abb2c7eba159ebb1cadd1c361898bd2743223b591a790bd6e348922bd4,motivated__L39,trigger_distance,147,11.748299319727892
e6eb28abb2c7eba159ebb1cadd1c361898bd2743223b591a790bd6e348922bd4,motivated__L39,silent_gap,73,21.643835616438356
e6eb28abb2c7eba159ebb1cadd1c361898bd2743223b591a790bd6e348922bd4,motivated__L39,burst_start_distance,73,23.65753424657534
3618fa7a42acc27a5b2fe848e3de41819576f9f01fa2fd69694d1dbcf4983d64,suite__L39,trigger_distance,139,22.26618705035971
3618fa7a42acc27a5b2fe848e3de41819576f9f01fa2fd69694d1dbcf4983d64,suite__L39,silent_gap,97,30.47422680412371
3618fa7a42acc27a5b2fe848e3de41819576f9f01fa2fd69694d1dbcf4983d64,suite__L39,burst_start_distance,97,31.896907216494846
3618fa7a42acc27a5b2fe848e3de41819576f9f01fa2fd69694d1dbcf4983d64,validator__L39,trigger_distance,271,11.195571955719558
3618fa7a42acc27a5b2fe848e3de41819576f9f01fa2fd69694d1dbcf4983d64,validator__L39,silent_gap,116,23.81896551724138
3618fa7a42acc27a5b2fe848e3de41819576f9f01fa2fd69694d1dbcf4983d64,validator__L39,burst_start_distance,116,26.155172413793103
3618fa7a42acc27a5b2fe848e3de41819576f9f01fa2fd69694d1dbcf4983d64,scorefile__L39,trigger_distance,165,18.818181818181817
3618fa7a42acc27a5b2fe848e3de41819576f9f01fa2fd69694d1dbcf4983d64,scorefile__L39,silent_gap,108,27.22222222222222
3618fa7a42acc27a5b2fe848e3de41819576f9f01fa2fd69694d1dbcf4983d64,scorefile__L39,burst_start_distance,108,28.75
3618fa7a42acc27a5b2fe848e3de41819576f9f01fa2fd69694d1dbcf4983d64,acquire__L39,trigger_distance,112,27.758928571428573
3618fa7a42acc27a5b2fe848e3de41819576f9f01fa2fd69694d1dbcf4983d64,acquire__L39,silent_gap,75,39.96
3618fa7a42acc27a5b2fe848e3de41819576f9f01fa2fd69694d1dbcf4983d64,acquire__L39,burst_start_distance,75,41.45333333333333
3618fa7a42acc27a5b2fe848e3de41819576f9f01fa2fd69694d1dbcf4983d64,report__L39,trigger_distance,195,15.594871794871795
3618fa7a42acc27a5b2fe848e3de41819576f9f01fa2fd69694d1dbcf4983d64,report__L39,silent_gap,78,36.48717948717949
3618fa7a42acc27a5b2fe848e3de41819576f9f01fa2fd69694d1dbcf4983d64,report__L39,burst_start_distance,78,38.782051282051285
3618fa7a42acc27a5b2fe848e3de41819576f9f01fa2fd69694d1dbcf4983d64,motivated__L39,trigger_distance,225,13.364444444444445
3618fa7a42acc27a5b2fe848e3de41819576f9f01fa2fd69694d1dbcf4983d64,motivated__L39,silent_gap,126,22.07936507936508
3618fa7a42acc27a5b2fe848e3de41819576f9f01fa2fd69694d1dbcf4983d64,motivated__L39,burst_start_distance,126,23.865079365079364
581fc6a3b91d7cfd4d49c8aad09a37612b9766f8d713b293963811ea015c9e99,suite__L39,trigger_distance,325,11.316923076923077
581fc6a3b91d7cfd4d49c8aad09a37612b9766f8d713b293963811ea015c9e99,suite__L39,silent_gap,187,17.93048128342246
581fc6a3b91d7cfd4d49c8aad09a37612b9766f8d713b293963811ea015c9e99,suite__L39,burst_start_distance,187,19.6524064171123
581fc6a3b91d7cfd4d49c8aad09a37612b9766f8d713b293963811ea015c9e99,validator__L39,trigger_distance,356,10.1938202247191
581fc6a3b91d7cfd4d49c8aad09a37612b9766f8d713b293963811ea015c9e99,validator__L39,silent_gap,131,24.984732824427482
581fc6a3b91d7cfd4d49c8aad09a37612b9766f8d713b293963811ea015c9e99,validator__L39,burst_start_distance,131,27.68702290076336
581fc6a3b91d7cfd4d49c8aad09a37612b9766f8d713b293963811ea015c9e99,scorefile__L39,trigger_distance,405,9.234567901234568
581fc6a3b91d7cfd4d49c8aad09a37612b9766f8d713b293963811ea015c9e99,scorefile__L39,silent_gap,180,18.52777777777778
581fc6a3b91d7cfd4d49c8aad09a37612b9766f8d713b293963811ea015c9e99,scorefile__L39,burst_start_distance,180,20.761111111111113
581fc6a3b91d7cfd4d49c8aad09a37612b9766f8d713b293963811ea015c9e99,acquire__L39,trigger_distance,145,25.358620689655172
581fc6a3b91d7cfd4d49c8aad09a37612b9766f8d713b293963811ea015c9e99,acquire__L39,silent_gap,95,37.17894736842105
581fc6a3b91d7cfd4d49c8aad09a37612b9766f8d713b293963811ea015c9e99,acquire__L39,burst_start_distance,95,38.705263157894734
581fc6a3b91d7cfd4d49c8aad09a37612b9766f8d713b293963811ea015c9e99,report__L39,trigger_distance,212,17.169811320754718
581fc6a3b91d7cfd4d49c8aad09a37612b9766f8d713b293963811ea015c9e99,report__L39,silent_gap,79,43.392405063291136
581fc6a3b91d7cfd4d49c8aad09a37612b9766f8d713b293963811ea015c9e99,report__L39,burst_start_distance,79,45.88607594936709
581fc6a3b91d7cfd4d49c8aad09a37612b9766f8d713b293963811ea015c9e99,motivated__L39,trigger_distance,277,12.743682310469314
581fc6a3b91d7cfd4d49c8aad09a37612b9766f8d713b293963811ea015c9e99,motivated__L39,silent_gap,133,24.458646616541355
581fc6a3b91d7cfd4d49c8aad09a37612b9766f8d713b293963811ea015c9e99,motivated__L39,burst_start_distance,133,26.541353383458645
82fea6fb35b6ba7bdf567853d1096d1926ce21bf9c33078c062021d035958c47,suite__L39,trigger_distance,83,33.57831325301205
82fea6fb35b6ba7bdf567853d1096d1926ce21bf9c33078c062021d035958c47,suite__L39,silent_gap,65,41.6
82fea6fb35b6ba7bdf567853d1096d1926ce21bf9c33078c062021d035958c47,suite__L39,burst_start_distance,65,42.87692307692308
82fea6fb35b6ba7bdf567853d1096d1926ce21bf9c33078c062021d035958c47,validator__L39,trigger_distance,105,26.19047619047619
82fea6fb35b6ba7bdf567853d1096d1926ce21bf9c33078c062021d035958c47,validator__L39,silent_gap,53,49.905660377358494
82fea6fb35b6ba7bdf567853d1096d1926ce21bf9c33078c062021d035958c47,validator__L39,burst_start_distance,53,51.867924528301884
82fea6fb35b6ba7bdf567853d1096d1926ce21bf9c33078c062021d035958c47,scorefile__L39,trigger_distance,172,16.28488372093023
82fea6fb35b6ba7bdf567853d1096d1926ce21bf9c33078c062021d035958c47,scorefile__L39,silent_gap,111,23.684684684684683
82fea6fb35b6ba7bdf567853d1096d1926ce21bf9c33078c062021d035958c47,scorefile__L39,burst_start_distance,111,25.234234234234233
82fea6fb35b6ba7bdf567853d1096d1926ce21bf9c33078c062021d035958c47,acquire__L39,trigger_distance,168,16.75
82fea6fb35b6ba7bdf567853d1096d1926ce21bf9c33078c062021d035958c47,acquire__L39,silent_gap,106,24.962264150943398
82fea6fb35b6ba7bdf567853d1096d1926ce21bf9c33078c062021d035958c47,acquire__L39,burst_start_distance,106,26.547169811320753
82fea6fb35b6ba7bdf567853d1096d1926ce21bf9c33078c062021d035958c47,report__L39,trigger_distance,66,41.60606060606061
82fea6fb35b6ba7bdf567853d1096d1926ce21bf9c33078c062021d035958c47,report__L39,silent_gap,40,67.0
82fea6fb35b6ba7bdf567853d1096d1926ce21bf9c33078c062021d035958c47,report__L39,burst_start_distance,40,68.55
82fea6fb35b6ba7bdf567853d1096d1926ce21bf9c33078c062021d035958c47,motivated__L39,trigger_distance,217,12.184331797235023
82fea6fb35b6ba7bdf567853d1096d1926ce21bf9c33078c062021d035958c47,motivated__L39,silent_gap,116,20.92241379310345
82fea6fb35b6ba7bdf567853d1096d1926ce21bf9c33078c062021d035958c47,motivated__L39,burst_start_distance,116,22.79310344827586
6d601f731dd48e48a08f9e0b32fcd54faa29fd53c93d83084160e6f05c2ee55c,suite__L39,trigger_distance,66,33.59090909090909
6d601f731dd48e48a08f9e0b32fcd54faa29fd53c93d83084160e6f05c2ee55c,suite__L39,silent_gap,46,46.76086956521739
6d601f731dd48e48a08f9e0b32fcd54faa29fd53c93d83084160e6f05c2ee55c,suite__L39,burst_start_distance,46,48.17391304347826
6d601f731dd48e48a08f9e0b32fcd54faa29fd53c93d83084160e6f05c2ee55c,validator__L39,trigger_distance,106,20.19811320754717
6d601f731dd48e48a08f9e0b32fcd54faa29fd53c93d83084160e6f05c2ee55c,validator__L39,silent_gap,55,37.0
6d601f731dd48e48a08f9e0b32fcd54faa29fd53c93d83084160e6f05c2ee55c,validator__L39,burst_start_distance,55,38.92727272727273
6d601f731dd48e48a08f9e0b32fcd54faa29fd53c93d83084160e6f05c2ee55c,scorefile__L39,trigger_distance,145,15.49655172413793
6d601f731dd48e48a08f9e0b32fcd54faa29fd53c93d83084160e6f05c2ee55c,scorefile__L39,silent_gap,85,24.729411764705883
6d601f731dd48e48a08f9e0b32fcd54faa29fd53c93d83084160e6f05c2ee55c,scorefile__L39,burst_start_distance,85,26.435294117647057
6d601f731dd48e48a08f9e0b32fcd54faa29fd53c93d83084160e6f05c2ee55c,acquire__L39,trigger_distance,172,12.720930232558139
6d601f731dd48e48a08f9e0b32fcd54faa29fd53c93d83084160e6f05c2ee55c,acquire__L39,silent_gap,98,20.571428571428573
6d601f731dd48e48a08f9e0b32fcd54faa29fd53c93d83084160e6f05c2ee55c,acquire__L39,burst_start_distance,98,22.3265306122449
6d601f731dd48e48a08f9e0b32fcd54faa29fd53c93d83084160e6f05c2ee55c,report__L39,trigger_distance,59,37.016949152542374
6d601f731dd48e48a08f9e0b32fcd54faa29fd53c93d83084160e6f05c2ee55c,report__L39,silent_gap,32,66.40625
6d601f731dd48e48a08f9e0b32fcd54faa29fd53c93d83084160e6f05c2ee55c,report__L39,burst_start_distance,32,68.125
6d601f731dd48e48a08f9e0b32fcd54faa29fd53c93d83084160e6f05c2ee55c,motivated__L39,trigger_distance,156,13.929487179487179
6d601f731dd48e48a08f9e0b32fcd54faa29fd53c93d83084160e6f05c2ee55c,motivated__L39,silent_gap,83,24.301204819277107
6d601f731dd48e48a08f9e0b32fcd54faa29fd53c93d83084160e6f05c2ee55c,motivated__L39,burst_start_distance,83,26.180722891566266
e117851318787cea02577a7a762a4912521a79a22f17387b2e98934ed21b072b,suite__L39,trigger_distance,134,21.12686567164179
e117851318787cea02577a7a762a4912521a79a22f17387b2e98934ed21b072b,suite__L39,silent_gap,90,29.966666666666665
e117851318787cea02577a7a762a4912521a79a22f17387b2e98934ed21b072b,suite__L39,burst_start_distance,90,31.38888888888889
e117851318787cea02577a7a762a4912521a79a22f17387b2e98934ed21b072b,validator__L39,trigger_distance,145,19.075862068965517
e117851318787cea02577a7a762a4912521a79a22f17387b2e98934ed21b072b,validator__L39,silent_gap,70,37.44285714285714
e117851318787cea02577a7a762a4912521a79a22f17387b2e98934ed21b072b,validator__L39,burst_start_distance,70,39.5
e117851318787cea02577a7a762a4912521a79a22f17387b2e98934ed21b072b,scorefile__L39,trigger_distance,130,21.615384615384617
e117851318787cea02577a7a762a4912521a79a22f17387b2e98934ed21b072b,scorefile__L39,silent_gap,100,26.8
e117851318787cea02577a7a762a4912521a79a22f17387b2e98934ed21b072b,scorefile__L39,burst_start_distance,100,28.1
e117851318787cea02577a7a762a4912521a79a22f17387b2e98934ed21b072b,acquire__L39,trigger_distance,125,22.464
e117851318787cea02577a7a762a4912521a79a22f17387b2e98934ed21b072b,acquire__L39,silent_gap,80,33.5375
e117851318787cea02577a7a762a4912521a79a22f17387b2e98934ed21b072b,acquire__L39,burst_start_distance,80,35.1
e117851318787cea02577a7a762a4912521a79a22f17387b2e98934ed21b072b,report__L39,trigger_distance,191,14.570680628272251
e117851318787cea02577a7a762a4912521a79a22f17387b2e98934ed21b072b,report__L39,silent_gap,63,41.142857142857146
e117851318787cea02577a7a762a4912521a79a22f17387b2e98934ed21b072b,report__L39,burst_start_distance,63,44.12698412698413
e117851318787cea02577a7a762a4912521a79a22f17387b2e98934ed21b072b,motivated__L39,trigger_distance,194,14.164948453608247
e117851318787cea02577a7a762a4912521a79a22f17387b2e98934ed21b072b,motivated__L39,silent_gap,93,27.462365591397848
e117851318787cea02577a7a762a4912521a79a22f17387b2e98934ed21b072b,motivated__L39,burst_start_distance,93,29.50537634408602
fb92b9d7c130e398e9d97bf0010a8b211828bd53a2a1b5e39f4e86c53b7d2aa5,suite__L39,trigger_distance,124,16.04032258064516
fb92b9d7c130e398e9d97bf0010a8b211828bd53a2a1b5e39f4e86c53b7d2aa5,suite__L39,silent_gap,80,23.3125
fb92b9d7c130e398e9d97bf0010a8b211828bd53a2a1b5e39f4e86c53b7d2aa5,suite__L39,burst_start_distance,80,24.825
fb92b9d7c130e398e9d97bf0010a8b211828bd53a2a1b5e39f4e86c53b7d2aa5,validator__L39,trigger_distance,204,9.588235294117647
fb92b9d7c130e398e9d97bf0010a8b211828bd53a2a1b5e39f4e86c53b7d2aa5,validator__L39,silent_gap,76,23.05263157894737
fb92b9d7c130e398e9d97bf0010a8b211828bd53a2a1b5e39f4e86c53b7d2aa5,validator__L39,burst_start_distance,76,25.736842105263158
fb92b9d7c130e398e9d97bf0010a8b211828bd53a2a1b5e39f4e86c53b7d2aa5,scorefile__L39,trigger_distance,179,11.418994413407821
fb92b9d7c130e398e9d97bf0010a8b211828bd53a2a1b5e39f4e86c53b7d2aa5,scorefile__L39,silent_gap,97,19.22680412371134
fb92b9d7c130e398e9d97bf0010a8b211828bd53a2a1b5e39f4e86c53b7d2aa5,scorefile__L39,burst_start_distance,97,21.072164948453608
fb92b9d7c130e398e9d97bf0010a8b211828bd53a2a1b5e39f4e86c53b7d2aa5,acquire__L39,trigger_distance,113,17.23008849557522
fb92b9d7c130e398e9d97bf0010a8b211828bd53a2a1b5e39f4e86c53b7d2aa5,acquire__L39,silent_gap,73,25.123287671232877
fb92b9d7c130e398e9d97bf0010a8b211828bd53a2a1b5e39f4e86c53b7d2aa5,acquire__L39,burst_start_distance,73,26.671232876712327
fb92b9d7c130e398e9d97bf0010a8b211828bd53a2a1b5e39f4e86c53b7d2aa5,report__L39,trigger_distance,111,17.513513513513512
fb92b9d7c130e398e9d97bf0010a8b211828bd53a2a1b5e39f4e86c53b7d2aa5,report__L39,silent_gap,40,45.825
fb92b9d7c130e398e9d97bf0010a8b211828bd53a2a1b5e39f4e86c53b7d2aa5,report__L39,burst_start_distance,40,48.25
fb92b9d7c130e398e9d97bf0010a8b211828bd53a2a1b5e39f4e86c53b7d2aa5,motivated__L39,trigger_distance,133,14.436090225563909
fb92b9d7c130e398e9d97bf0010a8b211828bd53a2a1b5e39f4e86c53b7d2aa5,motivated__L39,silent_gap,66,27.075757575757574
fb92b9d7c130e398e9d97bf0010a8b211828bd53a2a1b5e39f4e86c53b7d2aa5,motivated__L39,burst_start_distance,66,29.015151515151516
a17a63b0812b0566f126b5d59277cdfae6f089eba05e061fa6543b6cdca5aa1a,suite__L39,trigger_distance,134,20.16417910447761
a17a63b0812b0566f126b5d59277cdfae6f089eba05e061fa6543b6cdca5aa1a,suite__L39,silent_gap,91,28.21978021978022
a17a63b0812b0566f126b5d59277cdfae6f089eba05e061fa6543b6cdca5aa1a,suite__L39,burst_start_distance,91,29.681318681318682
a17a63b0812b0566f126b5d59277cdfae6f089eba05e061fa6543b6cdca5aa1a,validator__L39,trigger_distance,137,18.83211678832117
a17a63b0812b0566f126b5d59277cdfae6f089eba05e061fa6543b6cdca5aa1a,validator__L39,silent_gap,65,37.58461538461538
a17a63b0812b0566f126b5d59277cdfae6f089eba05e061fa6543b6cdca5aa1a,validator__L39,burst_start_distance,65,39.69230769230769
a17a63b0812b0566f126b5d59277cdfae6f089eba05e061fa6543b6cdca5aa1a,scorefile__L39,trigger_distance,127,21.070866141732285
a17a63b0812b0566f126b5d59277cdfae6f089eba05e061fa6543b6cdca5aa1a,scorefile__L39,silent_gap,98,26.010204081632654
a17a63b0812b0566f126b5d59277cdfae6f089eba05e061fa6543b6cdca5aa1a,scorefile__L39,burst_start_distance,98,27.306122448979593
a17a63b0812b0566f126b5d59277cdfae6f089eba05e061fa6543b6cdca5aa1a,acquire__L39,trigger_distance,127,20.763779527559056
a17a63b0812b0566f126b5d59277cdfae6f089eba05e061fa6543b6cdca5aa1a,acquire__L39,silent_gap,81,30.987654320987655
a17a63b0812b0566f126b5d59277cdfae6f089eba05e061fa6543b6cdca5aa1a,acquire__L39,burst_start_distance,81,32.55555555555556
a17a63b0812b0566f126b5d59277cdfae6f089eba05e061fa6543b6cdca5aa1a,report__L39,trigger_distance,175,15.06857142857143
a17a63b0812b0566f126b5d59277cdfae6f089eba05e061fa6543b6cdca5aa1a,report__L39,silent_gap,67,36.74626865671642
a17a63b0812b0566f126b5d59277cdfae6f089eba05e061fa6543b6cdca5aa1a,report__L39,burst_start_distance,67,39.11940298507463
a17a63b0812b0566f126b5d59277cdfae6f089eba05e061fa6543b6cdca5aa1a,motivated__L39,trigger_distance,218,12.0
a17a63b0812b0566f126b5d59277cdfae6f089eba05e061fa6543b6cdca5aa1a,motivated__L39,silent_gap,101,23.742574257425744
a17a63b0812b0566f126b5d59277cdfae6f089eba05e061fa6543b6cdca5aa1a,motivated__L39,burst_start_distance,101,25.900990099009903
9b23756dc0429c0ac265da5b2a16f9b12bbc56a6d2fef4da94ae928f1b76ffce,suite__L39,trigger_distance,387,8.198966408268733
9b23756dc0429c0ac265da5b2a16f9b12bbc56a6d2fef4da94ae928f1b76ffce,suite__L39,silent_gap,165,16.884848484848487
9b23756dc0429c0ac265da5b2a16f9b12bbc56a6d2fef4da94ae928f1b76ffce,suite__L39,burst_start_distance,165,19.21818181818182
9b23756dc0429c0ac265da5b2a16f9b12bbc56a6d2fef4da94ae928f1b76ffce,validator__L39,trigger_distance,370,8.348648648648648
9b23756dc0429c0ac265da5b2a16f9b12bbc56a6d2fef4da94ae928f1b76ffce,validator__L39,silent_gap,118,23.04237288135593
9b23756dc0429c0ac265da5b2a16f9b12bbc56a6d2fef4da94ae928f1b76ffce,validator__L39,burst_start_distance,118,26.177966101694917
9b23756dc0429c0ac265da5b2a16f9b12bbc56a6d2fef4da94ae928f1b76ffce,scorefile__L39,trigger_distance,380,8.523684210526316
9b23756dc0429c0ac265da5b2a16f9b12bbc56a6d2fef4da94ae928f1b76ffce,scorefile__L39,silent_gap,172,16.622093023255815
9b23756dc0429c0ac265da5b2a16f9b12bbc56a6d2fef4da94ae928f1b76ffce,scorefile__L39,burst_start_distance,172,18.825581395348838
9b23756dc0429c0ac265da5b2a16f9b12bbc56a6d2fef4da94ae928f1b76ffce,acquire__L39,trigger_distance,143,22.643356643356643
9b23756dc0429c0ac265da5b2a16f9b12bbc56a6d2fef4da94ae928f1b76ffce,acquire__L39,silent_gap,95,32.578947368421055
9b23756dc0429c0ac265da5b2a16f9b12bbc56a6d2fef4da94ae928f1b76ffce,acquire__L39,burst_start_distance,95,34.07368421052632
9b23756dc0429c0ac265da5b2a16f9b12bbc56a6d2fef4da94ae928f1b76ffce,report__L39,trigger_distance,226,13.79646017699115
9b23756dc0429c0ac265da5b2a16f9b12bbc56a6d2fef4da94ae928f1b76ffce,report__L39,silent_gap,81,35.7037037037037
9b23756dc0429c0ac265da5b2a16f9b12bbc56a6d2fef4da94ae928f1b76ffce,report__L39,burst_start_distance,81,38.370370370370374
9b23756dc0429c0ac265da5b2a16f9b12bbc56a6d2fef4da94ae928f1b76ffce,motivated__L39,trigger_distance,151,19.079470198675498
9b23756dc0429c0ac265da5b2a16f9b12bbc56a6d2fef4da94ae928f1b76ffce,motivated__L39,silent_gap,88,31.022727272727273
9b23756dc0429c0ac265da5b2a16f9b12bbc56a6d2fef4da94ae928f1b76ffce,motivated__L39,burst_start_distance,88,32.72727272727273
7c497e6379ea6c6aad307057d0f355cd5112d190b8eddd760825ace768a34008,suite__L39,trigger_distance,240,10.425
7c497e6379ea6c6aad307057d0f355cd5112d190b8eddd760825ace768a34008,suite__L39,silent_gap,116,19.5
7c497e6379ea6c6aad307057d0f355cd5112d190b8eddd760825ace768a34008,suite__L39,burst_start_distance,116,21.54310344827586
7c497e6379ea6c6aad307057d0f355cd5112d190b8eddd760825ace768a34008,validator__L39,trigger_distance,288,8.246527777777779
7c497e6379ea6c6aad307057d0f355cd5112d190b8eddd760825ace768a34008,validator__L39,silent_gap,100,20.87
7c497e6379ea6c6aad307057d0f355cd5112d190b8eddd760825ace768a34008,validator__L39,burst_start_distance,100,23.69
7c497e6379ea6c6aad307057d0f355cd5112d190b8eddd760825ace768a34008,scorefile__L39,trigger_distance,300,8.486666666666666
7c497e6379ea6c6aad307057d0f355cd5112d190b8eddd760825ace768a34008,scorefile__L39,silent_gap,140,16.042857142857144
7c497e6379ea6c6aad307057d0f355cd5112d190b8eddd760825ace768a34008,scorefile__L39,burst_start_distance,140,18.178571428571427
7c497e6379ea6c6aad307057d0f355cd5112d190b8eddd760825ace768a34008,acquire__L39,trigger_distance,118,21.14406779661017
7c497e6379ea6c6aad307057d0f355cd5112d190b8eddd760825ace768a34008,acquire__L39,silent_gap,78,30.474358974358974
7c497e6379ea6c6aad307057d0f355cd5112d190b8eddd760825ace768a34008,acquire__L39,burst_start_distance,78,31.987179487179485
7c497e6379ea6c6aad307057d0f355cd5112d190b8eddd760825ace768a34008,report__L39,trigger_distance,139,17.60431654676259
7c497e6379ea6c6aad307057d0f355cd5112d190b8eddd760825ace768a34008,report__L39,silent_gap,67,34.44776119402985
7c497e6379ea6c6aad307057d0f355cd5112d190b8eddd760825ace768a34008,report__L39,burst_start_distance,67,36.26865671641791
7c497e6379ea6c6aad307057d0f355cd5112d190b8eddd760825ace768a34008,motivated__L39,trigger_distance,129,17.124031007751938
7c497e6379ea6c6aad307057d0f355cd5112d190b8eddd760825ace768a34008,motivated__L39,silent_gap,72,28.88888888888889
7c497e6379ea6c6aad307057d0f355cd5112d190b8eddd760825ace768a34008,motivated__L39,burst_start_distance,72,30.680555555555557
42796e44e969ef6b380dd5537ff8a0dbc3857f5e0bd07fb9feceadb91397db96,suite__L39,trigger_distance,263,11.346007604562738
42796e44e969ef6b380dd5537ff8a0dbc3857f5e0bd07fb9feceadb91397db96,suite__L39,silent_gap,151,18.019867549668874
42796e44e969ef6b380dd5537ff8a0dbc3857f5e0bd07fb9feceadb91397db96,suite__L39,burst_start_distance,151,19.741721854304636
42796e44e969ef6b380dd5537ff8a0dbc3857f5e0bd07fb9feceadb91397db96,validator__L39,trigger_distance,396,7.5353535353535355
42796e44e969ef6b380dd5537ff8a0dbc3857f5e0bd07fb9feceadb91397db96,validator__L39,silent_gap,135,19.17037037037037
42796e44e969ef6b380dd5537ff8a0dbc3857f5e0bd07fb9feceadb91397db96,validator__L39,burst_start_distance,135,22.103703703703705
42796e44e969ef6b380dd5537ff8a0dbc3857f5e0bd07fb9feceadb91397db96,scorefile__L39,trigger_distance,334,9.164670658682635
42796e44e969ef6b380dd5537ff8a0dbc3857f5e0bd07fb9feceadb91397db96,scorefile__L39,silent_gap,154,17.707792207792206
42796e44e969ef6b380dd5537ff8a0dbc3857f5e0bd07fb9feceadb91397db96,scorefile__L39,burst_start_distance,154,19.876623376623378
42796e44e969ef6b380dd5537ff8a0dbc3857f5e0bd07fb9feceadb91397db96,acquire__L39,trigger_distance,170,17.78235294117647
42796e44e969ef6b380dd5537ff8a0dbc3857f5e0bd07fb9feceadb91397db96,acquire__L39,silent_gap,115,24.808695652173913
42796e44e969ef6b380dd5537ff8a0dbc3857f5e0bd07fb9feceadb91397db96,acquire__L39,burst_start_distance,115,26.286956521739132
42796e44e969ef6b380dd5537ff8a0dbc3857f5e0bd07fb9feceadb91397db96,report__L39,trigger_distance,254,10.759842519685039
42796e44e969ef6b380dd5537ff8a0dbc3857f5e0bd07fb9feceadb91397db96,report__L39,silent_gap,87,28.49425287356322
42796e44e969ef6b380dd5537ff8a0dbc3857f5e0bd07fb9feceadb91397db96,report__L39,burst_start_distance,87,31.298850574712645
42796e44e969ef6b380dd5537ff8a0dbc3857f5e0bd07fb9feceadb91397db96,motivated__L39,trigger_distance,218,12.587155963302752
42796e44e969ef6b380dd5537ff8a0dbc3857f5e0bd07fb9feceadb91397db96,motivated__L39,silent_gap,113,22.353982300884955
42796e44e969ef6b380dd5537ff8a0dbc3857f5e0bd07fb9feceadb91397db96,motivated__L39,burst_start_distance,113,24.283185840707965
d065e989e57e7ce3764d45dfa538ac5c6783572020458e13512a710af9c0c693,suite__L39,trigger_distance,208,12.254807692307692
d065e989e57e7ce3764d45dfa538ac5c6783572020458e13512a710af9c0c693,suite__L39,silent_gap,121,19.34710743801653
d065e989e57e7ce3764d45dfa538ac5c6783572020458e13512a710af9c0c693,suite__L39,burst_start_distance,121,21.041322314049587
d065e989e57e7ce3764d45dfa538ac5c6783572020458e13512a710af9c0c693,validator__L39,trigger_distance,196,12.729591836734693
d065e989e57e7ce3764d45dfa538ac5c6783572020458e13512a710af9c0c693,validator__L39,silent_gap,79,29.10126582278481
d065e989e57e7ce3764d45dfa538ac5c6783572020458e13512a710af9c0c693,validator__L39,burst_start_distance,79,31.582278481012658
d065e989e57e7ce3764d45dfa538ac5c6783572020458e13512a710af9c0c693,scorefile__L39,trigger_distance,173,15.057803468208093
d065e989e57e7ce3764d45dfa538ac5c6783572020458e13512a710af9c0c693,scorefile__L39,silent_gap,113,21.52212389380531
d065e989e57e7ce3764d45dfa538ac5c6783572020458e13512a710af9c0c693,scorefile__L39,burst_start_distance,113,23.053097345132745
d065e989e57e7ce3764d45dfa538ac5c6783572020458e13512a710af9c0c693,acquire__L39,trigger_distance,103,24.825242718446603
d065e989e57e7ce3764d45dfa538ac5c6783572020458e13512a710af9c0c693,acquire__L39,silent_gap,80,30.675
d065e989e57e7ce3764d45dfa538ac5c6783572020458e13512a710af9c0c693,acquire__L39,burst_start_distance,80,31.9625
d065e989e57e7ce3764d45dfa538ac5c6783572020458e13512a710af9c0c693,report__L39,trigger_distance,172,12.331395348837209
d065e989e57e7ce3764d45dfa538ac5c6783572020458e13512a710af9c0c693,report__L39,silent_gap,69,28.246376811594203
d065e989e57e7ce3764d45dfa538ac5c6783572020458e13512a710af9c0c693,report__L39,burst_start_distance,69,30.492753623188406
d065e989e57e7ce3764d45dfa538ac5c6783572020458e13512a710af9c0c693,motivated__L39,trigger_distance,116,19.46551724137931
d065e989e57e7ce3764d45dfa538ac5c6783572020458e13512a710af9c0c693,motivated__L39,silent_gap,67,31.970149253731343
d065e989e57e7ce3764d45dfa538ac5c6783572020458e13512a710af9c0c693,motivated__L39,burst_start_distance,67,33.701492537313435
db5c7c434b989fd5f659f94f92ceee740cd54dad12c1509076e7fff3728d6346,suite__L39,trigger_distance,248,12.544354838709678
db5c7c434b989fd5f659f94f92ceee740cd54dad12c1509076e7fff3728d6346,suite__L39,silent_gap,121,23.66115702479339
db5c7c434b989fd5f659f94f92ceee740cd54dad12c1509076e7fff3728d6346,suite__L39,burst_start_distance,121,25.694214876033058
db5c7c434b989fd5f659f94f92ceee740cd54dad12c1509076e7fff3728d6346,validator__L39,trigger_distance,300,10.28
db5c7c434b989fd5f659f94f92ceee740cd54dad12c1509076e7fff3728d6346,validator__L39,silent_gap,109,25.541284403669724
db5c7c434b989fd5f659f94f92ceee740cd54dad12c1509076e7fff3728d6346,validator__L39,burst_start_distance,109,28.28440366972477
db5c7c434b989fd5f659f94f92ceee740cd54dad12c1509076e7fff3728d6346,scorefile__L39,trigger_distance,335,9.33731343283582
db5c7c434b989fd5f659f94f92ceee740cd54dad12c1509076e7fff3728d6346,scorefile__L39,silent_gap,158,17.67721518987342
db5c7c434b989fd5f659f94f92ceee740cd54dad12c1509076e7fff3728d6346,scorefile__L39,burst_start_distance,158,19.79746835443038
db5c7c434b989fd5f659f94f92ceee740cd54dad12c1509076e7fff3728d6346,acquire__L39,trigger_distance,167,17.940119760479043
db5c7c434b989fd5f659f94f92ceee740cd54dad12c1509076e7fff3728d6346,acquire__L39,silent_gap,112,25.258928571428573
db5c7c434b989fd5f659f94f92ceee740cd54dad12c1509076e7fff3728d6346,acquire__L39,burst_start_distance,112,26.75
db5c7c434b989fd5f659f94f92ceee740cd54dad12c1509076e7fff3728d6346,report__L39,trigger_distance,197,15.279187817258883
db5c7c434b989fd5f659f94f92ceee740cd54dad12c1509076e7fff3728d6346,report__L39,silent_gap,67,41.985074626865675
db5c7c434b989fd5f659f94f92ceee740cd54dad12c1509076e7fff3728d6346,report__L39,burst_start_distance,67,44.80597014925373
db5c7c434b989fd5f659f94f92ceee740cd54dad12c1509076e7fff3728d6346,motivated__L39,trigger_distance,218,13.36697247706422
db5c7c434b989fd5f659f94f92ceee740cd54dad12c1509076e7fff3728d6346,motivated__L39,silent_gap,100,26.96
db5c7c434b989fd5f659f94f92ceee740cd54dad12c1509076e7fff3728d6346,motivated__L39,burst_start_distance,100,29.13
b19b3ae38e334ee486e7a78430a9eeb5d2c63822e7ded63c81f05d52d23b53ec,suite__L39,trigger_distance,101,35.445544554455445
b19b3ae38e334ee486e7a78430a9eeb5d2c63822e7ded63c81f05d52d23b53ec,suite__L39,silent_gap,72,48.31944444444444
b19b3ae38e334ee486e7a78430a9eeb5d2c63822e7ded63c81f05d52d23b53ec,suite__L39,burst_start_distance,72,49.72222222222222
b19b3ae38e334ee486e7a78430a9eeb5d2c63822e7ded63c81f05d52d23b53ec,validator__L39,trigger_distance,122,24.18032786885246
b19b3ae38e334ee486e7a78430a9eeb5d2c63822e7ded63c81f05d52d23b53ec,validator__L39,silent_gap,78,36.256410256410255
b19b3ae38e334ee486e7a78430a9eeb5d2c63822e7ded63c81f05d52d23b53ec,validator__L39,burst_start_distance,78,37.82051282051282
b19b3ae38e334ee486e7a78430a9eeb5d2c63822e7ded63c81f05d52d23b53ec,scorefile__L39,trigger_distance,137,26.854014598540147
b19b3ae38e334ee486e7a78430a9eeb5d2c63822e7ded63c81f05d52d23b53ec,scorefile__L39,silent_gap,93,38.086021505376344
b19b3ae38e334ee486e7a78430a9eeb5d2c63822e7ded63c81f05d52d23b53ec,scorefile__L39,burst_start_distance,93,39.55913978494624
b19b3ae38e334ee486e7a78430a9eeb5d2c63822e7ded63c81f05d52d23b53ec,acquire__L39,trigger_distance,185,19.90810810810811
b19b3ae38e334ee486e7a78430a9eeb5d2c63822e7ded63c81f05d52d23b53ec,acquire__L39,silent_gap,115,30.417391304347827
b19b3ae38e334ee486e7a78430a9eeb5d2c63822e7ded63c81f05d52d23b53ec,acquire__L39,burst_start_distance,115,32.02608695652174
b19b3ae38e334ee486e7a78430a9eeb5d2c63822e7ded63c81f05d52d23b53ec,report__L39,trigger_distance,64,56.1875
b19b3ae38e334ee486e7a78430a9eeb5d2c63822e7ded63c81f05d52d23b53ec,report__L39,silent_gap,39,90.56410256410257
b19b3ae38e334ee486e7a78430a9eeb5d2c63822e7ded63c81f05d52d23b53ec,report__L39,burst_start_distance,39,92.07692307692308
b19b3ae38e334ee486e7a78430a9eeb5d2c63822e7ded63c81f05d52d23b53ec,motivated__L39,trigger_distance,255,13.533333333333333
b19b3ae38e334ee486e7a78430a9eeb5d2c63822e7ded63c81f05d52d23b53ec,motivated__L39,silent_gap,137,23.32846715328467
b19b3ae38e334ee486e7a78430a9eeb5d2c63822e7ded63c81f05d52d23b53ec,motivated__L39,burst_start_distance,137,25.182481751824817
828236bfda68f95eb6db0397d12b30df1f1135fdeca867e435b5e16cf5322f2f,suite__L39,trigger_distance,43,44.30232558139535
828236bfda68f95eb6db0397d12b30df1f1135fdeca867e435b5e16cf5322f2f,suite__L39,silent_gap,31,60.064516129032256
828236bfda68f95eb6db0397d12b30df1f1135fdeca867e435b5e16cf5322f2f,suite__L39,burst_start_distance,31,61.41935483870968
828236bfda68f95eb6db0397d12b30df1f1135fdeca867e435b5e16cf5322f2f,validator__L39,trigger_distance,75,25.24
828236bfda68f95eb6db0397d12b30df1f1135fdeca867e435b5e16cf5322f2f,validator__L39,silent_gap,43,42.27906976744186
828236bfda68f95eb6db0397d12b30df1f1135fdeca867e435b5e16cf5322f2f,validator__L39,burst_start_distance,43,44.02325581395349
828236bfda68f95eb6db0397d12b30df1f1135fdeca867e435b5e16cf5322f2f,scorefile__L39,trigger_distance,109,17.880733944954127
828236bfda68f95eb6db0397d12b30df1f1135fdeca867e435b5e16cf5322f2f,scorefile__L39,silent_gap,71,25.91549295774648
828236bfda68f95eb6db0397d12b30df1f1135fdeca867e435b5e16cf5322f2f,scorefile__L39,burst_start_distance,71,27.450704225352112
828236bfda68f95eb6db0397d12b30df1f1135fdeca867e435b5e16cf5322f2f,acquire__L39,trigger_distance,115,17.043478260869566
828236bfda68f95eb6db0397d12b30df1f1135fdeca867e435b5e16cf5322f2f,acquire__L39,silent_gap,67,27.53731343283582
828236bfda68f95eb6db0397d12b30df1f1135fdeca867e435b5e16cf5322f2f,acquire__L39,burst_start_distance,67,29.253731343283583
828236bfda68f95eb6db0397d12b30df1f1135fdeca867e435b5e16cf5322f2f,report__L39,trigger_distance,83,22.72289156626506
828236bfda68f95eb6db0397d12b30df1f1135fdeca867e435b5e16cf5322f2f,report__L39,silent_gap,41,43.97560975609756
828236bfda68f95eb6db0397d12b30df1f1135fdeca867e435b5e16cf5322f2f,report__L39,burst_start_distance,41,45.8780487804878
828236bfda68f95eb6db0397d12b30df1f1135fdeca867e435b5e16cf5322f2f,motivated__L39,trigger_distance,138,13.557971014492754
828236bfda68f95eb6db0397d12b30df1f1135fdeca867e435b5e16cf5322f2f,motivated__L39,silent_gap,73,23.73972602739726
828236bfda68f95eb6db0397d12b30df1f1135fdeca867e435b5e16cf5322f2f,motivated__L39,burst_start_distance,73,25.63013698630137
fdeb968d612907a5fa45c9f395f6f78d2262bee6824b9d89cc81ee59e6a6bd0f,suite__L39,trigger_distance,215,15.786046511627907
fdeb968d612907a5fa45c9f395f6f78d2262bee6824b9d89cc81ee59e6a6bd0f,suite__L39,silent_gap,125,25.432
fdeb968d612907a5fa45c9f395f6f78d2262bee6824b9d89cc81ee59e6a6bd0f,suite__L39,burst_start_distance,125,27.128
fdeb968d612907a5fa45c9f395f6f78d2262bee6824b9d89cc81ee59e6a6bd0f,validator__L39,trigger_distance,232,14.262931034482758
fdeb968d612907a5fa45c9f395f6f78d2262bee6824b9d89cc81ee59e6a6bd0f,validator__L39,silent_gap,96,32.052083333333336
fdeb968d612907a5fa45c9f395f6f78d2262bee6824b9d89cc81ee59e6a6bd0f,validator__L39,burst_start_distance,96,34.46875
fdeb968d612907a5fa45c9f395f6f78d2262bee6824b9d89cc81ee59e6a6bd0f,scorefile__L39,trigger_distance,219,15.698630136986301
fdeb968d612907a5fa45c9f395f6f78d2262bee6824b9d89cc81ee59e6a6bd0f,scorefile__L39,silent_gap,139,23.158273381294965
fdeb968d612907a5fa45c9f395f6f78d2262bee6824b9d89cc81ee59e6a6bd0f,scorefile__L39,burst_start_distance,139,24.719424460431654
fdeb968d612907a5fa45c9f395f6f78d2262bee6824b9d89cc81ee59e6a6bd0f,acquire__L39,trigger_distance,123,27.926829268292682
fdeb968d612907a5fa45c9f395f6f78d2262bee6824b9d89cc81ee59e6a6bd0f,acquire__L39,silent_gap,75,44.16
fdeb968d612907a5fa45c9f395f6f78d2262bee6824b9d89cc81ee59e6a6bd0f,acquire__L39,burst_start_distance,75,45.8
fdeb968d612907a5fa45c9f395f6f78d2262bee6824b9d89cc81ee59e6a6bd0f,report__L39,trigger_distance,221,14.97737556561086
fdeb968d612907a5fa45c9f395f6f78d2262bee6824b9d89cc81ee59e6a6bd0f,report__L39,silent_gap,86,35.91860465116279
fdeb968d612907a5fa45c9f395f6f78d2262bee6824b9d89cc81ee59e6a6bd0f,report__L39,burst_start_distance,86,38.325581395348834
fdeb968d612907a5fa45c9f395f6f78d2262bee6824b9d89cc81ee59e6a6bd0f,motivated__L39,trigger_distance,182,16.82967032967033
fdeb968d612907a5fa45c9f395f6f78d2262bee6824b9d89cc81ee59e6a6bd0f,motivated__L39,silent_gap,97,29.701030927835053
fdeb968d612907a5fa45c9f395f6f78d2262bee6824b9d89cc81ee59e6a6bd0f,motivated__L39,burst_start_distance,97,31.567010309278352
b6366e44b1e5651ae4fc2cfb5f6c1775278d3b4c9575b4c6c9af737b5c9c64e7,suite__L39,trigger_distance,252,11.523809523809524
b6366e44b1e5651ae4fc2cfb5f6c1775278d3b4c9575b4c6c9af737b5c9c64e7,suite__L39,silent_gap,129,20.558139534883722
b6366e44b1e5651ae4fc2cfb5f6c1775278d3b4c9575b4c6c9af737b5c9c64e7,suite__L39,burst_start_distance,129,22.511627906976745
b6366e44b1e5651ae4fc2cfb5f6c1775278d3b4c9575b4c6c9af737b5c9c64e7,validator__L39,trigger_distance,373,7.656836461126005
b6366e44b1e5651ae4fc2cfb5f6c1775278d3b4c9575b4c6c9af737b5c9c64e7,validator__L39,silent_gap,135,18.392592592592592
b6366e44b1e5651ae4fc2cfb5f6c1775278d3b4c9575b4c6c9af737b5c9c64e7,validator__L39,burst_start_distance,135,21.14074074074074
b6366e44b1e5651ae4fc2cfb5f6c1775278d3b4c9575b4c6c9af737b5c9c64e7,scorefile__L39,trigger_distance,323,9.126934984520124
b6366e44b1e5651ae4fc2cfb5f6c1775278d3b4c9575b4c6c9af737b5c9c64e7,scorefile__L39,silent_gap,146,17.97945205479452
b6366e44b1e5651ae4fc2cfb5f6c1775278d3b4c9575b4c6c9af737b5c9c64e7,scorefile__L39,burst_start_distance,146,20.184931506849313
b6366e44b1e5651ae4fc2cfb5f6c1775278d3b4c9575b4c6c9af737b5c9c64e7,acquire__L39,trigger_distance,136,21.419117647058822
b6366e44b1e5651ae4fc2cfb5f6c1775278d3b4c9575b4c6c9af737b5c9c64e7,acquire__L39,silent_gap,91,30.516483516483518
b6366e44b1e5651ae4fc2cfb5f6c1775278d3b4c9575b4c6c9af737b5c9c64e7,acquire__L39,burst_start_distance,91,32.010989010989015
b6366e44b1e5651ae4fc2cfb5f6c1775278d3b4c9575b4c6c9af737b5c9c64e7,report__L39,trigger_distance,166,17.162650602409638
b6366e44b1e5651ae4fc2cfb5f6c1775278d3b4c9575b4c6c9af737b5c9c64e7,report__L39,silent_gap,55,48.78181818181818
b6366e44b1e5651ae4fc2cfb5f6c1775278d3b4c9575b4c6c9af737b5c9c64e7,report__L39,burst_start_distance,55,51.763636363636365
b6366e44b1e5651ae4fc2cfb5f6c1775278d3b4c9575b4c6c9af737b5c9c64e7,motivated__L39,trigger_distance,140,19.521428571428572
b6366e44b1e5651ae4fc2cfb5f6c1775278d3b4c9575b4c6c9af737b5c9c64e7,motivated__L39,silent_gap,86,30.151162790697676
b6366e44b1e5651ae4fc2cfb5f6c1775278d3b4c9575b4c6c9af737b5c9c64e7,motivated__L39,burst_start_distance,86,31.767441860465116
523e33f0eb5fbdd0acad1cb52f84004f832f9dfe2f9726b4928998ec6c534e6b,suite__L39,trigger_distance,216,10.337962962962964
523e33f0eb5fbdd0acad1cb52f84004f832f9dfe2f9726b4928998ec6c534e6b,suite__L39,silent_gap,114,17.69298245614035
523e33f0eb5fbdd0acad1cb52f84004f832f9dfe2f9726b4928998ec6c534e6b,suite__L39,burst_start_distance,114,19.57894736842105
523e33f0eb5fbdd0acad1cb52f84004f832f9dfe2f9726b4928998ec6c534e6b,validator__L39,trigger_distance,344,6.290697674418604
523e33f0eb5fbdd0acad1cb52f84004f832f9dfe2f9726b4928998ec6c534e6b,validator__L39,silent_gap,117,15.555555555555555
523e33f0eb5fbdd0acad1cb52f84004f832f9dfe2f9726b4928998ec6c534e6b,validator__L39,burst_start_distance,117,18.46153846153846
523e33f0eb5fbdd0acad1cb52f84004f832f9dfe2f9726b4928998ec6c534e6b,scorefile__L39,trigger_distance,393,5.893129770992366
523e33f0eb5fbdd0acad1cb52f84004f832f9dfe2f9726b4928998ec6c534e6b,scorefile__L39,silent_gap,160,12.01875
523e33f0eb5fbdd0acad1cb52f84004f832f9dfe2f9726b4928998ec6c534e6b,scorefile__L39,burst_start_distance,160,14.46875
523e33f0eb5fbdd0acad1cb52f84004f832f9dfe2f9726b4928998ec6c534e6b,acquire__L39,trigger_distance,136,17.014705882352942
523e33f0eb5fbdd0acad1cb52f84004f832f9dfe2f9726b4928998ec6c534e6b,acquire__L39,silent_gap,85,25.623529411764707
523e33f0eb5fbdd0acad1cb52f84004f832f9dfe2f9726b4928998ec6c534e6b,acquire__L39,burst_start_distance,85,27.223529411764705
523e33f0eb5fbdd0acad1cb52f84004f832f9dfe2f9726b4928998ec6c534e6b,report__L39,trigger_distance,70,31.728571428571428
523e33f0eb5fbdd0acad1cb52f84004f832f9dfe2f9726b4928998ec6c534e6b,report__L39,silent_gap,30,71.7
523e33f0eb5fbdd0acad1cb52f84004f832f9dfe2f9726b4928998ec6c534e6b,report__L39,burst_start_distance,30,73.93333333333334
523e33f0eb5fbdd0acad1cb52f84004f832f9dfe2f9726b4928998ec6c534e6b,motivated__L39,trigger_distance,126,16.73015873015873
523e33f0eb5fbdd0acad1cb52f84004f832f9dfe2f9726b4928998ec6c534e6b,motivated__L39,silent_gap,65,30.49230769230769
523e33f0eb5fbdd0acad1cb52f84004f832f9dfe2f9726b4928998ec6c534e6b,motivated__L39,burst_start_distance,65,32.43076923076923
398a62f227935948750bc4049e2bdc723639563e108bf965b9061fd6d75fe028,suite__L39,trigger_distance,304,11.588815789473685
398a62f227935948750bc4049e2bdc723639563e108bf965b9061fd6d75fe028,suite__L39,silent_gap,152,21.17763157894737
398a62f227935948750bc4049e2bdc723639563e108bf965b9061fd6d75fe028,suite__L39,burst_start_distance,152,23.157894736842106
398a62f227935948750bc4049e2bdc723639563e108bf965b9061fd6d75fe028,validator__L39,trigger_distance,267,13.044943820224718
398a62f227935948750bc4049e2bdc723639563e108bf965b9061fd6d75fe028,validator__L39,silent_gap,101,31.84158415841584
398a62f227935948750bc4049e2bdc723639563e108bf965b9061fd6d75fe028,validator__L39,burst_start_distance,101,34.48514851485149
398a62f227935948750bc4049e2bdc723639563e108bf965b9061fd6d75fe028,scorefile__L39,trigger_distance,250,14.232
398a62f227935948750bc4049e2bdc723639563e108bf965b9061fd6d75fe028,scorefile__L39,silent_gap,157,21.070063694267517
398a62f227935948750bc4049e2bdc723639563e108bf965b9061fd6d75fe028,scorefile__L39,burst_start_distance,157,22.662420382165607
398a62f227935948750bc4049e2bdc723639563e108bf965b9061fd6d75fe028,acquire__L39,trigger_distance,111,30.64864864864865
398a62f227935948750bc4049e2bdc723639563e108bf965b9061fd6d75fe028,acquire__L39,silent_gap,84,39.17857142857143
398a62f227935948750bc4049e2bdc723639563e108bf965b9061fd6d75fe028,acquire__L39,burst_start_distance,84,40.5
398a62f227935948750bc4049e2bdc723639563e108bf965b9061fd6d75fe028,report__L39,trigger_distance,294,11.850340136054422
398a62f227935948750bc4049e2bdc723639563e108bf965b9061fd6d75fe028,report__L39,silent_gap,110,29.0
398a62f227935948750bc4049e2bdc723639563e108bf965b9061fd6d75fe028,report__L39,burst_start_distance,110,31.581818181818182
398a62f227935948750bc4049e2bdc723639563e108bf965b9061fd6d75fe028,motivated__L39,trigger_distance,235,12.842553191489362
398a62f227935948750bc4049e2bdc723639563e108bf965b9061fd6d75fe028,motivated__L39,silent_gap,124,22.443548387096776
398a62f227935948750bc4049e2bdc723639563e108bf965b9061fd6d75fe028,motivated__L39,burst_start_distance,124,24.338709677419356
5e4f5b4ddcd6e50cc4ea90c8e5329f254caa9813443eca55771a7c021e6b4769,suite__L39,trigger_distance,228,14.390350877192983
5e4f5b4ddcd6e50cc4ea90c8e5329f254caa9813443eca55771a7c021e6b4769,suite__L39,silent_gap,129,23.666666666666668
5e4f5b4ddcd6e50cc4ea90c8e5329f254caa9813443eca55771a7c021e6b4769,suite__L39,burst_start_distance,129,25.410852713178294
5e4f5b4ddcd6e50cc4ea90c8e5329f254caa9813443eca55771a7c021e6b4769,validator__L39,trigger_distance,143,18.622377622377623
5e4f5b4ddcd6e50cc4ea90c8e5329f254caa9813443eca55771a7c021e6b4769,validator__L39,silent_gap,71,35.49295774647887
5e4f5b4ddcd6e50cc4ea90c8e5329f254caa9813443eca55771a7c021e6b4769,validator__L39,burst_start_distance,71,37.50704225352113
5e4f5b4ddcd6e50cc4ea90c8e5329f254caa9813443eca55771a7c021e6b4769,scorefile__L39,trigger_distance,224,14.160714285714286
5e4f5b4ddcd6e50cc4ea90c8e5329f254caa9813443eca55771a7c021e6b4769,scorefile__L39,silent_gap,118,24.983050847457626
5e4f5b4ddcd6e50cc4ea90c8e5329f254caa9813443eca55771a7c021e6b4769,scorefile__L39,burst_start_distance,118,26.88135593220339
5e4f5b4ddcd6e50cc4ea90c8e5329f254caa9813443eca55771a7c021e6b4769,acquire__L39,trigger_distance,203,15.645320197044335
5e4f5b4ddcd6e50cc4ea90c8e5329f254caa9813443eca55771a7c021e6b4769,acquire__L39,silent_gap,114,26.07894736842105
5e4f5b4ddcd6e50cc4ea90c8e5329f254caa9813443eca55771a7c021e6b4769,acquire__L39,burst_start_distance,114,27.859649122807017
5e4f5b4ddcd6e50cc4ea90c8e5329f254caa9813443eca55771a7c021e6b4769,report__L39,trigger_distance,169,19.17751479289941
5e4f5b4ddcd6e50cc4ea90c8e5329f254caa9813443eca55771a7c021e6b4769,report__L39,silent_gap,59,52.067796610169495
5e4f5b4ddcd6e50cc4ea90c8e5329f254caa9813443eca55771a7c021e6b4769,report__L39,burst_start_distance,59,54.69491525423729
5e4f5b4ddcd6e50cc4ea90c8e5329f254caa9813443eca55771a7c021e6b4769,motivated__L39,trigger_distance,217,14.852534562211982
5e4f5b4ddcd6e50cc4ea90c8e5329f254caa9813443eca55771a7c021e6b4769,motivated__L39,silent_gap,134,22.432835820895523
5e4f5b4ddcd6e50cc4ea90c8e5329f254caa9813443eca55771a7c021e6b4769,motivated__L39,burst_start_distance,134,24.05223880597015
38dbe4fba977acaff9bd3973db0ec8900fad70292cdc6b266f3ad1c20239aa9f,suite__L39,trigger_distance,69,37.231884057971016
38dbe4fba977acaff9bd3973db0ec8900fad70292cdc6b266f3ad1c20239aa9f,suite__L39,silent_gap,49,51.02040816326531
38dbe4fba977acaff9bd3973db0ec8900fad70292cdc6b266f3ad1c20239aa9f,suite__L39,burst_start_distance,49,52.36734693877551
38dbe4fba977acaff9bd3973db0ec8900fad70292cdc6b266f3ad1c20239aa9f,validator__L39,trigger_distance,79,30.29113924050633
38dbe4fba977acaff9bd3973db0ec8900fad70292cdc6b266f3ad1c20239aa9f,validator__L39,silent_gap,45,51.422222222222224
38dbe4fba977acaff9bd3973db0ec8900fad70292cdc6b266f3ad1c20239aa9f,validator__L39,burst_start_distance,45,53.15555555555556
38dbe4fba977acaff9bd3973db0ec8900fad70292cdc6b266f3ad1c20239aa9f,scorefile__L39,trigger_distance,112,23.125
38dbe4fba977acaff9bd3973db0ec8900fad70292cdc6b266f3ad1c20239aa9f,scorefile__L39,silent_gap,89,27.84269662921348
38dbe4fba977acaff9bd3973db0ec8900fad70292cdc6b266f3ad1c20239aa9f,scorefile__L39,burst_start_distance,89,29.10112359550562
38dbe4fba977acaff9bd3973db0ec8900fad70292cdc6b266f3ad1c20239aa9f,acquire__L39,trigger_distance,149,14.966442953020135
38dbe4fba977acaff9bd3973db0ec8900fad70292cdc6b266f3ad1c20239aa9f,acquire__L39,silent_gap,97,21.45360824742268
38dbe4fba977acaff9bd3973db0ec8900fad70292cdc6b266f3ad1c20239aa9f,acquire__L39,burst_start_distance,97,22.989690721649485
38dbe4fba977acaff9bd3973db0ec8900fad70292cdc6b266f3ad1c20239aa9f,report__L39,trigger_distance,56,44.839285714285715
38dbe4fba977acaff9bd3973db0ec8900fad70292cdc6b266f3ad1c20239aa9f,report__L39,silent_gap,33,74.39393939393939
38dbe4fba977acaff9bd3973db0ec8900fad70292cdc6b266f3ad1c20239aa9f,report__L39,burst_start_distance,33,76.0
38dbe4fba977acaff9bd3973db0ec8900fad70292cdc6b266f3ad1c20239aa9f,motivated__L39,trigger_distance,153,16.326797385620914
38dbe4fba977acaff9bd3973db0ec8900fad70292cdc6b266f3ad1c20239aa9f,motivated__L39,silent_gap,86,27.267441860465116
38dbe4fba977acaff9bd3973db0ec8900fad70292cdc6b266f3ad1c20239aa9f,motivated__L39,burst_start_distance,86,29.046511627906977
f979cec7efcbb8bfd6aa985a106925055c0020e54d0aad15ea17d3fb29b5ca7d,suite__L39,trigger_distance,133,25.172932330827066
f979cec7efcbb8bfd6aa985a106925055c0020e54d0aad15ea17d3fb29b5ca7d,suite__L39,silent_gap,90,35.72222222222222
f979cec7efcbb8bfd6aa985a106925055c0020e54d0aad15ea17d3fb29b5ca7d,suite__L39,burst_start_distance,90,37.18888888888889
f979cec7efcbb8bfd6aa985a106925055c0020e54d0aad15ea17d3fb29b5ca7d,validator__L39,trigger_distance,132,22.022727272727273
f979cec7efcbb8bfd6aa985a106925055c0020e54d0aad15ea17d3fb29b5ca7d,validator__L39,silent_gap,75,37.0
f979cec7efcbb8bfd6aa985a106925055c0020e54d0aad15ea17d3fb29b5ca7d,validator__L39,burst_start_distance,75,38.74666666666667
f979cec7efcbb8bfd6aa985a106925055c0020e54d0aad15ea17d3fb29b5ca7d,scorefile__L39,trigger_distance,167,20.137724550898202
f979cec7efcbb8bfd6aa985a106925055c0020e54d0aad15ea17d3fb29b5ca7d,scorefile__L39,silent_gap,118,27.084745762711865
f979cec7efcbb8bfd6aa985a106925055c0020e54d0aad15ea17d3fb29b5ca7d,scorefile__L39,burst_start_distance,118,28.491525423728813
f979cec7efcbb8bfd6aa985a106925055c0020e54d0aad15ea17d3fb29b5ca7d,acquire__L39,trigger_distance,167,19.802395209580837
f979cec7efcbb8bfd6aa985a106925055c0020e54d0aad15ea17d3fb29b5ca7d,acquire__L39,silent_gap,112,28.035714285714285
f979cec7efcbb8bfd6aa985a106925055c0020e54d0aad15ea17d3fb29b5ca7d,acquire__L39,burst_start_distance,112,29.526785714285715
f979cec7efcbb8bfd6aa985a106925055c0020e54d0aad15ea17d3fb29b5ca7d,report__L39,trigger_distance,223,14.838565022421525
f979cec7efcbb8bfd6aa985a106925055c0020e54d0aad15ea17d3fb29b5ca7d,report__L39,silent_gap,78,39.56410256410256
f979cec7efcbb8bfd6aa985a106925055c0020e54d0aad15ea17d3fb29b5ca7d,report__L39,burst_start_distance,78,42.19230769230769
f979cec7efcbb8bfd6aa985a106925055c0020e54d0aad15ea17d3fb29b5ca7d,motivated__L39,trigger_distance,279,11.82078853046595
f979cec7efcbb8bfd6aa985a106925055c0020e54d0aad15ea17d3fb29b5ca7d,motivated__L39,silent_gap,134,22.529850746268657
f979cec7efcbb8bfd6aa985a106925055c0020e54d0aad15ea17d3fb29b5ca7d,motivated__L39,burst_start_distance,134,24.604477611940297
1c04e436714e35045ad401b691a62d004f6e0f357aa748b8bfdf5a512cea5e5e,suite__L39,trigger_distance,132,15.818181818181818
1c04e436714e35045ad401b691a62d004f6e0f357aa748b8bfdf5a512cea5e5e,suite__L39,silent_gap,76,25.736842105263158
1c04e436714e35045ad401b691a62d004f6e0f357aa748b8bfdf5a512cea5e5e,suite__L39,burst_start_distance,76,27.460526315789473
1c04e436714e35045ad401b691a62d004f6e0f357aa748b8bfdf5a512cea5e5e,validator__L39,trigger_distance,300,6.86
1c04e436714e35045ad401b691a62d004f6e0f357aa748b8bfdf5a512cea5e5e,validator__L39,silent_gap,116,15.155172413793103
1c04e436714e35045ad401b691a62d004f6e0f357aa748b8bfdf5a512cea5e5e,validator__L39,burst_start_distance,116,17.74137931034483
1c04e436714e35045ad401b691a62d004f6e0f357aa748b8bfdf5a512cea5e5e,scorefile__L39,trigger_distance,216,9.907407407407407
1c04e436714e35045ad401b691a62d004f6e0f357aa748b8bfdf5a512cea5e5e,scorefile__L39,silent_gap,110,17.490909090909092
1c04e436714e35045ad401b691a62d004f6e0f357aa748b8bfdf5a512cea5e5e,scorefile__L39,burst_start_distance,110,19.418181818181818
1c04e436714e35045ad401b691a62d004f6e0f357aa748b8bfdf5a512cea5e5e,acquire__L39,trigger_distance,111,18.513513513513512
1c04e436714e35045ad401b691a62d004f6e0f357aa748b8bfdf5a512cea5e5e,acquire__L39,silent_gap,75,25.92
1c04e436714e35045ad401b691a62d004f6e0f357aa748b8bfdf5a512cea5e5e,acquire__L39,burst_start_distance,75,27.4
1c04e436714e35045ad401b691a62d004f6e0f357aa748b8bfdf5a512cea5e5e,report__L39,trigger_distance,79,25.936708860759495
1c04e436714e35045ad401b691a62d004f6e0f357aa748b8bfdf5a512cea5e5e,report__L39,silent_gap,45,43.77777777777778
1c04e436714e35045ad401b691a62d004f6e0f357aa748b8bfdf5a512cea5e5e,report__L39,burst_start_distance,45,45.51111111111111
1c04e436714e35045ad401b691a62d004f6e0f357aa748b8bfdf5a512cea5e5e,motivated__L39,trigger_distance,120,16.425
1c04e436714e35045ad401b691a62d004f6e0f357aa748b8bfdf5a512cea5e5e,motivated__L39,silent_gap,62,29.85483870967742
1c04e436714e35045ad401b691a62d004f6e0f357aa748b8bfdf5a512cea5e5e,motivated__L39,burst_start_distance,62,31.79032258064516
42b6e0a26041f2f534c1bdbb6ffa8e488968ae1f9ee9799dedef58998a89d2ac,suite__L39,trigger_distance,402,8.965174129353233
42b6e0a26041f2f534c1bdbb6ffa8e488968ae1f9ee9799dedef58998a89d2ac,suite__L39,silent_gap,202,15.851485148514852
42b6e0a26041f2f534c1bdbb6ffa8e488968ae1f9ee9799dedef58998a89d2ac,suite__L39,burst_start_distance,202,17.84158415841584
42b6e0a26041f2f534c1bdbb6ffa8e488968ae1f9ee9799dedef58998a89d2ac,validator__L39,trigger_distance,446,8.008968609865471
42b6e0a26041f2f534c1bdbb6ffa8e488968ae1f9ee9799dedef58998a89d2ac,validator__L39,silent_gap,167,18.718562874251496
42b6e0a26041f2f534c1bdbb6ffa8e488968ae1f9ee9799dedef58998a89d2ac,validator__L39,burst_start_distance,167,21.389221556886227
42b6e0a26041f2f534c1bdbb6ffa8e488968ae1f9ee9799dedef58998a89d2ac,scorefile__L39,trigger_distance,381,9.68503937007874
42b6e0a26041f2f534c1bdbb6ffa8e488968ae1f9ee9799dedef58998a89d2ac,scorefile__L39,silent_gap,194,17.056701030927837
42b6e0a26041f2f534c1bdbb6ffa8e488968ae1f9ee9799dedef58998a89d2ac,scorefile__L39,burst_start_distance,194,19.02061855670103
42b6e0a26041f2f534c1bdbb6ffa8e488968ae1f9ee9799dedef58998a89d2ac,acquire__L39,trigger_distance,179,20.12849162011173
42b6e0a26041f2f534c1bdbb6ffa8e488968ae1f9ee9799dedef58998a89d2ac,acquire__L39,silent_gap,117,29.264957264957264
42b6e0a26041f2f534c1bdbb6ffa8e488968ae1f9ee9799dedef58998a89d2ac,acquire__L39,burst_start_distance,117,30.76923076923077
42b6e0a26041f2f534c1bdbb6ffa8e488968ae1f9ee9799dedef58998a89d2ac,report__L39,trigger_distance,245,14.710204081632654
42b6e0a26041f2f534c1bdbb6ffa8e488968ae1f9ee9799dedef58998a89d2ac,report__L39,silent_gap,88,38.17045454545455
42b6e0a26041f2f534c1bdbb6ffa8e488968ae1f9ee9799dedef58998a89d2ac,report__L39,burst_start_distance,88,40.86363636363637
42b6e0a26041f2f534c1bdbb6ffa8e488968ae1f9ee9799dedef58998a89d2ac,motivated__L39,trigger_distance,243,13.703703703703704
42b6e0a26041f2f534c1bdbb6ffa8e488968ae1f9ee9799dedef58998a89d2ac,motivated__L39,silent_gap,134,23.03731343283582
42b6e0a26041f2f534c1bdbb6ffa8e488968ae1f9ee9799dedef58998a89d2ac,motivated__L39,burst_start_distance,134,24.84328358208955
7dfcad3f565b6618614a83b6c4f17c4809cd7b800d85c5fcadfbe665be6dc808,suite__L39,trigger_distance,238,10.756302521008404
7dfcad3f565b6618614a83b6c4f17c4809cd7b800d85c5fcadfbe665be6dc808,suite__L39,silent_gap,132,17.59090909090909
7dfcad3f565b6618614a83b6c4f17c4809cd7b800d85c5fcadfbe665be6dc808,suite__L39,burst_start_distance,132,19.37878787878788
7dfcad3f565b6618614a83b6c4f17c4809cd7b800d85c5fcadfbe665be6dc808,validator__L39,trigger_distance,294,8.5578231292517
7dfcad3f565b6618614a83b6c4f17c4809cd7b800d85c5fcadfbe665be6dc808,validator__L39,silent_gap,125,17.776
7dfcad3f565b6618614a83b6c4f17c4809cd7b800d85c5fcadfbe665be6dc808,validator__L39,burst_start_distance,125,20.12
7dfcad3f565b6618614a83b6c4f17c4809cd7b800d85c5fcadfbe665be6dc808,scorefile__L39,trigger_distance,241,10.817427385892117
7dfcad3f565b6618614a83b6c4f17c4809cd7b800d85c5fcadfbe665be6dc808,scorefile__L39,silent_gap,130,18.2
7dfcad3f565b6618614a83b6c4f17c4809cd7b800d85c5fcadfbe665be6dc808,scorefile__L39,burst_start_distance,130,20.053846153846155
7dfcad3f565b6618614a83b6c4f17c4809cd7b800d85c5fcadfbe665be6dc808,acquire__L39,trigger_distance,118,19.85593220338983
7dfcad3f565b6618614a83b6c4f17c4809cd7b800d85c5fcadfbe665be6dc808,acquire__L39,silent_gap,70,31.785714285714285
7dfcad3f565b6618614a83b6c4f17c4809cd7b800d85c5fcadfbe665be6dc808,acquire__L39,burst_start_distance,70,33.47142857142857
7dfcad3f565b6618614a83b6c4f17c4809cd7b800d85c5fcadfbe665be6dc808,report__L39,trigger_distance,142,17.85211267605634
7dfcad3f565b6618614a83b6c4f17c4809cd7b800d85c5fcadfbe665be6dc808,report__L39,silent_gap,62,38.596774193548384
7dfcad3f565b6618614a83b6c4f17c4809cd7b800d85c5fcadfbe665be6dc808,report__L39,burst_start_distance,62,40.596774193548384
7dfcad3f565b6618614a83b6c4f17c4809cd7b800d85c5fcadfbe665be6dc808,motivated__L39,trigger_distance,154,13.668831168831169
7dfcad3f565b6618614a83b6c4f17c4809cd7b800d85c5fcadfbe665be6dc808,motivated__L39,silent_gap,87,22.42528735632184
7dfcad3f565b6618614a83b6c4f17c4809cd7b800d85c5fcadfbe665be6dc808,motivated__L39,burst_start_distance,87,24.195402298850574
74cdbffafba0c0afe169aae2d641d98ba52ddea41f3790a2f054b66dde444a18,suite__L39,trigger_distance,183,21.07650273224044
74cdbffafba0c0afe169aae2d641d98ba52ddea41f3790a2f054b66dde444a18,suite__L39,silent_gap,124,29.629032258064516
74cdbffafba0c0afe169aae2d641d98ba52ddea41f3790a2f054b66dde444a18,suite__L39,burst_start_distance,124,31.080645161290324
74cdbffafba0c0afe169aae2d641d98ba52ddea41f3790a2f054b66dde444a18,validator__L39,trigger_distance,154,23.292207792207794
74cdbffafba0c0afe169aae2d641d98ba52ddea41f3790a2f054b66dde444a18,validator__L39,silent_gap,78,44.01282051282051
74cdbffafba0c0afe169aae2d641d98ba52ddea41f3790a2f054b66dde444a18,validator__L39,burst_start_distance,78,45.93589743589744
74cdbffafba0c0afe169aae2d641d98ba52ddea41f3790a2f054b66dde444a18,scorefile__L39,trigger_distance,185,20.832432432432434
74cdbffafba0c0afe169aae2d641d98ba52ddea41f3790a2f054b66dde444a18,scorefile__L39,silent_gap,124,29.588709677419356
74cdbffafba0c0afe169aae2d641d98ba52ddea41f3790a2f054b66dde444a18,scorefile__L39,burst_start_distance,124,31.056451612903224
74cdbffafba0c0afe169aae2d641d98ba52ddea41f3790a2f054b66dde444a18,acquire__L39,trigger_distance,166,22.90963855421687
74cdbffafba0c0afe169aae2d641d98ba52ddea41f3790a2f054b66dde444a18,acquire__L39,silent_gap,112,32.473214285714285
74cdbffafba0c0afe169aae2d641d98ba52ddea41f3790a2f054b66dde444a18,acquire__L39,burst_start_distance,112,33.955357142857146
74cdbffafba0c0afe169aae2d641d98ba52ddea41f3790a2f054b66dde444a18,report__L39,trigger_distance,139,27.41726618705036
74cdbffafba0c0afe169aae2d641d98ba52ddea41f3790a2f054b66dde444a18,report__L39,silent_gap,55,66.76363636363637
74cdbffafba0c0afe169aae2d641d98ba52ddea41f3790a2f054b66dde444a18,report__L39,burst_start_distance,55,69.05454545454545
74cdbffafba0c0afe169aae2d641d98ba52ddea41f3790a2f054b66dde444a18,motivated__L39,trigger_distance,289,13.017301038062284
74cdbffafba0c0afe169aae2d641d98ba52ddea41f3790a2f054b66dde444a18,motivated__L39,silent_gap,149,23.308724832214764
74cdbffafba0c0afe169aae2d641d98ba52ddea41f3790a2f054b66dde444a18,motivated__L39,burst_start_distance,149,25.241610738255034
c2fa6fa19e58f5e5c448fa050451c8fc90559abc571420b227e60e824227cdc3,suite__L39,trigger_distance,62,21.612903225806452
c2fa6fa19e58f5e5c448fa050451c8fc90559abc571420b227e60e824227cdc3,suite__L39,silent_gap,41,31.170731707317074
c2fa6fa19e58f5e5c448fa050451c8fc90559abc571420b227e60e824227cdc3,suite__L39,burst_start_distance,41,32.68292682926829
c2fa6fa19e58f5e5c448fa050451c8fc90559abc571420b227e60e824227cdc3,validator__L39,trigger_distance,193,6.746113989637306
c2fa6fa19e58f5e5c448fa050451c8fc90559abc571420b227e60e824227cdc3,validator__L39,silent_gap,74,14.986486486486486
c2fa6fa19e58f5e5c448fa050451c8fc90559abc571420b227e60e824227cdc3,validator__L39,burst_start_distance,74,17.54054054054054
c2fa6fa19e58f5e5c448fa050451c8fc90559abc571420b227e60e824227cdc3,scorefile__L39,trigger_distance,139,10.107913669064748
c2fa6fa19e58f5e5c448fa050451c8fc90559abc571420b227e60e824227cdc3,scorefile__L39,silent_gap,67,18.895522388059703
c2fa6fa19e58f5e5c448fa050451c8fc90559abc571420b227e60e824227cdc3,scorefile__L39,burst_start_distance,67,20.955223880597014
c2fa6fa19e58f5e5c448fa050451c8fc90559abc571420b227e60e824227cdc3,acquire__L39,trigger_distance,57,21.771929824561404
c2fa6fa19e58f5e5c448fa050451c8fc90559abc571420b227e60e824227cdc3,acquire__L39,silent_gap,40,29.6
c2fa6fa19e58f5e5c448fa050451c8fc90559abc571420b227e60e824227cdc3,acquire__L39,burst_start_distance,40,31.025
c2fa6fa19e58f5e5c448fa050451c8fc90559abc571420b227e60e824227cdc3,report__L39,trigger_distance,27,40.592592592592595
c2fa6fa19e58f5e5c448fa050451c8fc90559abc571420b227e60e824227cdc3,report__L39,silent_gap,19,56.26315789473684
c2fa6fa19e58f5e5c448fa050451c8fc90559abc571420b227e60e824227cdc3,report__L39,burst_start_distance,19,57.36842105263158
c2fa6fa19e58f5e5c448fa050451c8fc90559abc571420b227e60e824227cdc3,motivated__L39,trigger_distance,56,20.017857142857142
c2fa6fa19e58f5e5c448fa050451c8fc90559abc571420b227e60e824227cdc3,motivated__L39,silent_gap,35,30.428571428571427
c2fa6fa19e58f5e5c448fa050451c8fc90559abc571420b227e60e824227cdc3,motivated__L39,burst_start_distance,35,32.02857142857143
064751691421efbe238e0a4daeeb7b6039b58a06ed148926c78ebbcd736afdd7,suite__L39,trigger_distance,224,20.767857142857142
064751691421efbe238e0a4daeeb7b6039b58a06ed148926c78ebbcd736afdd7,suite__L39,silent_gap,138,32.08695652173913
064751691421efbe238e0a4daeeb7b6039b58a06ed148926c78ebbcd736afdd7,suite__L39,burst_start_distance,138,33.70289855072464
064751691421efbe238e0a4daeeb7b6039b58a06ed148926c78ebbcd736afdd7,validator__L39,trigger_distance,194,22.40721649484536
064751691421efbe238e0a4daeeb7b6039b58a06ed148926c78ebbcd736afdd7,validator__L39,silent_gap,93,44.655913978494624
064751691421efbe238e0a4daeeb7b6039b58a06ed148926c78ebbcd736afdd7,validator__L39,burst_start_distance,93,46.74193548387097
064751691421efbe238e0a4daeeb7b6039b58a06ed148926c78ebbcd736afdd7,scorefile__L39,trigger_distance,249,18.730923694779115
064751691421efbe238e0a4daeeb7b6039b58a06ed148926c78ebbcd736afdd7,scorefile__L39,silent_gap,169,26.124260355029588
064751691421efbe238e0a4daeeb7b6039b58a06ed148926c78ebbcd736afdd7,scorefile__L39,burst_start_distance,169,27.59171597633136
064751691421efbe238e0a4daeeb7b6039b58a06ed148926c78ebbcd736afdd7,acquire__L39,trigger_distance,255,18.313725490196077
064751691421efbe238e0a4daeeb7b6039b58a06ed148926c78ebbcd736afdd7,acquire__L39,silent_gap,158,27.943037974683545
064751691421efbe238e0a4daeeb7b6039b58a06ed148926c78ebbcd736afdd7,acquire__L39,burst_start_distance,158,29.556962025316455
064751691421efbe238e0a4daeeb7b6039b58a06ed148926c78ebbcd736afdd7,report__L39,trigger_distance,214,21.509345794392523
064751691421efbe238e0a4daeeb7b6039b58a06ed148926c78ebbcd736afdd7,report__L39,silent_gap,93,47.193548387096776
064751691421efbe238e0a4daeeb7b6039b58a06ed148926c78ebbcd736afdd7,report__L39,burst_start_distance,93,49.29032258064516
064751691421efbe238e0a4daeeb7b6039b58a06ed148926c78ebbcd736afdd7,motivated__L39,trigger_distance,256,17.9375
064751691421efbe238e0a4daeeb7b6039b58a06ed148926c78ebbcd736afdd7,motivated__L39,silent_gap,147,29.496598639455783
064751691421efbe238e0a4daeeb7b6039b58a06ed148926c78ebbcd736afdd7,motivated__L39,burst_start_distance,147,31.238095238095237
7ff58c8ce2e0660d7c61e1c8973fa060cd51e29fd97c473a7a59836e0e17bd5d,suite__L39,trigger_distance,260,11.438461538461539
7ff58c8ce2e0660d7c61e1c8973fa060cd51e29fd97c473a7a59836e0e17bd5d,suite__L39,silent_gap,158,17.17721518987342
7ff58c8ce2e0660d7c61e1c8973fa060cd51e29fd97c473a7a59836e0e17bd5d,suite__L39,burst_start_distance,158,18.803797468354432
7ff58c8ce2e0660d7c61e1c8973fa060cd51e29fd97c473a7a59836e0e17bd5d,validator__L39,trigger_distance,367,8.043596730245232
7ff58c8ce2e0660d7c61e1c8973fa060cd51e29fd97c473a7a59836e0e17bd5d,validator__L39,silent_gap,130,19.884615384615383
7ff58c8ce2e0660d7c61e1c8973fa060cd51e29fd97c473a7a59836e0e17bd5d,validator__L39,burst_start_distance,130,22.70769230769231
7ff58c8ce2e0660d7c61e1c8973fa060cd51e29fd97c473a7a59836e0e17bd5d,scorefile__L39,trigger_distance,378,8.047619047619047
7ff58c8ce2e0660d7c61e1c8973fa060cd51e29fd97c473a7a59836e0e17bd5d,scorefile__L39,silent_gap,161,16.546583850931675
7ff58c8ce2e0660d7c61e1c8973fa060cd51e29fd97c473a7a59836e0e17bd5d,scorefile__L39,burst_start_distance,161,18.888198757763973
7ff58c8ce2e0660d7c61e1c8973fa060cd51e29fd97c473a7a59836e0e17bd5d,acquire__L39,trigger_distance,87,34.81609195402299
7ff58c8ce2e0660d7c61e1c8973fa060cd51e29fd97c473a7a59836e0e17bd5d,acquire__L39,silent_gap,66,44.57575757575758
7ff58c8ce2e0660d7c61e1c8973fa060cd51e29fd97c473a7a59836e0e17bd5d,acquire__L39,burst_start_distance,66,45.89393939393939
7ff58c8ce2e0660d7c61e1c8973fa060cd51e29fd97c473a7a59836e0e17bd5d,report__L39,trigger_distance,191,15.523560209424083
7ff58c8ce2e0660d7c61e1c8973fa060cd51e29fd97c473a7a59836e0e17bd5d,report__L39,silent_gap,83,33.42168674698795
7ff58c8ce2e0660d7c61e1c8973fa060cd51e29fd97c473a7a59836e0e17bd5d,report__L39,burst_start_distance,83,35.40963855421687
7ff58c8ce2e0660d7c61e1c8973fa060cd51e29fd97c473a7a59836e0e17bd5d,motivated__L39,trigger_distance,184,15.630434782608695
7ff58c8ce2e0660d7c61e1c8973fa060cd51e29fd97c473a7a59836e0e17bd5d,motivated__L39,silent_gap,97,27.75257731958763
7ff58c8ce2e0660d7c61e1c8973fa060cd51e29fd97c473a7a59836e0e17bd5d,motivated__L39,burst_start_distance,97,29.63917525773196
b3c210369446d51534b444b7b195a81949d8ddafa3a0be563ec5874a1b3ede84,suite__L39,trigger_distance,294,10.72108843537415
b3c210369446d51534b444b7b195a81949d8ddafa3a0be563ec5874a1b3ede84,suite__L39,silent_gap,135,21.17037037037037
b3c210369446d51534b444b7b195a81949d8ddafa3a0be563ec5874a1b3ede84,suite__L39,burst_start_distance,135,23.288888888888888
b3c210369446d51534b444b7b195a81949d8ddafa3a0be563ec5874a1b3ede84,validator__L39,trigger_distance,376,8.268617021276595
b3c210369446d51534b444b7b195a81949d8ddafa3a0be563ec5874a1b3ede84,validator__L39,silent_gap,131,20.862595419847327
b3c210369446d51534b444b7b195a81949d8ddafa3a0be563ec5874a1b3ede84,validator__L39,burst_start_distance,131,23.732824427480917
b3c210369446d51534b444b7b195a81949d8ddafa3a0be563ec5874a1b3ede84,scorefile__L39,trigger_distance,446,7.233183856502242
b3c210369446d51534b444b7b195a81949d8ddafa3a0be563ec5874a1b3ede84,scorefile__L39,silent_gap,171,16.257309941520468
b3c210369446d51534b444b7b195a81949d8ddafa3a0be563ec5874a1b3ede84,scorefile__L39,burst_start_distance,171,18.859649122807017
b3c210369446d51534b444b7b195a81949d8ddafa3a0be563ec5874a1b3ede84,acquire__L39,trigger_distance,159,20.21383647798742
b3c210369446d51534b444b7b195a81949d8ddafa3a0be563ec5874a1b3ede84,acquire__L39,silent_gap,107,28.55140186915888
b3c210369446d51534b444b7b195a81949d8ddafa3a0be563ec5874a1b3ede84,acquire__L39,burst_start_distance,107,30.037383177570092
b3c210369446d51534b444b7b195a81949d8ddafa3a0be563ec5874a1b3ede84,report__L39,trigger_distance,138,22.58695652173913
b3c210369446d51534b444b7b195a81949d8ddafa3a0be563ec5874a1b3ede84,report__L39,silent_gap,57,52.26315789473684
b3c210369446d51534b444b7b195a81949d8ddafa3a0be563ec5874a1b3ede84,report__L39,burst_start_distance,57,54.29824561403509
b3c210369446d51534b444b7b195a81949d8ddafa3a0be563ec5874a1b3ede84,motivated__L39,trigger_distance,220,13.954545454545455
b3c210369446d51534b444b7b195a81949d8ddafa3a0be563ec5874a1b3ede84,motivated__L39,silent_gap,112,25.446428571428573
b3c210369446d51534b444b7b195a81949d8ddafa3a0be563ec5874a1b3ede84,motivated__L39,burst_start_distance,112,27.410714285714285
404406b4e83998e98befb1aaaa244537b4a2a9b8b550535468f065b4c5a25636,suite__L39,trigger_distance,225,12.831111111111111
404406b4e83998e98befb1aaaa244537b4a2a9b8b550535468f065b4c5a25636,suite__L39,silent_gap,118,22.559322033898304
404406b4e83998e98befb1aaaa244537b4a2a9b8b550535468f065b4c5a25636,suite__L39,burst_start_distance,118,24.440677966101696
404406b4e83998e98befb1aaaa244537b4a2a9b8b550535468f065b4c5a25636,validator__L39,trigger_distance,344,8.313953488372093
404406b4e83998e98befb1aaaa244537b4a2a9b8b550535468f065b4c5a25636,validator__L39,silent_gap,120,20.966666666666665
404406b4e83998e98befb1aaaa244537b4a2a9b8b550535468f065b4c5a25636,validator__L39,burst_start_distance,120,23.833333333333332
404406b4e83998e98befb1aaaa244537b4a2a9b8b550535468f065b4c5a25636,scorefile__L39,trigger_distance,311,9.536977491961414
404406b4e83998e98befb1aaaa244537b4a2a9b8b550535468f065b4c5a25636,scorefile__L39,silent_gap,137,19.37956204379562
404406b4e83998e98befb1aaaa244537b4a2a9b8b550535468f065b4c5a25636,scorefile__L39,burst_start_distance,137,21.642335766423358
404406b4e83998e98befb1aaaa244537b4a2a9b8b550535468f065b4c5a25636,acquire__L39,trigger_distance,144,20.32638888888889
404406b4e83998e98befb1aaaa244537b4a2a9b8b550535468f065b4c5a25636,acquire__L39,silent_gap,84,33.13095238095238
404406b4e83998e98befb1aaaa244537b4a2a9b8b550535468f065b4c5a25636,acquire__L39,burst_start_distance,84,34.845238095238095
404406b4e83998e98befb1aaaa244537b4a2a9b8b550535468f065b4c5a25636,report__L39,trigger_distance,162,17.746913580246915
404406b4e83998e98befb1aaaa244537b4a2a9b8b550535468f065b4c5a25636,report__L39,silent_gap,77,35.23376623376623
404406b4e83998e98befb1aaaa244537b4a2a9b8b550535468f065b4c5a25636,report__L39,burst_start_distance,77,37.064935064935064
404406b4e83998e98befb1aaaa244537b4a2a9b8b550535468f065b4c5a25636,motivated__L39,trigger_distance,172,16.308139534883722
404406b4e83998e98befb1aaaa244537b4a2a9b8b550535468f065b4c5a25636,motivated__L39,silent_gap,102,25.813725490196077
404406b4e83998e98befb1aaaa244537b4a2a9b8b550535468f065b4c5a25636,motivated__L39,burst_start_distance,102,27.49019607843137
845a940ffca8ccaf59d34ebdbc8b899ce64870cc530cab19dd06c55303cd3654,suite__L39,trigger_distance,87,27.057471264367816
845a940ffca8ccaf59d34ebdbc8b899ce64870cc530cab19dd06c55303cd3654,suite__L39,silent_gap,60,37.78333333333333
845a940ffca8ccaf59d34ebdbc8b899ce64870cc530cab19dd06c55303cd3654,suite__L39,burst_start_distance,60,39.233333333333334
845a940ffca8ccaf59d34ebdbc8b899ce64870cc530cab19dd06c55303cd3654,validator__L39,trigger_distance,84,20.261904761904763
845a940ffca8ccaf59d34ebdbc8b899ce64870cc530cab19dd06c55303cd3654,validator__L39,silent_gap,40,40.45
845a940ffca8ccaf59d34ebdbc8b899ce64870cc530cab19dd06c55303cd3654,validator__L39,burst_start_distance,40,42.525
845a940ffca8ccaf59d34ebdbc8b899ce64870cc530cab19dd06c55303cd3654,scorefile__L39,trigger_distance,110,21.445454545454545
845a940ffca8ccaf59d34ebdbc8b899ce64870cc530cab19dd06c55303cd3654,scorefile__L39,silent_gap,86,26.151162790697676
845a940ffca8ccaf59d34ebdbc8b899ce64870cc530cab19dd06c55303cd3654,scorefile__L39,burst_start_distance,86,27.430232558139537
845a940ffca8ccaf59d34ebdbc8b899ce64870cc530cab19dd06c55303cd3654,acquire__L39,trigger_distance,152,15.388157894736842
845a940ffca8ccaf59d34ebdbc8b899ce64870cc530cab19dd06c55303cd3654,acquire__L39,silent_gap,89,24.573033707865168
845a940ffca8ccaf59d34ebdbc8b899ce64870cc530cab19dd06c55303cd3654,acquire__L39,burst_start_distance,89,26.280898876404493
845a940ffca8ccaf59d34ebdbc8b899ce64870cc530cab19dd06c55303cd3654,report__L39,trigger_distance,160,14.48125
845a940ffca8ccaf59d34ebdbc8b899ce64870cc530cab19dd06c55303cd3654,report__L39,silent_gap,67,32.19402985074627
845a940ffca8ccaf59d34ebdbc8b899ce64870cc530cab19dd06c55303cd3654,report__L39,burst_start_distance,67,34.47761194029851
845a940ffca8ccaf59d34ebdbc8b899ce64870cc530cab19dd06c55303cd3654,motivated__L39,trigger_distance,142,14.985915492957746
845a940ffca8ccaf59d34ebdbc8b899ce64870cc530cab19dd06c55303cd3654,motivated__L39,silent_gap,75,26.48
845a940ffca8ccaf59d34ebdbc8b899ce64870cc530cab19dd06c55303cd3654,motivated__L39,burst_start_distance,75,28.373333333333335
1765cc5aab42e476f7f9fc82812905d3e8397ff379a2ac9d67a41ca33f2ff003,suite__L39,trigger_distance,128,21.953125
1765cc5aab42e476f7f9fc82812905d3e8397ff379a2ac9d67a41ca33f2ff003,suite__L39,silent_gap,81,33.111111111111114
1765cc5aab42e476f7f9fc82812905d3e8397ff379a2ac9d67a41ca33f2ff003,suite__L39,burst_start_distance,81,34.69135802469136
1765cc5aab42e476f7f9fc82812905d3e8397ff379a2ac9d67a41ca33f2ff003,validator__L39,trigger_distance,174,16.0
1765cc5aab42e476f7f9fc82812905d3e8397ff379a2ac9d67a41ca33f2ff003,validator__L39,silent_gap,65,40.15384615384615
1765cc5aab42e476f7f9fc82812905d3e8397ff379a2ac9d67a41ca33f2ff003,validator__L39,burst_start_distance,65,42.83076923076923
1765cc5aab42e476f7f9fc82812905d3e8397ff379a2ac9d67a41ca33f2ff003,scorefile__L39,trigger_distance,199,14.477386934673367
1765cc5aab42e476f7f9fc82812905d3e8397ff379a2ac9d67a41ca33f2ff003,scorefile__L39,silent_gap,107,25.065420560747665
1765cc5aab42e476f7f9fc82812905d3e8397ff379a2ac9d67a41ca33f2ff003,scorefile__L39,burst_start_distance,107,26.925233644859812
1765cc5aab42e476f7f9fc82812905d3e8397ff379a2ac9d67a41ca33f2ff003,acquire__L39,trigger_distance,114,25.30701754385965
1765cc5aab42e476f7f9fc82812905d3e8397ff379a2ac9d67a41ca33f2ff003,acquire__L39,silent_gap,72,38.486111111111114
1765cc5aab42e476f7f9fc82812905d3e8397ff379a2ac9d67a41ca33f2ff003,acquire__L39,burst_start_distance,72,40.06944444444444
1765cc5aab42e476f7f9fc82812905d3e8397ff379a2ac9d67a41ca33f2ff003,report__L39,trigger_distance,58,47.96551724137931
1765cc5aab42e476f7f9fc82812905d3e8397ff379a2ac9d67a41ca33f2ff003,report__L39,silent_gap,40,68.1
1765cc5aab42e476f7f9fc82812905d3e8397ff379a2ac9d67a41ca33f2ff003,report__L39,burst_start_distance,40,69.4
1765cc5aab42e476f7f9fc82812905d3e8397ff379a2ac9d67a41ca33f2ff003,motivated__L39,trigger_distance,260,10.438461538461539
1765cc5aab42e476f7f9fc82812905d3e8397ff379a2ac9d67a41ca33f2ff003,motivated__L39,silent_gap,128,19.171875
1765cc5aab42e476f7f9fc82812905d3e8397ff379a2ac9d67a41ca33f2ff003,motivated__L39,burst_start_distance,128,21.203125
fae43234a75cf82e61da3acdf801ad07eb48f990ac9a390f9cbdf0f5e3136860,suite__L39,trigger_distance,136,19.455882352941178
fae43234a75cf82e61da3acdf801ad07eb48f990ac9a390f9cbdf0f5e3136860,suite__L39,silent_gap,88,28.522727272727273
fae43234a75cf82e61da3acdf801ad07eb48f990ac9a390f9cbdf0f5e3136860,suite__L39,burst_start_distance,88,30.068181818181817
fae43234a75cf82e61da3acdf801ad07eb48f990ac9a390f9cbdf0f5e3136860,validator__L39,trigger_distance,193,13.476683937823834
fae43234a75cf82e61da3acdf801ad07eb48f990ac9a390f9cbdf0f5e3136860,validator__L39,silent_gap,75,32.10666666666667
fae43234a75cf82e61da3acdf801ad07eb48f990ac9a390f9cbdf0f5e3136860,validator__L39,burst_start_distance,75,34.68
fae43234a75cf82e61da3acdf801ad07eb48f990ac9a390f9cbdf0f5e3136860,scorefile__L39,trigger_distance,257,10.54863813229572
fae43234a75cf82e61da3acdf801ad07eb48f990ac9a390f9cbdf0f5e3136860,scorefile__L39,silent_gap,122,20.114754098360656
fae43234a75cf82e61da3acdf801ad07eb48f990ac9a390f9cbdf0f5e3136860,scorefile__L39,burst_start_distance,122,22.221311475409838
fae43234a75cf82e61da3acdf801ad07eb48f990ac9a390f9cbdf0f5e3136860,acquire__L39,trigger_distance,115,23.565217391304348
fae43234a75cf82e61da3acdf801ad07eb48f990ac9a390f9cbdf0f5e3136860,acquire__L39,silent_gap,80,32.4375
fae43234a75cf82e61da3acdf801ad07eb48f990ac9a390f9cbdf0f5e3136860,acquire__L39,burst_start_distance,80,33.875
fae43234a75cf82e61da3acdf801ad07eb48f990ac9a390f9cbdf0f5e3136860,report__L39,trigger_distance,71,36.67605633802817
fae43234a75cf82e61da3acdf801ad07eb48f990ac9a390f9cbdf0f5e3136860,report__L39,silent_gap,52,48.71153846153846
fae43234a75cf82e61da3acdf801ad07eb48f990ac9a390f9cbdf0f5e3136860,report__L39,burst_start_distance,52,49.94230769230769
fae43234a75cf82e61da3acdf801ad07eb48f990ac9a390f9cbdf0f5e3136860,motivated__L39,trigger_distance,197,12.705583756345177
fae43234a75cf82e61da3acdf801ad07eb48f990ac9a390f9cbdf0f5e3136860,motivated__L39,silent_gap,108,21.35185185185185
fae43234a75cf82e61da3acdf801ad07eb48f990ac9a390f9cbdf0f5e3136860,motivated__L39,burst_start_distance,108,23.14814814814815
8276762cc3085a57899982fcba3d3e015d10380ed564b274f603a6d8e2665f6d,suite__L39,trigger_distance,252,8.702380952380953
8276762cc3085a57899982fcba3d3e015d10380ed564b274f603a6d8e2665f6d,suite__L39,silent_gap,118,16.449152542372882
8276762cc3085a57899982fcba3d3e015d10380ed564b274f603a6d8e2665f6d,suite__L39,burst_start_distance,118,18.559322033898304
8276762cc3085a57899982fcba3d3e015d10380ed564b274f603a6d8e2665f6d,validator__L39,trigger_distance,342,6.283625730994152
8276762cc3085a57899982fcba3d3e015d10380ed564b274f603a6d8e2665f6d,validator__L39,silent_gap,120,15.058333333333334
8276762cc3085a57899982fcba3d3e015d10380ed564b274f603a6d8e2665f6d,validator__L39,burst_start_distance,120,17.908333333333335
8276762cc3085a57899982fcba3d3e015d10380ed564b274f603a6d8e2665f6d,scorefile__L39,trigger_distance,343,6.626822157434402
8276762cc3085a57899982fcba3d3e015d10380ed564b274f603a6d8e2665f6d,scorefile__L39,silent_gap,132,14.621212121212121
8276762cc3085a57899982fcba3d3e015d10380ed564b274f603a6d8e2665f6d,scorefile__L39,burst_start_distance,132,17.21212121212121
8276762cc3085a57899982fcba3d3e015d10380ed564b274f603a6d8e2665f6d,acquire__L39,trigger_distance,100,21.69
8276762cc3085a57899982fcba3d3e015d10380ed564b274f603a6d8e2665f6d,acquire__L39,silent_gap,65,31.83076923076923
8276762cc3085a57899982fcba3d3e015d10380ed564b274f603a6d8e2665f6d,acquire__L39,burst_start_distance,65,33.36923076923077
8276762cc3085a57899982fcba3d3e015d10380ed564b274f603a6d8e2665f6d,report__L39,trigger_distance,119,16.386554621848738
8276762cc3085a57899982fcba3d3e015d10380ed564b274f603a6d8e2665f6d,report__L39,silent_gap,53,34.54716981132076
8276762cc3085a57899982fcba3d3e015d10380ed564b274f603a6d8e2665f6d,report__L39,burst_start_distance,53,36.735849056603776
8276762cc3085a57899982fcba3d3e015d10380ed564b274f603a6d8e2665f6d,motivated__L39,trigger_distance,130,15.984615384615385
8276762cc3085a57899982fcba3d3e015d10380ed564b274f603a6d8e2665f6d,motivated__L39,silent_gap,75,25.973333333333333
8276762cc3085a57899982fcba3d3e015d10380ed564b274f603a6d8e2665f6d,motivated__L39,burst_start_distance,75,27.706666666666667
168d59a4d85f34c63309cbcb9661ef6de3e4bbda4dfe9e2409d605b72055fba0,suite__L39,trigger_distance,209,11.224880382775119
168d59a4d85f34c63309cbcb9661ef6de3e4bbda4dfe9e2409d605b72055fba0,suite__L39,silent_gap,111,19.25225225225225
168d59a4d85f34c63309cbcb9661ef6de3e4bbda4dfe9e2409d605b72055fba0,suite__L39,burst_start_distance,111,21.10810810810811
168d59a4d85f34c63309cbcb9661ef6de3e4bbda4dfe9e2409d605b72055fba0,validator__L39,trigger_distance,326,7.113496932515337
168d59a4d85f34c63309cbcb9661ef6de3e4bbda4dfe9e2409d605b72055fba0,validator__L39,silent_gap,119,16.747899159663866
168d59a4d85f34c63309cbcb9661ef6de3e4bbda4dfe9e2409d605b72055fba0,validator__L39,burst_start_distance,119,19.48739495798319
168d59a4d85f34c63309cbcb9661ef6de3e4bbda4dfe9e2409d605b72055fba0,scorefile__L39,trigger_distance,241,9.800829875518673
168d59a4d85f34c63309cbcb9661ef6de3e4bbda4dfe9e2409d605b72055fba0,scorefile__L39,silent_gap,130,16.315384615384616
168d59a4d85f34c63309cbcb9661ef6de3e4bbda4dfe9e2409d605b72055fba0,scorefile__L39,burst_start_distance,130,18.161538461538463
168d59a4d85f34c63309cbcb9661ef6de3e4bbda4dfe9e2409d605b72055fba0,acquire__L39,trigger_distance,98,24.081632653061224
168d59a4d85f34c63309cbcb9661ef6de3e4bbda4dfe9e2409d605b72055fba0,acquire__L39,silent_gap,67,33.76119402985075
168d59a4d85f34c63309cbcb9661ef6de3e4bbda4dfe9e2409d605b72055fba0,acquire__L39,burst_start_distance,67,35.223880597014926
168d59a4d85f34c63309cbcb9661ef6de3e4bbda4dfe9e2409d605b72055fba0,report__L39,trigger_distance,130,17.392307692307693
168d59a4d85f34c63309cbcb9661ef6de3e4bbda4dfe9e2409d605b72055fba0,report__L39,silent_gap,51,41.78431372549019
168d59a4d85f34c63309cbcb9661ef6de3e4bbda4dfe9e2409d605b72055fba0,report__L39,burst_start_distance,51,44.03921568627451
168d59a4d85f34c63309cbcb9661ef6de3e4bbda4dfe9e2409d605b72055fba0,motivated__L39,trigger_distance,182,11.417582417582418
168d59a4d85f34c63309cbcb9661ef6de3e4bbda4dfe9e2409d605b72055fba0,motivated__L39,silent_gap,92,20.608695652173914
168d59a4d85f34c63309cbcb9661ef6de3e4bbda4dfe9e2409d605b72055fba0,motivated__L39,burst_start_distance,92,22.58695652173913
c13a68a32efa60f4b25fa36c85f805759c89d0efe28ea26985f36a8869661642,suite__L39,trigger_distance,84,28.916666666666668
c13a68a32efa60f4b25fa36c85f805759c89d0efe28ea26985f36a8869661642,suite__L39,silent_gap,59,39.74576271186441
c13a68a32efa60f4b25fa36c85f805759c89d0efe28ea26985f36a8869661642,suite__L39,burst_start_distance,59,41.152542372881356
c13a68a32efa60f4b25fa36c85f805759c89d0efe28ea26985f36a8869661642,validator__L39,trigger_distance,54,44.7037037037037
c13a68a32efa60f4b25fa36c85f805759c89d0efe28ea26985f36a8869661642,validator__L39,silent_gap,34,69.41176470588235
c13a68a32efa60f4b25fa36c85f805759c89d0efe28ea26985f36a8869661642,validator__L39,burst_start_distance,34,71.0
c13a68a32efa60f4b25fa36c85f805759c89d0efe28ea26985f36a8869661642,scorefile__L39,trigger_distance,108,22.98148148148148
c13a68a32efa60f4b25fa36c85f805759c89d0efe28ea26985f36a8869661642,scorefile__L39,silent_gap,74,32.08108108108108
c13a68a32efa60f4b25fa36c85f805759c89d0efe28ea26985f36a8869661642,scorefile__L39,burst_start_distance,74,33.54054054054054
c13a68a32efa60f4b25fa36c85f805759c89d0efe28ea26985f36a8869661642,acquire__L39,trigger_distance,132,18.90909090909091
c13a68a32efa60f4b25fa36c85f805759c89d0efe28ea26985f36a8869661642,acquire__L39,silent_gap,87,27.17241379310345
c13a68a32efa60f4b25fa36c85f805759c89d0efe28ea26985f36a8869661642,acquire__L39,burst_start_distance,87,28.689655172413794
c13a68a32efa60f4b25fa36c85f805759c89d0efe28ea26985f36a8869661642,report__L39,trigger_distance,85,28.36470588235294
c13a68a32efa60f4b25fa36c85f805759c89d0efe28ea26985f36a8869661642,report__L39,silent_gap,52,44.73076923076923
c13a68a32efa60f4b25fa36c85f805759c89d0efe28ea26985f36a8869661642,report__L39,burst_start_distance,52,46.25
c13a68a32efa60f4b25fa36c85f805759c89d0efe28ea26985f36a8869661642,motivated__L39,trigger_distance,160,15.00625
c13a68a32efa60f4b25fa36c85f805759c89d0efe28ea26985f36a8869661642,motivated__L39,silent_gap,88,25.46590909090909
c13a68a32efa60f4b25fa36c85f805759c89d0efe28ea26985f36a8869661642,motivated__L39,burst_start_distance,88,27.28409090909091
7e75f0fb548cc32b66aad684380c2ac35899b0f3345b5088ac2e6fe2d9003c9f,suite__L39,trigger_distance,339,11.825958702064897
7e75f0fb548cc32b66aad684380c2ac35899b0f3345b5088ac2e6fe2d9003c9f,suite__L39,silent_gap,190,19.31578947368421
7e75f0fb548cc32b66aad684380c2ac35899b0f3345b5088ac2e6fe2d9003c9f,suite__L39,burst_start_distance,190,21.08421052631579
7e75f0fb548cc32b66aad684380c2ac35899b0f3345b5088ac2e6fe2d9003c9f,validator__L39,trigger_distance,375,10.610666666666667
7e75f0fb548cc32b66aad684380c2ac35899b0f3345b5088ac2e6fe2d9003c9f,validator__L39,silent_gap,147,24.517006802721088
7e75f0fb548cc32b66aad684380c2ac35899b0f3345b5088ac2e6fe2d9003c9f,validator__L39,burst_start_distance,147,27.040816326530614
7e75f0fb548cc32b66aad684380c2ac35899b0f3345b5088ac2e6fe2d9003c9f,scorefile__L39,trigger_distance,420,9.69047619047619
7e75f0fb548cc32b66aad684380c2ac35899b0f3345b5088ac2e6fe2d9003c9f,scorefile__L39,silent_gap,209,17.464114832535884
7e75f0fb548cc32b66aad684380c2ac35899b0f3345b5088ac2e6fe2d9003c9f,scorefile__L39,burst_start_distance,209,19.473684210526315
7e75f0fb548cc32b66aad684380c2ac35899b0f3345b5088ac2e6fe2d9003c9f,acquire__L39,trigger_distance,207,19.169082125603865
7e75f0fb548cc32b66aad684380c2ac35899b0f3345b5088ac2e6fe2d9003c9f,acquire__L39,silent_gap,140,26.864285714285714
7e75f0fb548cc32b66aad684380c2ac35899b0f3345b5088ac2e6fe2d9003c9f,acquire__L39,burst_start_distance,140,28.34285714285714
7e75f0fb548cc32b66aad684380c2ac35899b0f3345b5088ac2e6fe2d9003c9f,report__L39,trigger_distance,242,16.49173553719008
7e75f0fb548cc32b66aad684380c2ac35899b0f3345b5088ac2e6fe2d9003c9f,report__L39,silent_gap,95,39.463157894736845
7e75f0fb548cc32b66aad684380c2ac35899b0f3345b5088ac2e6fe2d9003c9f,report__L39,burst_start_distance,95,41.915789473684214
7e75f0fb548cc32b66aad684380c2ac35899b0f3345b5088ac2e6fe2d9003c9f,motivated__L39,trigger_distance,315,12.158730158730158
7e75f0fb548cc32b66aad684380c2ac35899b0f3345b5088ac2e6fe2d9003c9f,motivated__L39,silent_gap,163,21.56441717791411
7e75f0fb548cc32b66aad684380c2ac35899b0f3345b5088ac2e6fe2d9003c9f,motivated__L39,burst_start_distance,163,23.496932515337424
f74d118dc1b3e31c5f0dcdfefacd4461224398ddf59ef84087ccdd922bb476af,suite__L39,trigger_distance,267,9.157303370786517
f74d118dc1b3e31c5f0dcdfefacd4461224398ddf59ef84087ccdd922bb476af,suite__L39,silent_gap,148,14.716216216216216
f74d118dc1b3e31c5f0dcdfefacd4461224398ddf59ef84087ccdd922bb476af,suite__L39,burst_start_distance,148,16.5
f74d118dc1b3e31c5f0dcdfefacd4461224398ddf59ef84087ccdd922bb476af,validator__L39,trigger_distance,423,5.699763593380615
f74d118dc1b3e31c5f0dcdfefacd4461224398ddf59ef84087ccdd922bb476af,validator__L39,silent_gap,129,15.410852713178295
f74d118dc1b3e31c5f0dcdfefacd4461224398ddf59ef84087ccdd922bb476af,validator__L39,burst_start_distance,129,18.68217054263566
f74d118dc1b3e31c5f0dcdfefacd4461224398ddf59ef84087ccdd922bb476af,scorefile__L39,trigger_distance,372,6.712365591397849
f74d118dc1b3e31c5f0dcdfefacd4461224398ddf59ef84087ccdd922bb476af,scorefile__L39,silent_gap,173,12.283236994219653
f74d118dc1b3e31c5f0dcdfefacd4461224398ddf59ef84087ccdd922bb476af,scorefile__L39,burst_start_distance,173,14.404624277456648
f74d118dc1b3e31c5f0dcdfefacd4461224398ddf59ef84087ccdd922bb476af,acquire__L39,trigger_distance,99,24.95959595959596
f74d118dc1b3e31c5f0dcdfefacd4461224398ddf59ef84087ccdd922bb476af,acquire__L39,silent_gap,74,32.054054054054056
f74d118dc1b3e31c5f0dcdfefacd4461224398ddf59ef84087ccdd922bb476af,acquire__L39,burst_start_distance,74,33.36486486486486
f74d118dc1b3e31c5f0dcdfefacd4461224398ddf59ef84087ccdd922bb476af,report__L39,trigger_distance,105,19.39047619047619
f74d118dc1b3e31c5f0dcdfefacd4461224398ddf59ef84087ccdd922bb476af,report__L39,silent_gap,48,40.229166666666664
f74d118dc1b3e31c5f0dcdfefacd4461224398ddf59ef84087ccdd922bb476af,report__L39,burst_start_distance,48,42.125
f74d118dc1b3e31c5f0dcdfefacd4461224398ddf59ef84087ccdd922bb476af,motivated__L39,trigger_distance,106,20.160377358490567
f74d118dc1b3e31c5f0dcdfefacd4461224398ddf59ef84087ccdd922bb476af,motivated__L39,silent_gap,71,28.6056338028169
f74d118dc1b3e31c5f0dcdfefacd4461224398ddf59ef84087ccdd922bb476af,motivated__L39,burst_start_distance,71,30.098591549295776
3011f022fd1b090dc9daa5da9d55579edf4cb7143a33aaa448ba429e188fca98,suite__L39,trigger_distance,182,14.351648351648352
3011f022fd1b090dc9daa5da9d55579edf4cb7143a33aaa448ba429e188fca98,suite__L39,silent_gap,106,22.92452830188679
3011f022fd1b090dc9daa5da9d55579edf4cb7143a33aaa448ba429e188fca98,suite__L39,burst_start_distance,106,24.61320754716981
3011f022fd1b090dc9daa5da9d55579edf4cb7143a33aaa448ba429e188fca98,validator__L39,trigger_distance,306,8.38562091503268
3011f022fd1b090dc9daa5da9d55579edf4cb7143a33aaa448ba429e188fca98,validator__L39,silent_gap,120,18.833333333333332
3011f022fd1b090dc9daa5da9d55579edf4cb7143a33aaa448ba429e188fca98,validator__L39,burst_start_distance,120,21.375
3011f022fd1b090dc9daa5da9d55579edf4cb7143a33aaa448ba429e188fca98,scorefile__L39,trigger_distance,263,10.171102661596958
3011f022fd1b090dc9daa5da9d55579edf4cb7143a33aaa448ba429e188fca98,scorefile__L39,silent_gap,140,17.228571428571428
3011f022fd1b090dc9daa5da9d55579edf4cb7143a33aaa448ba429e188fca98,scorefile__L39,burst_start_distance,140,19.107142857142858
3011f022fd1b090dc9daa5da9d55579edf4cb7143a33aaa448ba429e188fca98,acquire__L39,trigger_distance,151,17.172185430463575
3011f022fd1b090dc9daa5da9d55579edf4cb7143a33aaa448ba429e188fca98,acquire__L39,silent_gap,98,24.918367346938776
3011f022fd1b090dc9daa5da9d55579edf4cb7143a33aaa448ba429e188fca98,acquire__L39,burst_start_distance,98,26.459183673469386
3011f022fd1b090dc9daa5da9d55579edf4cb7143a33aaa448ba429e188fca98,report__L39,trigger_distance,129,19.92248062015504
3011f022fd1b090dc9daa5da9d55579edf4cb7143a33aaa448ba429e188fca98,report__L39,silent_gap,42,58.11904761904762
3011f022fd1b090dc9daa5da9d55579edf4cb7143a33aaa448ba429e188fca98,report__L39,burst_start_distance,42,60.833333333333336
3011f022fd1b090dc9daa5da9d55579edf4cb7143a33aaa448ba429e188fca98,motivated__L39,trigger_distance,161,15.509316770186336
3011f022fd1b090dc9daa5da9d55579edf4cb7143a33aaa448ba429e188fca98,motivated__L39,silent_gap,86,27.162790697674417
3011f022fd1b090dc9daa5da9d55579edf4cb7143a33aaa448ba429e188fca98,motivated__L39,burst_start_distance,86,29.03488372093023
b633112a2379dbc57ed3d1707833be007530cbd5a3cecbf9f2b4aca8d450bfc7,suite__L39,trigger_distance,143,18.46853146853147
b633112a2379dbc57ed3d1707833be007530cbd5a3cecbf9f2b4aca8d450bfc7,suite__L39,silent_gap,85,29.388235294117646
b633112a2379dbc57ed3d1707833be007530cbd5a3cecbf9f2b4aca8d450bfc7,suite__L39,burst_start_distance,85,31.070588235294117
b633112a2379dbc57ed3d1707833be007530cbd5a3cecbf9f2b4aca8d450bfc7,validator__L39,trigger_distance,104,25.057692307692307
b633112a2379dbc57ed3d1707833be007530cbd5a3cecbf9f2b4aca8d450bfc7,validator__L39,silent_gap,54,46.333333333333336
b633112a2379dbc57ed3d1707833be007530cbd5a3cecbf9f2b4aca8d450bfc7,validator__L39,burst_start_distance,54,48.25925925925926
b633112a2379dbc57ed3d1707833be007530cbd5a3cecbf9f2b4aca8d450bfc7,scorefile__L39,trigger_distance,156,17.237179487179485
b633112a2379dbc57ed3d1707833be007530cbd5a3cecbf9f2b4aca8d450bfc7,scorefile__L39,silent_gap,99,25.585858585858585
b633112a2379dbc57ed3d1707833be007530cbd5a3cecbf9f2b4aca8d450bfc7,scorefile__L39,burst_start_distance,99,27.151515151515152
b633112a2379dbc57ed3d1707833be007530cbd5a3cecbf9f2b4aca8d450bfc7,acquire__L39,trigger_distance,123,21.926829268292682
b633112a2379dbc57ed3d1707833be007530cbd5a3cecbf9f2b4aca8d450bfc7,acquire__L39,silent_gap,80,32.175
b633112a2379dbc57ed3d1707833be007530cbd5a3cecbf9f2b4aca8d450bfc7,acquire__L39,burst_start_distance,80,33.7125
b633112a2379dbc57ed3d1707833be007530cbd5a3cecbf9f2b4aca8d450bfc7,report__L39,trigger_distance,126,20.666666666666668
b633112a2379dbc57ed3d1707833be007530cbd5a3cecbf9f2b4aca8d450bfc7,report__L39,silent_gap,75,33.04
b633112a2379dbc57ed3d1707833be007530cbd5a3cecbf9f2b4aca8d450bfc7,report__L39,burst_start_distance,75,34.70666666666666
b633112a2379dbc57ed3d1707833be007530cbd5a3cecbf9f2b4aca8d450bfc7,motivated__L39,trigger_distance,111,23.315315315315317
b633112a2379dbc57ed3d1707833be007530cbd5a3cecbf9f2b4aca8d450bfc7,motivated__L39,silent_gap,59,41.983050847457626
b633112a2379dbc57ed3d1707833be007530cbd5a3cecbf9f2b4aca8d450bfc7,motivated__L39,burst_start_distance,59,43.86440677966102
ed9d35175865dd30f9bb7b678965cda93fc13daf4120f3f529ee2f1a1af6b1be,suite__L39,trigger_distance,385,9.114285714285714
ed9d35175865dd30f9bb7b678965cda93fc13daf4120f3f529ee2f1a1af6b1be,suite__L39,silent_gap,204,15.313725490196079
ed9d35175865dd30f9bb7b678965cda93fc13daf4120f3f529ee2f1a1af6b1be,suite__L39,burst_start_distance,204,17.191176470588236
ed9d35175865dd30f9bb7b678965cda93fc13daf4120f3f529ee2f1a1af6b1be,validator__L39,trigger_distance,479,7.137787056367432
ed9d35175865dd30f9bb7b678965cda93fc13daf4120f3f529ee2f1a1af6b1be,validator__L39,silent_gap,167,17.604790419161677
ed9d35175865dd30f9bb7b678965cda93fc13daf4120f3f529ee2f1a1af6b1be,validator__L39,burst_start_distance,167,20.46706586826347
ed9d35175865dd30f9bb7b678965cda93fc13daf4120f3f529ee2f1a1af6b1be,scorefile__L39,trigger_distance,374,9.574866310160427
ed9d35175865dd30f9bb7b678965cda93fc13daf4120f3f529ee2f1a1af6b1be,scorefile__L39,silent_gap,182,17.62087912087912
ed9d35175865dd30f9bb7b678965cda93fc13daf4120f3f529ee2f1a1af6b1be,scorefile__L39,burst_start_distance,182,19.675824175824175
ed9d35175865dd30f9bb7b678965cda93fc13daf4120f3f529ee2f1a1af6b1be,acquire__L39,trigger_distance,158,21.981012658227847
ed9d35175865dd30f9bb7b678965cda93fc13daf4120f3f529ee2f1a1af6b1be,acquire__L39,silent_gap,109,30.412844036697248
ed9d35175865dd30f9bb7b678965cda93fc13daf4120f3f529ee2f1a1af6b1be,acquire__L39,burst_start_distance,109,31.862385321100916
ed9d35175865dd30f9bb7b678965cda93fc13daf4120f3f529ee2f1a1af6b1be,report__L39,trigger_distance,230,15.078260869565218
ed9d35175865dd30f9bb7b678965cda93fc13daf4120f3f529ee2f1a1af6b1be,report__L39,silent_gap,88,36.79545454545455
ed9d35175865dd30f9bb7b678965cda93fc13daf4120f3f529ee2f1a1af6b1be,report__L39,burst_start_distance,88,39.23863636363637
ed9d35175865dd30f9bb7b678965cda93fc13daf4120f3f529ee2f1a1af6b1be,motivated__L39,trigger_distance,156,20.78205128205128
ed9d35175865dd30f9bb7b678965cda93fc13daf4120f3f529ee2f1a1af6b1be,motivated__L39,silent_gap,90,34.28888888888889
ed9d35175865dd30f9bb7b678965cda93fc13daf4120f3f529ee2f1a1af6b1be,motivated__L39,burst_start_distance,90,36.022222222222226
0309879a2decc15a11ba38305fd3afdeef2b7b4aacdcaaa069544dc1fa8fcfb0,suite__L39,trigger_distance,160,17.29375
0309879a2decc15a11ba38305fd3afdeef2b7b4aacdcaaa069544dc1fa8fcfb0,suite__L39,silent_gap,96,27.15625
0309879a2decc15a11ba38305fd3afdeef2b7b4aacdcaaa069544dc1fa8fcfb0,suite__L39,burst_start_distance,96,28.802083333333332
0309879a2decc15a11ba38305fd3afdeef2b7b4aacdcaaa069544dc1fa8fcfb0,validator__L39,trigger_distance,177,14.994350282485875
0309879a2decc15a11ba38305fd3afdeef2b7b4aacdcaaa069544dc1fa8fcfb0,validator__L39,silent_gap,66,37.53030303030303
0309879a2decc15a11ba38305fd3afdeef2b7b4aacdcaaa069544dc1fa8fcfb0,validator__L39,burst_start_distance,66,40.196969696969695
0309879a2decc15a11ba38305fd3afdeef2b7b4aacdcaaa069544dc1fa8fcfb0,scorefile__L39,trigger_distance,202,13.663366336633663
0309879a2decc15a11ba38305fd3afdeef2b7b4aacdcaaa069544dc1fa8fcfb0,scorefile__L39,silent_gap,104,24.596153846153847
0309879a2decc15a11ba38305fd3afdeef2b7b4aacdcaaa069544dc1fa8fcfb0,scorefile__L39,burst_start_distance,104,26.528846153846153
0309879a2decc15a11ba38305fd3afdeef2b7b4aacdcaaa069544dc1fa8fcfb0,acquire__L39,trigger_distance,100,27.17
0309879a2decc15a11ba38305fd3afdeef2b7b4aacdcaaa069544dc1fa8fcfb0,acquire__L39,silent_gap,72,36.34722222222222
0309879a2decc15a11ba38305fd3afdeef2b7b4aacdcaaa069544dc1fa8fcfb0,acquire__L39,burst_start_distance,72,37.736111111111114
0309879a2decc15a11ba38305fd3afdeef2b7b4aacdcaaa069544dc1fa8fcfb0,report__L39,trigger_distance,144,18.8125
0309879a2decc15a11ba38305fd3afdeef2b7b4aacdcaaa069544dc1fa8fcfb0,report__L39,silent_gap,62,41.37096774193548
0309879a2decc15a11ba38305fd3afdeef2b7b4aacdcaaa069544dc1fa8fcfb0,report__L39,burst_start_distance,62,43.58064516129032
0309879a2decc15a11ba38305fd3afdeef2b7b4aacdcaaa069544dc1fa8fcfb0,motivated__L39,trigger_distance,186,13.182795698924732
0309879a2decc15a11ba38305fd3afdeef2b7b4aacdcaaa069544dc1fa8fcfb0,motivated__L39,silent_gap,99,22.88888888888889
0309879a2decc15a11ba38305fd3afdeef2b7b4aacdcaaa069544dc1fa8fcfb0,motivated__L39,burst_start_distance,99,24.767676767676768
c24daded9a7f3ca872f5653c27380089642a0f805290253660f422859d9432c0,suite__L39,trigger_distance,245,14.583673469387755
c24daded9a7f3ca872f5653c27380089642a0f805290253660f422859d9432c0,suite__L39,silent_gap,136,24.470588235294116
c24daded9a7f3ca872f5653c27380089642a0f805290253660f422859d9432c0,suite__L39,burst_start_distance,136,26.25735294117647
c24daded9a7f3ca872f5653c27380089642a0f805290253660f422859d9432c0,validator__L39,trigger_distance,192,18.067708333333332
c24daded9a7f3ca872f5653c27380089642a0f805290253660f422859d9432c0,validator__L39,silent_gap,90,36.41111111111111
c24daded9a7f3ca872f5653c27380089642a0f805290253660f422859d9432c0,validator__L39,burst_start_distance,90,38.544444444444444
c24daded9a7f3ca872f5653c27380089642a0f805290253660f422859d9432c0,scorefile__L39,trigger_distance,209,17.32535885167464
c24daded9a7f3ca872f5653c27380089642a0f805290253660f422859d9432c0,scorefile__L39,silent_gap,137,24.905109489051096
c24daded9a7f3ca872f5653c27380089642a0f805290253660f422859d9432c0,scorefile__L39,burst_start_distance,137,26.423357664233578
c24daded9a7f3ca872f5653c27380089642a0f805290253660f422859d9432c0,acquire__L39,trigger_distance,124,29.10483870967742
c24daded9a7f3ca872f5653c27380089642a0f805290253660f422859d9432c0,acquire__L39,silent_gap,88,39.60227272727273
c24daded9a7f3ca872f5653c27380089642a0f805290253660f422859d9432c0,acquire__L39,burst_start_distance,88,41.01136363636363
c24daded9a7f3ca872f5653c27380089642a0f805290253660f422859d9432c0,report__L39,trigger_distance,239,14.9581589958159
c24daded9a7f3ca872f5653c27380089642a0f805290253660f422859d9432c0,report__L39,silent_gap,84,39.714285714285715
c24daded9a7f3ca872f5653c27380089642a0f805290253660f422859d9432c0,report__L39,burst_start_distance,84,42.345238095238095
c24daded9a7f3ca872f5653c27380089642a0f805290253660f422859d9432c0,motivated__L39,trigger_distance,256,13.2578125
c24daded9a7f3ca872f5653c27380089642a0f805290253660f422859d9432c0,motivated__L39,silent_gap,139,22.575539568345324
c24daded9a7f3ca872f5653c27380089642a0f805290253660f422859d9432c0,motivated__L39,burst_start_distance,139,24.41726618705036
0e7125f3a5927ec2385ae1b82b4950ed11ab90961995e8cdcb368d637f07dde5,suite__L39,trigger_distance,136,12.367647058823529
0e7125f3a5927ec2385ae1b82b4950ed11ab90961995e8cdcb368d637f07dde5,suite__L39,silent_gap,84,18.404761904761905
0e7125f3a5927ec2385ae1b82b4950ed11ab90961995e8cdcb368d637f07dde5,suite__L39,burst_start_distance,84,20.023809523809526
0e7125f3a5927ec2385ae1b82b4950ed11ab90961995e8cdcb368d637f07dde5,validator__L39,trigger_distance,182,9.093406593406593
0e7125f3a5927ec2385ae1b82b4950ed11ab90961995e8cdcb368d637f07dde5,validator__L39,silent_gap,58,25.396551724137932
0e7125f3a5927ec2385ae1b82b4950ed11ab90961995e8cdcb368d637f07dde5,validator__L39,burst_start_distance,58,28.413793103448278
0e7125f3a5927ec2385ae1b82b4950ed11ab90961995e8cdcb368d637f07dde5,scorefile__L39,trigger_distance,209,8.354066985645932
0e7125f3a5927ec2385ae1b82b4950ed11ab90961995e8cdcb368d637f07dde5,scorefile__L39,silent_gap,93,16.526881720430108
0e7125f3a5927ec2385ae1b82b4950ed11ab90961995e8cdcb368d637f07dde5,scorefile__L39,burst_start_distance,93,18.774193548387096
0e7125f3a5927ec2385ae1b82b4950ed11ab90961995e8cdcb368d637f07dde5,acquire__L39,trigger_distance,82,19.841463414634145
0e7125f3a5927ec2385ae1b82b4950ed11ab90961995e8cdcb368d637f07dde5,acquire__L39,silent_gap,47,32.87234042553192
0e7125f3a5927ec2385ae1b82b4950ed11ab90961995e8cdcb368d637f07dde5,acquire__L39,burst_start_distance,47,34.59574468085106
0e7125f3a5927ec2385ae1b82b4950ed11ab90961995e8cdcb368d637f07dde5,report__L39,trigger_distance,53,30.77358490566038
0e7125f3a5927ec2385ae1b82b4950ed11ab90961995e8cdcb368d637f07dde5,report__L39,silent_gap,37,42.648648648648646
0e7125f3a5927ec2385ae1b82b4950ed11ab90961995e8cdcb368d637f07dde5,report__L39,burst_start_distance,37,44.027027027027025
0e7125f3a5927ec2385ae1b82b4950ed11ab90961995e8cdcb368d637f07dde5,motivated__L39,trigger_distance,126,12.182539682539682
0e7125f3a5927ec2385ae1b82b4950ed11ab90961995e8cdcb368d637f07dde5,motivated__L39,silent_gap,67,21.029850746268657
0e7125f3a5927ec2385ae1b82b4950ed11ab90961995e8cdcb368d637f07dde5,motivated__L39,burst_start_distance,67,22.91044776119403
6ae69138807f5166914defb88faffb559c5d7b3acb8978ac1a69c5ed532dda81,suite__L39,trigger_distance,90,29.255555555555556
6ae69138807f5166914defb88faffb559c5d7b3acb8978ac1a69c5ed532dda81,suite__L39,silent_gap,65,39.12307692307692
6ae69138807f5166914defb88faffb559c5d7b3acb8978ac1a69c5ed532dda81,suite__L39,burst_start_distance,65,40.50769230769231
6ae69138807f5166914defb88faffb559c5d7b3acb8978ac1a69c5ed532dda81,validator__L39,trigger_distance,96,27.3125
6ae69138807f5166914defb88faffb559c5d7b3acb8978ac1a69c5ed532dda81,validator__L39,silent_gap,53,47.660377358490564
6ae69138807f5166914defb88faffb559c5d7b3acb8978ac1a69c5ed532dda81,validator__L39,burst_start_distance,53,49.471698113207545
6ae69138807f5166914defb88faffb559c5d7b3acb8978ac1a69c5ed532dda81,scorefile__L39,trigger_distance,188,14.27659574468085
6ae69138807f5166914defb88faffb559c5d7b3acb8978ac1a69c5ed532dda81,scorefile__L39,silent_gap,106,23.547169811320753
6ae69138807f5166914defb88faffb559c5d7b3acb8978ac1a69c5ed532dda81,scorefile__L39,burst_start_distance,106,25.32075471698113
6ae69138807f5166914defb88faffb559c5d7b3acb8978ac1a69c5ed532dda81,acquire__L39,trigger_distance,150,17.986666666666668
6ae69138807f5166914defb88faffb559c5d7b3acb8978ac1a69c5ed532dda81,acquire__L39,silent_gap,88,28.954545454545453
6ae69138807f5166914defb88faffb559c5d7b3acb8978ac1a69c5ed532dda81,acquire__L39,burst_start_distance,88,30.65909090909091
6ae69138807f5166914defb88faffb559c5d7b3acb8978ac1a69c5ed532dda81,report__L39,trigger_distance,48,54.604166666666664
6ae69138807f5166914defb88faffb559c5d7b3acb8978ac1a69c5ed532dda81,report__L39,silent_gap,30,85.76666666666667
6ae69138807f5166914defb88faffb559c5d7b3acb8978ac1a69c5ed532dda81,report__L39,burst_start_distance,30,87.33333333333333
6ae69138807f5166914defb88faffb559c5d7b3acb8978ac1a69c5ed532dda81,motivated__L39,trigger_distance,147,16.72108843537415
6ae69138807f5166914defb88faffb559c5d7b3acb8978ac1a69c5ed532dda81,motivated__L39,silent_gap,82,28.182926829268293
6ae69138807f5166914defb88faffb559c5d7b3acb8978ac1a69c5ed532dda81,motivated__L39,burst_start_distance,82,29.975609756097562
fac3b3897a4e0ec395c3792b68263b37b38c0ea8682f9b7a00e138329c19f6fb,suite__L39,trigger_distance,154,20.071428571428573
fac3b3897a4e0ec395c3792b68263b37b38c0ea8682f9b7a00e138329c19f6fb,suite__L39,silent_gap,100,29.37
fac3b3897a4e0ec395c3792b68263b37b38c0ea8682f9b7a00e138329c19f6fb,suite__L39,burst_start_distance,100,30.91
fac3b3897a4e0ec395c3792b68263b37b38c0ea8682f9b7a00e138329c19f6fb,validator__L39,trigger_distance,122,22.172131147540984
fac3b3897a4e0ec395c3792b68263b37b38c0ea8682f9b7a00e138329c19f6fb,validator__L39,silent_gap,58,44.53448275862069
fac3b3897a4e0ec395c3792b68263b37b38c0ea8682f9b7a00e138329c19f6fb,validator__L39,burst_start_distance,58,46.63793103448276
fac3b3897a4e0ec395c3792b68263b37b38c0ea8682f9b7a00e138329c19f6fb,scorefile__L39,trigger_distance,197,15.736040609137056
fac3b3897a4e0ec395c3792b68263b37b38c0ea8682f9b7a00e138329c19f6fb,scorefile__L39,silent_gap,119,24.394957983193276
fac3b3897a4e0ec395c3792b68263b37b38c0ea8682f9b7a00e138329c19f6fb,scorefile__L39,burst_start_distance,119,26.04201680672269
fac3b3897a4e0ec395c3792b68263b37b38c0ea8682f9b7a00e138329c19f6fb,acquire__L39,trigger_distance,175,17.782857142857143
fac3b3897a4e0ec395c3792b68263b37b38c0ea8682f9b7a00e138329c19f6fb,acquire__L39,silent_gap,107,27.44859813084112
fac3b3897a4e0ec395c3792b68263b37b38c0ea8682f9b7a00e138329c19f6fb,acquire__L39,burst_start_distance,107,29.08411214953271
fac3b3897a4e0ec395c3792b68263b37b38c0ea8682f9b7a00e138329c19f6fb,report__L39,trigger_distance,125,24.328
fac3b3897a4e0ec395c3792b68263b37b38c0ea8682f9b7a00e138329c19f6fb,report__L39,silent_gap,58,50.275862068965516
fac3b3897a4e0ec395c3792b68263b37b38c0ea8682f9b7a00e138329c19f6fb,report__L39,burst_start_distance,58,52.327586206896555
fac3b3897a4e0ec395c3792b68263b37b38c0ea8682f9b7a00e138329c19f6fb,motivated__L39,trigger_distance,215,13.869767441860466
fac3b3897a4e0ec395c3792b68263b37b38c0ea8682f9b7a00e138329c19f6fb,motivated__L39,silent_gap,124,22.31451612903226
fac3b3897a4e0ec395c3792b68263b37b38c0ea8682f9b7a00e138329c19f6fb,motivated__L39,burst_start_distance,124,24.04032258064516
57228706a610897b544e7d765fca8ee70595a51fd806b1c2ee4cb9c260b68241,suite__L39,trigger_distance,129,20.635658914728683
57228706a610897b544e7d765fca8ee70595a51fd806b1c2ee4cb9c260b68241,suite__L39,silent_gap,84,30.154761904761905
57228706a610897b544e7d765fca8ee70595a51fd806b1c2ee4cb9c260b68241,suite__L39,burst_start_distance,84,31.69047619047619
57228706a610897b544e7d765fca8ee70595a51fd806b1c2ee4cb9c260b68241,validator__L39,trigger_distance,118,22.449152542372882
57228706a610897b544e7d765fca8ee70595a51fd806b1c2ee4cb9c260b68241,validator__L39,silent_gap,55,46.018181818181816
57228706a610897b544e7d765fca8ee70595a51fd806b1c2ee4cb9c260b68241,validator__L39,burst_start_distance,55,48.163636363636364
57228706a610897b544e7d765fca8ee70595a51fd806b1c2ee4cb9c260b68241,scorefile__L39,trigger_distance,132,20.757575757575758
57228706a610897b544e7d765fca8ee70595a51fd806b1c2ee4cb9c260b68241,scorefile__L39,silent_gap,91,28.65934065934066
57228706a610897b544e7d765fca8ee70595a51fd806b1c2ee4cb9c260b68241,scorefile__L39,burst_start_distance,91,30.10989010989011
57228706a610897b544e7d765fca8ee70595a51fd806b1c2ee4cb9c260b68241,acquire__L39,trigger_distance,136,20.0
57228706a610897b544e7d765fca8ee70595a51fd806b1c2ee4cb9c260b68241,acquire__L39,silent_gap,92,28.08695652173913
57228706a610897b544e7d765fca8ee70595a51fd806b1c2ee4cb9c260b68241,acquire__L39,burst_start_distance,92,29.565217391304348
57228706a610897b544e7d765fca8ee70595a51fd806b1c2ee4cb9c260b68241,report__L39,trigger_distance,147,17.979591836734695
57228706a610897b544e7d765fca8ee70595a51fd806b1c2ee4cb9c260b68241,report__L39,silent_gap,53,47.094339622641506
57228706a610897b544e7d765fca8ee70595a51fd806b1c2ee4cb9c260b68241,report__L39,burst_start_distance,53,49.83018867924528
57228706a610897b544e7d765fca8ee70595a51fd806b1c2ee4cb9c260b68241,motivated__L39,trigger_distance,139,18.388489208633093
57228706a610897b544e7d765fca8ee70595a51fd806b1c2ee4cb9c260b68241,motivated__L39,silent_gap,78,30.987179487179485
57228706a610897b544e7d765fca8ee70595a51fd806b1c2ee4cb9c260b68241,motivated__L39,burst_start_distance,78,32.76923076923077
34cb340055cbb778f1dd339561aaabfadc71760974186747e9f39721ee2dd358,suite__L39,trigger_distance,167,20.934131736526947
34cb340055cbb778f1dd339561aaabfadc71760974186747e9f39721ee2dd358,suite__L39,silent_gap,102,32.63725490196079
34cb340055cbb778f1dd339561aaabfadc71760974186747e9f39721ee2dd358,suite__L39,burst_start_distance,102,34.245098039215684
34cb340055cbb778f1dd339561aaabfadc71760974186747e9f39721ee2dd358,validator__L39,trigger_distance,107,28.55140186915888
34cb340055cbb778f1dd339561aaabfadc71760974186747e9f39721ee2dd358,validator__L39,silent_gap,55,53.6
34cb340055cbb778f1dd339561aaabfadc71760974186747e9f39721ee2dd358,validator__L39,burst_start_distance,55,55.50909090909091
34cb340055cbb778f1dd339561aaabfadc71760974186747e9f39721ee2dd358,scorefile__L39,trigger_distance,121,28.867768595041323
34cb340055cbb778f1dd339561aaabfadc71760974186747e9f39721ee2dd358,scorefile__L39,silent_gap,88,38.31818181818182
34cb340055cbb778f1dd339561aaabfadc71760974186747e9f39721ee2dd358,scorefile__L39,burst_start_distance,88,39.69318181818182
34cb340055cbb778f1dd339561aaabfadc71760974186747e9f39721ee2dd358,acquire__L39,trigger_distance,170,19.66470588235294
34cb340055cbb778f1dd339561aaabfadc71760974186747e9f39721ee2dd358,acquire__L39,silent_gap,95,33.4
34cb340055cbb778f1dd339561aaabfadc71760974186747e9f39721ee2dd358,acquire__L39,burst_start_distance,95,35.17894736842105
34cb340055cbb778f1dd339561aaabfadc71760974186747e9f39721ee2dd358,report__L39,trigger_distance,232,14.905172413793103
34cb340055cbb778f1dd339561aaabfadc71760974186747e9f39721ee2dd358,report__L39,silent_gap,85,37.95294117647059
34cb340055cbb778f1dd339561aaabfadc71760974186747e9f39721ee2dd358,report__L39,burst_start_distance,85,40.49411764705882
34cb340055cbb778f1dd339561aaabfadc71760974186747e9f39721ee2dd358,motivated__L39,trigger_distance,211,16.27962085308057
34cb340055cbb778f1dd339561aaabfadc71760974186747e9f39721ee2dd358,motivated__L39,silent_gap,99,32.56565656565657
34cb340055cbb778f1dd339561aaabfadc71760974186747e9f39721ee2dd358,motivated__L39,burst_start_distance,99,34.696969696969695
4fc2098df38ea13285afd5332192951a006b171e22a1d9cdeafbfeed15d6b76e,suite__L39,trigger_distance,424,9.422169811320755
4fc2098df38ea13285afd5332192951a006b171e22a1d9cdeafbfeed15d6b76e,suite__L39,silent_gap,203,17.591133004926107
4fc2098df38ea13285afd5332192951a006b171e22a1d9cdeafbfeed15d6b76e,suite__L39,burst_start_distance,203,19.65024630541872
4fc2098df38ea13285afd5332192951a006b171e22a1d9cdeafbfeed15d6b76e,validator__L39,trigger_distance,436,8.961009174311927
4fc2098df38ea13285afd5332192951a006b171e22a1d9cdeafbfeed15d6b76e,validator__L39,silent_gap,172,20.180232558139537
4fc2098df38ea13285afd5332192951a006b171e22a1d9cdeafbfeed15d6b76e,validator__L39,burst_start_distance,172,22.709302325581394
4fc2098df38ea13285afd5332192951a006b171e22a1d9cdeafbfeed15d6b76e,scorefile__L39,trigger_distance,488,8.221311475409836
4fc2098df38ea13285afd5332192951a006b171e22a1d9cdeafbfeed15d6b76e,scorefile__L39,silent_gap,218,16.165137614678898
4fc2098df38ea13285afd5332192951a006b171e22a1d9cdeafbfeed15d6b76e,scorefile__L39,burst_start_distance,218,18.39908256880734
4fc2098df38ea13285afd5332192951a006b171e22a1d9cdeafbfeed15d6b76e,acquire__L39,trigger_distance,179,22.139664804469273
4fc2098df38ea13285afd5332192951a006b171e22a1d9cdeafbfeed15d6b76e,acquire__L39,silent_gap,129,29.333333333333332
4fc2098df38ea13285afd5332192951a006b171e22a1d9cdeafbfeed15d6b76e,acquire__L39,burst_start_distance,129,30.72093023255814
4fc2098df38ea13285afd5332192951a006b171e22a1d9cdeafbfeed15d6b76e,report__L39,trigger_distance,206,18.184466019417474
4fc2098df38ea13285afd5332192951a006b171e22a1d9cdeafbfeed15d6b76e,report__L39,silent_gap,73,48.49315068493151
4fc2098df38ea13285afd5332192951a006b171e22a1d9cdeafbfeed15d6b76e,report__L39,burst_start_distance,73,51.054794520547944
4fc2098df38ea13285afd5332192951a006b171e22a1d9cdeafbfeed15d6b76e,motivated__L39,trigger_distance,248,15.03225806451613
4fc2098df38ea13285afd5332192951a006b171e22a1d9cdeafbfeed15d6b76e,motivated__L39,silent_gap,138,25.217391304347824
4fc2098df38ea13285afd5332192951a006b171e22a1d9cdeafbfeed15d6b76e,motivated__L39,burst_start_distance,138,27.007246376811594
597a33c163e57928e5f239875675736c9ba44bd58c5e879ca39f1656d2b0dbab,suite__L39,trigger_distance,78,32.12820512820513
597a33c163e57928e5f239875675736c9ba44bd58c5e879ca39f1656d2b0dbab,suite__L39,silent_gap,46,52.78260869565217
597a33c163e57928e5f239875675736c9ba44bd58c5e879ca39f1656d2b0dbab,suite__L39,burst_start_distance,46,54.47826086956522
597a33c163e57928e5f239875675736c9ba44bd58c5e879ca39f1656d2b0dbab,validator__L39,trigger_distance,86,27.441860465116278
597a33c163e57928e5f239875675736c9ba44bd58c5e879ca39f1656d2b0dbab,validator__L39,silent_gap,50,45.48
597a33c163e57928e5f239875675736c9ba44bd58c5e879ca39f1656d2b0dbab,validator__L39,burst_start_distance,50,47.18
597a33c163e57928e5f239875675736c9ba44bd58c5e879ca39f1656d2b0dbab,scorefile__L39,trigger_distance,130,19.369230769230768
597a33c163e57928e5f239875675736c9ba44bd58c5e879ca39f1656d2b0dbab,scorefile__L39,silent_gap,85,28.094117647058823
597a33c163e57928e5f239875675736c9ba44bd58c5e879ca39f1656d2b0dbab,scorefile__L39,burst_start_distance,85,29.623529411764707
597a33c163e57928e5f239875675736c9ba44bd58c5e879ca39f1656d2b0dbab,acquire__L39,trigger_distance,143,17.636363636363637
597a33c163e57928e5f239875675736c9ba44bd58c5e879ca39f1656d2b0dbab,acquire__L39,silent_gap,83,28.662650602409638
597a33c163e57928e5f239875675736c9ba44bd58c5e879ca39f1656d2b0dbab,acquire__L39,burst_start_distance,83,30.3855421686747
597a33c163e57928e5f239875675736c9ba44bd58c5e879ca39f1656d2b0dbab,report__L39,trigger_distance,73,33.76712328767123
597a33c163e57928e5f239875675736c9ba44bd58c5e879ca39f1656d2b0dbab,report__L39,silent_gap,37,64.64864864864865
597a33c163e57928e5f239875675736c9ba44bd58c5e879ca39f1656d2b0dbab,report__L39,burst_start_distance,37,66.56756756756756
597a33c163e57928e5f239875675736c9ba44bd58c5e879ca39f1656d2b0dbab,motivated__L39,trigger_distance,151,16.32450331125828
597a33c163e57928e5f239875675736c9ba44bd58c5e879ca39f1656d2b0dbab,motivated__L39,silent_gap,86,26.906976744186046
597a33c163e57928e5f239875675736c9ba44bd58c5e879ca39f1656d2b0dbab,motivated__L39,burst_start_distance,86,28.662790697674417
34465587e10a97c760c01c04b19e065a9b38912e5a445fd1c50865027b51eb1b,suite__L39,trigger_distance,80,18.8125
34465587e10a97c760c01c04b19e065a9b38912e5a445fd1c50865027b51eb1b,suite__L39,silent_gap,49,29.081632653061224
34465587e10a97c760c01c04b19e065a9b38912e5a445fd1c50865027b51eb1b,suite__L39,burst_start_distance,49,30.632653061224488
34465587e10a97c760c01c04b19e065a9b38912e5a445fd1c50865027b51eb1b,validator__L39,trigger_distance,200,7.46
34465587e10a97c760c01c04b19e065a9b38912e5a445fd1c50865027b51eb1b,validator__L39,silent_gap,77,16.77922077922078
34465587e10a97c760c01c04b19e065a9b38912e5a445fd1c50865027b51eb1b,validator__L39,burst_start_distance,77,19.376623376623378
34465587e10a97c760c01c04b19e065a9b38912e5a445fd1c50865027b51eb1b,scorefile__L39,trigger_distance,215,7.386046511627907
34465587e10a97c760c01c04b19e065a9b38912e5a445fd1c50865027b51eb1b,scorefile__L39,silent_gap,102,13.46078431372549
34465587e10a97c760c01c04b19e065a9b38912e5a445fd1c50865027b51eb1b,scorefile__L39,burst_start_distance,102,15.568627450980392
34465587e10a97c760c01c04b19e065a9b38912e5a445fd1c50865027b51eb1b,acquire__L39,trigger_distance,84,18.892857142857142
34465587e10a97c760c01c04b19e065a9b38912e5a445fd1c50865027b51eb1b,acquire__L39,silent_gap,59,25.47457627118644
34465587e10a97c760c01c04b19e065a9b38912e5a445fd1c50865027b51eb1b,acquire__L39,burst_start_distance,59,26.89830508474576
34465587e10a97c760c01c04b19e065a9b38912e5a445fd1c50865027b51eb1b,report__L39,trigger_distance,44,25.681818181818183
34465587e10a97c760c01c04b19e065a9b38912e5a445fd1c50865027b51eb1b,report__L39,silent_gap,28,38.785714285714285
34465587e10a97c760c01c04b19e065a9b38912e5a445fd1c50865027b51eb1b,report__L39,burst_start_distance,28,40.25
34465587e10a97c760c01c04b19e065a9b38912e5a445fd1c50865027b51eb1b,motivated__L39,trigger_distance,115,12.947826086956521
34465587e10a97c760c01c04b19e065a9b38912e5a445fd1c50865027b51eb1b,motivated__L39,silent_gap,52,26.423076923076923
34465587e10a97c760c01c04b19e065a9b38912e5a445fd1c50865027b51eb1b,motivated__L39,burst_start_distance,52,28.634615384615383
c66db41c49b49d66a0d24722600cd720b442e9ca95269eef5b3d17d0586a8da3,suite__L39,trigger_distance,168,11.19047619047619
c66db41c49b49d66a0d24722600cd720b442e9ca95269eef5b3d17d0586a8da3,suite__L39,silent_gap,96,17.833333333333332
c66db41c49b49d66a0d24722600cd720b442e9ca95269eef5b3d17d0586a8da3,suite__L39,burst_start_distance,96,19.5625
c66db41c49b49d66a0d24722600cd720b442e9ca95269eef5b3d17d0586a8da3,validator__L39,trigger_distance,263,7.011406844106464
c66db41c49b49d66a0d24722600cd720b442e9ca95269eef5b3d17d0586a8da3,validator__L39,silent_gap,90,17.566666666666666
c66db41c49b49d66a0d24722600cd720b442e9ca95269eef5b3d17d0586a8da3,validator__L39,burst_start_distance,90,20.477777777777778
c66db41c49b49d66a0d24722600cd720b442e9ca95269eef5b3d17d0586a8da3,scorefile__L39,trigger_distance,288,6.75
c66db41c49b49d66a0d24722600cd720b442e9ca95269eef5b3d17d0586a8da3,scorefile__L39,silent_gap,121,13.685950413223141
c66db41c49b49d66a0d24722600cd720b442e9ca95269eef5b3d17d0586a8da3,scorefile__L39,burst_start_distance,121,16.05785123966942
c66db41c49b49d66a0d24722600cd720b442e9ca95269eef5b3d17d0586a8da3,acquire__L39,trigger_distance,102,19.03921568627451
c66db41c49b49d66a0d24722600cd720b442e9ca95269eef5b3d17d0586a8da3,acquire__L39,silent_gap,68,27.058823529411764
c66db41c49b49d66a0d24722600cd720b442e9ca95269eef5b3d17d0586a8da3,acquire__L39,burst_start_distance,68,28.558823529411764
c66db41c49b49d66a0d24722600cd720b442e9ca95269eef5b3d17d0586a8da3,report__L39,trigger_distance,72,21.541666666666668
c66db41c49b49d66a0d24722600cd720b442e9ca95269eef5b3d17d0586a8da3,report__L39,silent_gap,31,47.70967741935484
c66db41c49b49d66a0d24722600cd720b442e9ca95269eef5b3d17d0586a8da3,report__L39,burst_start_distance,31,49.54838709677419
c66db41c49b49d66a0d24722600cd720b442e9ca95269eef5b3d17d0586a8da3,motivated__L39,trigger_distance,129,13.782945736434108
c66db41c49b49d66a0d24722600cd720b442e9ca95269eef5b3d17d0586a8da3,motivated__L39,silent_gap,59,27.949152542372882
c66db41c49b49d66a0d24722600cd720b442e9ca95269eef5b3d17d0586a8da3,motivated__L39,burst_start_distance,59,30.11864406779661
e6e917ee09e5c3d48045bcf62c781df471d4e0b44089a6915d43a0c9c3e91397,suite__L39,trigger_distance,139,18.618705035971225
e6e917ee09e5c3d48045bcf62c781df471d4e0b44089a6915d43a0c9c3e91397,suite__L39,silent_gap,75,32.653333333333336
e6e917ee09e5c3d48045bcf62c781df471d4e0b44089a6915d43a0c9c3e91397,suite__L39,burst_start_distance,75,34.49333333333333
e6e917ee09e5c3d48045bcf62c781df471d4e0b44089a6915d43a0c9c3e91397,validator__L39,trigger_distance,97,26.45360824742268
e6e917ee09e5c3d48045bcf62c781df471d4e0b44089a6915d43a0c9c3e91397,validator__L39,silent_gap,51,48.411764705882355
e6e917ee09e5c3d48045bcf62c781df471d4e0b44089a6915d43a0c9c3e91397,validator__L39,burst_start_distance,51,50.294117647058826
e6e917ee09e5c3d48045bcf62c781df471d4e0b44089a6915d43a0c9c3e91397,scorefile__L39,trigger_distance,135,19.814814814814813
e6e917ee09e5c3d48045bcf62c781df471d4e0b44089a6915d43a0c9c3e91397,scorefile__L39,silent_gap,91,27.912087912087912
e6e917ee09e5c3d48045bcf62c781df471d4e0b44089a6915d43a0c9c3e91397,scorefile__L39,burst_start_distance,91,29.395604395604394
e6e917ee09e5c3d48045bcf62c781df471d4e0b44089a6915d43a0c9c3e91397,acquire__L39,trigger_distance,171,15.538011695906432
e6e917ee09e5c3d48045bcf62c781df471d4e0b44089a6915d43a0c9c3e91397,acquire__L39,silent_gap,103,24.135922330097088
e6e917ee09e5c3d48045bcf62c781df471d4e0b44089a6915d43a0c9c3e91397,acquire__L39,burst_start_distance,103,25.796116504854368
e6e917ee09e5c3d48045bcf62c781df471d4e0b44089a6915d43a0c9c3e91397,report__L39,trigger_distance,175,14.851428571428572
e6e917ee09e5c3d48045bcf62c781df471d4e0b44089a6915d43a0c9c3e91397,report__L39,silent_gap,60,40.4
e6e917ee09e5c3d48045bcf62c781df471d4e0b44089a6915d43a0c9c3e91397,report__L39,burst_start_distance,60,43.3
e6e917ee09e5c3d48045bcf62c781df471d4e0b44089a6915d43a0c9c3e91397,motivated__L39,trigger_distance,201,12.716417910447761
e6e917ee09e5c3d48045bcf62c781df471d4e0b44089a6915d43a0c9c3e91397,motivated__L39,silent_gap,96,24.53125
e6e917ee09e5c3d48045bcf62c781df471d4e0b44089a6915d43a0c9c3e91397,motivated__L39,burst_start_distance,96,26.604166666666668
8c00d31132cf053d23280ab9462f02b837f2b345df3df51dcf1b0a84984646f6,suite__L39,trigger_distance,274,14.64963503649635
8c00d31132cf053d23280ab9462f02b837f2b345df3df51dcf1b0a84984646f6,suite__L39,silent_gap,155,24.129032258064516
8c00d31132cf053d23280ab9462f02b837f2b345df3df51dcf1b0a84984646f6,suite__L39,burst_start_distance,155,25.883870967741935
8c00d31132cf053d23280ab9462f02b837f2b345df3df51dcf1b0a84984646f6,validator__L39,trigger_distance,205,19.024390243902438
8c00d31132cf053d23280ab9462f02b837f2b345df3df51dcf1b0a84984646f6,validator__L39,silent_gap,99,37.323232323232325
8c00d31132cf053d23280ab9462f02b837f2b345df3df51dcf1b0a84984646f6,validator__L39,burst_start_distance,99,39.38383838383838
8c00d31132cf053d23280ab9462f02b837f2b345df3df51dcf1b0a84984646f6,scorefile__L39,trigger_distance,258,15.453488372093023
8c00d31132cf053d23280ab9462f02b837f2b345df3df51dcf1b0a84984646f6,scorefile__L39,silent_gap,164,22.73780487804878
8c00d31132cf053d23280ab9462f02b837f2b345df3df51dcf1b0a84984646f6,scorefile__L39,burst_start_distance,164,24.3109756097561
8c00d31132cf053d23280ab9462f02b837f2b345df3df51dcf1b0a84984646f6,acquire__L39,trigger_distance,245,15.991836734693878
8c00d31132cf053d23280ab9462f02b837f2b345df3df51dcf1b0a84984646f6,acquire__L39,silent_gap,134,27.41044776119403
8c00d31132cf053d23280ab9462f02b837f2b345df3df51dcf1b0a84984646f6,acquire__L39,burst_start_distance,134,29.238805970149254
8c00d31132cf053d23280ab9462f02b837f2b345df3df51dcf1b0a84984646f6,report__L39,trigger_distance,208,19.110576923076923
8c00d31132cf053d23280ab9462f02b837f2b345df3df51dcf1b0a84984646f6,report__L39,silent_gap,86,43.80232558139535
8c00d31132cf053d23280ab9462f02b837f2b345df3df51dcf1b0a84984646f6,report__L39,burst_start_distance,86,46.093023255813954
8c00d31132cf053d23280ab9462f02b837f2b345df3df51dcf1b0a84984646f6,motivated__L39,trigger_distance,235,16.714893617021275
8c00d31132cf053d23280ab9462f02b837f2b345df3df51dcf1b0a84984646f6,motivated__L39,silent_gap,130,28.407692307692308
8c00d31132cf053d23280ab9462f02b837f2b345df3df51dcf1b0a84984646f6,motivated__L39,burst_start_distance,130,30.215384615384615
02a5c208e91edcafbb2e993e3d302d12068612a029b66de7f2466f360791d78a,suite__L39,trigger_distance,200,14.725
02a5c208e91edcafbb2e993e3d302d12068612a029b66de7f2466f360791d78a,suite__L39,silent_gap,119,23.067226890756302
02a5c208e91edcafbb2e993e3d302d12068612a029b66de7f2466f360791d78a,suite__L39,burst_start_distance,119,24.722689075630253
02a5c208e91edcafbb2e993e3d302d12068612a029b66de7f2466f360791d78a,validator__L39,trigger_distance,184,15.923913043478262
02a5c208e91edcafbb2e993e3d302d12068612a029b66de7f2466f360791d78a,validator__L39,silent_gap,66,41.60606060606061
02a5c208e91edcafbb2e993e3d302d12068612a029b66de7f2466f360791d78a,validator__L39,burst_start_distance,66,44.39393939393939
02a5c208e91edcafbb2e993e3d302d12068612a029b66de7f2466f360791d78a,scorefile__L39,trigger_distance,269,10.996282527881041
02a5c208e91edcafbb2e993e3d302d12068612a029b66de7f2466f360791d78a,scorefile__L39,silent_gap,132,20.37121212121212
02a5c208e91edcafbb2e993e3d302d12068612a029b66de7f2466f360791d78a,scorefile__L39,burst_start_distance,132,22.37878787878788
02a5c208e91edcafbb2e993e3d302d12068612a029b66de7f2466f360791d78a,acquire__L39,trigger_distance,128,23.09375
02a5c208e91edcafbb2e993e3d302d12068612a029b66de7f2466f360791d78a,acquire__L39,silent_gap,89,31.775280898876403
02a5c208e91edcafbb2e993e3d302d12068612a029b66de7f2466f360791d78a,acquire__L39,burst_start_distance,89,33.21348314606742
02a5c208e91edcafbb2e993e3d302d12068612a029b66de7f2466f360791d78a,report__L39,trigger_distance,183,16.02185792349727
02a5c208e91edcafbb2e993e3d302d12068612a029b66de7f2466f360791d78a,report__L39,silent_gap,69,39.84057971014493
02a5c208e91edcafbb2e993e3d302d12068612a029b66de7f2466f360791d78a,report__L39,burst_start_distance,69,42.26086956521739
02a5c208e91edcafbb2e993e3d302d12068612a029b66de7f2466f360791d78a,motivated__L39,trigger_distance,138,20.557971014492754
02a5c208e91edcafbb2e993e3d302d12068612a029b66de7f2466f360791d78a,motivated__L39,silent_gap,74,36.472972972972975
02a5c208e91edcafbb2e993e3d302d12068612a029b66de7f2466f360791d78a,motivated__L39,burst_start_distance,74,38.32432432432432
07a0236af7d6515a6115a372e1a46134de80412c1eff715eccd580c932a90d2f,suite__L39,trigger_distance,179,17.58100558659218
07a0236af7d6515a6115a372e1a46134de80412c1eff715eccd580c932a90d2f,suite__L39,silent_gap,101,29.386138613861387
07a0236af7d6515a6115a372e1a46134de80412c1eff715eccd580c932a90d2f,suite__L39,burst_start_distance,101,31.15841584158416
07a0236af7d6515a6115a372e1a46134de80412c1eff715eccd580c932a90d2f,validator__L39,trigger_distance,248,12.504032258064516
07a0236af7d6515a6115a372e1a46134de80412c1eff715eccd580c932a90d2f,validator__L39,silent_gap,85,33.56470588235294
07a0236af7d6515a6115a372e1a46134de80412c1eff715eccd580c932a90d2f,validator__L39,burst_start_distance,85,36.423529411764704
07a0236af7d6515a6115a372e1a46134de80412c1eff715eccd580c932a90d2f,scorefile__L39,trigger_distance,324,9.805555555555555
07a0236af7d6515a6115a372e1a46134de80412c1eff715eccd580c932a90d2f,scorefile__L39,silent_gap,149,19.14765100671141
07a0236af7d6515a6115a372e1a46134de80412c1eff715eccd580c932a90d2f,scorefile__L39,burst_start_distance,149,21.315436241610737
07a0236af7d6515a6115a372e1a46134de80412c1eff715eccd580c932a90d2f,acquire__L39,trigger_distance,97,32.896907216494846
07a0236af7d6515a6115a372e1a46134de80412c1eff715eccd580c932a90d2f,acquire__L39,silent_gap,60,51.56666666666667
07a0236af7d6515a6115a372e1a46134de80412c1eff715eccd580c932a90d2f,acquire__L39,burst_start_distance,60,53.18333333333333
07a0236af7d6515a6115a372e1a46134de80412c1eff715eccd580c932a90d2f,report__L39,trigger_distance,54,44.44444444444444
07a0236af7d6515a6115a372e1a46134de80412c1eff715eccd580c932a90d2f,report__L39,silent_gap,35,67.02857142857142
07a0236af7d6515a6115a372e1a46134de80412c1eff715eccd580c932a90d2f,report__L39,burst_start_distance,35,68.31428571428572
07a0236af7d6515a6115a372e1a46134de80412c1eff715eccd580c932a90d2f,motivated__L39,trigger_distance,274,11.036496350364963
07a0236af7d6515a6115a372e1a46134de80412c1eff715eccd580c932a90d2f,motivated__L39,silent_gap,129,21.31782945736434
07a0236af7d6515a6115a372e1a46134de80412c1eff715eccd580c932a90d2f,motivated__L39,burst_start_distance,129,23.441860465116278
22f0e1c3d442c34c087cdaea121f10690f5405aff02efeb6926787d688845352,suite__L39,trigger_distance,113,12.955752212389381
22f0e1c3d442c34c087cdaea121f10690f5405aff02efeb6926787d688845352,suite__L39,silent_gap,69,19.579710144927535
22f0e1c3d442c34c087cdaea121f10690f5405aff02efeb6926787d688845352,suite__L39,burst_start_distance,69,21.217391304347824
22f0e1c3d442c34c087cdaea121f10690f5405aff02efeb6926787d688845352,validator__L39,trigger_distance,200,7.265
22f0e1c3d442c34c087cdaea121f10690f5405aff02efeb6926787d688845352,validator__L39,silent_gap,67,18.70149253731343
22f0e1c3d442c34c087cdaea121f10690f5405aff02efeb6926787d688845352,validator__L39,burst_start_distance,67,21.597014925373134
22f0e1c3d442c34c087cdaea121f10690f5405aff02efeb6926787d688845352,scorefile__L39,trigger_distance,252,6.095238095238095
22f0e1c3d442c34c087cdaea121f10690f5405aff02efeb6926787d688845352,scorefile__L39,silent_gap,103,12.466019417475728
22f0e1c3d442c34c087cdaea121f10690f5405aff02efeb6926787d688845352,scorefile__L39,burst_start_distance,103,14.87378640776699
22f0e1c3d442c34c087cdaea121f10690f5405aff02efeb6926787d688845352,acquire__L39,trigger_distance,90,16.622222222222224
22f0e1c3d442c34c087cdaea121f10690f5405aff02efeb6926787d688845352,acquire__L39,silent_gap,57,24.666666666666668
22f0e1c3d442c34c087cdaea121f10690f5405aff02efeb6926787d688845352,acquire__L39,burst_start_distance,57,26.228070175438596
22f0e1c3d442c34c087cdaea121f10690f5405aff02efeb6926787d688845352,report__L39,trigger_distance,28,51.75
22f0e1c3d442c34c087cdaea121f10690f5405aff02efeb6926787d688845352,report__L39,silent_gap,18,78.94444444444444
22f0e1c3d442c34c087cdaea121f10690f5405aff02efeb6926787d688845352,report__L39,burst_start_distance,18,80.22222222222223
22f0e1c3d442c34c087cdaea121f10690f5405aff02efeb6926787d688845352,motivated__L39,trigger_distance,129,11.24031007751938
22f0e1c3d442c34c087cdaea121f10690f5405aff02efeb6926787d688845352,motivated__L39,silent_gap,52,25.403846153846153
22f0e1c3d442c34c087cdaea121f10690f5405aff02efeb6926787d688845352,motivated__L39,burst_start_distance,52,27.884615384615383
a2d894abfec79f56d3bd9fa80a1cf5d29186ad31be9f7695656f3573c1c378dd,suite__L39,trigger_distance,65,28.953846153846154
a2d894abfec79f56d3bd9fa80a1cf5d29186ad31be9f7695656f3573c1c378dd,suite__L39,silent_gap,37,49.108108108108105
a2d894abfec79f56d3bd9fa80a1cf5d29186ad31be9f7695656f3573c1c378dd,suite__L39,burst_start_distance,37,50.86486486486486
a2d894abfec79f56d3bd9fa80a1cf5d29186ad31be9f7695656f3573c1c378dd,validator__L39,trigger_distance,91,20.45054945054945
a2d894abfec79f56d3bd9fa80a1cf5d29186ad31be9f7695656f3573c1c378dd,validator__L39,silent_gap,39,45.38461538461539
a2d894abfec79f56d3bd9fa80a1cf5d29186ad31be9f7695656f3573c1c378dd,validator__L39,burst_start_distance,39,47.717948717948715
a2d894abfec79f56d3bd9fa80a1cf5d29186ad31be9f7695656f3573c1c378dd,scorefile__L39,trigger_distance,130,15.123076923076923
a2d894abfec79f56d3bd9fa80a1cf5d29186ad31be9f7695656f3573c1c378dd,scorefile__L39,silent_gap,75,24.48
a2d894abfec79f56d3bd9fa80a1cf5d29186ad31be9f7695656f3573c1c378dd,scorefile__L39,burst_start_distance,75,26.2
a2d894abfec79f56d3bd9fa80a1cf5d29186ad31be9f7695656f3573c1c378dd,acquire__L39,trigger_distance,92,21.445652173913043
a2d894abfec79f56d3bd9fa80a1cf5d29186ad31be9f7695656f3573c1c378dd,acquire__L39,silent_gap,72,26.125
a2d894abfec79f56d3bd9fa80a1cf5d29186ad31be9f7695656f3573c1c378dd,acquire__L39,burst_start_distance,72,27.40277777777778
a2d894abfec79f56d3bd9fa80a1cf5d29186ad31be9f7695656f3573c1c378dd,report__L39,trigger_distance,41,45.58536585365854
a2d894abfec79f56d3bd9fa80a1cf5d29186ad31be9f7695656f3573c1c378dd,report__L39,silent_gap,30,60.93333333333333
a2d894abfec79f56d3bd9fa80a1cf5d29186ad31be9f7695656f3573c1c378dd,report__L39,burst_start_distance,30,62.233333333333334
a2d894abfec79f56d3bd9fa80a1cf5d29186ad31be9f7695656f3573c1c378dd,motivated__L39,trigger_distance,161,10.807453416149068
a2d894abfec79f56d3bd9fa80a1cf5d29186ad31be9f7695656f3573c1c378dd,motivated__L39,silent_gap,82,19.25609756097561
a2d894abfec79f56d3bd9fa80a1cf5d29186ad31be9f7695656f3573c1c378dd,motivated__L39,burst_start_distance,82,21.20731707317073
db4e770b9614997f31b5ef08a30f1893dd87add2a18bc049c934578d506c53c8,suite__L39,trigger_distance,190,14.273684210526316
db4e770b9614997f31b5ef08a30f1893dd87add2a18bc049c934578d506c53c8,suite__L39,silent_gap,114,22.12280701754386
db4e770b9614997f31b5ef08a30f1893dd87add2a18bc049c934578d506c53c8,suite__L39,burst_start_distance,114,23.763157894736842
db4e770b9614997f31b5ef08a30f1893dd87add2a18bc049c934578d506c53c8,validator__L39,trigger_distance,213,12.544600938967136
db4e770b9614997f31b5ef08a30f1893dd87add2a18bc049c934578d506c53c8,validator__L39,silent_gap,91,27.021978021978022
db4e770b9614997f31b5ef08a30f1893dd87add2a18bc049c934578d506c53c8,validator__L39,burst_start_distance,91,29.318681318681318
db4e770b9614997f31b5ef08a30f1893dd87add2a18bc049c934578d506c53c8,scorefile__L39,trigger_distance,182,15.291208791208792
db4e770b9614997f31b5ef08a30f1893dd87add2a18bc049c934578d506c53c8,scorefile__L39,silent_gap,115,22.617391304347827
db4e770b9614997f31b5ef08a30f1893dd87add2a18bc049c934578d506c53c8,scorefile__L39,burst_start_distance,115,24.2
db4e770b9614997f31b5ef08a30f1893dd87add2a18bc049c934578d506c53c8,acquire__L39,trigger_distance,143,18.636363636363637
db4e770b9614997f31b5ef08a30f1893dd87add2a18bc049c934578d506c53c8,acquire__L39,silent_gap,90,28.022222222222222
db4e770b9614997f31b5ef08a30f1893dd87add2a18bc049c934578d506c53c8,acquire__L39,burst_start_distance,90,29.61111111111111
db4e770b9614997f31b5ef08a30f1893dd87add2a18bc049c934578d506c53c8,report__L39,trigger_distance,159,16.90566037735849
db4e770b9614997f31b5ef08a30f1893dd87add2a18bc049c934578d506c53c8,report__L39,silent_gap,57,44.36842105263158
db4e770b9614997f31b5ef08a30f1893dd87add2a18bc049c934578d506c53c8,report__L39,burst_start_distance,57,46.85964912280702
db4e770b9614997f31b5ef08a30f1893dd87add2a18bc049c934578d506c53c8,motivated__L39,trigger_distance,213,11.704225352112676
db4e770b9614997f31b5ef08a30f1893dd87add2a18bc049c934578d506c53c8,motivated__L39,silent_gap,105,21.714285714285715
db4e770b9614997f31b5ef08a30f1893dd87add2a18bc049c934578d506c53c8,motivated__L39,burst_start_distance,105,23.733333333333334
b59ddd6cc9dc921ef56dea089e5546754b6da847a111bec37395750244ee3fda,suite__L39,trigger_distance,72,31.208333333333332
b59ddd6cc9dc921ef56dea089e5546754b6da847a111bec37395750244ee3fda,suite__L39,silent_gap,45,48.333333333333336
b59ddd6cc9dc921ef56dea089e5546754b6da847a111bec37395750244ee3fda,suite__L39,burst_start_distance,45,49.91111111111111
b59ddd6cc9dc921ef56dea089e5546754b6da847a111bec37395750244ee3fda,validator__L39,trigger_distance,119,18.11764705882353
b59ddd6cc9dc921ef56dea089e5546754b6da847a111bec37395750244ee3fda,validator__L39,silent_gap,65,31.338461538461537
b59ddd6cc9dc921ef56dea089e5546754b6da847a111bec37395750244ee3fda,validator__L39,burst_start_distance,65,33.15384615384615
b59ddd6cc9dc921ef56dea089e5546754b6da847a111bec37395750244ee3fda,scorefile__L39,trigger_distance,138,16.347826086956523
b59ddd6cc9dc921ef56dea089e5546754b6da847a111bec37395750244ee3fda,scorefile__L39,silent_gap,78,27.153846153846153
b59ddd6cc9dc921ef56dea089e5546754b6da847a111bec37395750244ee3fda,scorefile__L39,burst_start_distance,78,28.923076923076923
b59ddd6cc9dc921ef56dea089e5546754b6da847a111bec37395750244ee3fda,acquire__L39,trigger_distance,120,19.275
b59ddd6cc9dc921ef56dea089e5546754b6da847a111bec37395750244ee3fda,acquire__L39,silent_gap,81,27.074074074074073
b59ddd6cc9dc921ef56dea089e5546754b6da847a111bec37395750244ee3fda,acquire__L39,burst_start_distance,81,28.555555555555557
b59ddd6cc9dc921ef56dea089e5546754b6da847a111bec37395750244ee3fda,report__L39,trigger_distance,43,51.97674418604651
b59ddd6cc9dc921ef56dea089e5546754b6da847a111bec37395750244ee3fda,report__L39,silent_gap,34,64.47058823529412
b59ddd6cc9dc921ef56dea089e5546754b6da847a111bec37395750244ee3fda,report__L39,burst_start_distance,34,65.55882352941177
b59ddd6cc9dc921ef56dea089e5546754b6da847a111bec37395750244ee3fda,motivated__L39,trigger_distance,154,13.954545454545455
b59ddd6cc9dc921ef56dea089e5546754b6da847a111bec37395750244ee3fda,motivated__L39,silent_gap,80,24.9375
b59ddd6cc9dc921ef56dea089e5546754b6da847a111bec37395750244ee3fda,motivated__L39,burst_start_distance,80,26.85
946401f678ec5614bca9da5e09eb0c8bc9a841ccb2e38d726c77db51c3de51d5,suite__L39,trigger_distance,283,9.68904593639576
946401f678ec5614bca9da5e09eb0c8bc9a841ccb2e38d726c77db51c3de51d5,suite__L39,silent_gap,147,16.727891156462587
946401f678ec5614bca9da5e09eb0c8bc9a841ccb2e38d726c77db51c3de51d5,suite__L39,burst_start_distance,147,18.639455782312925
946401f678ec5614bca9da5e09eb0c8bc9a841ccb2e38d726c77db51c3de51d5,validator__L39,trigger_distance,310,8.558064516129033
946401f678ec5614bca9da5e09eb0c8bc9a841ccb2e38d726c77db51c3de51d5,validator__L39,silent_gap,119,19.689075630252102
946401f678ec5614bca9da5e09eb0c8bc9a841ccb2e38d726c77db51c3de51d5,validator__L39,burst_start_distance,119,22.285714285714285
946401f678ec5614bca9da5e09eb0c8bc9a841ccb2e38d726c77db51c3de51d5,scorefile__L39,trigger_distance,340,8.191176470588236
946401f678ec5614bca9da5e09eb0c8bc9a841ccb2e38d726c77db51c3de51d5,scorefile__L39,silent_gap,130,18.807692307692307
946401f678ec5614bca9da5e09eb0c8bc9a841ccb2e38d726c77db51c3de51d5,scorefile__L39,burst_start_distance,130,21.423076923076923
946401f678ec5614bca9da5e09eb0c8bc9a841ccb2e38d726c77db51c3de51d5,acquire__L39,trigger_distance,136,20.470588235294116
946401f678ec5614bca9da5e09eb0c8bc9a841ccb2e38d726c77db51c3de51d5,acquire__L39,silent_gap,82,32.292682926829265
946401f678ec5614bca9da5e09eb0c8bc9a841ccb2e38d726c77db51c3de51d5,acquire__L39,burst_start_distance,82,33.951219512195124
946401f678ec5614bca9da5e09eb0c8bc9a841ccb2e38d726c77db51c3de51d5,report__L39,trigger_distance,128,20.875
946401f678ec5614bca9da5e09eb0c8bc9a841ccb2e38d726c77db51c3de51d5,report__L39,silent_gap,44,57.81818181818182
946401f678ec5614bca9da5e09eb0c8bc9a841ccb2e38d726c77db51c3de51d5,report__L39,burst_start_distance,44,60.40909090909091
946401f678ec5614bca9da5e09eb0c8bc9a841ccb2e38d726c77db51c3de51d5,motivated__L39,trigger_distance,175,15.251428571428571
946401f678ec5614bca9da5e09eb0c8bc9a841ccb2e38d726c77db51c3de51d5,motivated__L39,silent_gap,94,26.53191489361702
946401f678ec5614bca9da5e09eb0c8bc9a841ccb2e38d726c77db51c3de51d5,motivated__L39,burst_start_distance,94,28.393617021276597
6bfcbecb9f7247403496b955498202a3e66a8db3c0945e4cb68b8d36934dfe45,suite__L39,trigger_distance,279,16.114695340501793
6bfcbecb9f7247403496b955498202a3e66a8db3c0945e4cb68b8d36934dfe45,suite__L39,silent_gap,161,26.19254658385093
6bfcbecb9f7247403496b955498202a3e66a8db3c0945e4cb68b8d36934dfe45,suite__L39,burst_start_distance,161,27.906832298136646
6bfcbecb9f7247403496b955498202a3e66a8db3c0945e4cb68b8d36934dfe45,validator__L39,trigger_distance,175,25.365714285714287
6bfcbecb9f7247403496b955498202a3e66a8db3c0945e4cb68b8d36934dfe45,validator__L39,silent_gap,100,42.64
6bfcbecb9f7247403496b955498202a3e66a8db3c0945e4cb68b8d36934dfe45,validator__L39,burst_start_distance,100,44.39
6bfcbecb9f7247403496b955498202a3e66a8db3c0945e4cb68b8d36934dfe45,scorefile__L39,trigger_distance,193,23.196891191709845
6bfcbecb9f7247403496b955498202a3e66a8db3c0945e4cb68b8d36934dfe45,scorefile__L39,silent_gap,134,31.970149253731343
6bfcbecb9f7247403496b955498202a3e66a8db3c0945e4cb68b8d36934dfe45,scorefile__L39,burst_start_distance,134,33.40298507462686
6bfcbecb9f7247403496b955498202a3e66a8db3c0945e4cb68b8d36934dfe45,acquire__L39,trigger_distance,205,21.775609756097563
6bfcbecb9f7247403496b955498202a3e66a8db3c0945e4cb68b8d36934dfe45,acquire__L39,silent_gap,140,30.42142857142857
6bfcbecb9f7247403496b955498202a3e66a8db3c0945e4cb68b8d36934dfe45,acquire__L39,burst_start_distance,140,31.885714285714286
6bfcbecb9f7247403496b955498202a3e66a8db3c0945e4cb68b8d36934dfe45,report__L39,trigger_distance,296,14.993243243243244
6bfcbecb9f7247403496b955498202a3e66a8db3c0945e4cb68b8d36934dfe45,report__L39,silent_gap,95,43.6
6bfcbecb9f7247403496b955498202a3e66a8db3c0945e4cb68b8d36934dfe45,report__L39,burst_start_distance,95,46.61052631578947
6bfcbecb9f7247403496b955498202a3e66a8db3c0945e4cb68b8d36934dfe45,motivated__L39,trigger_distance,274,16.094890510948904
6bfcbecb9f7247403496b955498202a3e66a8db3c0945e4cb68b8d36934dfe45,motivated__L39,silent_gap,141,29.333333333333332
6bfcbecb9f7247403496b955498202a3e66a8db3c0945e4cb68b8d36934dfe45,motivated__L39,burst_start_distance,141,31.27659574468085
f66cd6baf5be64724cd2195b3c2d07a6cb4b6125b73f096a7f03ca64df1dc24f,suite__L39,trigger_distance,159,18.446540880503143
f66cd6baf5be64724cd2195b3c2d07a6cb4b6125b73f096a7f03ca64df1dc24f,suite__L39,silent_gap,103,26.932038834951456
f66cd6baf5be64724cd2195b3c2d07a6cb4b6125b73f096a7f03ca64df1dc24f,suite__L39,burst_start_distance,103,28.446601941747574
f66cd6baf5be64724cd2195b3c2d07a6cb4b6125b73f096a7f03ca64df1dc24f,validator__L39,trigger_distance,279,10.275985663082437
f66cd6baf5be64724cd2195b3c2d07a6cb4b6125b73f096a7f03ca64df1dc24f,validator__L39,silent_gap,103,25.12621359223301
f66cd6baf5be64724cd2195b3c2d07a6cb4b6125b73f096a7f03ca64df1dc24f,validator__L39,burst_start_distance,103,27.796116504854368
f66cd6baf5be64724cd2195b3c2d07a6cb4b6125b73f096a7f03ca64df1dc24f,scorefile__L39,trigger_distance,278,10.784172661870503
f66cd6baf5be64724cd2195b3c2d07a6cb4b6125b73f096a7f03ca64df1dc24f,scorefile__L39,silent_gap,156,17.435897435897434
f66cd6baf5be64724cd2195b3c2d07a6cb4b6125b73f096a7f03ca64df1dc24f,scorefile__L39,burst_start_distance,156,19.21794871794872
f66cd6baf5be64724cd2195b3c2d07a6cb4b6125b73f096a7f03ca64df1dc24f,acquire__L39,trigger_distance,120,24.058333333333334
f66cd6baf5be64724cd2195b3c2d07a6cb4b6125b73f096a7f03ca64df1dc24f,acquire__L39,silent_gap,86,32.174418604651166
f66cd6baf5be64724cd2195b3c2d07a6cb4b6125b73f096a7f03ca64df1dc24f,acquire__L39,burst_start_distance,86,33.56976744186046
f66cd6baf5be64724cd2195b3c2d07a6cb4b6125b73f096a7f03ca64df1dc24f,report__L39,trigger_distance,149,19.40268456375839
f66cd6baf5be64724cd2195b3c2d07a6cb4b6125b73f096a7f03ca64df1dc24f,report__L39,silent_gap,68,40.3235294117647
f66cd6baf5be64724cd2195b3c2d07a6cb4b6125b73f096a7f03ca64df1dc24f,report__L39,burst_start_distance,68,42.279411764705884
f66cd6baf5be64724cd2195b3c2d07a6cb4b6125b73f096a7f03ca64df1dc24f,motivated__L39,trigger_distance,185,15.416216216216217
f66cd6baf5be64724cd2195b3c2d07a6cb4b6125b73f096a7f03ca64df1dc24f,motivated__L39,silent_gap,106,25.160377358490567
f66cd6baf5be64724cd2195b3c2d07a6cb4b6125b73f096a7f03ca64df1dc24f,motivated__L39,burst_start_distance,106,26.90566037735849
d9d85084858129e26c82548dc13c1bb7accd95538648c19c9508f021022417f4,suite__L39,trigger_distance,59,28.033898305084747
d9d85084858129e26c82548dc13c1bb7accd95538648c19c9508f021022417f4,suite__L39,silent_gap,32,49.84375
d9d85084858129e26c82548dc13c1bb7accd95538648c19c9508f021022417f4,suite__L39,burst_start_distance,32,51.65625
d9d85084858129e26c82548dc13c1bb7accd95538648c19c9508f021022417f4,validator__L39,trigger_distance,71,21.211267605633804
d9d85084858129e26c82548dc13c1bb7accd95538648c19c9508f021022417f4,validator__L39,silent_gap,33,43.484848484848484
d9d85084858129e26c82548dc13c1bb7accd95538648c19c9508f021022417f4,validator__L39,burst_start_distance,33,45.515151515151516
d9d85084858129e26c82548dc13c1bb7accd95538648c19c9508f021022417f4,scorefile__L39,trigger_distance,91,18.23076923076923
d9d85084858129e26c82548dc13c1bb7accd95538648c19c9508f021022417f4,scorefile__L39,silent_gap,61,25.704918032786885
d9d85084858129e26c82548dc13c1bb7accd95538648c19c9508f021022417f4,scorefile__L39,burst_start_distance,61,27.16393442622951
d9d85084858129e26c82548dc13c1bb7accd95538648c19c9508f021022417f4,acquire__L39,trigger_distance,110,15.218181818181819
d9d85084858129e26c82548dc13c1bb7accd95538648c19c9508f021022417f4,acquire__L39,silent_gap,61,25.639344262295083
d9d85084858129e26c82548dc13c1bb7accd95538648c19c9508f021022417f4,acquire__L39,burst_start_distance,61,27.442622950819672
d9d85084858129e26c82548dc13c1bb7accd95538648c19c9508f021022417f4,report__L39,trigger_distance,35,45.714285714285715
d9d85084858129e26c82548dc13c1bb7accd95538648c19c9508f021022417f4,report__L39,silent_gap,19,82.36842105263158
d9d85084858129e26c82548dc13c1bb7accd95538648c19c9508f021022417f4,report__L39,burst_start_distance,19,83.89473684210526
d9d85084858129e26c82548dc13c1bb7accd95538648c19c9508f021022417f4,motivated__L39,trigger_distance,94,16.19148936170213
d9d85084858129e26c82548dc13c1bb7accd95538648c19c9508f021022417f4,motivated__L39,silent_gap,45,31.733333333333334
d9d85084858129e26c82548dc13c1bb7accd95538648c19c9508f021022417f4,motivated__L39,burst_start_distance,45,33.8
c31ecb909e34e8f8947a213ab201e073b716f4dbe28c13679a17d45f3a9107fc,suite__L39,trigger_distance,108,17.453703703703702
c31ecb909e34e8f8947a213ab201e073b716f4dbe28c13679a17d45f3a9107fc,suite__L39,silent_gap,69,25.753623188405797
c31ecb909e34e8f8947a213ab201e073b716f4dbe28c13679a17d45f3a9107fc,suite__L39,burst_start_distance,69,27.318840579710145
c31ecb909e34e8f8947a213ab201e073b716f4dbe28c13679a17d45f3a9107fc,validator__L39,trigger_distance,278,6.68705035971223
c31ecb909e34e8f8947a213ab201e073b716f4dbe28c13679a17d45f3a9107fc,validator__L39,silent_gap,89,17.764044943820224
c31ecb909e34e8f8947a213ab201e073b716f4dbe28c13679a17d45f3a9107fc,validator__L39,burst_start_distance,89,20.808988764044944
c31ecb909e34e8f8947a213ab201e073b716f4dbe28c13679a17d45f3a9107fc,scorefile__L39,trigger_distance,215,9.190697674418605
c31ecb909e34e8f8947a213ab201e073b716f4dbe28c13679a17d45f3a9107fc,scorefile__L39,silent_gap,99,17.78787878787879
c31ecb909e34e8f8947a213ab201e073b716f4dbe28c13679a17d45f3a9107fc,scorefile__L39,burst_start_distance,99,19.92929292929293
c31ecb909e34e8f8947a213ab201e073b716f4dbe28c13679a17d45f3a9107fc,acquire__L39,trigger_distance,82,23.79268292682927
c31ecb909e34e8f8947a213ab201e073b716f4dbe28c13679a17d45f3a9107fc,acquire__L39,silent_gap,57,32.78947368421053
c31ecb909e34e8f8947a213ab201e073b716f4dbe28c13679a17d45f3a9107fc,acquire__L39,burst_start_distance,57,34.228070175438596
c31ecb909e34e8f8947a213ab201e073b716f4dbe28c13679a17d45f3a9107fc,report__L39,trigger_distance,49,24.836734693877553
c31ecb909e34e8f8947a213ab201e073b716f4dbe28c13679a17d45f3a9107fc,report__L39,silent_gap,29,40.275862068965516
c31ecb909e34e8f8947a213ab201e073b716f4dbe28c13679a17d45f3a9107fc,report__L39,burst_start_distance,29,41.86206896551724
c31ecb909e34e8f8947a213ab201e073b716f4dbe28c13679a17d45f3a9107fc,motivated__L39,trigger_distance,110,16.754545454545454
c31ecb909e34e8f8947a213ab201e073b716f4dbe28c13679a17d45f3a9107fc,motivated__L39,silent_gap,55,31.509090909090908
c31ecb909e34e8f8947a213ab201e073b716f4dbe28c13679a17d45f3a9107fc,motivated__L39,burst_start_distance,55,33.472727272727276
f0f31784a518672636211992c45b9bf76991d4a265bfe2a7125ac96e2318d07a,suite__L39,trigger_distance,250,12.052
f0f31784a518672636211992c45b9bf76991d4a265bfe2a7125ac96e2318d07a,suite__L39,silent_gap,127,21.755905511811022
f0f31784a518672636211992c45b9bf76991d4a265bfe2a7125ac96e2318d07a,suite__L39,burst_start_distance,127,23.700787401574804
f0f31784a518672636211992c45b9bf76991d4a265bfe2a7125ac96e2318d07a,validator__L39,trigger_distance,249,11.566265060240964
f0f31784a518672636211992c45b9bf76991d4a265bfe2a7125ac96e2318d07a,validator__L39,silent_gap,105,25.057142857142857
f0f31784a518672636211992c45b9bf76991d4a265bfe2a7125ac96e2318d07a,validator__L39,burst_start_distance,105,27.428571428571427
f0f31784a518672636211992c45b9bf76991d4a265bfe2a7125ac96e2318d07a,scorefile__L39,trigger_distance,301,10.215946843853821
f0f31784a518672636211992c45b9bf76991d4a265bfe2a7125ac96e2318d07a,scorefile__L39,silent_gap,145,19.131034482758622
f0f31784a518672636211992c45b9bf76991d4a265bfe2a7125ac96e2318d07a,scorefile__L39,burst_start_distance,145,21.20689655172414
f0f31784a518672636211992c45b9bf76991d4a265bfe2a7125ac96e2318d07a,acquire__L39,trigger_distance,140,21.52857142857143
f0f31784a518672636211992c45b9bf76991d4a265bfe2a7125ac96e2318d07a,acquire__L39,silent_gap,93,30.903225806451612
f0f31784a518672636211992c45b9bf76991d4a265bfe2a7125ac96e2318d07a,acquire__L39,burst_start_distance,93,32.40860215053763
f0f31784a518672636211992c45b9bf76991d4a265bfe2a7125ac96e2318d07a,report__L39,trigger_distance,176,16.97159090909091
f0f31784a518672636211992c45b9bf76991d4a265bfe2a7125ac96e2318d07a,report__L39,silent_gap,70,40.15714285714286
f0f31784a518672636211992c45b9bf76991d4a265bfe2a7125ac96e2318d07a,report__L39,burst_start_distance,70,42.47142857142857
f0f31784a518672636211992c45b9bf76991d4a265bfe2a7125ac96e2318d07a,motivated__L39,trigger_distance,221,13.44343891402715
f0f31784a518672636211992c45b9bf76991d4a265bfe2a7125ac96e2318d07a,motivated__L39,silent_gap,103,26.699029126213592
f0f31784a518672636211992c45b9bf76991d4a265bfe2a7125ac96e2318d07a,motivated__L39,burst_start_distance,103,28.83495145631068
ef5937797be74831a2a5885cf085abfc75ffea09abcdf6dbad9608ec3fbebc8b,suite__L39,trigger_distance,288,15.052083333333334
ef5937797be74831a2a5885cf085abfc75ffea09abcdf6dbad9608ec3fbebc8b,suite__L39,silent_gap,173,23.393063583815028
ef5937797be74831a2a5885cf085abfc75ffea09abcdf6dbad9608ec3fbebc8b,suite__L39,burst_start_distance,173,25.040462427745666
ef5937797be74831a2a5885cf085abfc75ffea09abcdf6dbad9608ec3fbebc8b,validator__L39,trigger_distance,190,21.810526315789474
ef5937797be74831a2a5885cf085abfc75ffea09abcdf6dbad9608ec3fbebc8b,validator__L39,silent_gap,107,36.953271028037385
ef5937797be74831a2a5885cf085abfc75ffea09abcdf6dbad9608ec3fbebc8b,validator__L39,burst_start_distance,107,38.7196261682243
ef5937797be74831a2a5885cf085abfc75ffea09abcdf6dbad9608ec3fbebc8b,scorefile__L39,trigger_distance,259,16.77992277992278
ef5937797be74831a2a5885cf085abfc75ffea09abcdf6dbad9608ec3fbebc8b,scorefile__L39,silent_gap,146,27.993150684931507
ef5937797be74831a2a5885cf085abfc75ffea09abcdf6dbad9608ec3fbebc8b,scorefile__L39,burst_start_distance,146,29.767123287671232
ef5937797be74831a2a5885cf085abfc75ffea09abcdf6dbad9608ec3fbebc8b,acquire__L39,trigger_distance,188,22.72340425531915
ef5937797be74831a2a5885cf085abfc75ffea09abcdf6dbad9608ec3fbebc8b,acquire__L39,silent_gap,126,32.41269841269841
ef5937797be74831a2a5885cf085abfc75ffea09abcdf6dbad9608ec3fbebc8b,acquire__L39,burst_start_distance,126,33.904761904761905
ef5937797be74831a2a5885cf085abfc75ffea09abcdf6dbad9608ec3fbebc8b,report__L39,trigger_distance,238,18.04621848739496
ef5937797be74831a2a5885cf085abfc75ffea09abcdf6dbad9608ec3fbebc8b,report__L39,silent_gap,89,45.58426966292135
ef5937797be74831a2a5885cf085abfc75ffea09abcdf6dbad9608ec3fbebc8b,report__L39,burst_start_distance,89,48.06741573033708
ef5937797be74831a2a5885cf085abfc75ffea09abcdf6dbad9608ec3fbebc8b,motivated__L39,trigger_distance,294,14.275510204081632
ef5937797be74831a2a5885cf085abfc75ffea09abcdf6dbad9608ec3fbebc8b,motivated__L39,silent_gap,174,22.43103448275862
ef5937797be74831a2a5885cf085abfc75ffea09abcdf6dbad9608ec3fbebc8b,motivated__L39,burst_start_distance,174,24.120689655172413
3ea5b769433e6d8e5dc149bd4a77809a2744aba9c8b6dc42fa1e5bbf1048d86c,suite__L39,trigger_distance,150,19.173333333333332
3ea5b769433e6d8e5dc149bd4a77809a2744aba9c8b6dc42fa1e5bbf1048d86c,suite__L39,silent_gap,103,26.466019417475728
3ea5b769433e6d8e5dc149bd4a77809a2744aba9c8b6dc42fa1e5bbf1048d86c,suite__L39,burst_start_distance,103,27.893203883495147
3ea5b769433e6d8e5dc149bd4a77809a2744aba9c8b6dc42fa1e5bbf1048d86c,validator__L39,trigger_distance,132,20.984848484848484
3ea5b769433e6d8e5dc149bd4a77809a2744aba9c8b6dc42fa1e5bbf1048d86c,validator__L39,silent_gap,60,43.96666666666667
3ea5b769433e6d8e5dc149bd4a77809a2744aba9c8b6dc42fa1e5bbf1048d86c,validator__L39,burst_start_distance,60,46.15
3ea5b769433e6d8e5dc149bd4a77809a2744aba9c8b6dc42fa1e5bbf1048d86c,scorefile__L39,trigger_distance,169,16.988165680473372
3ea5b769433e6d8e5dc149bd4a77809a2744aba9c8b6dc42fa1e5bbf1048d86c,scorefile__L39,silent_gap,113,23.911504424778762
3ea5b769433e6d8e5dc149bd4a77809a2744aba9c8b6dc42fa1e5bbf1048d86c,scorefile__L39,burst_start_distance,113,25.4070796460177
3ea5b769433e6d8e5dc149bd4a77809a2744aba9c8b6dc42fa1e5bbf1048d86c,acquire__L39,trigger_distance,109,25.94495412844037
3ea5b769433e6d8e5dc149bd4a77809a2744aba9c8b6dc42fa1e5bbf1048d86c,acquire__L39,silent_gap,75,36.25333333333333
3ea5b769433e6d8e5dc149bd4a77809a2744aba9c8b6dc42fa1e5bbf1048d86c,acquire__L39,burst_start_distance,75,37.70666666666666
3ea5b769433e6d8e5dc149bd4a77809a2744aba9c8b6dc42fa1e5bbf1048d86c,report__L39,trigger_distance,183,15.371584699453551
3ea5b769433e6d8e5dc149bd4a77809a2744aba9c8b6dc42fa1e5bbf1048d86c,report__L39,silent_gap,67,39.25373134328358
3ea5b769433e6d8e5dc149bd4a77809a2744aba9c8b6dc42fa1e5bbf1048d86c,report__L39,burst_start_distance,67,41.76119402985075
3ea5b769433e6d8e5dc149bd4a77809a2744aba9c8b6dc42fa1e5bbf1048d86c,motivated__L39,trigger_distance,164,16.786585365853657
3ea5b769433e6d8e5dc149bd4a77809a2744aba9c8b6dc42fa1e5bbf1048d86c,motivated__L39,silent_gap,84,30.821428571428573
3ea5b769433e6d8e5dc149bd4a77809a2744aba9c8b6dc42fa1e5bbf1048d86c,motivated__L39,burst_start_distance,84,32.76190476190476
d2943b13945aa12f9ff9e4f1f4c3f99d0f7033eb2ef74533b6bb3a28bd93be3a,suite__L39,trigger_distance,237,12.995780590717299
d2943b13945aa12f9ff9e4f1f4c3f99d0f7033eb2ef74533b6bb3a28bd93be3a,suite__L39,silent_gap,151,18.827814569536425
d2943b13945aa12f9ff9e4f1f4c3f99d0f7033eb2ef74533b6bb3a28bd93be3a,suite__L39,burst_start_distance,151,20.397350993377483
d2943b13945aa12f9ff9e4f1f4c3f99d0f7033eb2ef74533b6bb3a28bd93be3a,validator__L39,trigger_distance,200,15.21
d2943b13945aa12f9ff9e4f1f4c3f99d0f7033eb2ef74533b6bb3a28bd93be3a,validator__L39,silent_gap,91,31.23076923076923
d2943b13945aa12f9ff9e4f1f4c3f99d0f7033eb2ef74533b6bb3a28bd93be3a,validator__L39,burst_start_distance,91,33.42857142857143
d2943b13945aa12f9ff9e4f1f4c3f99d0f7033eb2ef74533b6bb3a28bd93be3a,scorefile__L39,trigger_distance,228,13.394736842105264
d2943b13945aa12f9ff9e4f1f4c3f99d0f7033eb2ef74533b6bb3a28bd93be3a,scorefile__L39,silent_gap,135,20.933333333333334
d2943b13945aa12f9ff9e4f1f4c3f99d0f7033eb2ef74533b6bb3a28bd93be3a,scorefile__L39,burst_start_distance,135,22.622222222222224
d2943b13945aa12f9ff9e4f1f4c3f99d0f7033eb2ef74533b6bb3a28bd93be3a,acquire__L39,trigger_distance,136,21.830882352941178
d2943b13945aa12f9ff9e4f1f4c3f99d0f7033eb2ef74533b6bb3a28bd93be3a,acquire__L39,silent_gap,91,31.13186813186813
d2943b13945aa12f9ff9e4f1f4c3f99d0f7033eb2ef74533b6bb3a28bd93be3a,acquire__L39,burst_start_distance,91,32.62637362637363
d2943b13945aa12f9ff9e4f1f4c3f99d0f7033eb2ef74533b6bb3a28bd93be3a,report__L39,trigger_distance,227,13.462555066079295
d2943b13945aa12f9ff9e4f1f4c3f99d0f7033eb2ef74533b6bb3a28bd93be3a,report__L39,silent_gap,71,39.84507042253521
d2943b13945aa12f9ff9e4f1f4c3f99d0f7033eb2ef74533b6bb3a28bd93be3a,report__L39,burst_start_distance,71,42.929577464788736
d2943b13945aa12f9ff9e4f1f4c3f99d0f7033eb2ef74533b6bb3a28bd93be3a,motivated__L39,trigger_distance,209,14.526315789473685
d2943b13945aa12f9ff9e4f1f4c3f99d0f7033eb2ef74533b6bb3a28bd93be3a,motivated__L39,silent_gap,105,26.923809523809524
d2943b13945aa12f9ff9e4f1f4c3f99d0f7033eb2ef74533b6bb3a28bd93be3a,motivated__L39,burst_start_distance,105,28.895238095238096
59747d441ad6d0dcb748f63afbf60d03bbc7e4d9f66f4f50075236ba9fac2ec5,suite__L39,trigger_distance,434,7.654377880184332
59747d441ad6d0dcb748f63afbf60d03bbc7e4d9f66f4f50075236ba9fac2ec5,suite__L39,silent_gap,207,13.951690821256038
59747d441ad6d0dcb748f63afbf60d03bbc7e4d9f66f4f50075236ba9fac2ec5,suite__L39,burst_start_distance,207,16.033816425120772
59747d441ad6d0dcb748f63afbf60d03bbc7e4d9f66f4f50075236ba9fac2ec5,validator__L39,trigger_distance,505,6.54059405940594
59747d441ad6d0dcb748f63afbf60d03bbc7e4d9f66f4f50075236ba9fac2ec5,validator__L39,silent_gap,202,13.851485148514852
59747d441ad6d0dcb748f63afbf60d03bbc7e4d9f66f4f50075236ba9fac2ec5,validator__L39,burst_start_distance,202,16.35148514851485
59747d441ad6d0dcb748f63afbf60d03bbc7e4d9f66f4f50075236ba9fac2ec5,scorefile__L39,trigger_distance,413,8.021791767554479
59747d441ad6d0dcb748f63afbf60d03bbc7e4d9f66f4f50075236ba9fac2ec5,scorefile__L39,silent_gap,196,14.795918367346939
59747d441ad6d0dcb748f63afbf60d03bbc7e4d9f66f4f50075236ba9fac2ec5,scorefile__L39,burst_start_distance,196,16.903061224489797
59747d441ad6d0dcb748f63afbf60d03bbc7e4d9f66f4f50075236ba9fac2ec5,acquire__L39,trigger_distance,144,22.805555555555557
59747d441ad6d0dcb748f63afbf60d03bbc7e4d9f66f4f50075236ba9fac2ec5,acquire__L39,silent_gap,92,34.130434782608695
59747d441ad6d0dcb748f63afbf60d03bbc7e4d9f66f4f50075236ba9fac2ec5,acquire__L39,burst_start_distance,92,35.69565217391305
59747d441ad6d0dcb748f63afbf60d03bbc7e4d9f66f4f50075236ba9fac2ec5,report__L39,trigger_distance,229,14.362445414847162
59747d441ad6d0dcb748f63afbf60d03bbc7e4d9f66f4f50075236ba9fac2ec5,report__L39,silent_gap,88,34.77272727272727
59747d441ad6d0dcb748f63afbf60d03bbc7e4d9f66f4f50075236ba9fac2ec5,report__L39,burst_start_distance,88,37.17045454545455
59747d441ad6d0dcb748f63afbf60d03bbc7e4d9f66f4f50075236ba9fac2ec5,motivated__L39,trigger_distance,130,23.66923076923077
59747d441ad6d0dcb748f63afbf60d03bbc7e4d9f66f4f50075236ba9fac2ec5,motivated__L39,silent_gap,74,39.82432432432432
59747d441ad6d0dcb748f63afbf60d03bbc7e4d9f66f4f50075236ba9fac2ec5,motivated__L39,burst_start_distance,74,41.567567567567565
3dffb3ed533acffe2724bfc13d4cbfc3a056a47aa4c89fec69b61d7c00d28042,suite__L39,trigger_distance,212,17.962264150943398
3dffb3ed533acffe2724bfc13d4cbfc3a056a47aa4c89fec69b61d7c00d28042,suite__L39,silent_gap,121,29.71900826446281
3dffb3ed533acffe2724bfc13d4cbfc3a056a47aa4c89fec69b61d7c00d28042,suite__L39,burst_start_distance,121,31.446280991735538
3dffb3ed533acffe2724bfc13d4cbfc3a056a47aa4c89fec69b61d7c00d28042,validator__L39,trigger_distance,150,25.04
3dffb3ed533acffe2724bfc13d4cbfc3a056a47aa4c89fec69b61d7c00d28042,validator__L39,silent_gap,77,46.83116883116883
3dffb3ed533acffe2724bfc13d4cbfc3a056a47aa4c89fec69b61d7c00d28042,validator__L39,burst_start_distance,77,48.76623376623377
3dffb3ed533acffe2724bfc13d4cbfc3a056a47aa4c89fec69b61d7c00d28042,scorefile__L39,trigger_distance,214,18.03271028037383
3dffb3ed533acffe2724bfc13d4cbfc3a056a47aa4c89fec69b61d7c00d28042,scorefile__L39,silent_gap,124,29.39516129032258
3dffb3ed533acffe2724bfc13d4cbfc3a056a47aa4c89fec69b61d7c00d28042,scorefile__L39,burst_start_distance,124,31.120967741935484
3dffb3ed533acffe2724bfc13d4cbfc3a056a47aa4c89fec69b61d7c00d28042,acquire__L39,trigger_distance,189,20.43915343915344
3dffb3ed533acffe2724bfc13d4cbfc3a056a47aa4c89fec69b61d7c00d28042,acquire__L39,silent_gap,116,31.67241379310345
3dffb3ed533acffe2724bfc13d4cbfc3a056a47aa4c89fec69b61d7c00d28042,acquire__L39,burst_start_distance,116,33.30172413793103
3dffb3ed533acffe2724bfc13d4cbfc3a056a47aa4c89fec69b61d7c00d28042,report__L39,trigger_distance,199,19.00502512562814
3dffb3ed533acffe2724bfc13d4cbfc3a056a47aa4c89fec69b61d7c00d28042,report__L39,silent_gap,73,49.082191780821915
3dffb3ed533acffe2724bfc13d4cbfc3a056a47aa4c89fec69b61d7c00d28042,report__L39,burst_start_distance,73,51.534246575342465
3dffb3ed533acffe2724bfc13d4cbfc3a056a47aa4c89fec69b61d7c00d28042,motivated__L39,trigger_distance,216,17.38888888888889
3dffb3ed533acffe2724bfc13d4cbfc3a056a47aa4c89fec69b61d7c00d28042,motivated__L39,silent_gap,130,27.23076923076923
3dffb3ed533acffe2724bfc13d4cbfc3a056a47aa4c89fec69b61d7c00d28042,motivated__L39,burst_start_distance,130,28.884615384615383
06a9f490e07648101b6e9731e3bd4df739aacdc4d84de2e8a498597c78eb5ae9,suite__L39,trigger_distance,365,7.454794520547945
06a9f490e07648101b6e9731e3bd4df739aacdc4d84de2e8a498597c78eb5ae9,suite__L39,silent_gap,183,12.87431693989071
06a9f490e07648101b6e9731e3bd4df739aacdc4d84de2e8a498597c78eb5ae9,suite__L39,burst_start_distance,183,14.852459016393443
06a9f490e07648101b6e9731e3bd4df739aacdc4d84de2e8a498597c78eb5ae9,validator__L39,trigger_distance,373,7.2520107238605895
06a9f490e07648101b6e9731e3bd4df739aacdc4d84de2e8a498597c78eb5ae9,validator__L39,silent_gap,116,20.103448275862068
06a9f490e07648101b6e9731e3bd4df739aacdc4d84de2e8a498597c78eb5ae9,validator__L39,burst_start_distance,116,23.31896551724138
06a9f490e07648101b6e9731e3bd4df739aacdc4d84de2e8a498597c78eb5ae9,scorefile__L39,trigger_distance,379,7.20844327176781
06a9f490e07648101b6e9731e3bd4df739aacdc4d84de2e8a498597c78eb5ae9,scorefile__L39,silent_gap,144,16.34027777777778
06a9f490e07648101b6e9731e3bd4df739aacdc4d84de2e8a498597c78eb5ae9,scorefile__L39,burst_start_distance,144,18.96527777777778
06a9f490e07648101b6e9731e3bd4df739aacdc4d84de2e8a498597c78eb5ae9,acquire__L39,trigger_distance,119,22.672268907563026
06a9f490e07648101b6e9731e3bd4df739aacdc4d84de2e8a498597c78eb5ae9,acquire__L39,silent_gap,79,32.64556962025316
06a9f490e07648101b6e9731e3bd4df739aacdc4d84de2e8a498597c78eb5ae9,acquire__L39,burst_start_distance,79,34.151898734177216
06a9f490e07648101b6e9731e3bd4df739aacdc4d84de2e8a498597c78eb5ae9,report__L39,trigger_distance,273,9.67032967032967
06a9f490e07648101b6e9731e3bd4df739aacdc4d84de2e8a498597c78eb5ae9,report__L39,silent_gap,96,24.65625
06a9f490e07648101b6e9731e3bd4df739aacdc4d84de2e8a498597c78eb5ae9,report__L39,burst_start_distance,96,27.416666666666668
06a9f490e07648101b6e9731e3bd4df739aacdc4d84de2e8a498597c78eb5ae9,motivated__L39,trigger_distance,184,13.755434782608695
06a9f490e07648101b6e9731e3bd4df739aacdc4d84de2e8a498597c78eb5ae9,motivated__L39,silent_gap,97,24.195876288659793
06a9f490e07648101b6e9731e3bd4df739aacdc4d84de2e8a498597c78eb5ae9,motivated__L39,burst_start_distance,97,26.09278350515464
ed41c92a8d702f0f1cff3122be006c159510a4a7b84a4cd61c531dd119562ada,suite__L39,trigger_distance,329,11.19452887537994
ed41c92a8d702f0f1cff3122be006c159510a4a7b84a4cd61c531dd119562ada,suite__L39,silent_gap,188,17.840425531914892
ed41c92a8d702f0f1cff3122be006c159510a4a7b84a4cd61c531dd119562ada,suite__L39,burst_start_distance,188,19.569148936170212
ed41c92a8d702f0f1cff3122be006c159510a4a7b84a4cd61c531dd119562ada,validator__L39,trigger_distance,236,15.275423728813559
ed41c92a8d702f0f1cff3122be006c159510a4a7b84a4cd61c531dd119562ada,validator__L39,silent_gap,125,26.952
ed41c92a8d702f0f1cff3122be006c159510a4a7b84a4cd61c531dd119562ada,validator__L39,burst_start_distance,125,28.832
ed41c92a8d702f0f1cff3122be006c159510a4a7b84a4cd61c531dd119562ada,scorefile__L39,trigger_distance,262,14.16030534351145
ed41c92a8d702f0f1cff3122be006c159510a4a7b84a4cd61c531dd119562ada,scorefile__L39,silent_gap,167,20.646706586826348
ed41c92a8d702f0f1cff3122be006c159510a4a7b84a4cd61c531dd119562ada,scorefile__L39,burst_start_distance,167,22.191616766467067
ed41c92a8d702f0f1cff3122be006c159510a4a7b84a4cd61c531dd119562ada,acquire__L39,trigger_distance,177,20.983050847457626
ed41c92a8d702f0f1cff3122be006c159510a4a7b84a4cd61c531dd119562ada,acquire__L39,silent_gap,121,29.231404958677686
ed41c92a8d702f0f1cff3122be006c159510a4a7b84a4cd61c531dd119562ada,acquire__L39,burst_start_distance,121,30.694214876033058
ed41c92a8d702f0f1cff3122be006c159510a4a7b84a4cd61c531dd119562ada,report__L39,trigger_distance,265,13.849056603773585
ed41c92a8d702f0f1cff3122be006c159510a4a7b84a4cd61c531dd119562ada,report__L39,silent_gap,93,36.61290322580645
ed41c92a8d702f0f1cff3122be006c159510a4a7b84a4cd61c531dd119562ada,report__L39,burst_start_distance,93,39.376344086021504
ed41c92a8d702f0f1cff3122be006c159510a4a7b84a4cd61c531dd119562ada,motivated__L39,trigger_distance,232,14.620689655172415
ed41c92a8d702f0f1cff3122be006c159510a4a7b84a4cd61c531dd119562ada,motivated__L39,silent_gap,116,27.24137931034483
ed41c92a8d702f0f1cff3122be006c159510a4a7b84a4cd61c531dd119562ada,motivated__L39,burst_start_distance,116,29.24137931034483
33cc0fbdffe43580dd4ba4ed685dd1ed7e99f1702411fc0a3bdc216f1c53de40,suite__L39,trigger_distance,122,19.811475409836067
33cc0fbdffe43580dd4ba4ed685dd1ed7e99f1702411fc0a3bdc216f1c53de40,suite__L39,silent_gap,72,31.875
33cc0fbdffe43580dd4ba4ed685dd1ed7e99f1702411fc0a3bdc216f1c53de40,suite__L39,burst_start_distance,72,33.56944444444444
33cc0fbdffe43580dd4ba4ed685dd1ed7e99f1702411fc0a3bdc216f1c53de40,validator__L39,trigger_distance,154,13.24025974025974
33cc0fbdffe43580dd4ba4ed685dd1ed7e99f1702411fc0a3bdc216f1c53de40,validator__L39,silent_gap,68,27.720588235294116
33cc0fbdffe43580dd4ba4ed685dd1ed7e99f1702411fc0a3bdc216f1c53de40,validator__L39,burst_start_distance,68,29.985294117647058
33cc0fbdffe43580dd4ba4ed685dd1ed7e99f1702411fc0a3bdc216f1c53de40,scorefile__L39,trigger_distance,175,13.88
33cc0fbdffe43580dd4ba4ed685dd1ed7e99f1702411fc0a3bdc216f1c53de40,scorefile__L39,silent_gap,96,23.479166666666668
33cc0fbdffe43580dd4ba4ed685dd1ed7e99f1702411fc0a3bdc216f1c53de40,scorefile__L39,burst_start_distance,96,25.302083333333332
33cc0fbdffe43580dd4ba4ed685dd1ed7e99f1702411fc0a3bdc216f1c53de40,acquire__L39,trigger_distance,113,21.530973451327434
33cc0fbdffe43580dd4ba4ed685dd1ed7e99f1702411fc0a3bdc216f1c53de40,acquire__L39,silent_gap,67,34.62686567164179
33cc0fbdffe43580dd4ba4ed685dd1ed7e99f1702411fc0a3bdc216f1c53de40,acquire__L39,burst_start_distance,67,36.3134328358209
33cc0fbdffe43580dd4ba4ed685dd1ed7e99f1702411fc0a3bdc216f1c53de40,report__L39,trigger_distance,69,34.30434782608695
33cc0fbdffe43580dd4ba4ed685dd1ed7e99f1702411fc0a3bdc216f1c53de40,report__L39,silent_gap,44,52.22727272727273
33cc0fbdffe43580dd4ba4ed685dd1ed7e99f1702411fc0a3bdc216f1c53de40,report__L39,burst_start_distance,44,53.75
33cc0fbdffe43580dd4ba4ed685dd1ed7e99f1702411fc0a3bdc216f1c53de40,motivated__L39,trigger_distance,173,13.583815028901734
33cc0fbdffe43580dd4ba4ed685dd1ed7e99f1702411fc0a3bdc216f1c53de40,motivated__L39,silent_gap,97,22.443298969072163
33cc0fbdffe43580dd4ba4ed685dd1ed7e99f1702411fc0a3bdc216f1c53de40,motivated__L39,burst_start_distance,97,24.22680412371134
c8fd1f55bc52fcaeb3ced0a40aa2dce49d410bc9fc1ca477fcf2f59ee01075cb,suite__L39,trigger_distance,223,9.228699551569507
c8fd1f55bc52fcaeb3ced0a40aa2dce49d410bc9fc1ca477fcf2f59ee01075cb,suite__L39,silent_gap,125,14.68
c8fd1f55bc52fcaeb3ced0a40aa2dce49d410bc9fc1ca477fcf2f59ee01075cb,suite__L39,burst_start_distance,125,16.44
c8fd1f55bc52fcaeb3ced0a40aa2dce49d410bc9fc1ca477fcf2f59ee01075cb,validator__L39,trigger_distance,289,7.041522491349481
c8fd1f55bc52fcaeb3ced0a40aa2dce49d410bc9fc1ca477fcf2f59ee01075cb,validator__L39,silent_gap,92,18.97826086956522
c8fd1f55bc52fcaeb3ced0a40aa2dce49d410bc9fc1ca477fcf2f59ee01075cb,validator__L39,burst_start_distance,92,22.119565217391305
c8fd1f55bc52fcaeb3ced0a40aa2dce49d410bc9fc1ca477fcf2f59ee01075cb,scorefile__L39,trigger_distance,292,7.102739726027397
c8fd1f55bc52fcaeb3ced0a40aa2dce49d410bc9fc1ca477fcf2f59ee01075cb,scorefile__L39,silent_gap,126,14.142857142857142
c8fd1f55bc52fcaeb3ced0a40aa2dce49d410bc9fc1ca477fcf2f59ee01075cb,scorefile__L39,burst_start_distance,126,16.452380952380953
c8fd1f55bc52fcaeb3ced0a40aa2dce49d410bc9fc1ca477fcf2f59ee01075cb,acquire__L39,trigger_distance,98,21.142857142857142
c8fd1f55bc52fcaeb3ced0a40aa2dce49d410bc9fc1ca477fcf2f59ee01075cb,acquire__L39,silent_gap,67,29.46268656716418
c8fd1f55bc52fcaeb3ced0a40aa2dce49d410bc9fc1ca477fcf2f59ee01075cb,acquire__L39,burst_start_distance,67,30.925373134328357
c8fd1f55bc52fcaeb3ced0a40aa2dce49d410bc9fc1ca477fcf2f59ee01075cb,report__L39,trigger_distance,117,16.863247863247864
c8fd1f55bc52fcaeb3ced0a40aa2dce49d410bc9fc1ca477fcf2f59ee01075cb,report__L39,silent_gap,37,50.16216216216216
c8fd1f55bc52fcaeb3ced0a40aa2dce49d410bc9fc1ca477fcf2f59ee01075cb,report__L39,burst_start_distance,37,52.891891891891895
c8fd1f55bc52fcaeb3ced0a40aa2dce49d410bc9fc1ca477fcf2f59ee01075cb,motivated__L39,trigger_distance,121,15.933884297520661
c8fd1f55bc52fcaeb3ced0a40aa2dce49d410bc9fc1ca477fcf2f59ee01075cb,motivated__L39,silent_gap,56,32.267857142857146
c8fd1f55bc52fcaeb3ced0a40aa2dce49d410bc9fc1ca477fcf2f59ee01075cb,motivated__L39,burst_start_distance,56,34.42857142857143
53cdecc33ed39e75f65da1ad2c3d8dcede944781f4c36ef55f642e986c91ef13,suite__L39,trigger_distance,175,15.468571428571428
53cdecc33ed39e75f65da1ad2c3d8dcede944781f4c36ef55f642e986c91ef13,suite__L39,silent_gap,99,25.575757575757574
53cdecc33ed39e75f65da1ad2c3d8dcede944781f4c36ef55f642e986c91ef13,suite__L39,burst_start_distance,99,27.303030303030305
53cdecc33ed39e75f65da1ad2c3d8dcede944781f4c36ef55f642e986c91ef13,validator__L39,trigger_distance,133,19.81954887218045
53cdecc33ed39e75f65da1ad2c3d8dcede944781f4c36ef55f642e986c91ef13,validator__L39,silent_gap,63,39.73015873015873
53cdecc33ed39e75f65da1ad2c3d8dcede944781f4c36ef55f642e986c91ef13,validator__L39,burst_start_distance,63,41.84126984126984
53cdecc33ed39e75f65da1ad2c3d8dcede944781f4c36ef55f642e986c91ef13,scorefile__L39,trigger_distance,184,14.309782608695652
53cdecc33ed39e75f65da1ad2c3d8dcede944781f4c36ef55f642e986c91ef13,scorefile__L39,silent_gap,123,19.910569105691057
53cdecc33ed39e75f65da1ad2c3d8dcede944781f4c36ef55f642e986c91ef13,scorefile__L39,burst_start_distance,123,21.40650406504065
53cdecc33ed39e75f65da1ad2c3d8dcede944781f4c36ef55f642e986c91ef13,acquire__L39,trigger_distance,117,22.102564102564102
53cdecc33ed39e75f65da1ad2c3d8dcede944781f4c36ef55f642e986c91ef13,acquire__L39,silent_gap,77,32.064935064935064
53cdecc33ed39e75f65da1ad2c3d8dcede944781f4c36ef55f642e986c91ef13,acquire__L39,burst_start_distance,77,33.58441558441559
53cdecc33ed39e75f65da1ad2c3d8dcede944781f4c36ef55f642e986c91ef13,report__L39,trigger_distance,177,14.903954802259888
53cdecc33ed39e75f65da1ad2c3d8dcede944781f4c36ef55f642e986c91ef13,report__L39,silent_gap,68,36.19117647058823
53cdecc33ed39e75f65da1ad2c3d8dcede944781f4c36ef55f642e986c91ef13,report__L39,burst_start_distance,68,38.588235294117645
53cdecc33ed39e75f65da1ad2c3d8dcede944781f4c36ef55f642e986c91ef13,motivated__L39,trigger_distance,208,12.576923076923077
53cdecc33ed39e75f65da1ad2c3d8dcede944781f4c36ef55f642e986c91ef13,motivated__L39,silent_gap,107,22.50467289719626
53cdecc33ed39e75f65da1ad2c3d8dcede944781f4c36ef55f642e986c91ef13,motivated__L39,burst_start_distance,107,24.44859813084112
22b312c3bb1e18fde0e729532214ddf4dcc6f4dceea27e02207aecc5045a8865,suite__L39,trigger_distance,172,20.58139534883721
22b312c3bb1e18fde0e729532214ddf4dcc6f4dceea27e02207aecc5045a8865,suite__L39,silent_gap,97,34.72164948453608
22b312c3bb1e18fde0e729532214ddf4dcc6f4dceea27e02207aecc5045a8865,suite__L39,burst_start_distance,97,36.47422680412371
22b312c3bb1e18fde0e729532214ddf4dcc6f4dceea27e02207aecc5045a8865,validator__L39,trigger_distance,154,22.649350649350648
22b312c3bb1e18fde0e729532214ddf4dcc6f4dceea27e02207aecc5045a8865,validator__L39,silent_gap,73,45.67123287671233
22b312c3bb1e18fde0e729532214ddf4dcc6f4dceea27e02207aecc5045a8865,validator__L39,burst_start_distance,73,47.78082191780822
22b312c3bb1e18fde0e729532214ddf4dcc6f4dceea27e02207aecc5045a8865,scorefile__L39,trigger_distance,265,13.633962264150943
22b312c3bb1e18fde0e729532214ddf4dcc6f4dceea27e02207aecc5045a8865,scorefile__L39,silent_gap,148,22.62162162162162
22b312c3bb1e18fde0e729532214ddf4dcc6f4dceea27e02207aecc5045a8865,scorefile__L39,burst_start_distance,148,24.39864864864865
22b312c3bb1e18fde0e729532214ddf4dcc6f4dceea27e02207aecc5045a8865,acquire__L39,trigger_distance,141,25.638297872340427
22b312c3bb1e18fde0e729532214ddf4dcc6f4dceea27e02207aecc5045a8865,acquire__L39,silent_gap,94,36.95744680851064
22b312c3bb1e18fde0e729532214ddf4dcc6f4dceea27e02207aecc5045a8865,acquire__L39,burst_start_distance,94,38.45744680851064
22b312c3bb1e18fde0e729532214ddf4dcc6f4dceea27e02207aecc5045a8865,report__L39,trigger_distance,118,29.889830508474578
22b312c3bb1e18fde0e729532214ddf4dcc6f4dceea27e02207aecc5045a8865,report__L39,silent_gap,52,65.5576923076923
22b312c3bb1e18fde0e729532214ddf4dcc6f4dceea27e02207aecc5045a8865,report__L39,burst_start_distance,52,67.5576923076923
22b312c3bb1e18fde0e729532214ddf4dcc6f4dceea27e02207aecc5045a8865,motivated__L39,trigger_distance,205,16.878048780487806
22b312c3bb1e18fde0e729532214ddf4dcc6f4dceea27e02207aecc5045a8865,motivated__L39,silent_gap,109,29.862385321100916
22b312c3bb1e18fde0e729532214ddf4dcc6f4dceea27e02207aecc5045a8865,motivated__L39,burst_start_distance,109,31.743119266055047
4c31103174fd5b610ea7acf7d78f2af7eaca582579dab8e286db9822b19c174d,suite__L39,trigger_distance,214,20.317757009345794
4c31103174fd5b610ea7acf7d78f2af7eaca582579dab8e286db9822b19c174d,suite__L39,silent_gap,134,30.850746268656717
4c31103174fd5b610ea7acf7d78f2af7eaca582579dab8e286db9822b19c174d,suite__L39,burst_start_distance,134,32.43283582089552
4c31103174fd5b610ea7acf7d78f2af7eaca582579dab8e286db9822b19c174d,validator__L39,trigger_distance,224,17.34375
4c31103174fd5b610ea7acf7d78f2af7eaca582579dab8e286db9822b19c174d,validator__L39,silent_gap,98,37.357142857142854
4c31103174fd5b610ea7acf7d78f2af7eaca582579dab8e286db9822b19c174d,validator__L39,burst_start_distance,98,39.642857142857146
4c31103174fd5b610ea7acf7d78f2af7eaca582579dab8e286db9822b19c174d,scorefile__L39,trigger_distance,281,15.523131672597865
4c31103174fd5b610ea7acf7d78f2af7eaca582579dab8e286db9822b19c174d,scorefile__L39,silent_gap,164,24.884146341463413
4c31103174fd5b610ea7acf7d78f2af7eaca582579dab8e286db9822b19c174d,scorefile__L39,burst_start_distance,164,26.585365853658537
4c31103174fd5b610ea7acf7d78f2af7eaca582579dab8e286db9822b19c174d,acquire__L39,trigger_distance,177,24.65536723163842
4c31103174fd5b610ea7acf7d78f2af7eaca582579dab8e286db9822b19c174d,acquire__L39,silent_gap,108,38.76851851851852
4c31103174fd5b610ea7acf7d78f2af7eaca582579dab8e286db9822b19c174d,acquire__L39,burst_start_distance,108,40.407407407407405
4c31103174fd5b610ea7acf7d78f2af7eaca582579dab8e286db9822b19c174d,report__L39,trigger_distance,150,28.74
4c31103174fd5b610ea7acf7d78f2af7eaca582579dab8e286db9822b19c174d,report__L39,silent_gap,71,58.605633802816904
4c31103174fd5b610ea7acf7d78f2af7eaca582579dab8e286db9822b19c174d,report__L39,burst_start_distance,71,60.478873239436616
4c31103174fd5b610ea7acf7d78f2af7eaca582579dab8e286db9822b19c174d,motivated__L39,trigger_distance,404,10.383663366336634
4c31103174fd5b610ea7acf7d78f2af7eaca582579dab8e286db9822b19c174d,motivated__L39,silent_gap,208,18.22596153846154
4c31103174fd5b610ea7acf7d78f2af7eaca582579dab8e286db9822b19c174d,motivated__L39,burst_start_distance,208,20.16826923076923
a24843cce85642e04f4d39d871b5a9000e244adb58c11cc683fee9761914058e,suite__L39,trigger_distance,253,9.063241106719367
a24843cce85642e04f4d39d871b5a9000e244adb58c11cc683fee9761914058e,suite__L39,silent_gap,119,17.142857142857142
a24843cce85642e04f4d39d871b5a9000e244adb58c11cc683fee9761914058e,suite__L39,burst_start_distance,119,19.243697478991596
a24843cce85642e04f4d39d871b5a9000e244adb58c11cc683fee9761914058e,validator__L39,trigger_distance,401,5.665835411471321
a24843cce85642e04f4d39d871b5a9000e244adb58c11cc683fee9761914058e,validator__L39,silent_gap,143,13.083916083916083
a24843cce85642e04f4d39d871b5a9000e244adb58c11cc683fee9761914058e,validator__L39,burst_start_distance,143,15.888111888111888
a24843cce85642e04f4d39d871b5a9000e244adb58c11cc683fee9761914058e,scorefile__L39,trigger_distance,291,8.161512027491408
a24843cce85642e04f4d39d871b5a9000e244adb58c11cc683fee9761914058e,scorefile__L39,silent_gap,151,13.801324503311259
a24843cce85642e04f4d39d871b5a9000e244adb58c11cc683fee9761914058e,scorefile__L39,burst_start_distance,151,15.728476821192054
a24843cce85642e04f4d39d871b5a9000e244adb58c11cc683fee9761914058e,acquire__L39,trigger_distance,121,19.041322314049587
a24843cce85642e04f4d39d871b5a9000e244adb58c11cc683fee9761914058e,acquire__L39,silent_gap,78,27.987179487179485
a24843cce85642e04f4d39d871b5a9000e244adb58c11cc683fee9761914058e,acquire__L39,burst_start_distance,78,29.53846153846154
a24843cce85642e04f4d39d871b5a9000e244adb58c11cc683fee9761914058e,report__L39,trigger_distance,91,25.032967032967033
a24843cce85642e04f4d39d871b5a9000e244adb58c11cc683fee9761914058e,report__L39,silent_gap,41,53.34146341463415
a24843cce85642e04f4d39d871b5a9000e244adb58c11cc683fee9761914058e,report__L39,burst_start_distance,41,55.36585365853659
a24843cce85642e04f4d39d871b5a9000e244adb58c11cc683fee9761914058e,motivated__L39,trigger_distance,93,22.258064516129032
a24843cce85642e04f4d39d871b5a9000e244adb58c11cc683fee9761914058e,motivated__L39,silent_gap,61,32.40983606557377
a24843cce85642e04f4d39d871b5a9000e244adb58c11cc683fee9761914058e,motivated__L39,burst_start_distance,61,33.9344262295082
08f4e3617b672a4fb177f2d22d533d9040836c8a8bc666732168d62232daa15d,suite__L39,trigger_distance,66,26.03030303030303
08f4e3617b672a4fb177f2d22d533d9040836c8a8bc666732168d62232daa15d,suite__L39,silent_gap,45,36.71111111111111
08f4e3617b672a4fb177f2d22d533d9040836c8a8bc666732168d62232daa15d,suite__L39,burst_start_distance,45,38.17777777777778
08f4e3617b672a4fb177f2d22d533d9040836c8a8bc666732168d62232daa15d,validator__L39,trigger_distance,69,24.304347826086957
08f4e3617b672a4fb177f2d22d533d9040836c8a8bc666732168d62232daa15d,validator__L39,silent_gap,40,40.2
08f4e3617b672a4fb177f2d22d533d9040836c8a8bc666732168d62232daa15d,validator__L39,burst_start_distance,40,41.875
08f4e3617b672a4fb177f2d22d533d9040836c8a8bc666732168d62232daa15d,scorefile__L39,trigger_distance,123,14.097560975609756
08f4e3617b672a4fb177f2d22d533d9040836c8a8bc666732168d62232daa15d,scorefile__L39,silent_gap,85,18.95294117647059
08f4e3617b672a4fb177f2d22d533d9040836c8a8bc666732168d62232daa15d,scorefile__L39,burst_start_distance,85,20.36470588235294
08f4e3617b672a4fb177f2d22d533d9040836c8a8bc666732168d62232daa15d,acquire__L39,trigger_distance,82,21.426829268292682
08f4e3617b672a4fb177f2d22d533d9040836c8a8bc666732168d62232daa15d,acquire__L39,silent_gap,57,29.385964912280702
08f4e3617b672a4fb177f2d22d533d9040836c8a8bc666732168d62232daa15d,acquire__L39,burst_start_distance,57,30.82456140350877
08f4e3617b672a4fb177f2d22d533d9040836c8a8bc666732168d62232daa15d,report__L39,trigger_distance,37,45.37837837837838
08f4e3617b672a4fb177f2d22d533d9040836c8a8bc666732168d62232daa15d,report__L39,silent_gap,28,58.642857142857146
08f4e3617b672a4fb177f2d22d533d9040836c8a8bc666732168d62232daa15d,report__L39,burst_start_distance,28,59.892857142857146
08f4e3617b672a4fb177f2d22d533d9040836c8a8bc666732168d62232daa15d,motivated__L39,trigger_distance,162,10.006172839506172
08f4e3617b672a4fb177f2d22d533d9040836c8a8bc666732168d62232daa15d,motivated__L39,silent_gap,84,17.36904761904762
08f4e3617b672a4fb177f2d22d533d9040836c8a8bc666732168d62232daa15d,motivated__L39,burst_start_distance,84,19.285714285714285
615e0ca1c11dc4e989190cc515bfdf0e99f3077835011f84b2040964b3463272,suite__L39,trigger_distance,441,7.814058956916099
615e0ca1c11dc4e989190cc515bfdf0e99f3077835011f84b2040964b3463272,suite__L39,silent_gap,180,16.694444444444443
615e0ca1c11dc4e989190cc515bfdf0e99f3077835011f84b2040964b3463272,suite__L39,burst_start_distance,180,19.127777777777776
615e0ca1c11dc4e989190cc515bfdf0e99f3077835011f84b2040964b3463272,validator__L39,trigger_distance,392,8.73469387755102
615e0ca1c11dc4e989190cc515bfdf0e99f3077835011f84b2040964b3463272,validator__L39,silent_gap,136,22.294117647058822
615e0ca1c11dc4e989190cc515bfdf0e99f3077835011f84b2040964b3463272,validator__L39,burst_start_distance,136,25.176470588235293
615e0ca1c11dc4e989190cc515bfdf0e99f3077835011f84b2040964b3463272,scorefile__L39,trigger_distance,419,8.293556085918855
615e0ca1c11dc4e989190cc515bfdf0e99f3077835011f84b2040964b3463272,scorefile__L39,silent_gap,197,15.51269035532995
615e0ca1c11dc4e989190cc515bfdf0e99f3077835011f84b2040964b3463272,scorefile__L39,burst_start_distance,197,17.639593908629443
615e0ca1c11dc4e989190cc515bfdf0e99f3077835011f84b2040964b3463272,acquire__L39,trigger_distance,166,20.927710843373493
615e0ca1c11dc4e989190cc515bfdf0e99f3077835011f84b2040964b3463272,acquire__L39,silent_gap,108,30.62962962962963
615e0ca1c11dc4e989190cc515bfdf0e99f3077835011f84b2040964b3463272,acquire__L39,burst_start_distance,108,32.166666666666664
615e0ca1c11dc4e989190cc515bfdf0e99f3077835011f84b2040964b3463272,report__L39,trigger_distance,215,15.906976744186046
615e0ca1c11dc4e989190cc515bfdf0e99f3077835011f84b2040964b3463272,report__L39,silent_gap,78,41.08974358974359
615e0ca1c11dc4e989190cc515bfdf0e99f3077835011f84b2040964b3463272,report__L39,burst_start_distance,78,43.64102564102564
615e0ca1c11dc4e989190cc515bfdf0e99f3077835011f84b2040964b3463272,motivated__L39,trigger_distance,208,16.01923076923077
615e0ca1c11dc4e989190cc515bfdf0e99f3077835011f84b2040964b3463272,motivated__L39,silent_gap,112,27.892857142857142
615e0ca1c11dc4e989190cc515bfdf0e99f3077835011f84b2040964b3463272,motivated__L39,burst_start_distance,112,29.75
35305da282f0d13d2cabc9d895192642a803005bb232a9b4213945a602a12728,suite__L39,trigger_distance,54,28.944444444444443
35305da282f0d13d2cabc9d895192642a803005bb232a9b4213945a602a12728,suite__L39,silent_gap,37,40.78378378378378
35305da282f0d13d2cabc9d895192642a803005bb232a9b4213945a602a12728,suite__L39,burst_start_distance,37,42.24324324324324
35305da282f0d13d2cabc9d895192642a803005bb232a9b4213945a602a12728,validator__L39,trigger_distance,127,11.976377952755906
35305da282f0d13d2cabc9d895192642a803005bb232a9b4213945a602a12728,validator__L39,silent_gap,56,24.892857142857142
35305da282f0d13d2cabc9d895192642a803005bb232a9b4213945a602a12728,validator__L39,burst_start_distance,56,27.107142857142858
35305da282f0d13d2cabc9d895192642a803005bb232a9b4213945a602a12728,scorefile__L39,trigger_distance,129,11.5968992248062
35305da282f0d13d2cabc9d895192642a803005bb232a9b4213945a602a12728,scorefile__L39,silent_gap,82,16.670731707317074
35305da282f0d13d2cabc9d895192642a803005bb232a9b4213945a602a12728,scorefile__L39,burst_start_distance,82,18.24390243902439
35305da282f0d13d2cabc9d895192642a803005bb232a9b4213945a602a12728,acquire__L39,trigger_distance,91,16.34065934065934
35305da282f0d13d2cabc9d895192642a803005bb232a9b4213945a602a12728,acquire__L39,silent_gap,60,23.266666666666666
35305da282f0d13d2cabc9d895192642a803005bb232a9b4213945a602a12728,acquire__L39,burst_start_distance,60,24.783333333333335
35305da282f0d13d2cabc9d895192642a803005bb232a9b4213945a602a12728,report__L39,trigger_distance,37,25.18918918918919
35305da282f0d13d2cabc9d895192642a803005bb232a9b4213945a602a12728,report__L39,silent_gap,20,44.75
35305da282f0d13d2cabc9d895192642a803005bb232a9b4213945a602a12728,report__L39,burst_start_distance,20,46.3
35305da282f0d13d2cabc9d895192642a803005bb232a9b4213945a602a12728,motivated__L39,trigger_distance,123,11.504065040650406
35305da282f0d13d2cabc9d895192642a803005bb232a9b4213945a602a12728,motivated__L39,silent_gap,59,21.89830508474576
35305da282f0d13d2cabc9d895192642a803005bb232a9b4213945a602a12728,motivated__L39,burst_start_distance,59,23.983050847457626
1f8a5aa79e376885db15d4b2fea84105cfd9fbd39da7daadd8b55782c9c93f82,suite__L39,trigger_distance,95,18.221052631578946
1f8a5aa79e376885db15d4b2fea84105cfd9fbd39da7daadd8b55782c9c93f82,suite__L39,silent_gap,53,30.867924528301888
1f8a5aa79e376885db15d4b2fea84105cfd9fbd39da7daadd8b55782c9c93f82,suite__L39,burst_start_distance,53,32.660377358490564
1f8a5aa79e376885db15d4b2fea84105cfd9fbd39da7daadd8b55782c9c93f82,validator__L39,trigger_distance,164,10.347560975609756
1f8a5aa79e376885db15d4b2fea84105cfd9fbd39da7daadd8b55782c9c93f82,validator__L39,silent_gap,72,21.291666666666668
1f8a5aa79e376885db15d4b2fea84105cfd9fbd39da7daadd8b55782c9c93f82,validator__L39,burst_start_distance,72,23.569444444444443
1f8a5aa79e376885db15d4b2fea84105cfd9fbd39da7daadd8b55782c9c93f82,scorefile__L39,trigger_distance,210,8.457142857142857
1f8a5aa79e376885db15d4b2fea84105cfd9fbd39da7daadd8b55782c9c93f82,scorefile__L39,silent_gap,85,18.423529411764704
1f8a5aa79e376885db15d4b2fea84105cfd9fbd39da7daadd8b55782c9c93f82,scorefile__L39,burst_start_distance,85,20.894117647058824
1f8a5aa79e376885db15d4b2fea84105cfd9fbd39da7daadd8b55782c9c93f82,acquire__L39,trigger_distance,107,16.588785046728972
1f8a5aa79e376885db15d4b2fea84105cfd9fbd39da7daadd8b55782c9c93f82,acquire__L39,silent_gap,65,25.661538461538463
1f8a5aa79e376885db15d4b2fea84105cfd9fbd39da7daadd8b55782c9c93f82,acquire__L39,burst_start_distance,65,27.307692307692307
1f8a5aa79e376885db15d4b2fea84105cfd9fbd39da7daadd8b55782c9c93f82,report__L39,trigger_distance,62,27.322580645161292
1f8a5aa79e376885db15d4b2fea84105cfd9fbd39da7daadd8b55782c9c93f82,report__L39,silent_gap,37,44.108108108108105
1f8a5aa79e376885db15d4b2fea84105cfd9fbd39da7daadd8b55782c9c93f82,report__L39,burst_start_distance,37,45.729729729729726
1f8a5aa79e376885db15d4b2fea84105cfd9fbd39da7daadd8b55782c9c93f82,motivated__L39,trigger_distance,123,12.211382113821138
1f8a5aa79e376885db15d4b2fea84105cfd9fbd39da7daadd8b55782c9c93f82,motivated__L39,silent_gap,55,25.072727272727274
1f8a5aa79e376885db15d4b2fea84105cfd9fbd39da7daadd8b55782c9c93f82,motivated__L39,burst_start_distance,55,27.30909090909091
bcc25aad76758990be98ccecd23693e2d609d6e188ffc5c3839a71d47df45386,suite__L39,trigger_distance,342,8.894736842105264
bcc25aad76758990be98ccecd23693e2d609d6e188ffc5c3839a71d47df45386,suite__L39,silent_gap,167,16.167664670658684
bcc25aad76758990be98ccecd23693e2d609d6e188ffc5c3839a71d47df45386,suite__L39,burst_start_distance,167,18.167664670658684
bcc25aad76758990be98ccecd23693e2d609d6e188ffc5c3839a71d47df45386,validator__L39,trigger_distance,305,9.918032786885245
bcc25aad76758990be98ccecd23693e2d609d6e188ffc5c3839a71d47df45386,validator__L39,silent_gap,113,24.07079646017699
bcc25aad76758990be98ccecd23693e2d609d6e188ffc5c3839a71d47df45386,validator__L39,burst_start_distance,113,26.734513274336283
bcc25aad76758990be98ccecd23693e2d609d6e188ffc5c3839a71d47df45386,scorefile__L39,trigger_distance,323,9.613003095975232
bcc25aad76758990be98ccecd23693e2d609d6e188ffc5c3839a71d47df45386,scorefile__L39,silent_gap,150,18.546666666666667
bcc25aad76758990be98ccecd23693e2d609d6e188ffc5c3839a71d47df45386,scorefile__L39,burst_start_distance,150,20.673333333333332
bcc25aad76758990be98ccecd23693e2d609d6e188ffc5c3839a71d47df45386,acquire__L39,trigger_distance,131,23.419847328244273
bcc25aad76758990be98ccecd23693e2d609d6e188ffc5c3839a71d47df45386,acquire__L39,silent_gap,96,30.59375
bcc25aad76758990be98ccecd23693e2d609d6e188ffc5c3839a71d47df45386,acquire__L39,burst_start_distance,96,31.958333333333332
bcc25aad76758990be98ccecd23693e2d609d6e188ffc5c3839a71d47df45386,report__L39,trigger_distance,241,12.556016597510373
bcc25aad76758990be98ccecd23693e2d609d6e188ffc5c3839a71d47df45386,report__L39,silent_gap,73,38.15068493150685
bcc25aad76758990be98ccecd23693e2d609d6e188ffc5c3839a71d47df45386,report__L39,burst_start_distance,73,41.26027397260274
bcc25aad76758990be98ccecd23693e2d609d6e188ffc5c3839a71d47df45386,motivated__L39,trigger_distance,128,22.15625
bcc25aad76758990be98ccecd23693e2d609d6e188ffc5c3839a71d47df45386,motivated__L39,silent_gap,80,33.85
bcc25aad76758990be98ccecd23693e2d609d6e188ffc5c3839a71d47df45386,motivated__L39,burst_start_distance,80,35.425
53e36b5d31d3025931fc9b814cf404c9256be8b117edf32c372fecfad930e8f4,suite__L39,trigger_distance,199,16.809045226130653
53e36b5d31d3025931fc9b814cf404c9256be8b117edf32c372fecfad930e8f4,suite__L39,silent_gap,119,26.436974789915965
53e36b5d31d3025931fc9b814cf404c9256be8b117edf32c372fecfad930e8f4,suite__L39,burst_start_distance,119,28.100840336134453
53e36b5d31d3025931fc9b814cf404c9256be8b117edf32c372fecfad930e8f4,validator__L39,trigger_distance,200,16.505
53e36b5d31d3025931fc9b814cf404c9256be8b117edf32c372fecfad930e8f4,validator__L39,silent_gap,106,29.254716981132077
53e36b5d31d3025931fc9b814cf404c9256be8b117edf32c372fecfad930e8f4,validator__L39,burst_start_distance,106,31.141509433962263
53e36b5d31d3025931fc9b814cf404c9256be8b117edf32c372fecfad930e8f4,scorefile__L39,trigger_distance,222,15.35135135135135
53e36b5d31d3025931fc9b814cf404c9256be8b117edf32c372fecfad930e8f4,scorefile__L39,silent_gap,158,20.164556962025316
53e36b5d31d3025931fc9b814cf404c9256be8b117edf32c372fecfad930e8f4,scorefile__L39,burst_start_distance,158,21.563291139240505
53e36b5d31d3025931fc9b814cf404c9256be8b117edf32c372fecfad930e8f4,acquire__L39,trigger_distance,160,21.31875
53e36b5d31d3025931fc9b814cf404c9256be8b117edf32c372fecfad930e8f4,acquire__L39,silent_gap,101,32.18811881188119
53e36b5d31d3025931fc9b814cf404c9256be8b117edf32c372fecfad930e8f4,acquire__L39,burst_start_distance,101,33.772277227722775
53e36b5d31d3025931fc9b814cf404c9256be8b117edf32c372fecfad930e8f4,report__L39,trigger_distance,169,19.562130177514792
53e36b5d31d3025931fc9b814cf404c9256be8b117edf32c372fecfad930e8f4,report__L39,silent_gap,82,38.25609756097561
53e36b5d31d3025931fc9b814cf404c9256be8b117edf32c372fecfad930e8f4,report__L39,burst_start_distance,82,40.13414634146341
53e36b5d31d3025931fc9b814cf404c9256be8b117edf32c372fecfad930e8f4,motivated__L39,trigger_distance,249,12.429718875502008
53e36b5d31d3025931fc9b814cf404c9256be8b117edf32c372fecfad930e8f4,motivated__L39,silent_gap,131,21.72519083969466
53e36b5d31d3025931fc9b814cf404c9256be8b117edf32c372fecfad930e8f4,motivated__L39,burst_start_distance,131,23.61832061068702
3195789524e5c682e9987424edfc14ecdf43f7c9f3f7fd4979b61c49792cdb8b,suite__L39,trigger_distance,65,37.38461538461539
3195789524e5c682e9987424edfc14ecdf43f7c9f3f7fd4979b61c49792cdb8b,suite__L39,silent_gap,50,47.3
3195789524e5c682e9987424edfc14ecdf43f7c9f3f7fd4979b61c49792cdb8b,suite__L39,burst_start_distance,50,48.58
3195789524e5c682e9987424edfc14ecdf43f7c9f3f7fd4979b61c49792cdb8b,validator__L39,trigger_distance,106,22.547169811320753
3195789524e5c682e9987424edfc14ecdf43f7c9f3f7fd4979b61c49792cdb8b,validator__L39,silent_gap,49,46.61224489795919
3195789524e5c682e9987424edfc14ecdf43f7c9f3f7fd4979b61c49792cdb8b,validator__L39,burst_start_distance,49,48.63265306122449
3195789524e5c682e9987424edfc14ecdf43f7c9f3f7fd4979b61c49792cdb8b,scorefile__L39,trigger_distance,141,17.72340425531915
3195789524e5c682e9987424edfc14ecdf43f7c9f3f7fd4979b61c49792cdb8b,scorefile__L39,silent_gap,88,26.795454545454547
3195789524e5c682e9987424edfc14ecdf43f7c9f3f7fd4979b61c49792cdb8b,scorefile__L39,burst_start_distance,88,28.397727272727273
3195789524e5c682e9987424edfc14ecdf43f7c9f3f7fd4979b61c49792cdb8b,acquire__L39,trigger_distance,127,19.763779527559056
3195789524e5c682e9987424edfc14ecdf43f7c9f3f7fd4979b61c49792cdb8b,acquire__L39,silent_gap,78,30.55128205128205
3195789524e5c682e9987424edfc14ecdf43f7c9f3f7fd4979b61c49792cdb8b,acquire__L39,burst_start_distance,78,32.17948717948718
3195789524e5c682e9987424edfc14ecdf43f7c9f3f7fd4979b61c49792cdb8b,report__L39,trigger_distance,70,34.5
3195789524e5c682e9987424edfc14ecdf43f7c9f3f7fd4979b61c49792cdb8b,report__L39,silent_gap,42,55.833333333333336
3195789524e5c682e9987424edfc14ecdf43f7c9f3f7fd4979b61c49792cdb8b,report__L39,burst_start_distance,42,57.45238095238095
3195789524e5c682e9987424edfc14ecdf43f7c9f3f7fd4979b61c49792cdb8b,motivated__L39,trigger_distance,166,14.283132530120483
3195789524e5c682e9987424edfc14ecdf43f7c9f3f7fd4979b61c49792cdb8b,motivated__L39,silent_gap,90,24.5
3195789524e5c682e9987424edfc14ecdf43f7c9f3f7fd4979b61c49792cdb8b,motivated__L39,burst_start_distance,90,26.344444444444445
1fd9d79dffbf0ac2befb05c9ab92be139e1b5cc94fe44f55099f8dd50924e2a7,suite__L39,trigger_distance,54,29.35185185185185
1fd9d79dffbf0ac2befb05c9ab92be139e1b5cc94fe44f55099f8dd50924e2a7,suite__L39,silent_gap,25,61.24
1fd9d79dffbf0ac2befb05c9ab92be139e1b5cc94fe44f55099f8dd50924e2a7,suite__L39,burst_start_distance,25,63.4
1fd9d79dffbf0ac2befb05c9ab92be139e1b5cc94fe44f55099f8dd50924e2a7,validator__L39,trigger_distance,125,11.936
1fd9d79dffbf0ac2befb05c9ab92be139e1b5cc94fe44f55099f8dd50924e2a7,validator__L39,silent_gap,51,26.80392156862745
1fd9d79dffbf0ac2befb05c9ab92be139e1b5cc94fe44f55099f8dd50924e2a7,validator__L39,burst_start_distance,51,29.254901960784313
1fd9d79dffbf0ac2befb05c9ab92be139e1b5cc94fe44f55099f8dd50924e2a7,scorefile__L39,trigger_distance,115,13.6
1fd9d79dffbf0ac2befb05c9ab92be139e1b5cc94fe44f55099f8dd50924e2a7,scorefile__L39,silent_gap,59,24.559322033898304
1fd9d79dffbf0ac2befb05c9ab92be139e1b5cc94fe44f55099f8dd50924e2a7,scorefile__L39,burst_start_distance,59,26.389830508474578
1fd9d79dffbf0ac2befb05c9ab92be139e1b5cc94fe44f55099f8dd50924e2a7,acquire__L39,trigger_distance,78,20.53846153846154
1fd9d79dffbf0ac2befb05c9ab92be139e1b5cc94fe44f55099f8dd50924e2a7,acquire__L39,silent_gap,51,29.88235294117647
1fd9d79dffbf0ac2befb05c9ab92be139e1b5cc94fe44f55099f8dd50924e2a7,acquire__L39,burst_start_distance,51,31.41176470588235
1fd9d79dffbf0ac2befb05c9ab92be139e1b5cc94fe44f55099f8dd50924e2a7,report__L39,trigger_distance,46,21.26086956521739
1fd9d79dffbf0ac2befb05c9ab92be139e1b5cc94fe44f55099f8dd50924e2a7,report__L39,silent_gap,21,44.38095238095238
1fd9d79dffbf0ac2befb05c9ab92be139e1b5cc94fe44f55099f8dd50924e2a7,report__L39,burst_start_distance,21,46.23809523809524
1fd9d79dffbf0ac2befb05c9ab92be139e1b5cc94fe44f55099f8dd50924e2a7,motivated__L39,trigger_distance,122,11.62295081967213
1fd9d79dffbf0ac2befb05c9ab92be139e1b5cc94fe44f55099f8dd50924e2a7,motivated__L39,silent_gap,58,22.344827586206897
1fd9d79dffbf0ac2befb05c9ab92be139e1b5cc94fe44f55099f8dd50924e2a7,motivated__L39,burst_start_distance,58,24.448275862068964
0627c138b067a7ddab734e81deceda621d6f10dee1691d73cfae9f616b5a5888,suite__L39,trigger_distance,104,15.961538461538462
0627c138b067a7ddab734e81deceda621d6f10dee1691d73cfae9f616b5a5888,suite__L39,silent_gap,55,28.29090909090909
0627c138b067a7ddab734e81deceda621d6f10dee1691d73cfae9f616b5a5888,suite__L39,burst_start_distance,55,30.181818181818183
0627c138b067a7ddab734e81deceda621d6f10dee1691d73cfae9f616b5a5888,validator__L39,trigger_distance,232,7.021551724137931
0627c138b067a7ddab734e81deceda621d6f10dee1691d73cfae9f616b5a5888,validator__L39,silent_gap,88,15.875
0627c138b067a7ddab734e81deceda621d6f10dee1691d73cfae9f616b5a5888,validator__L39,burst_start_distance,88,18.511363636363637
0627c138b067a7ddab734e81deceda621d6f10dee1691d73cfae9f616b5a5888,scorefile__L39,trigger_distance,210,8.085714285714285
0627c138b067a7ddab734e81deceda621d6f10dee1691d73cfae9f616b5a5888,scorefile__L39,silent_gap,104,14.307692307692308
0627c138b067a7ddab734e81deceda621d6f10dee1691d73cfae9f616b5a5888,scorefile__L39,burst_start_distance,104,16.326923076923077
0627c138b067a7ddab734e81deceda621d6f10dee1691d73cfae9f616b5a5888,acquire__L39,trigger_distance,82,19.329268292682926
0627c138b067a7ddab734e81deceda621d6f10dee1691d73cfae9f616b5a5888,acquire__L39,silent_gap,54,27.833333333333332
0627c138b067a7ddab734e81deceda621d6f10dee1691d73cfae9f616b5a5888,acquire__L39,burst_start_distance,54,29.35185185185185
0627c138b067a7ddab734e81deceda621d6f10dee1691d73cfae9f616b5a5888,report__L39,trigger_distance,67,24.34328358208955
0627c138b067a7ddab734e81deceda621d6f10dee1691d73cfae9f616b5a5888,report__L39,silent_gap,35,44.68571428571428
0627c138b067a7ddab734e81deceda621d6f10dee1691d73cfae9f616b5a5888,report__L39,burst_start_distance,35,46.57142857142857
0627c138b067a7ddab734e81deceda621d6f10dee1691d73cfae9f616b5a5888,motivated__L39,trigger_distance,114,13.640350877192983
0627c138b067a7ddab734e81deceda621d6f10dee1691d73cfae9f616b5a5888,motivated__L39,silent_gap,56,25.732142857142858
0627c138b067a7ddab734e81deceda621d6f10dee1691d73cfae9f616b5a5888,motivated__L39,burst_start_distance,56,27.732142857142858
9f0b5ad462e3ccbae8f02964e4cce79f2b4fe73a15c320014b914620ab94eb91,suite__L39,trigger_distance,147,10.666666666666666
9f0b5ad462e3ccbae8f02964e4cce79f2b4fe73a15c320014b914620ab94eb91,suite__L39,silent_gap,74,19.2027027027027
9f0b5ad462e3ccbae8f02964e4cce79f2b4fe73a15c320014b914620ab94eb91,suite__L39,burst_start_distance,74,21.18918918918919
9f0b5ad462e3ccbae8f02964e4cce79f2b4fe73a15c320014b914620ab94eb91,validator__L39,trigger_distance,292,5.2979452054794525
9f0b5ad462e3ccbae8f02964e4cce79f2b4fe73a15c320014b914620ab94eb91,validator__L39,silent_gap,90,13.944444444444445
9f0b5ad462e3ccbae8f02964e4cce79f2b4fe73a15c320014b914620ab94eb91,validator__L39,burst_start_distance,90,17.11111111111111
9f0b5ad462e3ccbae8f02964e4cce79f2b4fe73a15c320014b914620ab94eb91,scorefile__L39,trigger_distance,199,8.110552763819095
9f0b5ad462e3ccbae8f02964e4cce79f2b4fe73a15c320014b914620ab94eb91,scorefile__L39,silent_gap,103,13.737864077669903
9f0b5ad462e3ccbae8f02964e4cce79f2b4fe73a15c320014b914620ab94eb91,scorefile__L39,burst_start_distance,103,15.660194174757281
9f0b5ad462e3ccbae8f02964e4cce79f2b4fe73a15c320014b914620ab94eb91,acquire__L39,trigger_distance,84,19.095238095238095
9f0b5ad462e3ccbae8f02964e4cce79f2b4fe73a15c320014b914620ab94eb91,acquire__L39,silent_gap,56,27.142857142857142
9f0b5ad462e3ccbae8f02964e4cce79f2b4fe73a15c320014b914620ab94eb91,acquire__L39,burst_start_distance,56,28.642857142857142
9f0b5ad462e3ccbae8f02964e4cce79f2b4fe73a15c320014b914620ab94eb91,report__L39,trigger_distance,102,15.088235294117647
9f0b5ad462e3ccbae8f02964e4cce79f2b4fe73a15c320014b914620ab94eb91,report__L39,silent_gap,46,31.23913043478261
9f0b5ad462e3ccbae8f02964e4cce79f2b4fe73a15c320014b914620ab94eb91,report__L39,burst_start_distance,46,33.41304347826087
9f0b5ad462e3ccbae8f02964e4cce79f2b4fe73a15c320014b914620ab94eb91,motivated__L39,trigger_distance,71,20.971830985915492
9f0b5ad462e3ccbae8f02964e4cce79f2b4fe73a15c320014b914620ab94eb91,motivated__L39,silent_gap,34,41.705882352941174
9f0b5ad462e3ccbae8f02964e4cce79f2b4fe73a15c320014b914620ab94eb91,motivated__L39,burst_start_distance,34,43.794117647058826
c06d5332de8a2d50ab19ceb9fe7576c06c622d47b3d3298fbf5d72aac5ab584b,suite__L39,trigger_distance,196,12.887755102040817
c06d5332de8a2d50ab19ceb9fe7576c06c622d47b3d3298fbf5d72aac5ab584b,suite__L39,silent_gap,114,20.43859649122807
c06d5332de8a2d50ab19ceb9fe7576c06c622d47b3d3298fbf5d72aac5ab584b,suite__L39,burst_start_distance,114,22.13157894736842
c06d5332de8a2d50ab19ceb9fe7576c06c622d47b3d3298fbf5d72aac5ab584b,validator__L39,trigger_distance,240,10.129166666666666
c06d5332de8a2d50ab19ceb9fe7576c06c622d47b3d3298fbf5d72aac5ab584b,validator__L39,silent_gap,90,24.344444444444445
c06d5332de8a2d50ab19ceb9fe7576c06c622d47b3d3298fbf5d72aac5ab584b,validator__L39,burst_start_distance,90,26.944444444444443
c06d5332de8a2d50ab19ceb9fe7576c06c622d47b3d3298fbf5d72aac5ab584b,scorefile__L39,trigger_distance,237,10.839662447257384
c06d5332de8a2d50ab19ceb9fe7576c06c622d47b3d3298fbf5d72aac5ab584b,scorefile__L39,silent_gap,131,17.801526717557252
c06d5332de8a2d50ab19ceb9fe7576c06c622d47b3d3298fbf5d72aac5ab584b,scorefile__L39,burst_start_distance,131,19.610687022900763
c06d5332de8a2d50ab19ceb9fe7576c06c622d47b3d3298fbf5d72aac5ab584b,acquire__L39,trigger_distance,113,22.24778761061947
c06d5332de8a2d50ab19ceb9fe7576c06c622d47b3d3298fbf5d72aac5ab584b,acquire__L39,silent_gap,82,29.28048780487805
c06d5332de8a2d50ab19ceb9fe7576c06c622d47b3d3298fbf5d72aac5ab584b,acquire__L39,burst_start_distance,82,30.658536585365855
c06d5332de8a2d50ab19ceb9fe7576c06c622d47b3d3298fbf5d72aac5ab584b,report__L39,trigger_distance,229,10.868995633187772
c06d5332de8a2d50ab19ceb9fe7576c06c622d47b3d3298fbf5d72aac5ab584b,report__L39,silent_gap,82,27.5609756097561
c06d5332de8a2d50ab19ceb9fe7576c06c622d47b3d3298fbf5d72aac5ab584b,report__L39,burst_start_distance,82,30.170731707317074
c06d5332de8a2d50ab19ceb9fe7576c06c622d47b3d3298fbf5d72aac5ab584b,motivated__L39,trigger_distance,140,17.614285714285714
c06d5332de8a2d50ab19ceb9fe7576c06c622d47b3d3298fbf5d72aac5ab584b,motivated__L39,silent_gap,75,31.013333333333332
c06d5332de8a2d50ab19ceb9fe7576c06c622d47b3d3298fbf5d72aac5ab584b,motivated__L39,burst_start_distance,75,32.86666666666667
12ffb8ba01dd270f5b1eada193b977ec8a01aca4d6c5d9d2a2d0d932880aad9d,suite__L39,trigger_distance,73,14.561643835616438
12ffb8ba01dd270f5b1eada193b977ec8a01aca4d6c5d9d2a2d0d932880aad9d,suite__L39,silent_gap,37,26.756756756756758
12ffb8ba01dd270f5b1eada193b977ec8a01aca4d6c5d9d2a2d0d932880aad9d,suite__L39,burst_start_distance,37,28.7027027027027
12ffb8ba01dd270f5b1eada193b977ec8a01aca4d6c5d9d2a2d0d932880aad9d,validator__L39,trigger_distance,150,7.04
12ffb8ba01dd270f5b1eada193b977ec8a01aca4d6c5d9d2a2d0d932880aad9d,validator__L39,silent_gap,67,13.522388059701493
12ffb8ba01dd270f5b1eada193b977ec8a01aca4d6c5d9d2a2d0d932880aad9d,validator__L39,burst_start_distance,67,15.746268656716419
12ffb8ba01dd270f5b1eada193b977ec8a01aca4d6c5d9d2a2d0d932880aad9d,scorefile__L39,trigger_distance,155,7.2387096774193544
12ffb8ba01dd270f5b1eada193b977ec8a01aca4d6c5d9d2a2d0d932880aad9d,scorefile__L39,silent_gap,70,13.814285714285715
12ffb8ba01dd270f5b1eada193b977ec8a01aca4d6c5d9d2a2d0d932880aad9d,scorefile__L39,burst_start_distance,70,16.0
12ffb8ba01dd270f5b1eada193b977ec8a01aca4d6c5d9d2a2d0d932880aad9d,acquire__L39,trigger_distance,78,14.35897435897436
12ffb8ba01dd270f5b1eada193b977ec8a01aca4d6c5d9d2a2d0d932880aad9d,acquire__L39,silent_gap,49,21.26530612244898
12ffb8ba01dd270f5b1eada193b977ec8a01aca4d6c5d9d2a2d0d932880aad9d,acquire__L39,burst_start_distance,49,22.857142857142858
12ffb8ba01dd270f5b1eada193b977ec8a01aca4d6c5d9d2a2d0d932880aad9d,report__L39,trigger_distance,36,17.305555555555557
12ffb8ba01dd270f5b1eada193b977ec8a01aca4d6c5d9d2a2d0d932880aad9d,report__L39,silent_gap,17,34.529411764705884
12ffb8ba01dd270f5b1eada193b977ec8a01aca4d6c5d9d2a2d0d932880aad9d,report__L39,burst_start_distance,17,36.588235294117645
12ffb8ba01dd270f5b1eada193b977ec8a01aca4d6c5d9d2a2d0d932880aad9d,motivated__L39,trigger_distance,35,27.285714285714285
12ffb8ba01dd270f5b1eada193b977ec8a01aca4d6c5d9d2a2d0d932880aad9d,motivated__L39,silent_gap,25,36.8
12ffb8ba01dd270f5b1eada193b977ec8a01aca4d6c5d9d2a2d0d932880aad9d,motivated__L39,burst_start_distance,25,38.2
72a544882a455d8f554ec649f80e5467b3716f6dd2b80bce6838732393d179b6,suite__L39,trigger_distance,369,12.905149051490515
72a544882a455d8f554ec649f80e5467b3716f6dd2b80bce6838732393d179b6,suite__L39,silent_gap,223,19.699551569506728
72a544882a455d8f554ec649f80e5467b3716f6dd2b80bce6838732393d179b6,suite__L39,burst_start_distance,223,21.340807174887892
72a544882a455d8f554ec649f80e5467b3716f6dd2b80bce6838732393d179b6,validator__L39,trigger_distance,179,24.54189944134078
72a544882a455d8f554ec649f80e5467b3716f6dd2b80bce6838732393d179b6,validator__L39,silent_gap,85,49.576470588235296
72a544882a455d8f554ec649f80e5467b3716f6dd2b80bce6838732393d179b6,validator__L39,burst_start_distance,85,51.68235294117647
72a544882a455d8f554ec649f80e5467b3716f6dd2b80bce6838732393d179b6,scorefile__L39,trigger_distance,274,17.361313868613138
72a544882a455d8f554ec649f80e5467b3716f6dd2b80bce6838732393d179b6,scorefile__L39,silent_gap,175,25.617142857142856
72a544882a455d8f554ec649f80e5467b3716f6dd2b80bce6838732393d179b6,scorefile__L39,burst_start_distance,175,27.18285714285714
72a544882a455d8f554ec649f80e5467b3716f6dd2b80bce6838732393d179b6,acquire__L39,trigger_distance,200,23.715
72a544882a455d8f554ec649f80e5467b3716f6dd2b80bce6838732393d179b6,acquire__L39,silent_gap,122,37.23770491803279
72a544882a455d8f554ec649f80e5467b3716f6dd2b80bce6838732393d179b6,acquire__L39,burst_start_distance,122,38.877049180327866
72a544882a455d8f554ec649f80e5467b3716f6dd2b80bce6838732393d179b6,report__L39,trigger_distance,290,16.251724137931035
72a544882a455d8f554ec649f80e5467b3716f6dd2b80bce6838732393d179b6,report__L39,silent_gap,117,37.8034188034188
72a544882a455d8f554ec649f80e5467b3716f6dd2b80bce6838732393d179b6,report__L39,burst_start_distance,117,40.17094017094017
72a544882a455d8f554ec649f80e5467b3716f6dd2b80bce6838732393d179b6,motivated__L39,trigger_distance,303,15.567656765676567
72a544882a455d8f554ec649f80e5467b3716f6dd2b80bce6838732393d179b6,motivated__L39,silent_gap,166,26.59036144578313
72a544882a455d8f554ec649f80e5467b3716f6dd2b80bce6838732393d179b6,motivated__L39,burst_start_distance,166,28.41566265060241
019ba169d81210fd994dff2de107ecc903fe3cf3df656a0c0b2c819a2d066938,suite__L39,trigger_distance,156,23.307692307692307
019ba169d81210fd994dff2de107ecc903fe3cf3df656a0c0b2c819a2d066938,suite__L39,silent_gap,94,37.02127659574468
019ba169d81210fd994dff2de107ecc903fe3cf3df656a0c0b2c819a2d066938,suite__L39,burst_start_distance,94,38.680851063829785
019ba169d81210fd994dff2de107ecc903fe3cf3df656a0c0b2c819a2d066938,validator__L39,trigger_distance,206,17.354368932038835
019ba169d81210fd994dff2de107ecc903fe3cf3df656a0c0b2c819a2d066938,validator__L39,silent_gap,94,35.840425531914896
019ba169d81210fd994dff2de107ecc903fe3cf3df656a0c0b2c819a2d066938,validator__L39,burst_start_distance,94,38.02127659574468
019ba169d81210fd994dff2de107ecc903fe3cf3df656a0c0b2c819a2d066938,scorefile__L39,trigger_distance,218,16.743119266055047
019ba169d81210fd994dff2de107ecc903fe3cf3df656a0c0b2c819a2d066938,scorefile__L39,silent_gap,127,27.023622047244096
019ba169d81210fd994dff2de107ecc903fe3cf3df656a0c0b2c819a2d066938,scorefile__L39,burst_start_distance,127,28.74015748031496
019ba169d81210fd994dff2de107ecc903fe3cf3df656a0c0b2c819a2d066938,acquire__L39,trigger_distance,220,16.60909090909091
019ba169d81210fd994dff2de107ecc903fe3cf3df656a0c0b2c819a2d066938,acquire__L39,silent_gap,122,28.147540983606557
019ba169d81210fd994dff2de107ecc903fe3cf3df656a0c0b2c819a2d066938,acquire__L39,burst_start_distance,122,29.950819672131146
019ba169d81210fd994dff2de107ecc903fe3cf3df656a0c0b2c819a2d066938,report__L39,trigger_distance,79,45.21518987341772
019ba169d81210fd994dff2de107ecc903fe3cf3df656a0c0b2c819a2d066938,report__L39,silent_gap,38,91.92105263157895
019ba169d81210fd994dff2de107ecc903fe3cf3df656a0c0b2c819a2d066938,report__L39,burst_start_distance,38,93.71052631578948
019ba169d81210fd994dff2de107ecc903fe3cf3df656a0c0b2c819a2d066938,motivated__L39,trigger_distance,246,14.491869918699187
019ba169d81210fd994dff2de107ecc903fe3cf3df656a0c0b2c819a2d066938,motivated__L39,silent_gap,140,23.707142857142856
019ba169d81210fd994dff2de107ecc903fe3cf3df656a0c0b2c819a2d066938,motivated__L39,burst_start_distance,140,25.457142857142856
22de8af406eaac0fc94d256cbc98b09b052578611ea404fe3718eab9bbe9f796,suite__L39,trigger_distance,394,13.52284263959391
22de8af406eaac0fc94d256cbc98b09b052578611ea404fe3718eab9bbe9f796,suite__L39,silent_gap,210,23.495238095238093
22de8af406eaac0fc94d256cbc98b09b052578611ea404fe3718eab9bbe9f796,suite__L39,burst_start_distance,210,25.366666666666667
22de8af406eaac0fc94d256cbc98b09b052578611ea404fe3718eab9bbe9f796,validator__L39,trigger_distance,398,12.992462311557789
22de8af406eaac0fc94d256cbc98b09b052578611ea404fe3718eab9bbe9f796,validator__L39,silent_gap,184,25.940217391304348
22de8af406eaac0fc94d256cbc98b09b052578611ea404fe3718eab9bbe9f796,validator__L39,burst_start_distance,184,28.07608695652174
22de8af406eaac0fc94d256cbc98b09b052578611ea404fe3718eab9bbe9f796,scorefile__L39,trigger_distance,425,12.581176470588236
22de8af406eaac0fc94d256cbc98b09b052578611ea404fe3718eab9bbe9f796,scorefile__L39,silent_gap,245,20.089795918367347
22de8af406eaac0fc94d256cbc98b09b052578611ea404fe3718eab9bbe9f796,scorefile__L39,burst_start_distance,245,21.816326530612244
22de8af406eaac0fc94d256cbc98b09b052578611ea404fe3718eab9bbe9f796,acquire__L39,trigger_distance,230,23.169565217391305
22de8af406eaac0fc94d256cbc98b09b052578611ea404fe3718eab9bbe9f796,acquire__L39,silent_gap,162,31.47530864197531
22de8af406eaac0fc94d256cbc98b09b052578611ea404fe3718eab9bbe9f796,acquire__L39,burst_start_distance,162,32.89506172839506
22de8af406eaac0fc94d256cbc98b09b052578611ea404fe3718eab9bbe9f796,report__L39,trigger_distance,211,24.98578199052133
22de8af406eaac0fc94d256cbc98b09b052578611ea404fe3718eab9bbe9f796,report__L39,silent_gap,86,58.848837209302324
22de8af406eaac0fc94d256cbc98b09b052578611ea404fe3718eab9bbe9f796,report__L39,burst_start_distance,86,61.27906976744186
22de8af406eaac0fc94d256cbc98b09b052578611ea404fe3718eab9bbe9f796,motivated__L39,trigger_distance,501,10.550898203592814
22de8af406eaac0fc94d256cbc98b09b052578611ea404fe3718eab9bbe9f796,motivated__L39,silent_gap,223,21.457399103139014
22de8af406eaac0fc94d256cbc98b09b052578611ea404fe3718eab9bbe9f796,motivated__L39,burst_start_distance,223,23.699551569506728
252c7c8323f67a8979b3f37ce17e340c01aa4cb7805338defb18a0dbe95a14cd,suite__L39,trigger_distance,241,15.033195020746888
252c7c8323f67a8979b3f37ce17e340c01aa4cb7805338defb18a0dbe95a14cd,suite__L39,silent_gap,141,23.98581560283688
252c7c8323f67a8979b3f37ce17e340c01aa4cb7805338defb18a0dbe95a14cd,suite__L39,burst_start_distance,141,25.666666666666668
252c7c8323f67a8979b3f37ce17e340c01aa4cb7805338defb18a0dbe95a14cd,validator__L39,trigger_distance,171,17.84795321637427
252c7c8323f67a8979b3f37ce17e340c01aa4cb7805338defb18a0dbe95a14cd,validator__L39,silent_gap,84,34.29761904761905
252c7c8323f67a8979b3f37ce17e340c01aa4cb7805338defb18a0dbe95a14cd,validator__L39,burst_start_distance,84,36.333333333333336
252c7c8323f67a8979b3f37ce17e340c01aa4cb7805338defb18a0dbe95a14cd,scorefile__L39,trigger_distance,166,21.813253012048193
252c7c8323f67a8979b3f37ce17e340c01aa4cb7805338defb18a0dbe95a14cd,scorefile__L39,silent_gap,124,27.862903225806452
252c7c8323f67a8979b3f37ce17e340c01aa4cb7805338defb18a0dbe95a14cd,scorefile__L39,burst_start_distance,124,29.201612903225808
252c7c8323f67a8979b3f37ce17e340c01aa4cb7805338defb18a0dbe95a14cd,acquire__L39,trigger_distance,137,26.10948905109489
252c7c8323f67a8979b3f37ce17e340c01aa4cb7805338defb18a0dbe95a14cd,acquire__L39,silent_gap,91,37.8021978021978
252c7c8323f67a8979b3f37ce17e340c01aa4cb7805338defb18a0dbe95a14cd,acquire__L39,burst_start_distance,91,39.30769230769231
252c7c8323f67a8979b3f37ce17e340c01aa4cb7805338defb18a0dbe95a14cd,report__L39,trigger_distance,320,11.01875
252c7c8323f67a8979b3f37ce17e340c01aa4cb7805338defb18a0dbe95a14cd,report__L39,silent_gap,110,29.145454545454545
252c7c8323f67a8979b3f37ce17e340c01aa4cb7805338defb18a0dbe95a14cd,report__L39,burst_start_distance,110,31.90909090909091
252c7c8323f67a8979b3f37ce17e340c01aa4cb7805338defb18a0dbe95a14cd,motivated__L39,trigger_distance,276,12.710144927536232
252c7c8323f67a8979b3f37ce17e340c01aa4cb7805338defb18a0dbe95a14cd,motivated__L39,silent_gap,140,23.085714285714285
252c7c8323f67a8979b3f37ce17e340c01aa4cb7805338defb18a0dbe95a14cd,motivated__L39,burst_start_distance,140,25.057142857142857
0ebc5ba68398baab68ef01be87cd4815e5e1d14fa4a9ca282d2b2a9ef4852150,suite__L39,trigger_distance,187,9.470588235294118
0ebc5ba68398baab68ef01be87cd4815e5e1d14fa4a9ca282d2b2a9ef4852150,suite__L39,silent_gap,93,17.032258064516128
0ebc5ba68398baab68ef01be87cd4815e5e1d14fa4a9ca282d2b2a9ef4852150,suite__L39,burst_start_distance,93,19.010752688172044
0ebc5ba68398baab68ef01be87cd4815e5e1d14fa4a9ca282d2b2a9ef4852150,validator__L39,trigger_distance,258,6.22093023255814
0ebc5ba68398baab68ef01be87cd4815e5e1d14fa4a9ca282d2b2a9ef4852150,validator__L39,silent_gap,80,16.8375
0ebc5ba68398baab68ef01be87cd4815e5e1d14fa4a9ca282d2b2a9ef4852150,validator__L39,burst_start_distance,80,20.0
0ebc5ba68398baab68ef01be87cd4815e5e1d14fa4a9ca282d2b2a9ef4852150,scorefile__L39,trigger_distance,268,6.91044776119403
0ebc5ba68398baab68ef01be87cd4815e5e1d14fa4a9ca282d2b2a9ef4852150,scorefile__L39,silent_gap,119,13.3109243697479
0ebc5ba68398baab68ef01be87cd4815e5e1d14fa4a9ca282d2b2a9ef4852150,scorefile__L39,burst_start_distance,119,15.554621848739496
0ebc5ba68398baab68ef01be87cd4815e5e1d14fa4a9ca282d2b2a9ef4852150,acquire__L39,trigger_distance,65,26.16923076923077
0ebc5ba68398baab68ef01be87cd4815e5e1d14fa4a9ca282d2b2a9ef4852150,acquire__L39,silent_gap,45,36.355555555555554
0ebc5ba68398baab68ef01be87cd4815e5e1d14fa4a9ca282d2b2a9ef4852150,acquire__L39,burst_start_distance,45,37.77777777777778
0ebc5ba68398baab68ef01be87cd4815e5e1d14fa4a9ca282d2b2a9ef4852150,report__L39,trigger_distance,124,11.233870967741936
0ebc5ba68398baab68ef01be87cd4815e5e1d14fa4a9ca282d2b2a9ef4852150,report__L39,silent_gap,48,26.4375
0ebc5ba68398baab68ef01be87cd4815e5e1d14fa4a9ca282d2b2a9ef4852150,report__L39,burst_start_distance,48,28.666666666666668
0ebc5ba68398baab68ef01be87cd4815e5e1d14fa4a9ca282d2b2a9ef4852150,motivated__L39,trigger_distance,91,18.967032967032967
0ebc5ba68398baab68ef01be87cd4815e5e1d14fa4a9ca282d2b2a9ef4852150,motivated__L39,silent_gap,49,33.36734693877551
0ebc5ba68398baab68ef01be87cd4815e5e1d14fa4a9ca282d2b2a9ef4852150,motivated__L39,burst_start_distance,49,35.224489795918366
19df7f20e488d91784878b4a5f39d3d848334ea58b1aa4d4dff0a67161bc2c29,suite__L39,trigger_distance,146,23.561643835616437
19df7f20e488d91784878b4a5f39d3d848334ea58b1aa4d4dff0a67161bc2c29,suite__L39,silent_gap,101,32.613861386138616
19df7f20e488d91784878b4a5f39d3d848334ea58b1aa4d4dff0a67161bc2c29,suite__L39,burst_start_distance,101,34.05940594059406
19df7f20e488d91784878b4a5f39d3d848334ea58b1aa4d4dff0a67161bc2c29,validator__L39,trigger_distance,144,23.53472222222222
19df7f20e488d91784878b4a5f39d3d848334ea58b1aa4d4dff0a67161bc2c29,validator__L39,silent_gap,76,42.69736842105263
19df7f20e488d91784878b4a5f39d3d848334ea58b1aa4d4dff0a67161bc2c29,validator__L39,burst_start_distance,76,44.578947368421055
19df7f20e488d91784878b4a5f39d3d848334ea58b1aa4d4dff0a67161bc2c29,scorefile__L39,trigger_distance,184,18.76086956521739
19df7f20e488d91784878b4a5f39d3d848334ea58b1aa4d4dff0a67161bc2c29,scorefile__L39,silent_gap,142,23.014084507042252
19df7f20e488d91784878b4a5f39d3d848334ea58b1aa4d4dff0a67161bc2c29,scorefile__L39,burst_start_distance,142,24.309859154929576
19df7f20e488d91784878b4a5f39d3d848334ea58b1aa4d4dff0a67161bc2c29,acquire__L39,trigger_distance,149,23.19463087248322
19df7f20e488d91784878b4a5f39d3d848334ea58b1aa4d4dff0a67161bc2c29,acquire__L39,silent_gap,95,34.810526315789474
19df7f20e488d91784878b4a5f39d3d848334ea58b1aa4d4dff0a67161bc2c29,acquire__L39,burst_start_distance,95,36.37894736842105
19df7f20e488d91784878b4a5f39d3d848334ea58b1aa4d4dff0a67161bc2c29,report__L39,trigger_distance,92,36.90217391304348
19df7f20e488d91784878b4a5f39d3d848334ea58b1aa4d4dff0a67161bc2c29,report__L39,silent_gap,56,58.982142857142854
19df7f20e488d91784878b4a5f39d3d848334ea58b1aa4d4dff0a67161bc2c29,report__L39,burst_start_distance,56,60.589285714285715
19df7f20e488d91784878b4a5f39d3d848334ea58b1aa4d4dff0a67161bc2c29,motivated__L39,trigger_distance,214,14.925233644859814
19df7f20e488d91784878b4a5f39d3d848334ea58b1aa4d4dff0a67161bc2c29,motivated__L39,silent_gap,124,24.032258064516128
19df7f20e488d91784878b4a5f39d3d848334ea58b1aa4d4dff0a67161bc2c29,motivated__L39,burst_start_distance,124,25.758064516129032
b050e60d882929feed8d9b7aea3de34a3fa437bad826b440f748259fc8fecb2e,suite__L39,trigger_distance,252,13.341269841269842
b050e60d882929feed8d9b7aea3de34a3fa437bad826b440f748259fc8fecb2e,suite__L39,silent_gap,146,21.301369863013697
b050e60d882929feed8d9b7aea3de34a3fa437bad826b440f748259fc8fecb2e,suite__L39,burst_start_distance,146,23.006849315068493
b050e60d882929feed8d9b7aea3de34a3fa437bad826b440f748259fc8fecb2e,validator__L39,trigger_distance,179,17.156424581005588
b050e60d882929feed8d9b7aea3de34a3fa437bad826b440f748259fc8fecb2e,validator__L39,silent_gap,77,37.55844155844156
b050e60d882929feed8d9b7aea3de34a3fa437bad826b440f748259fc8fecb2e,validator__L39,burst_start_distance,77,39.883116883116884
b050e60d882929feed8d9b7aea3de34a3fa437bad826b440f748259fc8fecb2e,scorefile__L39,trigger_distance,198,16.984848484848484
b050e60d882929feed8d9b7aea3de34a3fa437bad826b440f748259fc8fecb2e,scorefile__L39,silent_gap,124,25.524193548387096
b050e60d882929feed8d9b7aea3de34a3fa437bad826b440f748259fc8fecb2e,scorefile__L39,burst_start_distance,124,27.120967741935484
b050e60d882929feed8d9b7aea3de34a3fa437bad826b440f748259fc8fecb2e,acquire__L39,trigger_distance,122,27.34426229508197
b050e60d882929feed8d9b7aea3de34a3fa437bad826b440f748259fc8fecb2e,acquire__L39,silent_gap,84,38.26190476190476
b050e60d882929feed8d9b7aea3de34a3fa437bad826b440f748259fc8fecb2e,acquire__L39,burst_start_distance,84,39.714285714285715
b050e60d882929feed8d9b7aea3de34a3fa437bad826b440f748259fc8fecb2e,report__L39,trigger_distance,284,11.679577464788732
b050e60d882929feed8d9b7aea3de34a3fa437bad826b440f748259fc8fecb2e,report__L39,silent_gap,106,28.61320754716981
b050e60d882929feed8d9b7aea3de34a3fa437bad826b440f748259fc8fecb2e,report__L39,burst_start_distance,106,31.18867924528302
b050e60d882929feed8d9b7aea3de34a3fa437bad826b440f748259fc8fecb2e,motivated__L39,trigger_distance,209,15.526315789473685
b050e60d882929feed8d9b7aea3de34a3fa437bad826b440f748259fc8fecb2e,motivated__L39,silent_gap,118,25.728813559322035
b050e60d882929feed8d9b7aea3de34a3fa437bad826b440f748259fc8fecb2e,motivated__L39,burst_start_distance,118,27.483050847457626
988307dd177a1a791587f62bf6521ece54cd9df9735100610233c63b50128353,suite__L39,trigger_distance,472,11.027542372881356
988307dd177a1a791587f62bf6521ece54cd9df9735100610233c63b50128353,suite__L39,silent_gap,248,19.08467741935484
988307dd177a1a791587f62bf6521ece54cd9df9735100610233c63b50128353,suite__L39,burst_start_distance,248,20.971774193548388
988307dd177a1a791587f62bf6521ece54cd9df9735100610233c63b50128353,validator__L39,trigger_distance,391,13.186700767263428
988307dd177a1a791587f62bf6521ece54cd9df9735100610233c63b50128353,validator__L39,silent_gap,160,29.78125
988307dd177a1a791587f62bf6521ece54cd9df9735100610233c63b50128353,validator__L39,burst_start_distance,160,32.225
988307dd177a1a791587f62bf6521ece54cd9df9735100610233c63b50128353,scorefile__L39,trigger_distance,429,12.13986013986014
988307dd177a1a791587f62bf6521ece54cd9df9735100610233c63b50128353,scorefile__L39,silent_gap,240,19.9125
988307dd177a1a791587f62bf6521ece54cd9df9735100610233c63b50128353,scorefile__L39,burst_start_distance,240,21.691666666666666
988307dd177a1a791587f62bf6521ece54cd9df9735100610233c63b50128353,acquire__L39,trigger_distance,159,32.77358490566038
988307dd177a1a791587f62bf6521ece54cd9df9735100610233c63b50128353,acquire__L39,silent_gap,115,43.93043478260869
988307dd177a1a791587f62bf6521ece54cd9df9735100610233c63b50128353,acquire__L39,burst_start_distance,115,45.31304347826087
988307dd177a1a791587f62bf6521ece54cd9df9735100610233c63b50128353,report__L39,trigger_distance,318,16.22327044025157
988307dd177a1a791587f62bf6521ece54cd9df9735100610233c63b50128353,report__L39,silent_gap,138,35.07971014492754
988307dd177a1a791587f62bf6521ece54cd9df9735100610233c63b50128353,report__L39,burst_start_distance,138,37.30434782608695
988307dd177a1a791587f62bf6521ece54cd9df9735100610233c63b50128353,motivated__L39,trigger_distance,425,12.110588235294118
988307dd177a1a791587f62bf6521ece54cd9df9735100610233c63b50128353,motivated__L39,silent_gap,217,21.76036866359447
988307dd177a1a791587f62bf6521ece54cd9df9735100610233c63b50128353,motivated__L39,burst_start_distance,217,23.71889400921659
bb07368262568ebf8f7c3b171cd24c3f18df4a2ed2abd8232109e656d06b2aef,suite__L39,trigger_distance,225,18.346666666666668
bb07368262568ebf8f7c3b171cd24c3f18df4a2ed2abd8232109e656d06b2aef,suite__L39,silent_gap,148,26.37162162162162
bb07368262568ebf8f7c3b171cd24c3f18df4a2ed2abd8232109e656d06b2aef,suite__L39,burst_start_distance,148,27.87162162162162
bb07368262568ebf8f7c3b171cd24c3f18df4a2ed2abd8232109e656d06b2aef,validator__L39,trigger_distance,162,25.15432098765432
bb07368262568ebf8f7c3b171cd24c3f18df4a2ed2abd8232109e656d06b2aef,validator__L39,silent_gap,81,48.30864197530864
bb07368262568ebf8f7c3b171cd24c3f18df4a2ed2abd8232109e656d06b2aef,validator__L39,burst_start_distance,81,50.30864197530864
bb07368262568ebf8f7c3b171cd24c3f18df4a2ed2abd8232109e656d06b2aef,scorefile__L39,trigger_distance,205,20.10731707317073
bb07368262568ebf8f7c3b171cd24c3f18df4a2ed2abd8232109e656d06b2aef,scorefile__L39,silent_gap,120,32.641666666666666
bb07368262568ebf8f7c3b171cd24c3f18df4a2ed2abd8232109e656d06b2aef,scorefile__L39,burst_start_distance,120,34.34166666666667
bb07368262568ebf8f7c3b171cd24c3f18df4a2ed2abd8232109e656d06b2aef,acquire__L39,trigger_distance,135,30.02962962962963
bb07368262568ebf8f7c3b171cd24c3f18df4a2ed2abd8232109e656d06b2aef,acquire__L39,silent_gap,87,45.04597701149425
bb07368262568ebf8f7c3b171cd24c3f18df4a2ed2abd8232109e656d06b2aef,acquire__L39,burst_start_distance,87,46.59770114942529
bb07368262568ebf8f7c3b171cd24c3f18df4a2ed2abd8232109e656d06b2aef,report__L39,trigger_distance,209,19.52153110047847
bb07368262568ebf8f7c3b171cd24c3f18df4a2ed2abd8232109e656d06b2aef,report__L39,silent_gap,88,43.98863636363637
bb07368262568ebf8f7c3b171cd24c3f18df4a2ed2abd8232109e656d06b2aef,report__L39,burst_start_distance,88,46.27272727272727
bb07368262568ebf8f7c3b171cd24c3f18df4a2ed2abd8232109e656d06b2aef,motivated__L39,trigger_distance,324,12.549382716049383
bb07368262568ebf8f7c3b171cd24c3f18df4a2ed2abd8232109e656d06b2aef,motivated__L39,silent_gap,167,22.407185628742514
bb07368262568ebf8f7c3b171cd24c3f18df4a2ed2abd8232109e656d06b2aef,motivated__L39,burst_start_distance,167,24.335329341317365
