scope,probe,metric,tokens,count
all_400,suite,trigger_distance,1,29895
all_400,suite,trigger_distance,2,7555
all_400,suite,trigger_distance,3,4781
all_400,suite,trigger_distance,4,3515
all_400,suite,trigger_distance,5,2534
all_400,suite,trigger_distance,6,1884
all_400,suite,trigger_distance,7,1557
all_400,suite,trigger_distance,8,1346
all_400,suite,trigger_distance,9,1100
all_400,suite,trigger_distance,10,955
all_400,suite,trigger_distance,11,864
all_400,suite,trigger_distance,12,742
all_400,suite,trigger_distance,13,738
all_400,suite,trigger_distance,14,570
all_400,suite,trigger_distance,15,513
all_400,suite,trigger_distance,16,435
all_400,suite,trigger_distance,17,440
all_400,suite,trigger_distance,18,381
all_400,suite,trigger_distance,19,422
all_400,suite,trigger_distance,20,395
all_400,suite,trigger_distance,21,342
all_400,suite,trigger_distance,22,314
all_400,suite,trigger_distance,23,286
all_400,suite,trigger_distance,24,263
all_400,suite,trigger_distance,25,224
all_400,suite,trigger_distance,26,215
all_400,suite,trigger_distance,27,208
all_400,suite,trigger_distance,28,166
all_400,suite,trigger_distance,29,190
all_400,suite,trigger_distance,30,168
all_400,suite,trigger_distance,31,168
all_400,suite,trigger_distance,32,138
all_400,suite,trigger_distance,33,151
all_400,suite,trigger_distance,34,145
all_400,suite,trigger_distance,35,125
all_400,suite,trigger_distance,36,109
all_400,suite,trigger_distance,37,149
all_400,suite,trigger_distance,38,105
all_400,suite,trigger_distance,39,121
all_400,suite,trigger_distance,40,106
all_400,suite,trigger_distance,41,116
all_400,suite,trigger_distance,42,84
all_400,suite,trigger_distance,43,80
all_400,suite,trigger_distance,44,90
all_400,suite,trigger_distance,45,90
all_400,suite,trigger_distance,46,82
all_400,suite,trigger_distance,47,84
all_400,suite,trigger_distance,48,77
all_400,suite,trigger_distance,49,77
all_400,suite,trigger_distance,50,77
all_400,suite,trigger_distance,51,86
all_400,suite,trigger_distance,52,70
all_400,suite,trigger_distance,53,91
all_400,suite,trigger_distance,54,63
all_400,suite,trigger_distance,55,60
all_400,suite,trigger_distance,56,65
all_400,suite,trigger_distance,57,56
all_400,suite,trigger_distance,58,65
all_400,suite,trigger_distance,59,56
all_400,suite,trigger_distance,60,52
all_400,suite,trigger_distance,61,53
all_400,suite,trigger_distance,62,49
all_400,suite,trigger_distance,63,53
all_400,suite,trigger_distance,64,56
all_400,suite,trigger_distance,65,59
all_400,suite,trigger_distance,66,59
all_400,suite,trigger_distance,67,51
all_400,suite,trigger_distance,68,65
all_400,suite,trigger_distance,69,52
all_400,suite,trigger_distance,70,50
all_400,suite,trigger_distance,71,46
all_400,suite,trigger_distance,72,44
all_400,suite,trigger_distance,73,44
all_400,suite,trigger_distance,74,44
all_400,suite,trigger_distance,75,40
all_400,suite,trigger_distance,76,43
all_400,suite,trigger_distance,77,43
all_400,suite,trigger_distance,78,44
all_400,suite,trigger_distance,79,49
all_400,suite,trigger_distance,80,56
all_400,suite,trigger_distance,81,50
all_400,suite,trigger_distance,82,45
all_400,suite,trigger_distance,83,46
all_400,suite,trigger_distance,84,59
all_400,suite,trigger_distance,85,41
all_400,suite,trigger_distance,86,36
all_400,suite,trigger_distance,87,40
all_400,suite,trigger_distance,88,47
all_400,suite,trigger_distance,89,34
all_400,suite,trigger_distance,90,45
all_400,suite,trigger_distance,91,43
all_400,suite,trigger_distance,92,42
all_400,suite,trigger_distance,93,51
all_400,suite,trigger_distance,94,29
all_400,suite,trigger_distance,95,29
all_400,suite,trigger_distance,96,41
all_400,suite,trigger_distance,97,37
all_400,suite,trigger_distance,98,40
all_400,suite,trigger_distance,99,38
all_400,suite,trigger_distance,100,35
all_400,suite,trigger_distance,101,32
all_400,suite,trigger_distance,102,34
all_400,suite,trigger_distance,103,46
all_400,suite,trigger_distance,104,40
all_400,suite,trigger_distance,105,23
all_400,suite,trigger_distance,106,32
all_400,suite,trigger_distance,107,37
all_400,suite,trigger_distance,108,41
all_400,suite,trigger_distance,109,33
all_400,suite,trigger_distance,110,33
all_400,suite,trigger_distance,111,34
all_400,suite,trigger_distance,112,31
all_400,suite,trigger_distance,113,36
all_400,suite,trigger_distance,114,32
all_400,suite,trigger_distance,115,24
all_400,suite,trigger_distance,116,34
all_400,suite,trigger_distance,117,21
all_400,suite,trigger_distance,118,22
all_400,suite,trigger_distance,119,25
all_400,suite,trigger_distance,120,28
all_400,suite,trigger_distance,121,34
all_400,suite,trigger_distance,122,18
all_400,suite,trigger_distance,123,30
all_400,suite,trigger_distance,124,31
all_400,suite,trigger_distance,125,27
all_400,suite,trigger_distance,126,24
all_400,suite,trigger_distance,127,27
all_400,suite,trigger_distance,128,25
all_400,suite,trigger_distance,129,24
all_400,suite,trigger_distance,130,21
all_400,suite,trigger_distance,131,14
all_400,suite,trigger_distance,132,29
all_400,suite,trigger_distance,133,28
all_400,suite,trigger_distance,134,26
all_400,suite,trigger_distance,135,18
all_400,suite,trigger_distance,136,22
all_400,suite,trigger_distance,137,21
all_400,suite,trigger_distance,138,31
all_400,suite,trigger_distance,139,18
all_400,suite,trigger_distance,140,25
all_400,suite,trigger_distance,141,20
all_400,suite,trigger_distance,142,17
all_400,suite,trigger_distance,143,18
all_400,suite,trigger_distance,144,22
all_400,suite,trigger_distance,145,28
all_400,suite,trigger_distance,146,25
all_400,suite,trigger_distance,147,18
all_400,suite,trigger_distance,148,19
all_400,suite,trigger_distance,149,20
all_400,suite,trigger_distance,150,28
all_400,suite,trigger_distance,151,16
all_400,suite,trigger_distance,152,22
all_400,suite,trigger_distance,153,10
all_400,suite,trigger_distance,154,21
all_400,suite,trigger_distance,155,21
all_400,suite,trigger_distance,156,7
all_400,suite,trigger_distance,157,17
all_400,suite,trigger_distance,158,15
all_400,suite,trigger_distance,159,19
all_400,suite,trigger_distance,160,13
all_400,suite,trigger_distance,161,21
all_400,suite,trigger_distance,162,20
all_400,suite,trigger_distance,163,14
all_400,suite,trigger_distance,164,17
all_400,suite,trigger_distance,165,9
all_400,suite,trigger_distance,166,11
all_400,suite,trigger_distance,167,19
all_400,suite,trigger_distance,168,15
all_400,suite,trigger_distance,169,11
all_400,suite,trigger_distance,170,18
all_400,suite,trigger_distance,171,16
all_400,suite,trigger_distance,172,14
all_400,suite,trigger_distance,173,16
all_400,suite,trigger_distance,174,11
all_400,suite,trigger_distance,175,11
all_400,suite,trigger_distance,176,13
all_400,suite,trigger_distance,177,18
all_400,suite,trigger_distance,178,13
all_400,suite,trigger_distance,179,8
all_400,suite,trigger_distance,180,12
all_400,suite,trigger_distance,181,10
all_400,suite,trigger_distance,182,12
all_400,suite,trigger_distance,183,8
all_400,suite,trigger_distance,184,16
all_400,suite,trigger_distance,185,12
all_400,suite,trigger_distance,186,15
all_400,suite,trigger_distance,187,16
all_400,suite,trigger_distance,188,17
all_400,suite,trigger_distance,189,7
all_400,suite,trigger_distance,190,14
all_400,suite,trigger_distance,191,18
all_400,suite,trigger_distance,192,14
all_400,suite,trigger_distance,193,11
all_400,suite,trigger_distance,194,12
all_400,suite,trigger_distance,195,16
all_400,suite,trigger_distance,196,12
all_400,suite,trigger_distance,197,6
all_400,suite,trigger_distance,198,6
all_400,suite,trigger_distance,199,12
all_400,suite,trigger_distance,200,12
all_400,suite,trigger_distance,201,10
all_400,suite,trigger_distance,202,12
all_400,suite,trigger_distance,203,14
all_400,suite,trigger_distance,204,11
all_400,suite,trigger_distance,205,11
all_400,suite,trigger_distance,206,19
all_400,suite,trigger_distance,207,6
all_400,suite,trigger_distance,208,9
all_400,suite,trigger_distance,209,11
all_400,suite,trigger_distance,210,14
all_400,suite,trigger_distance,211,10
all_400,suite,trigger_distance,212,15
all_400,suite,trigger_distance,213,10
all_400,suite,trigger_distance,214,7
all_400,suite,trigger_distance,215,9
all_400,suite,trigger_distance,216,13
all_400,suite,trigger_distance,217,12
all_400,suite,trigger_distance,218,10
all_400,suite,trigger_distance,219,9
all_400,suite,trigger_distance,220,6
all_400,suite,trigger_distance,221,5
all_400,suite,trigger_distance,222,12
all_400,suite,trigger_distance,223,11
all_400,suite,trigger_distance,224,7
all_400,suite,trigger_distance,225,6
all_400,suite,trigger_distance,226,9
all_400,suite,trigger_distance,227,13
all_400,suite,trigger_distance,228,10
all_400,suite,trigger_distance,229,3
all_400,suite,trigger_distance,230,8
all_400,suite,trigger_distance,231,6
all_400,suite,trigger_distance,232,7
all_400,suite,trigger_distance,233,6
all_400,suite,trigger_distance,234,6
all_400,suite,trigger_distance,235,2
all_400,suite,trigger_distance,236,7
all_400,suite,trigger_distance,237,7
all_400,suite,trigger_distance,238,10
all_400,suite,trigger_distance,239,8
all_400,suite,trigger_distance,240,6
all_400,suite,trigger_distance,241,15
all_400,suite,trigger_distance,242,7
all_400,suite,trigger_distance,243,8
all_400,suite,trigger_distance,244,6
all_400,suite,trigger_distance,245,7
all_400,suite,trigger_distance,246,5
all_400,suite,trigger_distance,247,8
all_400,suite,trigger_distance,248,4
all_400,suite,trigger_distance,249,4
all_400,suite,trigger_distance,250,7
all_400,suite,trigger_distance,251,7
all_400,suite,trigger_distance,252,5
all_400,suite,trigger_distance,253,4
all_400,suite,trigger_distance,254,7
all_400,suite,trigger_distance,255,7
all_400,suite,trigger_distance,256,4
all_400,suite,trigger_distance,257,6
all_400,suite,trigger_distance,258,7
all_400,suite,trigger_distance,259,3
all_400,suite,trigger_distance,260,5
all_400,suite,trigger_distance,261,7
all_400,suite,trigger_distance,262,7
all_400,suite,trigger_distance,263,2
all_400,suite,trigger_distance,264,4
all_400,suite,trigger_distance,265,3
all_400,suite,trigger_distance,266,10
all_400,suite,trigger_distance,267,6
all_400,suite,trigger_distance,268,3
all_400,suite,trigger_distance,269,6
all_400,suite,trigger_distance,270,10
all_400,suite,trigger_distance,271,8
all_400,suite,trigger_distance,272,2
all_400,suite,trigger_distance,273,3
all_400,suite,trigger_distance,274,3
all_400,suite,trigger_distance,275,3
all_400,suite,trigger_distance,276,4
all_400,suite,trigger_distance,277,6
all_400,suite,trigger_distance,278,1
all_400,suite,trigger_distance,279,2
all_400,suite,trigger_distance,280,10
all_400,suite,trigger_distance,281,3
all_400,suite,trigger_distance,282,4
all_400,suite,trigger_distance,283,5
all_400,suite,trigger_distance,284,3
all_400,suite,trigger_distance,285,5
all_400,suite,trigger_distance,286,3
all_400,suite,trigger_distance,287,4
all_400,suite,trigger_distance,288,4
all_400,suite,trigger_distance,289,3
all_400,suite,trigger_distance,290,3
all_400,suite,trigger_distance,291,3
all_400,suite,trigger_distance,292,6
all_400,suite,trigger_distance,293,1
all_400,suite,trigger_distance,294,4
all_400,suite,trigger_distance,295,3
all_400,suite,trigger_distance,296,3
all_400,suite,trigger_distance,297,1
all_400,suite,trigger_distance,298,7
all_400,suite,trigger_distance,299,4
all_400,suite,trigger_distance,300,6
all_400,suite,trigger_distance,301,2
all_400,suite,trigger_distance,303,4
all_400,suite,trigger_distance,304,2
all_400,suite,trigger_distance,305,4
all_400,suite,trigger_distance,306,2
all_400,suite,trigger_distance,307,5
all_400,suite,trigger_distance,308,6
all_400,suite,trigger_distance,310,1
all_400,suite,trigger_distance,311,7
all_400,suite,trigger_distance,312,4
all_400,suite,trigger_distance,313,2
all_400,suite,trigger_distance,314,4
all_400,suite,trigger_distance,315,3
all_400,suite,trigger_distance,316,6
all_400,suite,trigger_distance,317,4
all_400,suite,trigger_distance,318,3
all_400,suite,trigger_distance,319,3
all_400,suite,trigger_distance,320,2
all_400,suite,trigger_distance,321,5
all_400,suite,trigger_distance,322,4
all_400,suite,trigger_distance,324,1
all_400,suite,trigger_distance,325,2
all_400,suite,trigger_distance,326,3
all_400,suite,trigger_distance,328,3
all_400,suite,trigger_distance,329,2
all_400,suite,trigger_distance,330,3
all_400,suite,trigger_distance,331,2
all_400,suite,trigger_distance,332,5
all_400,suite,trigger_distance,333,3
all_400,suite,trigger_distance,334,3
all_400,suite,trigger_distance,335,2
all_400,suite,trigger_distance,336,2
all_400,suite,trigger_distance,340,2
all_400,suite,trigger_distance,341,1
all_400,suite,trigger_distance,342,4
all_400,suite,trigger_distance,343,4
all_400,suite,trigger_distance,344,5
all_400,suite,trigger_distance,345,1
all_400,suite,trigger_distance,346,4
all_400,suite,trigger_distance,347,1
all_400,suite,trigger_distance,348,2
all_400,suite,trigger_distance,350,4
all_400,suite,trigger_distance,351,3
all_400,suite,trigger_distance,353,3
all_400,suite,trigger_distance,354,1
all_400,suite,trigger_distance,355,1
all_400,suite,trigger_distance,356,1
all_400,suite,trigger_distance,357,2
all_400,suite,trigger_distance,361,4
all_400,suite,trigger_distance,362,4
all_400,suite,trigger_distance,364,2
all_400,suite,trigger_distance,365,2
all_400,suite,trigger_distance,368,3
all_400,suite,trigger_distance,370,2
all_400,suite,trigger_distance,371,1
all_400,suite,trigger_distance,372,1
all_400,suite,trigger_distance,373,3
all_400,suite,trigger_distance,374,2
all_400,suite,trigger_distance,375,1
all_400,suite,trigger_distance,377,2
all_400,suite,trigger_distance,378,2
all_400,suite,trigger_distance,379,2
all_400,suite,trigger_distance,381,3
all_400,suite,trigger_distance,382,1
all_400,suite,trigger_distance,384,2
all_400,suite,trigger_distance,385,3
all_400,suite,trigger_distance,386,2
all_400,suite,trigger_distance,387,1
all_400,suite,trigger_distance,388,1
all_400,suite,trigger_distance,389,2
all_400,suite,trigger_distance,390,1
all_400,suite,trigger_distance,391,1
all_400,suite,trigger_distance,392,2
all_400,suite,trigger_distance,393,1
all_400,suite,trigger_distance,394,4
all_400,suite,trigger_distance,395,2
all_400,suite,trigger_distance,396,1
all_400,suite,trigger_distance,397,1
all_400,suite,trigger_distance,399,1
all_400,suite,trigger_distance,401,2
all_400,suite,trigger_distance,403,1
all_400,suite,trigger_distance,404,1
all_400,suite,trigger_distance,405,1
all_400,suite,trigger_distance,406,1
all_400,suite,trigger_distance,408,3
all_400,suite,trigger_distance,409,3
all_400,suite,trigger_distance,410,2
all_400,suite,trigger_distance,412,2
all_400,suite,trigger_distance,413,1
all_400,suite,trigger_distance,414,1
all_400,suite,trigger_distance,415,3
all_400,suite,trigger_distance,418,2
all_400,suite,trigger_distance,419,1
all_400,suite,trigger_distance,420,1
all_400,suite,trigger_distance,422,2
all_400,suite,trigger_distance,427,1
all_400,suite,trigger_distance,428,1
all_400,suite,trigger_distance,431,2
all_400,suite,trigger_distance,432,1
all_400,suite,trigger_distance,433,3
all_400,suite,trigger_distance,436,1
all_400,suite,trigger_distance,440,1
all_400,suite,trigger_distance,441,2
all_400,suite,trigger_distance,443,1
all_400,suite,trigger_distance,444,2
all_400,suite,trigger_distance,446,1
all_400,suite,trigger_distance,448,1
all_400,suite,trigger_distance,451,1
all_400,suite,trigger_distance,452,1
all_400,suite,trigger_distance,455,2
all_400,suite,trigger_distance,456,2
all_400,suite,trigger_distance,460,1
all_400,suite,trigger_distance,461,2
all_400,suite,trigger_distance,464,1
all_400,suite,trigger_distance,467,1
all_400,suite,trigger_distance,469,1
all_400,suite,trigger_distance,471,1
all_400,suite,trigger_distance,474,2
all_400,suite,trigger_distance,487,1
all_400,suite,trigger_distance,488,2
all_400,suite,trigger_distance,489,1
all_400,suite,trigger_distance,495,1
all_400,suite,trigger_distance,500,1
all_400,suite,trigger_distance,501,1
all_400,suite,trigger_distance,502,1
all_400,suite,trigger_distance,503,1
all_400,suite,trigger_distance,507,1
all_400,suite,trigger_distance,512,1
all_400,suite,trigger_distance,514,1
all_400,suite,trigger_distance,520,1
all_400,suite,trigger_distance,522,1
all_400,suite,trigger_distance,523,1
all_400,suite,trigger_distance,524,1
all_400,suite,trigger_distance,537,2
all_400,suite,trigger_distance,541,1
all_400,suite,trigger_distance,542,1
all_400,suite,trigger_distance,544,1
all_400,suite,trigger_distance,552,1
all_400,suite,trigger_distance,556,1
all_400,suite,trigger_distance,561,1
all_400,suite,trigger_distance,568,1
all_400,suite,trigger_distance,579,1
all_400,suite,trigger_distance,590,1
all_400,suite,trigger_distance,597,1
all_400,suite,trigger_distance,599,1
all_400,suite,trigger_distance,617,1
all_400,suite,trigger_distance,635,1
all_400,suite,trigger_distance,658,1
all_400,suite,trigger_distance,708,1
all_400,suite,trigger_distance,722,1
all_400,suite,trigger_distance,735,1
all_400,suite,trigger_distance,760,1
all_400,suite,trigger_distance,800,1
all_400,suite,trigger_distance,809,1
all_400,suite,silent_gap,1,7555
all_400,suite,silent_gap,2,4781
all_400,suite,silent_gap,3,3515
all_400,suite,silent_gap,4,2534
all_400,suite,silent_gap,5,1884
all_400,suite,silent_gap,6,1557
all_400,suite,silent_gap,7,1346
all_400,suite,silent_gap,8,1100
all_400,suite,silent_gap,9,955
all_400,suite,silent_gap,10,864
all_400,suite,silent_gap,11,742
all_400,suite,silent_gap,12,738
all_400,suite,silent_gap,13,570
all_400,suite,silent_gap,14,513
all_400,suite,silent_gap,15,435
all_400,suite,silent_gap,16,440
all_400,suite,silent_gap,17,381
all_400,suite,silent_gap,18,422
all_400,suite,silent_gap,19,395
all_400,suite,silent_gap,20,342
all_400,suite,silent_gap,21,314
all_400,suite,silent_gap,22,286
all_400,suite,silent_gap,23,263
all_400,suite,silent_gap,24,224
all_400,suite,silent_gap,25,215
all_400,suite,silent_gap,26,208
all_400,suite,silent_gap,27,166
all_400,suite,silent_gap,28,190
all_400,suite,silent_gap,29,168
all_400,suite,silent_gap,30,168
all_400,suite,silent_gap,31,138
all_400,suite,silent_gap,32,151
all_400,suite,silent_gap,33,145
all_400,suite,silent_gap,34,125
all_400,suite,silent_gap,35,109
all_400,suite,silent_gap,36,149
all_400,suite,silent_gap,37,105
all_400,suite,silent_gap,38,121
all_400,suite,silent_gap,39,106
all_400,suite,silent_gap,40,116
all_400,suite,silent_gap,41,84
all_400,suite,silent_gap,42,80
all_400,suite,silent_gap,43,90
all_400,suite,silent_gap,44,90
all_400,suite,silent_gap,45,82
all_400,suite,silent_gap,46,84
all_400,suite,silent_gap,47,77
all_400,suite,silent_gap,48,77
all_400,suite,silent_gap,49,77
all_400,suite,silent_gap,50,86
all_400,suite,silent_gap,51,70
all_400,suite,silent_gap,52,91
all_400,suite,silent_gap,53,63
all_400,suite,silent_gap,54,60
all_400,suite,silent_gap,55,65
all_400,suite,silent_gap,56,56
all_400,suite,silent_gap,57,65
all_400,suite,silent_gap,58,56
all_400,suite,silent_gap,59,52
all_400,suite,silent_gap,60,53
all_400,suite,silent_gap,61,49
all_400,suite,silent_gap,62,53
all_400,suite,silent_gap,63,56
all_400,suite,silent_gap,64,59
all_400,suite,silent_gap,65,59
all_400,suite,silent_gap,66,51
all_400,suite,silent_gap,67,65
all_400,suite,silent_gap,68,52
all_400,suite,silent_gap,69,50
all_400,suite,silent_gap,70,46
all_400,suite,silent_gap,71,44
all_400,suite,silent_gap,72,44
all_400,suite,silent_gap,73,44
all_400,suite,silent_gap,74,40
all_400,suite,silent_gap,75,43
all_400,suite,silent_gap,76,43
all_400,suite,silent_gap,77,44
all_400,suite,silent_gap,78,49
all_400,suite,silent_gap,79,56
all_400,suite,silent_gap,80,50
all_400,suite,silent_gap,81,45
all_400,suite,silent_gap,82,46
all_400,suite,silent_gap,83,59
all_400,suite,silent_gap,84,41
all_400,suite,silent_gap,85,36
all_400,suite,silent_gap,86,40
all_400,suite,silent_gap,87,47
all_400,suite,silent_gap,88,34
all_400,suite,silent_gap,89,45
all_400,suite,silent_gap,90,43
all_400,suite,silent_gap,91,42
all_400,suite,silent_gap,92,51
all_400,suite,silent_gap,93,29
all_400,suite,silent_gap,94,29
all_400,suite,silent_gap,95,41
all_400,suite,silent_gap,96,37
all_400,suite,silent_gap,97,40
all_400,suite,silent_gap,98,38
all_400,suite,silent_gap,99,35
all_400,suite,silent_gap,100,32
all_400,suite,silent_gap,101,34
all_400,suite,silent_gap,102,46
all_400,suite,silent_gap,103,40
all_400,suite,silent_gap,104,23
all_400,suite,silent_gap,105,32
all_400,suite,silent_gap,106,37
all_400,suite,silent_gap,107,41
all_400,suite,silent_gap,108,33
all_400,suite,silent_gap,109,33
all_400,suite,silent_gap,110,34
all_400,suite,silent_gap,111,31
all_400,suite,silent_gap,112,36
all_400,suite,silent_gap,113,32
all_400,suite,silent_gap,114,24
all_400,suite,silent_gap,115,34
all_400,suite,silent_gap,116,21
all_400,suite,silent_gap,117,22
all_400,suite,silent_gap,118,25
all_400,suite,silent_gap,119,28
all_400,suite,silent_gap,120,34
all_400,suite,silent_gap,121,18
all_400,suite,silent_gap,122,30
all_400,suite,silent_gap,123,31
all_400,suite,silent_gap,124,27
all_400,suite,silent_gap,125,24
all_400,suite,silent_gap,126,27
all_400,suite,silent_gap,127,25
all_400,suite,silent_gap,128,24
all_400,suite,silent_gap,129,21
all_400,suite,silent_gap,130,14
all_400,suite,silent_gap,131,29
all_400,suite,silent_gap,132,28
all_400,suite,silent_gap,133,26
all_400,suite,silent_gap,134,18
all_400,suite,silent_gap,135,22
all_400,suite,silent_gap,136,21
all_400,suite,silent_gap,137,31
all_400,suite,silent_gap,138,18
all_400,suite,silent_gap,139,25
all_400,suite,silent_gap,140,20
all_400,suite,silent_gap,141,17
all_400,suite,silent_gap,142,18
all_400,suite,silent_gap,143,22
all_400,suite,silent_gap,144,28
all_400,suite,silent_gap,145,25
all_400,suite,silent_gap,146,18
all_400,suite,silent_gap,147,19
all_400,suite,silent_gap,148,20
all_400,suite,silent_gap,149,28
all_400,suite,silent_gap,150,16
all_400,suite,silent_gap,151,22
all_400,suite,silent_gap,152,10
all_400,suite,silent_gap,153,21
all_400,suite,silent_gap,154,21
all_400,suite,silent_gap,155,7
all_400,suite,silent_gap,156,17
all_400,suite,silent_gap,157,15
all_400,suite,silent_gap,158,19
all_400,suite,silent_gap,159,13
all_400,suite,silent_gap,160,21
all_400,suite,silent_gap,161,20
all_400,suite,silent_gap,162,14
all_400,suite,silent_gap,163,17
all_400,suite,silent_gap,164,9
all_400,suite,silent_gap,165,11
all_400,suite,silent_gap,166,19
all_400,suite,silent_gap,167,15
all_400,suite,silent_gap,168,11
all_400,suite,silent_gap,169,18
all_400,suite,silent_gap,170,16
all_400,suite,silent_gap,171,14
all_400,suite,silent_gap,172,16
all_400,suite,silent_gap,173,11
all_400,suite,silent_gap,174,11
all_400,suite,silent_gap,175,13
all_400,suite,silent_gap,176,18
all_400,suite,silent_gap,177,13
all_400,suite,silent_gap,178,8
all_400,suite,silent_gap,179,12
all_400,suite,silent_gap,180,10
all_400,suite,silent_gap,181,12
all_400,suite,silent_gap,182,8
all_400,suite,silent_gap,183,16
all_400,suite,silent_gap,184,12
all_400,suite,silent_gap,185,15
all_400,suite,silent_gap,186,16
all_400,suite,silent_gap,187,17
all_400,suite,silent_gap,188,7
all_400,suite,silent_gap,189,14
all_400,suite,silent_gap,190,18
all_400,suite,silent_gap,191,14
all_400,suite,silent_gap,192,11
all_400,suite,silent_gap,193,12
all_400,suite,silent_gap,194,16
all_400,suite,silent_gap,195,12
all_400,suite,silent_gap,196,6
all_400,suite,silent_gap,197,6
all_400,suite,silent_gap,198,12
all_400,suite,silent_gap,199,12
all_400,suite,silent_gap,200,10
all_400,suite,silent_gap,201,12
all_400,suite,silent_gap,202,14
all_400,suite,silent_gap,203,11
all_400,suite,silent_gap,204,11
all_400,suite,silent_gap,205,19
all_400,suite,silent_gap,206,6
all_400,suite,silent_gap,207,9
all_400,suite,silent_gap,208,11
all_400,suite,silent_gap,209,14
all_400,suite,silent_gap,210,10
all_400,suite,silent_gap,211,15
all_400,suite,silent_gap,212,10
all_400,suite,silent_gap,213,7
all_400,suite,silent_gap,214,9
all_400,suite,silent_gap,215,13
all_400,suite,silent_gap,216,12
all_400,suite,silent_gap,217,10
all_400,suite,silent_gap,218,9
all_400,suite,silent_gap,219,6
all_400,suite,silent_gap,220,5
all_400,suite,silent_gap,221,12
all_400,suite,silent_gap,222,11
all_400,suite,silent_gap,223,7
all_400,suite,silent_gap,224,6
all_400,suite,silent_gap,225,9
all_400,suite,silent_gap,226,13
all_400,suite,silent_gap,227,10
all_400,suite,silent_gap,228,3
all_400,suite,silent_gap,229,8
all_400,suite,silent_gap,230,6
all_400,suite,silent_gap,231,7
all_400,suite,silent_gap,232,6
all_400,suite,silent_gap,233,6
all_400,suite,silent_gap,234,2
all_400,suite,silent_gap,235,7
all_400,suite,silent_gap,236,7
all_400,suite,silent_gap,237,10
all_400,suite,silent_gap,238,8
all_400,suite,silent_gap,239,6
all_400,suite,silent_gap,240,15
all_400,suite,silent_gap,241,7
all_400,suite,silent_gap,242,8
all_400,suite,silent_gap,243,6
all_400,suite,silent_gap,244,7
all_400,suite,silent_gap,245,5
all_400,suite,silent_gap,246,8
all_400,suite,silent_gap,247,4
all_400,suite,silent_gap,248,4
all_400,suite,silent_gap,249,7
all_400,suite,silent_gap,250,7
all_400,suite,silent_gap,251,5
all_400,suite,silent_gap,252,4
all_400,suite,silent_gap,253,7
all_400,suite,silent_gap,254,7
all_400,suite,silent_gap,255,4
all_400,suite,silent_gap,256,6
all_400,suite,silent_gap,257,7
all_400,suite,silent_gap,258,3
all_400,suite,silent_gap,259,5
all_400,suite,silent_gap,260,7
all_400,suite,silent_gap,261,7
all_400,suite,silent_gap,262,2
all_400,suite,silent_gap,263,4
all_400,suite,silent_gap,264,3
all_400,suite,silent_gap,265,10
all_400,suite,silent_gap,266,6
all_400,suite,silent_gap,267,3
all_400,suite,silent_gap,268,6
all_400,suite,silent_gap,269,10
all_400,suite,silent_gap,270,8
all_400,suite,silent_gap,271,2
all_400,suite,silent_gap,272,3
all_400,suite,silent_gap,273,3
all_400,suite,silent_gap,274,3
all_400,suite,silent_gap,275,4
all_400,suite,silent_gap,276,6
all_400,suite,silent_gap,277,1
all_400,suite,silent_gap,278,2
all_400,suite,silent_gap,279,10
all_400,suite,silent_gap,280,3
all_400,suite,silent_gap,281,4
all_400,suite,silent_gap,282,5
all_400,suite,silent_gap,283,3
all_400,suite,silent_gap,284,5
all_400,suite,silent_gap,285,3
all_400,suite,silent_gap,286,4
all_400,suite,silent_gap,287,4
all_400,suite,silent_gap,288,3
all_400,suite,silent_gap,289,3
all_400,suite,silent_gap,290,3
all_400,suite,silent_gap,291,6
all_400,suite,silent_gap,292,1
all_400,suite,silent_gap,293,4
all_400,suite,silent_gap,294,3
all_400,suite,silent_gap,295,3
all_400,suite,silent_gap,296,1
all_400,suite,silent_gap,297,7
all_400,suite,silent_gap,298,4
all_400,suite,silent_gap,299,6
all_400,suite,silent_gap,300,2
all_400,suite,silent_gap,302,4
all_400,suite,silent_gap,303,2
all_400,suite,silent_gap,304,4
all_400,suite,silent_gap,305,2
all_400,suite,silent_gap,306,5
all_400,suite,silent_gap,307,6
all_400,suite,silent_gap,309,1
all_400,suite,silent_gap,310,7
all_400,suite,silent_gap,311,4
all_400,suite,silent_gap,312,2
all_400,suite,silent_gap,313,4
all_400,suite,silent_gap,314,3
all_400,suite,silent_gap,315,6
all_400,suite,silent_gap,316,4
all_400,suite,silent_gap,317,3
all_400,suite,silent_gap,318,3
all_400,suite,silent_gap,319,2
all_400,suite,silent_gap,320,5
all_400,suite,silent_gap,321,4
all_400,suite,silent_gap,323,1
all_400,suite,silent_gap,324,2
all_400,suite,silent_gap,325,3
all_400,suite,silent_gap,327,3
all_400,suite,silent_gap,328,2
all_400,suite,silent_gap,329,3
all_400,suite,silent_gap,330,2
all_400,suite,silent_gap,331,5
all_400,suite,silent_gap,332,3
all_400,suite,silent_gap,333,3
all_400,suite,silent_gap,334,2
all_400,suite,silent_gap,335,2
all_400,suite,silent_gap,339,2
all_400,suite,silent_gap,340,1
all_400,suite,silent_gap,341,4
all_400,suite,silent_gap,342,4
all_400,suite,silent_gap,343,5
all_400,suite,silent_gap,344,1
all_400,suite,silent_gap,345,4
all_400,suite,silent_gap,346,1
all_400,suite,silent_gap,347,2
all_400,suite,silent_gap,349,4
all_400,suite,silent_gap,350,3
all_400,suite,silent_gap,352,3
all_400,suite,silent_gap,353,1
all_400,suite,silent_gap,354,1
all_400,suite,silent_gap,355,1
all_400,suite,silent_gap,356,2
all_400,suite,silent_gap,360,4
all_400,suite,silent_gap,361,4
all_400,suite,silent_gap,363,2
all_400,suite,silent_gap,364,2
all_400,suite,silent_gap,367,3
all_400,suite,silent_gap,369,2
all_400,suite,silent_gap,370,1
all_400,suite,silent_gap,371,1
all_400,suite,silent_gap,372,3
all_400,suite,silent_gap,373,2
all_400,suite,silent_gap,374,1
all_400,suite,silent_gap,376,2
all_400,suite,silent_gap,377,2
all_400,suite,silent_gap,378,2
all_400,suite,silent_gap,380,3
all_400,suite,silent_gap,381,1
all_400,suite,silent_gap,383,2
all_400,suite,silent_gap,384,3
all_400,suite,silent_gap,385,2
all_400,suite,silent_gap,386,1
all_400,suite,silent_gap,387,1
all_400,suite,silent_gap,388,2
all_400,suite,silent_gap,389,1
all_400,suite,silent_gap,390,1
all_400,suite,silent_gap,391,2
all_400,suite,silent_gap,392,1
all_400,suite,silent_gap,393,4
all_400,suite,silent_gap,394,2
all_400,suite,silent_gap,395,1
all_400,suite,silent_gap,396,1
all_400,suite,silent_gap,398,1
all_400,suite,silent_gap,400,2
all_400,suite,silent_gap,402,1
all_400,suite,silent_gap,403,1
all_400,suite,silent_gap,404,1
all_400,suite,silent_gap,405,1
all_400,suite,silent_gap,407,3
all_400,suite,silent_gap,408,3
all_400,suite,silent_gap,409,2
all_400,suite,silent_gap,411,2
all_400,suite,silent_gap,412,1
all_400,suite,silent_gap,413,1
all_400,suite,silent_gap,414,3
all_400,suite,silent_gap,417,2
all_400,suite,silent_gap,418,1
all_400,suite,silent_gap,419,1
all_400,suite,silent_gap,421,2
all_400,suite,silent_gap,426,1
all_400,suite,silent_gap,427,1
all_400,suite,silent_gap,430,2
all_400,suite,silent_gap,431,1
all_400,suite,silent_gap,432,3
all_400,suite,silent_gap,435,1
all_400,suite,silent_gap,439,1
all_400,suite,silent_gap,440,2
all_400,suite,silent_gap,442,1
all_400,suite,silent_gap,443,2
all_400,suite,silent_gap,445,1
all_400,suite,silent_gap,447,1
all_400,suite,silent_gap,450,1
all_400,suite,silent_gap,451,1
all_400,suite,silent_gap,454,2
all_400,suite,silent_gap,455,2
all_400,suite,silent_gap,459,1
all_400,suite,silent_gap,460,2
all_400,suite,silent_gap,463,1
all_400,suite,silent_gap,466,1
all_400,suite,silent_gap,468,1
all_400,suite,silent_gap,470,1
all_400,suite,silent_gap,473,2
all_400,suite,silent_gap,486,1
all_400,suite,silent_gap,487,2
all_400,suite,silent_gap,488,1
all_400,suite,silent_gap,494,1
all_400,suite,silent_gap,499,1
all_400,suite,silent_gap,500,1
all_400,suite,silent_gap,501,1
all_400,suite,silent_gap,502,1
all_400,suite,silent_gap,506,1
all_400,suite,silent_gap,511,1
all_400,suite,silent_gap,513,1
all_400,suite,silent_gap,519,1
all_400,suite,silent_gap,521,1
all_400,suite,silent_gap,522,1
all_400,suite,silent_gap,523,1
all_400,suite,silent_gap,536,2
all_400,suite,silent_gap,540,1
all_400,suite,silent_gap,541,1
all_400,suite,silent_gap,543,1
all_400,suite,silent_gap,551,1
all_400,suite,silent_gap,555,1
all_400,suite,silent_gap,560,1
all_400,suite,silent_gap,567,1
all_400,suite,silent_gap,578,1
all_400,suite,silent_gap,589,1
all_400,suite,silent_gap,596,1
all_400,suite,silent_gap,598,1
all_400,suite,silent_gap,616,1
all_400,suite,silent_gap,634,1
all_400,suite,silent_gap,657,1
all_400,suite,silent_gap,707,1
all_400,suite,silent_gap,721,1
all_400,suite,silent_gap,734,1
all_400,suite,silent_gap,759,1
all_400,suite,silent_gap,799,1
all_400,suite,silent_gap,808,1
all_400,suite,burst_start_distance,2,3602
all_400,suite,burst_start_distance,3,5121
all_400,suite,burst_start_distance,4,3579
all_400,suite,burst_start_distance,5,3364
all_400,suite,burst_start_distance,6,2490
all_400,suite,burst_start_distance,7,1969
all_400,suite,burst_start_distance,8,1662
all_400,suite,burst_start_distance,9,1407
all_400,suite,burst_start_distance,10,1134
all_400,suite,burst_start_distance,11,931
all_400,suite,burst_start_distance,12,946
all_400,suite,burst_start_distance,13,791
all_400,suite,burst_start_distance,14,648
all_400,suite,burst_start_distance,15,599
all_400,suite,burst_start_distance,16,514
all_400,suite,burst_start_distance,17,477
all_400,suite,burst_start_distance,18,419
all_400,suite,burst_start_distance,19,427
all_400,suite,burst_start_distance,20,420
all_400,suite,burst_start_distance,21,384
all_400,suite,burst_start_distance,22,329
all_400,suite,burst_start_distance,23,309
all_400,suite,burst_start_distance,24,271
all_400,suite,burst_start_distance,25,245
all_400,suite,burst_start_distance,26,228
all_400,suite,burst_start_distance,27,220
all_400,suite,burst_start_distance,28,181
all_400,suite,burst_start_distance,29,189
all_400,suite,burst_start_distance,30,170
all_400,suite,burst_start_distance,31,167
all_400,suite,burst_start_distance,32,150
all_400,suite,burst_start_distance,33,167
all_400,suite,burst_start_distance,34,132
all_400,suite,burst_start_distance,35,133
all_400,suite,burst_start_distance,36,109
all_400,suite,burst_start_distance,37,149
all_400,suite,burst_start_distance,38,115
all_400,suite,burst_start_distance,39,112
all_400,suite,burst_start_distance,40,109
all_400,suite,burst_start_distance,41,121
all_400,suite,burst_start_distance,42,96
all_400,suite,burst_start_distance,43,90
all_400,suite,burst_start_distance,44,85
all_400,suite,burst_start_distance,45,84
all_400,suite,burst_start_distance,46,80
all_400,suite,burst_start_distance,47,94
all_400,suite,burst_start_distance,48,68
all_400,suite,burst_start_distance,49,78
all_400,suite,burst_start_distance,50,81
all_400,suite,burst_start_distance,51,85
all_400,suite,burst_start_distance,52,83
all_400,suite,burst_start_distance,53,88
all_400,suite,burst_start_distance,54,63
all_400,suite,burst_start_distance,55,70
all_400,suite,burst_start_distance,56,51
all_400,suite,burst_start_distance,57,56
all_400,suite,burst_start_distance,58,62
all_400,suite,burst_start_distance,59,68
all_400,suite,burst_start_distance,60,57
all_400,suite,burst_start_distance,61,50
all_400,suite,burst_start_distance,62,54
all_400,suite,burst_start_distance,63,47
all_400,suite,burst_start_distance,64,57
all_400,suite,burst_start_distance,65,55
all_400,suite,burst_start_distance,66,59
all_400,suite,burst_start_distance,67,52
all_400,suite,burst_start_distance,68,65
all_400,suite,burst_start_distance,69,49
all_400,suite,burst_start_distance,70,45
all_400,suite,burst_start_distance,71,44
all_400,suite,burst_start_distance,72,51
all_400,suite,burst_start_distance,73,42
all_400,suite,burst_start_distance,74,49
all_400,suite,burst_start_distance,75,39
all_400,suite,burst_start_distance,76,45
all_400,suite,burst_start_distance,77,41
all_400,suite,burst_start_distance,78,41
all_400,suite,burst_start_distance,79,52
all_400,suite,burst_start_distance,80,54
all_400,suite,burst_start_distance,81,51
all_400,suite,burst_start_distance,82,47
all_400,suite,burst_start_distance,83,47
all_400,suite,burst_start_distance,84,63
all_400,suite,burst_start_distance,85,40
all_400,suite,burst_start_distance,86,35
all_400,suite,burst_start_distance,87,41
all_400,suite,burst_start_distance,88,43
all_400,suite,burst_start_distance,89,39
all_400,suite,burst_start_distance,90,48
all_400,suite,burst_start_distance,91,39
all_400,suite,burst_start_distance,92,43
all_400,suite,burst_start_distance,93,46
all_400,suite,burst_start_distance,94,42
all_400,suite,burst_start_distance,95,25
all_400,suite,burst_start_distance,96,39
all_400,suite,burst_start_distance,97,40
all_400,suite,burst_start_distance,98,41
all_400,suite,burst_start_distance,99,39
all_400,suite,burst_start_distance,100,32
all_400,suite,burst_start_distance,101,34
all_400,suite,burst_start_distance,102,33
all_400,suite,burst_start_distance,103,42
all_400,suite,burst_start_distance,104,37
all_400,suite,burst_start_distance,105,25
all_400,suite,burst_start_distance,106,34
all_400,suite,burst_start_distance,107,37
all_400,suite,burst_start_distance,108,40
all_400,suite,burst_start_distance,109,31
all_400,suite,burst_start_distance,110,39
all_400,suite,burst_start_distance,111,32
all_400,suite,burst_start_distance,112,28
all_400,suite,burst_start_distance,113,35
all_400,suite,burst_start_distance,114,30
all_400,suite,burst_start_distance,115,25
all_400,suite,burst_start_distance,116,34
all_400,suite,burst_start_distance,117,23
all_400,suite,burst_start_distance,118,25
all_400,suite,burst_start_distance,119,27
all_400,suite,burst_start_distance,120,27
all_400,suite,burst_start_distance,121,34
all_400,suite,burst_start_distance,122,21
all_400,suite,burst_start_distance,123,31
all_400,suite,burst_start_distance,124,27
all_400,suite,burst_start_distance,125,31
all_400,suite,burst_start_distance,126,24
all_400,suite,burst_start_distance,127,24
all_400,suite,burst_start_distance,128,28
all_400,suite,burst_start_distance,129,26
all_400,suite,burst_start_distance,130,20
all_400,suite,burst_start_distance,131,15
all_400,suite,burst_start_distance,132,29
all_400,suite,burst_start_distance,133,24
all_400,suite,burst_start_distance,134,28
all_400,suite,burst_start_distance,135,20
all_400,suite,burst_start_distance,136,19
all_400,suite,burst_start_distance,137,18
all_400,suite,burst_start_distance,138,30
all_400,suite,burst_start_distance,139,21
all_400,suite,burst_start_distance,140,27
all_400,suite,burst_start_distance,141,23
all_400,suite,burst_start_distance,142,15
all_400,suite,burst_start_distance,143,20
all_400,suite,burst_start_distance,144,20
all_400,suite,burst_start_distance,145,26
all_400,suite,burst_start_distance,146,23
all_400,suite,burst_start_distance,147,21
all_400,suite,burst_start_distance,148,19
all_400,suite,burst_start_distance,149,20
all_400,suite,burst_start_distance,150,27
all_400,suite,burst_start_distance,151,16
all_400,suite,burst_start_distance,152,20
all_400,suite,burst_start_distance,153,17
all_400,suite,burst_start_distance,154,21
all_400,suite,burst_start_distance,155,20
all_400,suite,burst_start_distance,156,4
all_400,suite,burst_start_distance,157,18
all_400,suite,burst_start_distance,158,15
all_400,suite,burst_start_distance,159,15
all_400,suite,burst_start_distance,160,16
all_400,suite,burst_start_distance,161,17
all_400,suite,burst_start_distance,162,17
all_400,suite,burst_start_distance,163,15
all_400,suite,burst_start_distance,164,20
all_400,suite,burst_start_distance,165,12
all_400,suite,burst_start_distance,166,13
all_400,suite,burst_start_distance,167,18
all_400,suite,burst_start_distance,168,13
all_400,suite,burst_start_distance,169,9
all_400,suite,burst_start_distance,170,21
all_400,suite,burst_start_distance,171,16
all_400,suite,burst_start_distance,172,14
all_400,suite,burst_start_distance,173,13
all_400,suite,burst_start_distance,174,14
all_400,suite,burst_start_distance,175,12
all_400,suite,burst_start_distance,176,14
all_400,suite,burst_start_distance,177,18
all_400,suite,burst_start_distance,178,11
all_400,suite,burst_start_distance,179,10
all_400,suite,burst_start_distance,180,10
all_400,suite,burst_start_distance,181,9
all_400,suite,burst_start_distance,182,14
all_400,suite,burst_start_distance,183,7
all_400,suite,burst_start_distance,184,15
all_400,suite,burst_start_distance,185,13
all_400,suite,burst_start_distance,186,12
all_400,suite,burst_start_distance,187,23
all_400,suite,burst_start_distance,188,14
all_400,suite,burst_start_distance,189,8
all_400,suite,burst_start_distance,190,14
all_400,suite,burst_start_distance,191,18
all_400,suite,burst_start_distance,192,15
all_400,suite,burst_start_distance,193,10
all_400,suite,burst_start_distance,194,13
all_400,suite,burst_start_distance,195,18
all_400,suite,burst_start_distance,196,10
all_400,suite,burst_start_distance,197,8
all_400,suite,burst_start_distance,198,4
all_400,suite,burst_start_distance,199,9
all_400,suite,burst_start_distance,200,11
all_400,suite,burst_start_distance,201,13
all_400,suite,burst_start_distance,202,14
all_400,suite,burst_start_distance,203,10
all_400,suite,burst_start_distance,204,13
all_400,suite,burst_start_distance,205,8
all_400,suite,burst_start_distance,206,23
all_400,suite,burst_start_distance,207,6
all_400,suite,burst_start_distance,208,9
all_400,suite,burst_start_distance,209,9
all_400,suite,burst_start_distance,210,15
all_400,suite,burst_start_distance,211,11
all_400,suite,burst_start_distance,212,14
all_400,suite,burst_start_distance,213,10
all_400,suite,burst_start_distance,214,7
all_400,suite,burst_start_distance,215,10
all_400,suite,burst_start_distance,216,12
all_400,suite,burst_start_distance,217,14
all_400,suite,burst_start_distance,218,9
all_400,suite,burst_start_distance,219,10
all_400,suite,burst_start_distance,220,6
all_400,suite,burst_start_distance,221,5
all_400,suite,burst_start_distance,222,13
all_400,suite,burst_start_distance,223,9
all_400,suite,burst_start_distance,224,8
all_400,suite,burst_start_distance,225,7
all_400,suite,burst_start_distance,226,6
all_400,suite,burst_start_distance,227,11
all_400,suite,burst_start_distance,228,10
all_400,suite,burst_start_distance,229,6
all_400,suite,burst_start_distance,230,7
all_400,suite,burst_start_distance,231,8
all_400,suite,burst_start_distance,232,8
all_400,suite,burst_start_distance,233,6
all_400,suite,burst_start_distance,234,5
all_400,suite,burst_start_distance,235,3
all_400,suite,burst_start_distance,236,4
all_400,suite,burst_start_distance,237,5
all_400,suite,burst_start_distance,238,10
all_400,suite,burst_start_distance,239,6
all_400,suite,burst_start_distance,240,11
all_400,suite,burst_start_distance,241,14
all_400,suite,burst_start_distance,242,9
all_400,suite,burst_start_distance,243,7
all_400,suite,burst_start_distance,244,7
all_400,suite,burst_start_distance,245,8
all_400,suite,burst_start_distance,246,4
all_400,suite,burst_start_distance,247,9
all_400,suite,burst_start_distance,248,4
all_400,suite,burst_start_distance,249,4
all_400,suite,burst_start_distance,250,6
all_400,suite,burst_start_distance,251,7
all_400,suite,burst_start_distance,252,5
all_400,suite,burst_start_distance,253,4
all_400,suite,burst_start_distance,254,6
all_400,suite,burst_start_distance,255,5
all_400,suite,burst_start_distance,256,6
all_400,suite,burst_start_distance,257,6
all_400,suite,burst_start_distance,258,6
all_400,suite,burst_start_distance,259,5
all_400,suite,burst_start_distance,260,4
all_400,suite,burst_start_distance,261,8
all_400,suite,burst_start_distance,262,6
all_400,suite,burst_start_distance,263,4
all_400,suite,burst_start_distance,264,2
all_400,suite,burst_start_distance,265,5
all_400,suite,burst_start_distance,266,8
all_400,suite,burst_start_distance,267,6
all_400,suite,burst_start_distance,268,2
all_400,suite,burst_start_distance,269,8
all_400,suite,burst_start_distance,270,9
all_400,suite,burst_start_distance,271,7
all_400,suite,burst_start_distance,272,4
all_400,suite,burst_start_distance,273,3
all_400,suite,burst_start_distance,274,4
all_400,suite,burst_start_distance,275,2
all_400,suite,burst_start_distance,276,4
all_400,suite,burst_start_distance,277,5
all_400,suite,burst_start_distance,278,2
all_400,suite,burst_start_distance,279,2
all_400,suite,burst_start_distance,280,8
all_400,suite,burst_start_distance,281,4
all_400,suite,burst_start_distance,282,4
all_400,suite,burst_start_distance,283,5
all_400,suite,burst_start_distance,284,2
all_400,suite,burst_start_distance,285,7
all_400,suite,burst_start_distance,286,2
all_400,suite,burst_start_distance,287,4
all_400,suite,burst_start_distance,288,5
all_400,suite,burst_start_distance,289,4
all_400,suite,burst_start_distance,290,3
all_400,suite,burst_start_distance,291,1
all_400,suite,burst_start_distance,292,8
all_400,suite,burst_start_distance,293,1
all_400,suite,burst_start_distance,294,3
all_400,suite,burst_start_distance,295,4
all_400,suite,burst_start_distance,296,3
all_400,suite,burst_start_distance,297,1
all_400,suite,burst_start_distance,298,7
all_400,suite,burst_start_distance,299,4
all_400,suite,burst_start_distance,300,5
all_400,suite,burst_start_distance,301,2
all_400,suite,burst_start_distance,302,1
all_400,suite,burst_start_distance,303,4
all_400,suite,burst_start_distance,304,1
all_400,suite,burst_start_distance,305,4
all_400,suite,burst_start_distance,306,3
all_400,suite,burst_start_distance,307,3
all_400,suite,burst_start_distance,308,5
all_400,suite,burst_start_distance,309,3
all_400,suite,burst_start_distance,310,1
all_400,suite,burst_start_distance,311,7
all_400,suite,burst_start_distance,312,3
all_400,suite,burst_start_distance,313,3
all_400,suite,burst_start_distance,314,3
all_400,suite,burst_start_distance,315,3
all_400,suite,burst_start_distance,316,6
all_400,suite,burst_start_distance,317,5
all_400,suite,burst_start_distance,318,2
all_400,suite,burst_start_distance,319,3
all_400,suite,burst_start_distance,320,3
all_400,suite,burst_start_distance,321,4
all_400,suite,burst_start_distance,322,3
all_400,suite,burst_start_distance,323,2
all_400,suite,burst_start_distance,324,1
all_400,suite,burst_start_distance,325,2
all_400,suite,burst_start_distance,326,3
all_400,suite,burst_start_distance,328,3
all_400,suite,burst_start_distance,329,1
all_400,suite,burst_start_distance,330,3
all_400,suite,burst_start_distance,331,2
all_400,suite,burst_start_distance,332,6
all_400,suite,burst_start_distance,333,3
all_400,suite,burst_start_distance,334,3
all_400,suite,burst_start_distance,336,4
all_400,suite,burst_start_distance,341,2
all_400,suite,burst_start_distance,342,4
all_400,suite,burst_start_distance,343,3
all_400,suite,burst_start_distance,344,6
all_400,suite,burst_start_distance,346,5
all_400,suite,burst_start_distance,347,2
all_400,suite,burst_start_distance,348,2
all_400,suite,burst_start_distance,350,3
all_400,suite,burst_start_distance,351,3
all_400,suite,burst_start_distance,352,1
all_400,suite,burst_start_distance,353,2
all_400,suite,burst_start_distance,354,2
all_400,suite,burst_start_distance,355,1
all_400,suite,burst_start_distance,356,1
all_400,suite,burst_start_distance,357,2
all_400,suite,burst_start_distance,361,4
all_400,suite,burst_start_distance,362,4
all_400,suite,burst_start_distance,364,2
all_400,suite,burst_start_distance,365,2
all_400,suite,burst_start_distance,368,1
all_400,suite,burst_start_distance,369,2
all_400,suite,burst_start_distance,370,2
all_400,suite,burst_start_distance,371,1
all_400,suite,burst_start_distance,372,1
all_400,suite,burst_start_distance,373,3
all_400,suite,burst_start_distance,374,2
all_400,suite,burst_start_distance,375,1
all_400,suite,burst_start_distance,377,2
all_400,suite,burst_start_distance,378,2
all_400,suite,burst_start_distance,379,1
all_400,suite,burst_start_distance,380,1
all_400,suite,burst_start_distance,381,2
all_400,suite,burst_start_distance,382,1
all_400,suite,burst_start_distance,384,2
all_400,suite,burst_start_distance,385,2
all_400,suite,burst_start_distance,386,2
all_400,suite,burst_start_distance,387,1
all_400,suite,burst_start_distance,388,1
all_400,suite,burst_start_distance,389,2
all_400,suite,burst_start_distance,390,3
all_400,suite,burst_start_distance,391,1
all_400,suite,burst_start_distance,392,2
all_400,suite,burst_start_distance,393,1
all_400,suite,burst_start_distance,394,4
all_400,suite,burst_start_distance,395,2
all_400,suite,burst_start_distance,396,1
all_400,suite,burst_start_distance,399,1
all_400,suite,burst_start_distance,401,3
all_400,suite,burst_start_distance,403,1
all_400,suite,burst_start_distance,404,1
all_400,suite,burst_start_distance,405,1
all_400,suite,burst_start_distance,406,1
all_400,suite,burst_start_distance,408,3
all_400,suite,burst_start_distance,409,2
all_400,suite,burst_start_distance,410,3
all_400,suite,burst_start_distance,412,2
all_400,suite,burst_start_distance,414,2
all_400,suite,burst_start_distance,415,2
all_400,suite,burst_start_distance,416,1
all_400,suite,burst_start_distance,418,2
all_400,suite,burst_start_distance,419,1
all_400,suite,burst_start_distance,420,1
all_400,suite,burst_start_distance,422,2
all_400,suite,burst_start_distance,427,1
all_400,suite,burst_start_distance,428,1
all_400,suite,burst_start_distance,431,2
all_400,suite,burst_start_distance,432,1
all_400,suite,burst_start_distance,433,3
all_400,suite,burst_start_distance,436,1
all_400,suite,burst_start_distance,440,1
all_400,suite,burst_start_distance,441,2
all_400,suite,burst_start_distance,443,1
all_400,suite,burst_start_distance,444,1
all_400,suite,burst_start_distance,446,2
all_400,suite,burst_start_distance,451,1
all_400,suite,burst_start_distance,452,1
all_400,suite,burst_start_distance,454,1
all_400,suite,burst_start_distance,455,2
all_400,suite,burst_start_distance,456,2
all_400,suite,burst_start_distance,460,1
all_400,suite,burst_start_distance,461,2
all_400,suite,burst_start_distance,464,1
all_400,suite,burst_start_distance,467,1
all_400,suite,burst_start_distance,469,1
all_400,suite,burst_start_distance,471,1
all_400,suite,burst_start_distance,474,2
all_400,suite,burst_start_distance,487,1
all_400,suite,burst_start_distance,488,2
all_400,suite,burst_start_distance,489,1
all_400,suite,burst_start_distance,495,1
all_400,suite,burst_start_distance,500,1
all_400,suite,burst_start_distance,502,2
all_400,suite,burst_start_distance,503,1
all_400,suite,burst_start_distance,507,1
all_400,suite,burst_start_distance,512,1
all_400,suite,burst_start_distance,514,1
all_400,suite,burst_start_distance,520,1
all_400,suite,burst_start_distance,522,1
all_400,suite,burst_start_distance,524,2
all_400,suite,burst_start_distance,537,1
all_400,suite,burst_start_distance,538,1
all_400,suite,burst_start_distance,542,1
all_400,suite,burst_start_distance,543,1
all_400,suite,burst_start_distance,544,1
all_400,suite,burst_start_distance,552,1
all_400,suite,burst_start_distance,556,1
all_400,suite,burst_start_distance,561,1
all_400,suite,burst_start_distance,568,1
all_400,suite,burst_start_distance,579,1
all_400,suite,burst_start_distance,590,1
all_400,suite,burst_start_distance,597,1
all_400,suite,burst_start_distance,599,1
all_400,suite,burst_start_distance,619,1
all_400,suite,burst_start_distance,635,1
all_400,suite,burst_start_distance,659,1
all_400,suite,burst_start_distance,708,1
all_400,suite,burst_start_distance,722,1
all_400,suite,burst_start_distance,735,1
all_400,suite,burst_start_distance,760,1
all_400,suite,burst_start_distance,800,1
all_400,suite,burst_start_distance,809,1
all_400,validator,trigger_distance,1,47902
all_400,validator,trigger_distance,2,7550
all_400,validator,trigger_distance,3,3272
all_400,validator,trigger_distance,4,2179
all_400,validator,trigger_distance,5,1756
all_400,validator,trigger_distance,6,1423
all_400,validator,trigger_distance,7,1150
all_400,validator,trigger_distance,8,857
all_400,validator,trigger_distance,9,706
all_400,validator,trigger_distance,10,681
all_400,validator,trigger_distance,11,569
all_400,validator,trigger_distance,12,481
all_400,validator,trigger_distance,13,459
all_400,validator,trigger_distance,14,397
all_400,validator,trigger_distance,15,362
all_400,validator,trigger_distance,16,353
all_400,validator,trigger_distance,17,312
all_400,validator,trigger_distance,18,312
all_400,validator,trigger_distance,19,268
all_400,validator,trigger_distance,20,278
all_400,validator,trigger_distance,21,245
all_400,validator,trigger_distance,22,255
all_400,validator,trigger_distance,23,243
all_400,validator,trigger_distance,24,242
all_400,validator,trigger_distance,25,209
all_400,validator,trigger_distance,26,218
all_400,validator,trigger_distance,27,225
all_400,validator,trigger_distance,28,205
all_400,validator,trigger_distance,29,184
all_400,validator,trigger_distance,30,174
all_400,validator,trigger_distance,31,200
all_400,validator,trigger_distance,32,166
all_400,validator,trigger_distance,33,188
all_400,validator,trigger_distance,34,171
all_400,validator,trigger_distance,35,142
all_400,validator,trigger_distance,36,167
all_400,validator,trigger_distance,37,143
all_400,validator,trigger_distance,38,126
all_400,validator,trigger_distance,39,137
all_400,validator,trigger_distance,40,133
all_400,validator,trigger_distance,41,121
all_400,validator,trigger_distance,42,102
all_400,validator,trigger_distance,43,110
all_400,validator,trigger_distance,44,95
all_400,validator,trigger_distance,45,115
all_400,validator,trigger_distance,46,87
all_400,validator,trigger_distance,47,105
all_400,validator,trigger_distance,48,115
all_400,validator,trigger_distance,49,93
all_400,validator,trigger_distance,50,95
all_400,validator,trigger_distance,51,113
all_400,validator,trigger_distance,52,88
all_400,validator,trigger_distance,53,86
all_400,validator,trigger_distance,54,90
all_400,validator,trigger_distance,55,104
all_400,validator,trigger_distance,56,85
all_400,validator,trigger_distance,57,99
all_400,validator,trigger_distance,58,88
all_400,validator,trigger_distance,59,80
all_400,validator,trigger_distance,60,59
all_400,validator,trigger_distance,61,76
all_400,validator,trigger_distance,62,82
all_400,validator,trigger_distance,63,79
all_400,validator,trigger_distance,64,70
all_400,validator,trigger_distance,65,75
all_400,validator,trigger_distance,66,66
all_400,validator,trigger_distance,67,61
all_400,validator,trigger_distance,68,82
all_400,validator,trigger_distance,69,59
all_400,validator,trigger_distance,70,60
all_400,validator,trigger_distance,71,65
all_400,validator,trigger_distance,72,78
all_400,validator,trigger_distance,73,61
all_400,validator,trigger_distance,74,69
all_400,validator,trigger_distance,75,52
all_400,validator,trigger_distance,76,63
all_400,validator,trigger_distance,77,40
all_400,validator,trigger_distance,78,54
all_400,validator,trigger_distance,79,38
all_400,validator,trigger_distance,80,48
all_400,validator,trigger_distance,81,69
all_400,validator,trigger_distance,82,40
all_400,validator,trigger_distance,83,39
all_400,validator,trigger_distance,84,45
all_400,validator,trigger_distance,85,49
all_400,validator,trigger_distance,86,42
all_400,validator,trigger_distance,87,51
all_400,validator,trigger_distance,88,52
all_400,validator,trigger_distance,89,40
all_400,validator,trigger_distance,90,43
all_400,validator,trigger_distance,91,38
all_400,validator,trigger_distance,92,35
all_400,validator,trigger_distance,93,53
all_400,validator,trigger_distance,94,41
all_400,validator,trigger_distance,95,36
all_400,validator,trigger_distance,96,34
all_400,validator,trigger_distance,97,51
all_400,validator,trigger_distance,98,42
all_400,validator,trigger_distance,99,34
all_400,validator,trigger_distance,100,38
all_400,validator,trigger_distance,101,33
all_400,validator,trigger_distance,102,33
all_400,validator,trigger_distance,103,36
all_400,validator,trigger_distance,104,30
all_400,validator,trigger_distance,105,32
all_400,validator,trigger_distance,106,34
all_400,validator,trigger_distance,107,36
all_400,validator,trigger_distance,108,42
all_400,validator,trigger_distance,109,34
all_400,validator,trigger_distance,110,37
all_400,validator,trigger_distance,111,39
all_400,validator,trigger_distance,112,30
all_400,validator,trigger_distance,113,31
all_400,validator,trigger_distance,114,31
all_400,validator,trigger_distance,115,20
all_400,validator,trigger_distance,116,35
all_400,validator,trigger_distance,117,39
all_400,validator,trigger_distance,118,39
all_400,validator,trigger_distance,119,28
all_400,validator,trigger_distance,120,23
all_400,validator,trigger_distance,121,27
all_400,validator,trigger_distance,122,28
all_400,validator,trigger_distance,123,25
all_400,validator,trigger_distance,124,37
all_400,validator,trigger_distance,125,27
all_400,validator,trigger_distance,126,29
all_400,validator,trigger_distance,127,21
all_400,validator,trigger_distance,128,22
all_400,validator,trigger_distance,129,24
all_400,validator,trigger_distance,130,19
all_400,validator,trigger_distance,131,17
all_400,validator,trigger_distance,132,27
all_400,validator,trigger_distance,133,21
all_400,validator,trigger_distance,134,17
all_400,validator,trigger_distance,135,30
all_400,validator,trigger_distance,136,21
all_400,validator,trigger_distance,137,23
all_400,validator,trigger_distance,138,25
all_400,validator,trigger_distance,139,28
all_400,validator,trigger_distance,140,20
all_400,validator,trigger_distance,141,24
all_400,validator,trigger_distance,142,19
all_400,validator,trigger_distance,143,17
all_400,validator,trigger_distance,144,13
all_400,validator,trigger_distance,145,18
all_400,validator,trigger_distance,146,20
all_400,validator,trigger_distance,147,22
all_400,validator,trigger_distance,148,16
all_400,validator,trigger_distance,149,13
all_400,validator,trigger_distance,150,16
all_400,validator,trigger_distance,151,15
all_400,validator,trigger_distance,152,27
all_400,validator,trigger_distance,153,25
all_400,validator,trigger_distance,154,15
all_400,validator,trigger_distance,155,19
all_400,validator,trigger_distance,156,25
all_400,validator,trigger_distance,157,19
all_400,validator,trigger_distance,158,7
all_400,validator,trigger_distance,159,16
all_400,validator,trigger_distance,160,19
all_400,validator,trigger_distance,161,20
all_400,validator,trigger_distance,162,12
all_400,validator,trigger_distance,163,15
all_400,validator,trigger_distance,164,12
all_400,validator,trigger_distance,165,15
all_400,validator,trigger_distance,166,17
all_400,validator,trigger_distance,167,18
all_400,validator,trigger_distance,168,12
all_400,validator,trigger_distance,169,14
all_400,validator,trigger_distance,170,15
all_400,validator,trigger_distance,171,23
all_400,validator,trigger_distance,172,13
all_400,validator,trigger_distance,173,11
all_400,validator,trigger_distance,174,13
all_400,validator,trigger_distance,175,7
all_400,validator,trigger_distance,176,12
all_400,validator,trigger_distance,177,8
all_400,validator,trigger_distance,178,16
all_400,validator,trigger_distance,179,20
all_400,validator,trigger_distance,180,11
all_400,validator,trigger_distance,181,14
all_400,validator,trigger_distance,182,9
all_400,validator,trigger_distance,183,7
all_400,validator,trigger_distance,184,18
all_400,validator,trigger_distance,185,10
all_400,validator,trigger_distance,186,12
all_400,validator,trigger_distance,187,10
all_400,validator,trigger_distance,188,7
all_400,validator,trigger_distance,189,19
all_400,validator,trigger_distance,190,8
all_400,validator,trigger_distance,191,9
all_400,validator,trigger_distance,192,8
all_400,validator,trigger_distance,193,6
all_400,validator,trigger_distance,194,8
all_400,validator,trigger_distance,195,6
all_400,validator,trigger_distance,196,12
all_400,validator,trigger_distance,197,15
all_400,validator,trigger_distance,198,10
all_400,validator,trigger_distance,199,8
all_400,validator,trigger_distance,200,11
all_400,validator,trigger_distance,201,13
all_400,validator,trigger_distance,202,11
all_400,validator,trigger_distance,203,9
all_400,validator,trigger_distance,204,11
all_400,validator,trigger_distance,205,12
all_400,validator,trigger_distance,206,6
all_400,validator,trigger_distance,207,6
all_400,validator,trigger_distance,208,7
all_400,validator,trigger_distance,209,6
all_400,validator,trigger_distance,210,7
all_400,validator,trigger_distance,211,9
all_400,validator,trigger_distance,212,12
all_400,validator,trigger_distance,213,10
all_400,validator,trigger_distance,214,7
all_400,validator,trigger_distance,215,5
all_400,validator,trigger_distance,216,6
all_400,validator,trigger_distance,217,6
all_400,validator,trigger_distance,218,14
all_400,validator,trigger_distance,219,10
all_400,validator,trigger_distance,220,6
all_400,validator,trigger_distance,221,11
all_400,validator,trigger_distance,222,7
all_400,validator,trigger_distance,223,4
all_400,validator,trigger_distance,224,6
all_400,validator,trigger_distance,225,2
all_400,validator,trigger_distance,226,10
all_400,validator,trigger_distance,227,4
all_400,validator,trigger_distance,228,9
all_400,validator,trigger_distance,229,3
all_400,validator,trigger_distance,230,6
all_400,validator,trigger_distance,231,10
all_400,validator,trigger_distance,232,5
all_400,validator,trigger_distance,233,4
all_400,validator,trigger_distance,234,7
all_400,validator,trigger_distance,235,4
all_400,validator,trigger_distance,236,6
all_400,validator,trigger_distance,237,5
all_400,validator,trigger_distance,238,8
all_400,validator,trigger_distance,239,7
all_400,validator,trigger_distance,240,5
all_400,validator,trigger_distance,241,2
all_400,validator,trigger_distance,242,11
all_400,validator,trigger_distance,243,2
all_400,validator,trigger_distance,244,5
all_400,validator,trigger_distance,245,5
all_400,validator,trigger_distance,246,4
all_400,validator,trigger_distance,247,4
all_400,validator,trigger_distance,248,5
all_400,validator,trigger_distance,249,8
all_400,validator,trigger_distance,250,7
all_400,validator,trigger_distance,251,7
all_400,validator,trigger_distance,252,10
all_400,validator,trigger_distance,253,5
all_400,validator,trigger_distance,254,1
all_400,validator,trigger_distance,255,2
all_400,validator,trigger_distance,256,6
all_400,validator,trigger_distance,257,5
all_400,validator,trigger_distance,258,3
all_400,validator,trigger_distance,259,3
all_400,validator,trigger_distance,260,1
all_400,validator,trigger_distance,261,5
all_400,validator,trigger_distance,262,3
all_400,validator,trigger_distance,263,4
all_400,validator,trigger_distance,264,4
all_400,validator,trigger_distance,265,6
all_400,validator,trigger_distance,266,3
all_400,validator,trigger_distance,267,3
all_400,validator,trigger_distance,268,4
all_400,validator,trigger_distance,269,3
all_400,validator,trigger_distance,270,4
all_400,validator,trigger_distance,271,5
all_400,validator,trigger_distance,272,5
all_400,validator,trigger_distance,273,7
all_400,validator,trigger_distance,274,3
all_400,validator,trigger_distance,275,1
all_400,validator,trigger_distance,276,1
all_400,validator,trigger_distance,277,5
all_400,validator,trigger_distance,279,4
all_400,validator,trigger_distance,280,2
all_400,validator,trigger_distance,281,3
all_400,validator,trigger_distance,282,6
all_400,validator,trigger_distance,283,4
all_400,validator,trigger_distance,284,6
all_400,validator,trigger_distance,285,1
all_400,validator,trigger_distance,286,2
all_400,validator,trigger_distance,287,2
all_400,validator,trigger_distance,288,5
all_400,validator,trigger_distance,289,1
all_400,validator,trigger_distance,290,4
all_400,validator,trigger_distance,291,2
all_400,validator,trigger_distance,292,6
all_400,validator,trigger_distance,293,5
all_400,validator,trigger_distance,294,1
all_400,validator,trigger_distance,295,6
all_400,validator,trigger_distance,296,2
all_400,validator,trigger_distance,297,5
all_400,validator,trigger_distance,298,4
all_400,validator,trigger_distance,299,4
all_400,validator,trigger_distance,300,2
all_400,validator,trigger_distance,301,5
all_400,validator,trigger_distance,302,2
all_400,validator,trigger_distance,303,1
all_400,validator,trigger_distance,304,1
all_400,validator,trigger_distance,306,2
all_400,validator,trigger_distance,307,2
all_400,validator,trigger_distance,308,6
all_400,validator,trigger_distance,309,2
all_400,validator,trigger_distance,310,3
all_400,validator,trigger_distance,311,1
all_400,validator,trigger_distance,312,2
all_400,validator,trigger_distance,313,2
all_400,validator,trigger_distance,314,2
all_400,validator,trigger_distance,316,5
all_400,validator,trigger_distance,317,5
all_400,validator,trigger_distance,318,1
all_400,validator,trigger_distance,319,4
all_400,validator,trigger_distance,320,1
all_400,validator,trigger_distance,321,3
all_400,validator,trigger_distance,322,2
all_400,validator,trigger_distance,323,2
all_400,validator,trigger_distance,324,2
all_400,validator,trigger_distance,325,2
all_400,validator,trigger_distance,326,2
all_400,validator,trigger_distance,327,2
all_400,validator,trigger_distance,328,2
all_400,validator,trigger_distance,329,1
all_400,validator,trigger_distance,330,2
all_400,validator,trigger_distance,331,2
all_400,validator,trigger_distance,333,2
all_400,validator,trigger_distance,335,3
all_400,validator,trigger_distance,336,2
all_400,validator,trigger_distance,337,2
all_400,validator,trigger_distance,338,3
all_400,validator,trigger_distance,339,1
all_400,validator,trigger_distance,340,4
all_400,validator,trigger_distance,341,2
all_400,validator,trigger_distance,342,4
all_400,validator,trigger_distance,344,1
all_400,validator,trigger_distance,345,2
all_400,validator,trigger_distance,346,1
all_400,validator,trigger_distance,349,1
all_400,validator,trigger_distance,350,2
all_400,validator,trigger_distance,351,2
all_400,validator,trigger_distance,352,2
all_400,validator,trigger_distance,353,2
all_400,validator,trigger_distance,354,4
all_400,validator,trigger_distance,357,3
all_400,validator,trigger_distance,358,1
all_400,validator,trigger_distance,359,3
all_400,validator,trigger_distance,360,1
all_400,validator,trigger_distance,361,3
all_400,validator,trigger_distance,362,1
all_400,validator,trigger_distance,363,3
all_400,validator,trigger_distance,364,1
all_400,validator,trigger_distance,365,2
all_400,validator,trigger_distance,367,2
all_400,validator,trigger_distance,368,1
all_400,validator,trigger_distance,369,1
all_400,validator,trigger_distance,370,1
all_400,validator,trigger_distance,371,1
all_400,validator,trigger_distance,372,3
all_400,validator,trigger_distance,373,1
all_400,validator,trigger_distance,374,1
all_400,validator,trigger_distance,375,1
all_400,validator,trigger_distance,377,3
all_400,validator,trigger_distance,379,2
all_400,validator,trigger_distance,382,1
all_400,validator,trigger_distance,383,1
all_400,validator,trigger_distance,384,2
all_400,validator,trigger_distance,385,3
all_400,validator,trigger_distance,386,3
all_400,validator,trigger_distance,387,2
all_400,validator,trigger_distance,388,2
all_400,validator,trigger_distance,390,1
all_400,validator,trigger_distance,391,1
all_400,validator,trigger_distance,392,2
all_400,validator,trigger_distance,393,1
all_400,validator,trigger_distance,394,1
all_400,validator,trigger_distance,395,3
all_400,validator,trigger_distance,397,1
all_400,validator,trigger_distance,399,1
all_400,validator,trigger_distance,400,1
all_400,validator,trigger_distance,401,1
all_400,validator,trigger_distance,402,2
all_400,validator,trigger_distance,404,2
all_400,validator,trigger_distance,406,1
all_400,validator,trigger_distance,408,3
all_400,validator,trigger_distance,410,1
all_400,validator,trigger_distance,414,1
all_400,validator,trigger_distance,415,1
all_400,validator,trigger_distance,416,2
all_400,validator,trigger_distance,418,2
all_400,validator,trigger_distance,419,3
all_400,validator,trigger_distance,421,1
all_400,validator,trigger_distance,425,1
all_400,validator,trigger_distance,427,1
all_400,validator,trigger_distance,429,2
all_400,validator,trigger_distance,430,2
all_400,validator,trigger_distance,432,3
all_400,validator,trigger_distance,434,1
all_400,validator,trigger_distance,435,1
all_400,validator,trigger_distance,436,3
all_400,validator,trigger_distance,440,1
all_400,validator,trigger_distance,441,1
all_400,validator,trigger_distance,444,1
all_400,validator,trigger_distance,445,1
all_400,validator,trigger_distance,450,2
all_400,validator,trigger_distance,453,1
all_400,validator,trigger_distance,454,1
all_400,validator,trigger_distance,455,1
all_400,validator,trigger_distance,457,1
all_400,validator,trigger_distance,458,3
all_400,validator,trigger_distance,460,2
all_400,validator,trigger_distance,472,1
all_400,validator,trigger_distance,473,2
all_400,validator,trigger_distance,475,1
all_400,validator,trigger_distance,482,2
all_400,validator,trigger_distance,483,1
all_400,validator,trigger_distance,488,2
all_400,validator,trigger_distance,490,1
all_400,validator,trigger_distance,491,1
all_400,validator,trigger_distance,494,1
all_400,validator,trigger_distance,497,2
all_400,validator,trigger_distance,498,1
all_400,validator,trigger_distance,500,1
all_400,validator,trigger_distance,501,1
all_400,validator,trigger_distance,504,1
all_400,validator,trigger_distance,506,1
all_400,validator,trigger_distance,508,1
all_400,validator,trigger_distance,511,1
all_400,validator,trigger_distance,512,1
all_400,validator,trigger_distance,515,1
all_400,validator,trigger_distance,531,1
all_400,validator,trigger_distance,532,2
all_400,validator,trigger_distance,536,1
all_400,validator,trigger_distance,537,1
all_400,validator,trigger_distance,541,1
all_400,validator,trigger_distance,542,2
all_400,validator,trigger_distance,567,1
all_400,validator,trigger_distance,572,1
all_400,validator,trigger_distance,579,1
all_400,validator,trigger_distance,581,1
all_400,validator,trigger_distance,585,1
all_400,validator,trigger_distance,610,1
all_400,validator,trigger_distance,611,1
all_400,validator,trigger_distance,630,1
all_400,validator,trigger_distance,636,1
all_400,validator,trigger_distance,651,1
all_400,validator,trigger_distance,669,1
all_400,validator,trigger_distance,679,1
all_400,validator,trigger_distance,682,1
all_400,validator,trigger_distance,687,1
all_400,validator,silent_gap,1,7550
all_400,validator,silent_gap,2,3272
all_400,validator,silent_gap,3,2179
all_400,validator,silent_gap,4,1756
all_400,validator,silent_gap,5,1423
all_400,validator,silent_gap,6,1150
all_400,validator,silent_gap,7,857
all_400,validator,silent_gap,8,706
all_400,validator,silent_gap,9,681
all_400,validator,silent_gap,10,569
all_400,validator,silent_gap,11,481
all_400,validator,silent_gap,12,459
all_400,validator,silent_gap,13,397
all_400,validator,silent_gap,14,362
all_400,validator,silent_gap,15,353
all_400,validator,silent_gap,16,312
all_400,validator,silent_gap,17,312
all_400,validator,silent_gap,18,268
all_400,validator,silent_gap,19,278
all_400,validator,silent_gap,20,245
all_400,validator,silent_gap,21,255
all_400,validator,silent_gap,22,243
all_400,validator,silent_gap,23,242
all_400,validator,silent_gap,24,209
all_400,validator,silent_gap,25,218
all_400,validator,silent_gap,26,225
all_400,validator,silent_gap,27,205
all_400,validator,silent_gap,28,184
all_400,validator,silent_gap,29,174
all_400,validator,silent_gap,30,200
all_400,validator,silent_gap,31,166
all_400,validator,silent_gap,32,188
all_400,validator,silent_gap,33,171
all_400,validator,silent_gap,34,142
all_400,validator,silent_gap,35,167
all_400,validator,silent_gap,36,143
all_400,validator,silent_gap,37,126
all_400,validator,silent_gap,38,137
all_400,validator,silent_gap,39,133
all_400,validator,silent_gap,40,121
all_400,validator,silent_gap,41,102
all_400,validator,silent_gap,42,110
all_400,validator,silent_gap,43,95
all_400,validator,silent_gap,44,115
all_400,validator,silent_gap,45,87
all_400,validator,silent_gap,46,105
all_400,validator,silent_gap,47,115
all_400,validator,silent_gap,48,93
all_400,validator,silent_gap,49,95
all_400,validator,silent_gap,50,113
all_400,validator,silent_gap,51,88
all_400,validator,silent_gap,52,86
all_400,validator,silent_gap,53,90
all_400,validator,silent_gap,54,104
all_400,validator,silent_gap,55,85
all_400,validator,silent_gap,56,99
all_400,validator,silent_gap,57,88
all_400,validator,silent_gap,58,80
all_400,validator,silent_gap,59,59
all_400,validator,silent_gap,60,76
all_400,validator,silent_gap,61,82
all_400,validator,silent_gap,62,79
all_400,validator,silent_gap,63,70
all_400,validator,silent_gap,64,75
all_400,validator,silent_gap,65,66
all_400,validator,silent_gap,66,61
all_400,validator,silent_gap,67,82
all_400,validator,silent_gap,68,59
all_400,validator,silent_gap,69,60
all_400,validator,silent_gap,70,65
all_400,validator,silent_gap,71,78
all_400,validator,silent_gap,72,61
all_400,validator,silent_gap,73,69
all_400,validator,silent_gap,74,52
all_400,validator,silent_gap,75,63
all_400,validator,silent_gap,76,40
all_400,validator,silent_gap,77,54
all_400,validator,silent_gap,78,38
all_400,validator,silent_gap,79,48
all_400,validator,silent_gap,80,69
all_400,validator,silent_gap,81,40
all_400,validator,silent_gap,82,39
all_400,validator,silent_gap,83,45
all_400,validator,silent_gap,84,49
all_400,validator,silent_gap,85,42
all_400,validator,silent_gap,86,51
all_400,validator,silent_gap,87,52
all_400,validator,silent_gap,88,40
all_400,validator,silent_gap,89,43
all_400,validator,silent_gap,90,38
all_400,validator,silent_gap,91,35
all_400,validator,silent_gap,92,53
all_400,validator,silent_gap,93,41
all_400,validator,silent_gap,94,36
all_400,validator,silent_gap,95,34
all_400,validator,silent_gap,96,51
all_400,validator,silent_gap,97,42
all_400,validator,silent_gap,98,34
all_400,validator,silent_gap,99,38
all_400,validator,silent_gap,100,33
all_400,validator,silent_gap,101,33
all_400,validator,silent_gap,102,36
all_400,validator,silent_gap,103,30
all_400,validator,silent_gap,104,32
all_400,validator,silent_gap,105,34
all_400,validator,silent_gap,106,36
all_400,validator,silent_gap,107,42
all_400,validator,silent_gap,108,34
all_400,validator,silent_gap,109,37
all_400,validator,silent_gap,110,39
all_400,validator,silent_gap,111,30
all_400,validator,silent_gap,112,31
all_400,validator,silent_gap,113,31
all_400,validator,silent_gap,114,20
all_400,validator,silent_gap,115,35
all_400,validator,silent_gap,116,39
all_400,validator,silent_gap,117,39
all_400,validator,silent_gap,118,28
all_400,validator,silent_gap,119,23
all_400,validator,silent_gap,120,27
all_400,validator,silent_gap,121,28
all_400,validator,silent_gap,122,25
all_400,validator,silent_gap,123,37
all_400,validator,silent_gap,124,27
all_400,validator,silent_gap,125,29
all_400,validator,silent_gap,126,21
all_400,validator,silent_gap,127,22
all_400,validator,silent_gap,128,24
all_400,validator,silent_gap,129,19
all_400,validator,silent_gap,130,17
all_400,validator,silent_gap,131,27
all_400,validator,silent_gap,132,21
all_400,validator,silent_gap,133,17
all_400,validator,silent_gap,134,30
all_400,validator,silent_gap,135,21
all_400,validator,silent_gap,136,23
all_400,validator,silent_gap,137,25
all_400,validator,silent_gap,138,28
all_400,validator,silent_gap,139,20
all_400,validator,silent_gap,140,24
all_400,validator,silent_gap,141,19
all_400,validator,silent_gap,142,17
all_400,validator,silent_gap,143,13
all_400,validator,silent_gap,144,18
all_400,validator,silent_gap,145,20
all_400,validator,silent_gap,146,22
all_400,validator,silent_gap,147,16
all_400,validator,silent_gap,148,13
all_400,validator,silent_gap,149,16
all_400,validator,silent_gap,150,15
all_400,validator,silent_gap,151,27
all_400,validator,silent_gap,152,25
all_400,validator,silent_gap,153,15
all_400,validator,silent_gap,154,19
all_400,validator,silent_gap,155,25
all_400,validator,silent_gap,156,19
all_400,validator,silent_gap,157,7
all_400,validator,silent_gap,158,16
all_400,validator,silent_gap,159,19
all_400,validator,silent_gap,160,20
all_400,validator,silent_gap,161,12
all_400,validator,silent_gap,162,15
all_400,validator,silent_gap,163,12
all_400,validator,silent_gap,164,15
all_400,validator,silent_gap,165,17
all_400,validator,silent_gap,166,18
all_400,validator,silent_gap,167,12
all_400,validator,silent_gap,168,14
all_400,validator,silent_gap,169,15
all_400,validator,silent_gap,170,23
all_400,validator,silent_gap,171,13
all_400,validator,silent_gap,172,11
all_400,validator,silent_gap,173,13
all_400,validator,silent_gap,174,7
all_400,validator,silent_gap,175,12
all_400,validator,silent_gap,176,8
all_400,validator,silent_gap,177,16
all_400,validator,silent_gap,178,20
all_400,validator,silent_gap,179,11
all_400,validator,silent_gap,180,14
all_400,validator,silent_gap,181,9
all_400,validator,silent_gap,182,7
all_400,validator,silent_gap,183,18
all_400,validator,silent_gap,184,10
all_400,validator,silent_gap,185,12
all_400,validator,silent_gap,186,10
all_400,validator,silent_gap,187,7
all_400,validator,silent_gap,188,19
all_400,validator,silent_gap,189,8
all_400,validator,silent_gap,190,9
all_400,validator,silent_gap,191,8
all_400,validator,silent_gap,192,6
all_400,validator,silent_gap,193,8
all_400,validator,silent_gap,194,6
all_400,validator,silent_gap,195,12
all_400,validator,silent_gap,196,15
all_400,validator,silent_gap,197,10
all_400,validator,silent_gap,198,8
all_400,validator,silent_gap,199,11
all_400,validator,silent_gap,200,13
all_400,validator,silent_gap,201,11
all_400,validator,silent_gap,202,9
all_400,validator,silent_gap,203,11
all_400,validator,silent_gap,204,12
all_400,validator,silent_gap,205,6
all_400,validator,silent_gap,206,6
all_400,validator,silent_gap,207,7
all_400,validator,silent_gap,208,6
all_400,validator,silent_gap,209,7
all_400,validator,silent_gap,210,9
all_400,validator,silent_gap,211,12
all_400,validator,silent_gap,212,10
all_400,validator,silent_gap,213,7
all_400,validator,silent_gap,214,5
all_400,validator,silent_gap,215,6
all_400,validator,silent_gap,216,6
all_400,validator,silent_gap,217,14
all_400,validator,silent_gap,218,10
all_400,validator,silent_gap,219,6
all_400,validator,silent_gap,220,11
all_400,validator,silent_gap,221,7
all_400,validator,silent_gap,222,4
all_400,validator,silent_gap,223,6
all_400,validator,silent_gap,224,2
all_400,validator,silent_gap,225,10
all_400,validator,silent_gap,226,4
all_400,validator,silent_gap,227,9
all_400,validator,silent_gap,228,3
all_400,validator,silent_gap,229,6
all_400,validator,silent_gap,230,10
all_400,validator,silent_gap,231,5
all_400,validator,silent_gap,232,4
all_400,validator,silent_gap,233,7
all_400,validator,silent_gap,234,4
all_400,validator,silent_gap,235,6
all_400,validator,silent_gap,236,5
all_400,validator,silent_gap,237,8
all_400,validator,silent_gap,238,7
all_400,validator,silent_gap,239,5
all_400,validator,silent_gap,240,2
all_400,validator,silent_gap,241,11
all_400,validator,silent_gap,242,2
all_400,validator,silent_gap,243,5
all_400,validator,silent_gap,244,5
all_400,validator,silent_gap,245,4
all_400,validator,silent_gap,246,4
all_400,validator,silent_gap,247,5
all_400,validator,silent_gap,248,8
all_400,validator,silent_gap,249,7
all_400,validator,silent_gap,250,7
all_400,validator,silent_gap,251,10
all_400,validator,silent_gap,252,5
all_400,validator,silent_gap,253,1
all_400,validator,silent_gap,254,2
all_400,validator,silent_gap,255,6
all_400,validator,silent_gap,256,5
all_400,validator,silent_gap,257,3
all_400,validator,silent_gap,258,3
all_400,validator,silent_gap,259,1
all_400,validator,silent_gap,260,5
all_400,validator,silent_gap,261,3
all_400,validator,silent_gap,262,4
all_400,validator,silent_gap,263,4
all_400,validator,silent_gap,264,6
all_400,validator,silent_gap,265,3
all_400,validator,silent_gap,266,3
all_400,validator,silent_gap,267,4
all_400,validator,silent_gap,268,3
all_400,validator,silent_gap,269,4
all_400,validator,silent_gap,270,5
all_400,validator,silent_gap,271,5
all_400,validator,silent_gap,272,7
all_400,validator,silent_gap,273,3
all_400,validator,silent_gap,274,1
all_400,validator,silent_gap,275,1
all_400,validator,silent_gap,276,5
all_400,validator,silent_gap,278,4
all_400,validator,silent_gap,279,2
all_400,validator,silent_gap,280,3
all_400,validator,silent_gap,281,6
all_400,validator,silent_gap,282,4
all_400,validator,silent_gap,283,6
all_400,validator,silent_gap,284,1
all_400,validator,silent_gap,285,2
all_400,validator,silent_gap,286,2
all_400,validator,silent_gap,287,5
all_400,validator,silent_gap,288,1
all_400,validator,silent_gap,289,4
all_400,validator,silent_gap,290,2
all_400,validator,silent_gap,291,6
all_400,validator,silent_gap,292,5
all_400,validator,silent_gap,293,1
all_400,validator,silent_gap,294,6
all_400,validator,silent_gap,295,2
all_400,validator,silent_gap,296,5
all_400,validator,silent_gap,297,4
all_400,validator,silent_gap,298,4
all_400,validator,silent_gap,299,2
all_400,validator,silent_gap,300,5
all_400,validator,silent_gap,301,2
all_400,validator,silent_gap,302,1
all_400,validator,silent_gap,303,1
all_400,validator,silent_gap,305,2
all_400,validator,silent_gap,306,2
all_400,validator,silent_gap,307,6
all_400,validator,silent_gap,308,2
all_400,validator,silent_gap,309,3
all_400,validator,silent_gap,310,1
all_400,validator,silent_gap,311,2
all_400,validator,silent_gap,312,2
all_400,validator,silent_gap,313,2
all_400,validator,silent_gap,315,5
all_400,validator,silent_gap,316,5
all_400,validator,silent_gap,317,1
all_400,validator,silent_gap,318,4
all_400,validator,silent_gap,319,1
all_400,validator,silent_gap,320,3
all_400,validator,silent_gap,321,2
all_400,validator,silent_gap,322,2
all_400,validator,silent_gap,323,2
all_400,validator,silent_gap,324,2
all_400,validator,silent_gap,325,2
all_400,validator,silent_gap,326,2
all_400,validator,silent_gap,327,2
all_400,validator,silent_gap,328,1
all_400,validator,silent_gap,329,2
all_400,validator,silent_gap,330,2
all_400,validator,silent_gap,332,2
all_400,validator,silent_gap,334,3
all_400,validator,silent_gap,335,2
all_400,validator,silent_gap,336,2
all_400,validator,silent_gap,337,3
all_400,validator,silent_gap,338,1
all_400,validator,silent_gap,339,4
all_400,validator,silent_gap,340,2
all_400,validator,silent_gap,341,4
all_400,validator,silent_gap,343,1
all_400,validator,silent_gap,344,2
all_400,validator,silent_gap,345,1
all_400,validator,silent_gap,348,1
all_400,validator,silent_gap,349,2
all_400,validator,silent_gap,350,2
all_400,validator,silent_gap,351,2
all_400,validator,silent_gap,352,2
all_400,validator,silent_gap,353,4
all_400,validator,silent_gap,356,3
all_400,validator,silent_gap,357,1
all_400,validator,silent_gap,358,3
all_400,validator,silent_gap,359,1
all_400,validator,silent_gap,360,3
all_400,validator,silent_gap,361,1
all_400,validator,silent_gap,362,3
all_400,validator,silent_gap,363,1
all_400,validator,silent_gap,364,2
all_400,validator,silent_gap,366,2
all_400,validator,silent_gap,367,1
all_400,validator,silent_gap,368,1
all_400,validator,silent_gap,369,1
all_400,validator,silent_gap,370,1
all_400,validator,silent_gap,371,3
all_400,validator,silent_gap,372,1
all_400,validator,silent_gap,373,1
all_400,validator,silent_gap,374,1
all_400,validator,silent_gap,376,3
all_400,validator,silent_gap,378,2
all_400,validator,silent_gap,381,1
all_400,validator,silent_gap,382,1
all_400,validator,silent_gap,383,2
all_400,validator,silent_gap,384,3
all_400,validator,silent_gap,385,3
all_400,validator,silent_gap,386,2
all_400,validator,silent_gap,387,2
all_400,validator,silent_gap,389,1
all_400,validator,silent_gap,390,1
all_400,validator,silent_gap,391,2
all_400,validator,silent_gap,392,1
all_400,validator,silent_gap,393,1
all_400,validator,silent_gap,394,3
all_400,validator,silent_gap,396,1
all_400,validator,silent_gap,398,1
all_400,validator,silent_gap,399,1
all_400,validator,silent_gap,400,1
all_400,validator,silent_gap,401,2
all_400,validator,silent_gap,403,2
all_400,validator,silent_gap,405,1
all_400,validator,silent_gap,407,3
all_400,validator,silent_gap,409,1
all_400,validator,silent_gap,413,1
all_400,validator,silent_gap,414,1
all_400,validator,silent_gap,415,2
all_400,validator,silent_gap,417,2
all_400,validator,silent_gap,418,3
all_400,validator,silent_gap,420,1
all_400,validator,silent_gap,424,1
all_400,validator,silent_gap,426,1
all_400,validator,silent_gap,428,2
all_400,validator,silent_gap,429,2
all_400,validator,silent_gap,431,3
all_400,validator,silent_gap,433,1
all_400,validator,silent_gap,434,1
all_400,validator,silent_gap,435,3
all_400,validator,silent_gap,439,1
all_400,validator,silent_gap,440,1
all_400,validator,silent_gap,443,1
all_400,validator,silent_gap,444,1
all_400,validator,silent_gap,449,2
all_400,validator,silent_gap,452,1
all_400,validator,silent_gap,453,1
all_400,validator,silent_gap,454,1
all_400,validator,silent_gap,456,1
all_400,validator,silent_gap,457,3
all_400,validator,silent_gap,459,2
all_400,validator,silent_gap,471,1
all_400,validator,silent_gap,472,2
all_400,validator,silent_gap,474,1
all_400,validator,silent_gap,481,2
all_400,validator,silent_gap,482,1
all_400,validator,silent_gap,487,2
all_400,validator,silent_gap,489,1
all_400,validator,silent_gap,490,1
all_400,validator,silent_gap,493,1
all_400,validator,silent_gap,496,2
all_400,validator,silent_gap,497,1
all_400,validator,silent_gap,499,1
all_400,validator,silent_gap,500,1
all_400,validator,silent_gap,503,1
all_400,validator,silent_gap,505,1
all_400,validator,silent_gap,507,1
all_400,validator,silent_gap,510,1
all_400,validator,silent_gap,511,1
all_400,validator,silent_gap,514,1
all_400,validator,silent_gap,530,1
all_400,validator,silent_gap,531,2
all_400,validator,silent_gap,535,1
all_400,validator,silent_gap,536,1
all_400,validator,silent_gap,540,1
all_400,validator,silent_gap,541,2
all_400,validator,silent_gap,566,1
all_400,validator,silent_gap,571,1
all_400,validator,silent_gap,578,1
all_400,validator,silent_gap,580,1
all_400,validator,silent_gap,584,1
all_400,validator,silent_gap,609,1
all_400,validator,silent_gap,610,1
all_400,validator,silent_gap,629,1
all_400,validator,silent_gap,635,1
all_400,validator,silent_gap,650,1
all_400,validator,silent_gap,668,1
all_400,validator,silent_gap,678,1
all_400,validator,silent_gap,681,1
all_400,validator,silent_gap,686,1
all_400,validator,burst_start_distance,2,3313
all_400,validator,burst_start_distance,3,3108
all_400,validator,burst_start_distance,4,2572
all_400,validator,burst_start_distance,5,2068
all_400,validator,burst_start_distance,6,1827
all_400,validator,burst_start_distance,7,1523
all_400,validator,burst_start_distance,8,1373
all_400,validator,burst_start_distance,9,1196
all_400,validator,burst_start_distance,10,977
all_400,validator,burst_start_distance,11,865
all_400,validator,burst_start_distance,12,710
all_400,validator,burst_start_distance,13,664
all_400,validator,burst_start_distance,14,539
all_400,validator,burst_start_distance,15,496
all_400,validator,burst_start_distance,16,433
all_400,validator,burst_start_distance,17,364
all_400,validator,burst_start_distance,18,335
all_400,validator,burst_start_distance,19,308
all_400,validator,burst_start_distance,20,311
all_400,validator,burst_start_distance,21,269
all_400,validator,burst_start_distance,22,263
all_400,validator,burst_start_distance,23,249
all_400,validator,burst_start_distance,24,258
all_400,validator,burst_start_distance,25,243
all_400,validator,burst_start_distance,26,232
all_400,validator,burst_start_distance,27,245
all_400,validator,burst_start_distance,28,215
all_400,validator,burst_start_distance,29,206
all_400,validator,burst_start_distance,30,187
all_400,validator,burst_start_distance,31,197
all_400,validator,burst_start_distance,32,175
all_400,validator,burst_start_distance,33,177
all_400,validator,burst_start_distance,34,183
all_400,validator,burst_start_distance,35,165
all_400,validator,burst_start_distance,36,168
all_400,validator,burst_start_distance,37,150
all_400,validator,burst_start_distance,38,145
all_400,validator,burst_start_distance,39,137
all_400,validator,burst_start_distance,40,126
all_400,validator,burst_start_distance,41,133
all_400,validator,burst_start_distance,42,124
all_400,validator,burst_start_distance,43,105
all_400,validator,burst_start_distance,44,108
all_400,validator,burst_start_distance,45,127
all_400,validator,burst_start_distance,46,97
all_400,validator,burst_start_distance,47,97
all_400,validator,burst_start_distance,48,128
all_400,validator,burst_start_distance,49,84
all_400,validator,burst_start_distance,50,96
all_400,validator,burst_start_distance,51,109
all_400,validator,burst_start_distance,52,93
all_400,validator,burst_start_distance,53,94
all_400,validator,burst_start_distance,54,89
all_400,validator,burst_start_distance,55,95
all_400,validator,burst_start_distance,56,85
all_400,validator,burst_start_distance,57,98
all_400,validator,burst_start_distance,58,103
all_400,validator,burst_start_distance,59,86
all_400,validator,burst_start_distance,60,72
all_400,validator,burst_start_distance,61,71
all_400,validator,burst_start_distance,62,82
all_400,validator,burst_start_distance,63,79
all_400,validator,burst_start_distance,64,81
all_400,validator,burst_start_distance,65,78
all_400,validator,burst_start_distance,66,57
all_400,validator,burst_start_distance,67,69
all_400,validator,burst_start_distance,68,71
all_400,validator,burst_start_distance,69,67
all_400,validator,burst_start_distance,70,70
all_400,validator,burst_start_distance,71,57
all_400,validator,burst_start_distance,72,71
all_400,validator,burst_start_distance,73,85
all_400,validator,burst_start_distance,74,66
all_400,validator,burst_start_distance,75,53
all_400,validator,burst_start_distance,76,50
all_400,validator,burst_start_distance,77,48
all_400,validator,burst_start_distance,78,52
all_400,validator,burst_start_distance,79,37
all_400,validator,burst_start_distance,80,44
all_400,validator,burst_start_distance,81,58
all_400,validator,burst_start_distance,82,52
all_400,validator,burst_start_distance,83,51
all_400,validator,burst_start_distance,84,41
all_400,validator,burst_start_distance,85,48
all_400,validator,burst_start_distance,86,53
all_400,validator,burst_start_distance,87,47
all_400,validator,burst_start_distance,88,60
all_400,validator,burst_start_distance,89,35
all_400,validator,burst_start_distance,90,43
all_400,validator,burst_start_distance,91,36
all_400,validator,burst_start_distance,92,37
all_400,validator,burst_start_distance,93,49
all_400,validator,burst_start_distance,94,47
all_400,validator,burst_start_distance,95,34
all_400,validator,burst_start_distance,96,34
all_400,validator,burst_start_distance,97,49
all_400,validator,burst_start_distance,98,50
all_400,validator,burst_start_distance,99,34
all_400,validator,burst_start_distance,100,33
all_400,validator,burst_start_distance,101,37
all_400,validator,burst_start_distance,102,38
all_400,validator,burst_start_distance,103,31
all_400,validator,burst_start_distance,104,32
all_400,validator,burst_start_distance,105,31
all_400,validator,burst_start_distance,106,36
all_400,validator,burst_start_distance,107,37
all_400,validator,burst_start_distance,108,31
all_400,validator,burst_start_distance,109,43
all_400,validator,burst_start_distance,110,34
all_400,validator,burst_start_distance,111,35
all_400,validator,burst_start_distance,112,44
all_400,validator,burst_start_distance,113,33
all_400,validator,burst_start_distance,114,32
all_400,validator,burst_start_distance,115,23
all_400,validator,burst_start_distance,116,25
all_400,validator,burst_start_distance,117,34
all_400,validator,burst_start_distance,118,42
all_400,validator,burst_start_distance,119,32
all_400,validator,burst_start_distance,120,26
all_400,validator,burst_start_distance,121,26
all_400,validator,burst_start_distance,122,29
all_400,validator,burst_start_distance,123,35
all_400,validator,burst_start_distance,124,35
all_400,validator,burst_start_distance,125,26
all_400,validator,burst_start_distance,126,28
all_400,validator,burst_start_distance,127,25
all_400,validator,burst_start_distance,128,20
all_400,validator,burst_start_distance,129,19
all_400,validator,burst_start_distance,130,23
all_400,validator,burst_start_distance,131,19
all_400,validator,burst_start_distance,132,28
all_400,validator,burst_start_distance,133,25
all_400,validator,burst_start_distance,134,16
all_400,validator,burst_start_distance,135,28
all_400,validator,burst_start_distance,136,20
all_400,validator,burst_start_distance,137,22
all_400,validator,burst_start_distance,138,25
all_400,validator,burst_start_distance,139,32
all_400,validator,burst_start_distance,140,16
all_400,validator,burst_start_distance,141,27
all_400,validator,burst_start_distance,142,21
all_400,validator,burst_start_distance,143,16
all_400,validator,burst_start_distance,144,15
all_400,validator,burst_start_distance,145,12
all_400,validator,burst_start_distance,146,22
all_400,validator,burst_start_distance,147,22
all_400,validator,burst_start_distance,148,19
all_400,validator,burst_start_distance,149,19
all_400,validator,burst_start_distance,150,14
all_400,validator,burst_start_distance,151,14
all_400,validator,burst_start_distance,152,19
all_400,validator,burst_start_distance,153,23
all_400,validator,burst_start_distance,154,19
all_400,validator,burst_start_distance,155,22
all_400,validator,burst_start_distance,156,23
all_400,validator,burst_start_distance,157,17
all_400,validator,burst_start_distance,158,12
all_400,validator,burst_start_distance,159,15
all_400,validator,burst_start_distance,160,20
all_400,validator,burst_start_distance,161,21
all_400,validator,burst_start_distance,162,14
all_400,validator,burst_start_distance,163,15
all_400,validator,burst_start_distance,164,12
all_400,validator,burst_start_distance,165,13
all_400,validator,burst_start_distance,166,16
all_400,validator,burst_start_distance,167,19
all_400,validator,burst_start_distance,168,15
all_400,validator,burst_start_distance,169,13
all_400,validator,burst_start_distance,170,17
all_400,validator,burst_start_distance,171,23
all_400,validator,burst_start_distance,172,12
all_400,validator,burst_start_distance,173,7
all_400,validator,burst_start_distance,174,14
all_400,validator,burst_start_distance,175,9
all_400,validator,burst_start_distance,176,9
all_400,validator,burst_start_distance,177,12
all_400,validator,burst_start_distance,178,11
all_400,validator,burst_start_distance,179,15
all_400,validator,burst_start_distance,180,18
all_400,validator,burst_start_distance,181,10
all_400,validator,burst_start_distance,182,12
all_400,validator,burst_start_distance,183,6
all_400,validator,burst_start_distance,184,13
all_400,validator,burst_start_distance,185,13
all_400,validator,burst_start_distance,186,11
all_400,validator,burst_start_distance,187,18
all_400,validator,burst_start_distance,188,8
all_400,validator,burst_start_distance,189,13
all_400,validator,burst_start_distance,190,9
all_400,validator,burst_start_distance,191,8
all_400,validator,burst_start_distance,192,9
all_400,validator,burst_start_distance,193,10
all_400,validator,burst_start_distance,194,9
all_400,validator,burst_start_distance,195,9
all_400,validator,burst_start_distance,196,8
all_400,validator,burst_start_distance,197,11
all_400,validator,burst_start_distance,198,10
all_400,validator,burst_start_distance,199,7
all_400,validator,burst_start_distance,200,16
all_400,validator,burst_start_distance,201,9
all_400,validator,burst_start_distance,202,11
all_400,validator,burst_start_distance,203,11
all_400,validator,burst_start_distance,204,12
all_400,validator,burst_start_distance,205,14
all_400,validator,burst_start_distance,206,7
all_400,validator,burst_start_distance,207,7
all_400,validator,burst_start_distance,208,10
all_400,validator,burst_start_distance,209,4
all_400,validator,burst_start_distance,210,5
all_400,validator,burst_start_distance,211,12
all_400,validator,burst_start_distance,212,8
all_400,validator,burst_start_distance,213,10
all_400,validator,burst_start_distance,214,8
all_400,validator,burst_start_distance,215,11
all_400,validator,burst_start_distance,216,7
all_400,validator,burst_start_distance,217,6
all_400,validator,burst_start_distance,218,12
all_400,validator,burst_start_distance,219,8
all_400,validator,burst_start_distance,220,5
all_400,validator,burst_start_distance,221,12
all_400,validator,burst_start_distance,222,7
all_400,validator,burst_start_distance,223,5
all_400,validator,burst_start_distance,224,5
all_400,validator,burst_start_distance,225,4
all_400,validator,burst_start_distance,226,12
all_400,validator,burst_start_distance,227,2
all_400,validator,burst_start_distance,228,9
all_400,validator,burst_start_distance,230,7
all_400,validator,burst_start_distance,231,8
all_400,validator,burst_start_distance,232,8
all_400,validator,burst_start_distance,233,5
all_400,validator,burst_start_distance,234,7
all_400,validator,burst_start_distance,235,4
all_400,validator,burst_start_distance,236,2
all_400,validator,burst_start_distance,237,8
all_400,validator,burst_start_distance,238,7
all_400,validator,burst_start_distance,239,10
all_400,validator,burst_start_distance,240,3
all_400,validator,burst_start_distance,241,5
all_400,validator,burst_start_distance,242,6
all_400,validator,burst_start_distance,243,4
all_400,validator,burst_start_distance,244,5
all_400,validator,burst_start_distance,245,7
all_400,validator,burst_start_distance,246,5
all_400,validator,burst_start_distance,247,4
all_400,validator,burst_start_distance,248,4
all_400,validator,burst_start_distance,249,5
all_400,validator,burst_start_distance,250,7
all_400,validator,burst_start_distance,251,7
all_400,validator,burst_start_distance,252,8
all_400,validator,burst_start_distance,253,4
all_400,validator,burst_start_distance,254,6
all_400,validator,burst_start_distance,255,3
all_400,validator,burst_start_distance,256,3
all_400,validator,burst_start_distance,257,6
all_400,validator,burst_start_distance,258,3
all_400,validator,burst_start_distance,259,4
all_400,validator,burst_start_distance,260,2
all_400,validator,burst_start_distance,261,6
all_400,validator,burst_start_distance,262,2
all_400,validator,burst_start_distance,263,2
all_400,validator,burst_start_distance,264,4
all_400,validator,burst_start_distance,265,3
all_400,validator,burst_start_distance,266,5
all_400,validator,burst_start_distance,267,3
all_400,validator,burst_start_distance,268,6
all_400,validator,burst_start_distance,269,2
all_400,validator,burst_start_distance,270,3
all_400,validator,burst_start_distance,271,6
all_400,validator,burst_start_distance,272,5
all_400,validator,burst_start_distance,273,8
all_400,validator,burst_start_distance,274,5
all_400,validator,burst_start_distance,275,2
all_400,validator,burst_start_distance,276,1
all_400,validator,burst_start_distance,277,3
all_400,validator,burst_start_distance,278,2
all_400,validator,burst_start_distance,279,2
all_400,validator,burst_start_distance,280,3
all_400,validator,burst_start_distance,281,2
all_400,validator,burst_start_distance,282,8
all_400,validator,burst_start_distance,283,5
all_400,validator,burst_start_distance,284,5
all_400,validator,burst_start_distance,285,1
all_400,validator,burst_start_distance,286,2
all_400,validator,burst_start_distance,287,2
all_400,validator,burst_start_distance,288,3
all_400,validator,burst_start_distance,289,3
all_400,validator,burst_start_distance,290,2
all_400,validator,burst_start_distance,291,3
all_400,validator,burst_start_distance,292,5
all_400,validator,burst_start_distance,293,5
all_400,validator,burst_start_distance,294,3
all_400,validator,burst_start_distance,295,4
all_400,validator,burst_start_distance,296,2
all_400,validator,burst_start_distance,297,6
all_400,validator,burst_start_distance,298,2
all_400,validator,burst_start_distance,299,2
all_400,validator,burst_start_distance,300,6
all_400,validator,burst_start_distance,301,5
all_400,validator,burst_start_distance,302,2
all_400,validator,burst_start_distance,303,1
all_400,validator,burst_start_distance,304,1
all_400,validator,burst_start_distance,306,1
all_400,validator,burst_start_distance,307,2
all_400,validator,burst_start_distance,308,8
all_400,validator,burst_start_distance,310,4
all_400,validator,burst_start_distance,312,3
all_400,validator,burst_start_distance,313,3
all_400,validator,burst_start_distance,315,2
all_400,validator,burst_start_distance,316,4
all_400,validator,burst_start_distance,318,4
all_400,validator,burst_start_distance,319,1
all_400,validator,burst_start_distance,320,3
all_400,validator,burst_start_distance,321,2
all_400,validator,burst_start_distance,322,5
all_400,validator,burst_start_distance,323,4
all_400,validator,burst_start_distance,324,2
all_400,validator,burst_start_distance,325,2
all_400,validator,burst_start_distance,326,1
all_400,validator,burst_start_distance,327,2
all_400,validator,burst_start_distance,328,1
all_400,validator,burst_start_distance,329,2
all_400,validator,burst_start_distance,330,3
all_400,validator,burst_start_distance,331,1
all_400,validator,burst_start_distance,333,3
all_400,validator,burst_start_distance,335,3
all_400,validator,burst_start_distance,337,3
all_400,validator,burst_start_distance,338,2
all_400,validator,burst_start_distance,339,4
all_400,validator,burst_start_distance,340,1
all_400,validator,burst_start_distance,341,4
all_400,validator,burst_start_distance,342,3
all_400,validator,burst_start_distance,343,1
all_400,validator,burst_start_distance,344,2
all_400,validator,burst_start_distance,345,1
all_400,validator,burst_start_distance,346,1
all_400,validator,burst_start_distance,350,1
all_400,validator,burst_start_distance,351,2
all_400,validator,burst_start_distance,352,3
all_400,validator,burst_start_distance,353,4
all_400,validator,burst_start_distance,354,2
all_400,validator,burst_start_distance,355,2
all_400,validator,burst_start_distance,359,2
all_400,validator,burst_start_distance,360,3
all_400,validator,burst_start_distance,361,3
all_400,validator,burst_start_distance,362,3
all_400,validator,burst_start_distance,363,1
all_400,validator,burst_start_distance,364,2
all_400,validator,burst_start_distance,365,1
all_400,validator,burst_start_distance,368,3
all_400,validator,burst_start_distance,369,2
all_400,validator,burst_start_distance,370,2
all_400,validator,burst_start_distance,372,3
all_400,validator,burst_start_distance,373,3
all_400,validator,burst_start_distance,374,1
all_400,validator,burst_start_distance,375,1
all_400,validator,burst_start_distance,377,1
all_400,validator,burst_start_distance,378,1
all_400,validator,burst_start_distance,380,1
all_400,validator,burst_start_distance,381,2
all_400,validator,burst_start_distance,382,1
all_400,validator,burst_start_distance,384,2
all_400,validator,burst_start_distance,385,2
all_400,validator,burst_start_distance,386,3
all_400,validator,burst_start_distance,387,4
all_400,validator,burst_start_distance,389,1
all_400,validator,burst_start_distance,390,1
all_400,validator,burst_start_distance,392,3
all_400,validator,burst_start_distance,393,1
all_400,validator,burst_start_distance,394,1
all_400,validator,burst_start_distance,395,2
all_400,validator,burst_start_distance,396,2
all_400,validator,burst_start_distance,397,1
all_400,validator,burst_start_distance,399,1
all_400,validator,burst_start_distance,400,1
all_400,validator,burst_start_distance,402,1
all_400,validator,burst_start_distance,403,2
all_400,validator,burst_start_distance,404,1
all_400,validator,burst_start_distance,406,1
all_400,validator,burst_start_distance,407,1
all_400,validator,burst_start_distance,408,3
all_400,validator,burst_start_distance,413,1
all_400,validator,burst_start_distance,414,1
all_400,validator,burst_start_distance,416,1
all_400,validator,burst_start_distance,417,1
all_400,validator,burst_start_distance,418,2
all_400,validator,burst_start_distance,419,1
all_400,validator,burst_start_distance,420,1
all_400,validator,burst_start_distance,421,2
all_400,validator,burst_start_distance,423,1
all_400,validator,burst_start_distance,425,1
all_400,validator,burst_start_distance,427,1
all_400,validator,burst_start_distance,429,2
all_400,validator,burst_start_distance,430,1
all_400,validator,burst_start_distance,432,3
all_400,validator,burst_start_distance,435,1
all_400,validator,burst_start_distance,436,2
all_400,validator,burst_start_distance,438,2
all_400,validator,burst_start_distance,440,1
all_400,validator,burst_start_distance,441,1
all_400,validator,burst_start_distance,442,1
all_400,validator,burst_start_distance,444,1
all_400,validator,burst_start_distance,447,1
all_400,validator,burst_start_distance,450,1
all_400,validator,burst_start_distance,451,1
all_400,validator,burst_start_distance,453,1
all_400,validator,burst_start_distance,455,1
all_400,validator,burst_start_distance,456,1
all_400,validator,burst_start_distance,457,1
all_400,validator,burst_start_distance,458,1
all_400,validator,burst_start_distance,459,1
all_400,validator,burst_start_distance,460,1
all_400,validator,burst_start_distance,461,1
all_400,validator,burst_start_distance,463,1
all_400,validator,burst_start_distance,473,2
all_400,validator,burst_start_distance,475,1
all_400,validator,burst_start_distance,480,1
all_400,validator,burst_start_distance,482,1
all_400,validator,burst_start_distance,483,2
all_400,validator,burst_start_distance,488,2
all_400,validator,burst_start_distance,490,1
all_400,validator,burst_start_distance,495,1
all_400,validator,burst_start_distance,496,1
all_400,validator,burst_start_distance,498,3
all_400,validator,burst_start_distance,500,1
all_400,validator,burst_start_distance,503,1
all_400,validator,burst_start_distance,504,1
all_400,validator,burst_start_distance,508,2
all_400,validator,burst_start_distance,511,1
all_400,validator,burst_start_distance,512,1
all_400,validator,burst_start_distance,515,1
all_400,validator,burst_start_distance,531,1
all_400,validator,burst_start_distance,533,1
all_400,validator,burst_start_distance,534,1
all_400,validator,burst_start_distance,537,2
all_400,validator,burst_start_distance,542,1
all_400,validator,burst_start_distance,544,1
all_400,validator,burst_start_distance,545,1
all_400,validator,burst_start_distance,567,1
all_400,validator,burst_start_distance,572,1
all_400,validator,burst_start_distance,579,1
all_400,validator,burst_start_distance,581,1
all_400,validator,burst_start_distance,585,1
all_400,validator,burst_start_distance,610,1
all_400,validator,burst_start_distance,611,1
all_400,validator,burst_start_distance,631,1
all_400,validator,burst_start_distance,637,1
all_400,validator,burst_start_distance,651,1
all_400,validator,burst_start_distance,669,1
all_400,validator,burst_start_distance,679,1
all_400,validator,burst_start_distance,682,1
all_400,validator,burst_start_distance,687,1
all_400,scorefile,trigger_distance,1,38331
all_400,scorefile,trigger_distance,2,9248
all_400,scorefile,trigger_distance,3,4865
all_400,scorefile,trigger_distance,4,3429
all_400,scorefile,trigger_distance,5,2770
all_400,scorefile,trigger_distance,6,1850
all_400,scorefile,trigger_distance,7,1729
all_400,scorefile,trigger_distance,8,1245
all_400,scorefile,trigger_distance,9,1159
all_400,scorefile,trigger_distance,10,1086
all_400,scorefile,trigger_distance,11,968
all_400,scorefile,trigger_distance,12,910
all_400,scorefile,trigger_distance,13,868
all_400,scorefile,trigger_distance,14,758
all_400,scorefile,trigger_distance,15,758
all_400,scorefile,trigger_distance,16,698
all_400,scorefile,trigger_distance,17,626
all_400,scorefile,trigger_distance,18,542
all_400,scorefile,trigger_distance,19,499
all_400,scorefile,trigger_distance,20,499
all_400,scorefile,trigger_distance,21,452
all_400,scorefile,trigger_distance,22,400
all_400,scorefile,trigger_distance,23,389
all_400,scorefile,trigger_distance,24,338
all_400,scorefile,trigger_distance,25,314
all_400,scorefile,trigger_distance,26,284
all_400,scorefile,trigger_distance,27,287
all_400,scorefile,trigger_distance,28,257
all_400,scorefile,trigger_distance,29,270
all_400,scorefile,trigger_distance,30,225
all_400,scorefile,trigger_distance,31,249
all_400,scorefile,trigger_distance,32,247
all_400,scorefile,trigger_distance,33,205
all_400,scorefile,trigger_distance,34,220
all_400,scorefile,trigger_distance,35,218
all_400,scorefile,trigger_distance,36,217
all_400,scorefile,trigger_distance,37,165
all_400,scorefile,trigger_distance,38,171
all_400,scorefile,trigger_distance,39,171
all_400,scorefile,trigger_distance,40,194
all_400,scorefile,trigger_distance,41,202
all_400,scorefile,trigger_distance,42,162
all_400,scorefile,trigger_distance,43,164
all_400,scorefile,trigger_distance,44,163
all_400,scorefile,trigger_distance,45,157
all_400,scorefile,trigger_distance,46,123
all_400,scorefile,trigger_distance,47,161
all_400,scorefile,trigger_distance,48,134
all_400,scorefile,trigger_distance,49,117
all_400,scorefile,trigger_distance,50,133
all_400,scorefile,trigger_distance,51,148
all_400,scorefile,trigger_distance,52,130
all_400,scorefile,trigger_distance,53,118
all_400,scorefile,trigger_distance,54,117
all_400,scorefile,trigger_distance,55,100
all_400,scorefile,trigger_distance,56,130
all_400,scorefile,trigger_distance,57,117
all_400,scorefile,trigger_distance,58,88
all_400,scorefile,trigger_distance,59,111
all_400,scorefile,trigger_distance,60,100
all_400,scorefile,trigger_distance,61,83
all_400,scorefile,trigger_distance,62,90
all_400,scorefile,trigger_distance,63,88
all_400,scorefile,trigger_distance,64,88
all_400,scorefile,trigger_distance,65,109
all_400,scorefile,trigger_distance,66,93
all_400,scorefile,trigger_distance,67,86
all_400,scorefile,trigger_distance,68,80
all_400,scorefile,trigger_distance,69,85
all_400,scorefile,trigger_distance,70,79
all_400,scorefile,trigger_distance,71,78
all_400,scorefile,trigger_distance,72,63
all_400,scorefile,trigger_distance,73,64
all_400,scorefile,trigger_distance,74,70
all_400,scorefile,trigger_distance,75,60
all_400,scorefile,trigger_distance,76,59
all_400,scorefile,trigger_distance,77,72
all_400,scorefile,trigger_distance,78,86
all_400,scorefile,trigger_distance,79,57
all_400,scorefile,trigger_distance,80,69
all_400,scorefile,trigger_distance,81,76
all_400,scorefile,trigger_distance,82,57
all_400,scorefile,trigger_distance,83,66
all_400,scorefile,trigger_distance,84,66
all_400,scorefile,trigger_distance,85,68
all_400,scorefile,trigger_distance,86,60
all_400,scorefile,trigger_distance,87,51
all_400,scorefile,trigger_distance,88,58
all_400,scorefile,trigger_distance,89,54
all_400,scorefile,trigger_distance,90,59
all_400,scorefile,trigger_distance,91,45
all_400,scorefile,trigger_distance,92,53
all_400,scorefile,trigger_distance,93,53
all_400,scorefile,trigger_distance,94,50
all_400,scorefile,trigger_distance,95,38
all_400,scorefile,trigger_distance,96,46
all_400,scorefile,trigger_distance,97,52
all_400,scorefile,trigger_distance,98,46
all_400,scorefile,trigger_distance,99,37
all_400,scorefile,trigger_distance,100,34
all_400,scorefile,trigger_distance,101,53
all_400,scorefile,trigger_distance,102,42
all_400,scorefile,trigger_distance,103,41
all_400,scorefile,trigger_distance,104,32
all_400,scorefile,trigger_distance,105,45
all_400,scorefile,trigger_distance,106,45
all_400,scorefile,trigger_distance,107,52
all_400,scorefile,trigger_distance,108,37
all_400,scorefile,trigger_distance,109,34
all_400,scorefile,trigger_distance,110,41
all_400,scorefile,trigger_distance,111,48
all_400,scorefile,trigger_distance,112,37
all_400,scorefile,trigger_distance,113,40
all_400,scorefile,trigger_distance,114,44
all_400,scorefile,trigger_distance,115,36
all_400,scorefile,trigger_distance,116,17
all_400,scorefile,trigger_distance,117,36
all_400,scorefile,trigger_distance,118,36
all_400,scorefile,trigger_distance,119,33
all_400,scorefile,trigger_distance,120,40
all_400,scorefile,trigger_distance,121,35
all_400,scorefile,trigger_distance,122,34
all_400,scorefile,trigger_distance,123,40
all_400,scorefile,trigger_distance,124,24
all_400,scorefile,trigger_distance,125,37
all_400,scorefile,trigger_distance,126,29
all_400,scorefile,trigger_distance,127,39
all_400,scorefile,trigger_distance,128,25
all_400,scorefile,trigger_distance,129,31
all_400,scorefile,trigger_distance,130,32
all_400,scorefile,trigger_distance,131,29
all_400,scorefile,trigger_distance,132,27
all_400,scorefile,trigger_distance,133,27
all_400,scorefile,trigger_distance,134,19
all_400,scorefile,trigger_distance,135,25
all_400,scorefile,trigger_distance,136,25
all_400,scorefile,trigger_distance,137,34
all_400,scorefile,trigger_distance,138,26
all_400,scorefile,trigger_distance,139,28
all_400,scorefile,trigger_distance,140,29
all_400,scorefile,trigger_distance,141,17
all_400,scorefile,trigger_distance,142,14
all_400,scorefile,trigger_distance,143,21
all_400,scorefile,trigger_distance,144,16
all_400,scorefile,trigger_distance,145,19
all_400,scorefile,trigger_distance,146,18
all_400,scorefile,trigger_distance,147,35
all_400,scorefile,trigger_distance,148,12
all_400,scorefile,trigger_distance,149,16
all_400,scorefile,trigger_distance,150,15
all_400,scorefile,trigger_distance,151,20
all_400,scorefile,trigger_distance,152,18
all_400,scorefile,trigger_distance,153,20
all_400,scorefile,trigger_distance,154,11
all_400,scorefile,trigger_distance,155,12
all_400,scorefile,trigger_distance,156,18
all_400,scorefile,trigger_distance,157,12
all_400,scorefile,trigger_distance,158,23
all_400,scorefile,trigger_distance,159,17
all_400,scorefile,trigger_distance,160,12
all_400,scorefile,trigger_distance,161,10
all_400,scorefile,trigger_distance,162,11
all_400,scorefile,trigger_distance,163,22
all_400,scorefile,trigger_distance,164,9
all_400,scorefile,trigger_distance,165,10
all_400,scorefile,trigger_distance,166,12
all_400,scorefile,trigger_distance,167,25
all_400,scorefile,trigger_distance,168,9
all_400,scorefile,trigger_distance,169,9
all_400,scorefile,trigger_distance,170,8
all_400,scorefile,trigger_distance,171,11
all_400,scorefile,trigger_distance,172,12
all_400,scorefile,trigger_distance,173,17
all_400,scorefile,trigger_distance,174,13
all_400,scorefile,trigger_distance,175,9
all_400,scorefile,trigger_distance,176,10
all_400,scorefile,trigger_distance,177,10
all_400,scorefile,trigger_distance,178,14
all_400,scorefile,trigger_distance,179,6
all_400,scorefile,trigger_distance,180,12
all_400,scorefile,trigger_distance,181,7
all_400,scorefile,trigger_distance,182,6
all_400,scorefile,trigger_distance,183,10
all_400,scorefile,trigger_distance,184,12
all_400,scorefile,trigger_distance,185,10
all_400,scorefile,trigger_distance,186,9
all_400,scorefile,trigger_distance,187,7
all_400,scorefile,trigger_distance,188,5
all_400,scorefile,trigger_distance,189,12
all_400,scorefile,trigger_distance,190,10
all_400,scorefile,trigger_distance,191,2
all_400,scorefile,trigger_distance,192,5
all_400,scorefile,trigger_distance,193,4
all_400,scorefile,trigger_distance,194,8
all_400,scorefile,trigger_distance,195,7
all_400,scorefile,trigger_distance,196,8
all_400,scorefile,trigger_distance,197,7
all_400,scorefile,trigger_distance,198,8
all_400,scorefile,trigger_distance,199,2
all_400,scorefile,trigger_distance,200,3
all_400,scorefile,trigger_distance,201,5
all_400,scorefile,trigger_distance,202,6
all_400,scorefile,trigger_distance,203,8
all_400,scorefile,trigger_distance,204,4
all_400,scorefile,trigger_distance,205,9
all_400,scorefile,trigger_distance,206,8
all_400,scorefile,trigger_distance,207,4
all_400,scorefile,trigger_distance,208,7
all_400,scorefile,trigger_distance,209,6
all_400,scorefile,trigger_distance,210,7
all_400,scorefile,trigger_distance,211,4
all_400,scorefile,trigger_distance,212,6
all_400,scorefile,trigger_distance,213,7
all_400,scorefile,trigger_distance,214,4
all_400,scorefile,trigger_distance,215,6
all_400,scorefile,trigger_distance,216,7
all_400,scorefile,trigger_distance,217,4
all_400,scorefile,trigger_distance,218,7
all_400,scorefile,trigger_distance,219,5
all_400,scorefile,trigger_distance,220,5
all_400,scorefile,trigger_distance,221,4
all_400,scorefile,trigger_distance,222,3
all_400,scorefile,trigger_distance,223,3
all_400,scorefile,trigger_distance,224,4
all_400,scorefile,trigger_distance,225,6
all_400,scorefile,trigger_distance,226,3
all_400,scorefile,trigger_distance,227,7
all_400,scorefile,trigger_distance,228,4
all_400,scorefile,trigger_distance,229,4
all_400,scorefile,trigger_distance,230,3
all_400,scorefile,trigger_distance,231,3
all_400,scorefile,trigger_distance,232,6
all_400,scorefile,trigger_distance,233,3
all_400,scorefile,trigger_distance,234,2
all_400,scorefile,trigger_distance,235,5
all_400,scorefile,trigger_distance,236,3
all_400,scorefile,trigger_distance,237,2
all_400,scorefile,trigger_distance,238,4
all_400,scorefile,trigger_distance,239,5
all_400,scorefile,trigger_distance,240,1
all_400,scorefile,trigger_distance,241,4
all_400,scorefile,trigger_distance,242,1
all_400,scorefile,trigger_distance,243,3
all_400,scorefile,trigger_distance,244,4
all_400,scorefile,trigger_distance,245,2
all_400,scorefile,trigger_distance,246,2
all_400,scorefile,trigger_distance,247,4
all_400,scorefile,trigger_distance,248,3
all_400,scorefile,trigger_distance,249,3
all_400,scorefile,trigger_distance,250,6
all_400,scorefile,trigger_distance,252,1
all_400,scorefile,trigger_distance,253,2
all_400,scorefile,trigger_distance,254,1
all_400,scorefile,trigger_distance,255,1
all_400,scorefile,trigger_distance,256,4
all_400,scorefile,trigger_distance,257,2
all_400,scorefile,trigger_distance,258,3
all_400,scorefile,trigger_distance,259,2
all_400,scorefile,trigger_distance,262,1
all_400,scorefile,trigger_distance,263,3
all_400,scorefile,trigger_distance,264,4
all_400,scorefile,trigger_distance,265,1
all_400,scorefile,trigger_distance,266,2
all_400,scorefile,trigger_distance,267,3
all_400,scorefile,trigger_distance,268,2
all_400,scorefile,trigger_distance,269,2
all_400,scorefile,trigger_distance,270,4
all_400,scorefile,trigger_distance,275,2
all_400,scorefile,trigger_distance,276,3
all_400,scorefile,trigger_distance,279,2
all_400,scorefile,trigger_distance,280,1
all_400,scorefile,trigger_distance,281,3
all_400,scorefile,trigger_distance,282,1
all_400,scorefile,trigger_distance,283,2
all_400,scorefile,trigger_distance,284,1
all_400,scorefile,trigger_distance,286,1
all_400,scorefile,trigger_distance,287,3
all_400,scorefile,trigger_distance,288,1
all_400,scorefile,trigger_distance,289,2
all_400,scorefile,trigger_distance,294,1
all_400,scorefile,trigger_distance,296,2
all_400,scorefile,trigger_distance,298,1
all_400,scorefile,trigger_distance,300,1
all_400,scorefile,trigger_distance,302,2
all_400,scorefile,trigger_distance,303,1
all_400,scorefile,trigger_distance,304,1
all_400,scorefile,trigger_distance,306,1
all_400,scorefile,trigger_distance,309,1
all_400,scorefile,trigger_distance,311,2
all_400,scorefile,trigger_distance,312,1
all_400,scorefile,trigger_distance,314,1
all_400,scorefile,trigger_distance,315,1
all_400,scorefile,trigger_distance,316,2
all_400,scorefile,trigger_distance,318,1
all_400,scorefile,trigger_distance,322,2
all_400,scorefile,trigger_distance,323,3
all_400,scorefile,trigger_distance,324,1
all_400,scorefile,trigger_distance,326,2
all_400,scorefile,trigger_distance,332,1
all_400,scorefile,trigger_distance,333,1
all_400,scorefile,trigger_distance,335,4
all_400,scorefile,trigger_distance,337,1
all_400,scorefile,trigger_distance,340,1
all_400,scorefile,trigger_distance,341,1
all_400,scorefile,trigger_distance,342,1
all_400,scorefile,trigger_distance,347,1
all_400,scorefile,trigger_distance,351,1
all_400,scorefile,trigger_distance,354,1
all_400,scorefile,trigger_distance,362,1
all_400,scorefile,trigger_distance,364,1
all_400,scorefile,trigger_distance,382,1
all_400,scorefile,trigger_distance,383,2
all_400,scorefile,trigger_distance,398,1
all_400,scorefile,trigger_distance,399,1
all_400,scorefile,trigger_distance,403,1
all_400,scorefile,trigger_distance,415,1
all_400,scorefile,trigger_distance,426,1
all_400,scorefile,trigger_distance,431,1
all_400,scorefile,trigger_distance,434,1
all_400,scorefile,trigger_distance,436,1
all_400,scorefile,trigger_distance,454,1
all_400,scorefile,silent_gap,1,9248
all_400,scorefile,silent_gap,2,4865
all_400,scorefile,silent_gap,3,3429
all_400,scorefile,silent_gap,4,2770
all_400,scorefile,silent_gap,5,1850
all_400,scorefile,silent_gap,6,1729
all_400,scorefile,silent_gap,7,1245
all_400,scorefile,silent_gap,8,1159
all_400,scorefile,silent_gap,9,1086
all_400,scorefile,silent_gap,10,968
all_400,scorefile,silent_gap,11,910
all_400,scorefile,silent_gap,12,868
all_400,scorefile,silent_gap,13,758
all_400,scorefile,silent_gap,14,758
all_400,scorefile,silent_gap,15,698
all_400,scorefile,silent_gap,16,626
all_400,scorefile,silent_gap,17,542
all_400,scorefile,silent_gap,18,499
all_400,scorefile,silent_gap,19,499
all_400,scorefile,silent_gap,20,452
all_400,scorefile,silent_gap,21,400
all_400,scorefile,silent_gap,22,389
all_400,scorefile,silent_gap,23,338
all_400,scorefile,silent_gap,24,314
all_400,scorefile,silent_gap,25,284
all_400,scorefile,silent_gap,26,287
all_400,scorefile,silent_gap,27,257
all_400,scorefile,silent_gap,28,270
all_400,scorefile,silent_gap,29,225
all_400,scorefile,silent_gap,30,249
all_400,scorefile,silent_gap,31,247
all_400,scorefile,silent_gap,32,205
all_400,scorefile,silent_gap,33,220
all_400,scorefile,silent_gap,34,218
all_400,scorefile,silent_gap,35,217
all_400,scorefile,silent_gap,36,165
all_400,scorefile,silent_gap,37,171
all_400,scorefile,silent_gap,38,171
all_400,scorefile,silent_gap,39,194
all_400,scorefile,silent_gap,40,202
all_400,scorefile,silent_gap,41,162
all_400,scorefile,silent_gap,42,164
all_400,scorefile,silent_gap,43,163
all_400,scorefile,silent_gap,44,157
all_400,scorefile,silent_gap,45,123
all_400,scorefile,silent_gap,46,161
all_400,scorefile,silent_gap,47,134
all_400,scorefile,silent_gap,48,117
all_400,scorefile,silent_gap,49,133
all_400,scorefile,silent_gap,50,148
all_400,scorefile,silent_gap,51,130
all_400,scorefile,silent_gap,52,118
all_400,scorefile,silent_gap,53,117
all_400,scorefile,silent_gap,54,100
all_400,scorefile,silent_gap,55,130
all_400,scorefile,silent_gap,56,117
all_400,scorefile,silent_gap,57,88
all_400,scorefile,silent_gap,58,111
all_400,scorefile,silent_gap,59,100
all_400,scorefile,silent_gap,60,83
all_400,scorefile,silent_gap,61,90
all_400,scorefile,silent_gap,62,88
all_400,scorefile,silent_gap,63,88
all_400,scorefile,silent_gap,64,109
all_400,scorefile,silent_gap,65,93
all_400,scorefile,silent_gap,66,86
all_400,scorefile,silent_gap,67,80
all_400,scorefile,silent_gap,68,85
all_400,scorefile,silent_gap,69,79
all_400,scorefile,silent_gap,70,78
all_400,scorefile,silent_gap,71,63
all_400,scorefile,silent_gap,72,64
all_400,scorefile,silent_gap,73,70
all_400,scorefile,silent_gap,74,60
all_400,scorefile,silent_gap,75,59
all_400,scorefile,silent_gap,76,72
all_400,scorefile,silent_gap,77,86
all_400,scorefile,silent_gap,78,57
all_400,scorefile,silent_gap,79,69
all_400,scorefile,silent_gap,80,76
all_400,scorefile,silent_gap,81,57
all_400,scorefile,silent_gap,82,66
all_400,scorefile,silent_gap,83,66
all_400,scorefile,silent_gap,84,68
all_400,scorefile,silent_gap,85,60
all_400,scorefile,silent_gap,86,51
all_400,scorefile,silent_gap,87,58
all_400,scorefile,silent_gap,88,54
all_400,scorefile,silent_gap,89,59
all_400,scorefile,silent_gap,90,45
all_400,scorefile,silent_gap,91,53
all_400,scorefile,silent_gap,92,53
all_400,scorefile,silent_gap,93,50
all_400,scorefile,silent_gap,94,38
all_400,scorefile,silent_gap,95,46
all_400,scorefile,silent_gap,96,52
all_400,scorefile,silent_gap,97,46
all_400,scorefile,silent_gap,98,37
all_400,scorefile,silent_gap,99,34
all_400,scorefile,silent_gap,100,53
all_400,scorefile,silent_gap,101,42
all_400,scorefile,silent_gap,102,41
all_400,scorefile,silent_gap,103,32
all_400,scorefile,silent_gap,104,45
all_400,scorefile,silent_gap,105,45
all_400,scorefile,silent_gap,106,52
all_400,scorefile,silent_gap,107,37
all_400,scorefile,silent_gap,108,34
all_400,scorefile,silent_gap,109,41
all_400,scorefile,silent_gap,110,48
all_400,scorefile,silent_gap,111,37
all_400,scorefile,silent_gap,112,40
all_400,scorefile,silent_gap,113,44
all_400,scorefile,silent_gap,114,36
all_400,scorefile,silent_gap,115,17
all_400,scorefile,silent_gap,116,36
all_400,scorefile,silent_gap,117,36
all_400,scorefile,silent_gap,118,33
all_400,scorefile,silent_gap,119,40
all_400,scorefile,silent_gap,120,35
all_400,scorefile,silent_gap,121,34
all_400,scorefile,silent_gap,122,40
all_400,scorefile,silent_gap,123,24
all_400,scorefile,silent_gap,124,37
all_400,scorefile,silent_gap,125,29
all_400,scorefile,silent_gap,126,39
all_400,scorefile,silent_gap,127,25
all_400,scorefile,silent_gap,128,31
all_400,scorefile,silent_gap,129,32
all_400,scorefile,silent_gap,130,29
all_400,scorefile,silent_gap,131,27
all_400,scorefile,silent_gap,132,27
all_400,scorefile,silent_gap,133,19
all_400,scorefile,silent_gap,134,25
all_400,scorefile,silent_gap,135,25
all_400,scorefile,silent_gap,136,34
all_400,scorefile,silent_gap,137,26
all_400,scorefile,silent_gap,138,28
all_400,scorefile,silent_gap,139,29
all_400,scorefile,silent_gap,140,17
all_400,scorefile,silent_gap,141,14
all_400,scorefile,silent_gap,142,21
all_400,scorefile,silent_gap,143,16
all_400,scorefile,silent_gap,144,19
all_400,scorefile,silent_gap,145,18
all_400,scorefile,silent_gap,146,35
all_400,scorefile,silent_gap,147,12
all_400,scorefile,silent_gap,148,16
all_400,scorefile,silent_gap,149,15
all_400,scorefile,silent_gap,150,20
all_400,scorefile,silent_gap,151,18
all_400,scorefile,silent_gap,152,20
all_400,scorefile,silent_gap,153,11
all_400,scorefile,silent_gap,154,12
all_400,scorefile,silent_gap,155,18
all_400,scorefile,silent_gap,156,12
all_400,scorefile,silent_gap,157,23
all_400,scorefile,silent_gap,158,17
all_400,scorefile,silent_gap,159,12
all_400,scorefile,silent_gap,160,10
all_400,scorefile,silent_gap,161,11
all_400,scorefile,silent_gap,162,22
all_400,scorefile,silent_gap,163,9
all_400,scorefile,silent_gap,164,10
all_400,scorefile,silent_gap,165,12
all_400,scorefile,silent_gap,166,25
all_400,scorefile,silent_gap,167,9
all_400,scorefile,silent_gap,168,9
all_400,scorefile,silent_gap,169,8
all_400,scorefile,silent_gap,170,11
all_400,scorefile,silent_gap,171,12
all_400,scorefile,silent_gap,172,17
all_400,scorefile,silent_gap,173,13
all_400,scorefile,silent_gap,174,9
all_400,scorefile,silent_gap,175,10
all_400,scorefile,silent_gap,176,10
all_400,scorefile,silent_gap,177,14
all_400,scorefile,silent_gap,178,6
all_400,scorefile,silent_gap,179,12
all_400,scorefile,silent_gap,180,7
all_400,scorefile,silent_gap,181,6
all_400,scorefile,silent_gap,182,10
all_400,scorefile,silent_gap,183,12
all_400,scorefile,silent_gap,184,10
all_400,scorefile,silent_gap,185,9
all_400,scorefile,silent_gap,186,7
all_400,scorefile,silent_gap,187,5
all_400,scorefile,silent_gap,188,12
all_400,scorefile,silent_gap,189,10
all_400,scorefile,silent_gap,190,2
all_400,scorefile,silent_gap,191,5
all_400,scorefile,silent_gap,192,4
all_400,scorefile,silent_gap,193,8
all_400,scorefile,silent_gap,194,7
all_400,scorefile,silent_gap,195,8
all_400,scorefile,silent_gap,196,7
all_400,scorefile,silent_gap,197,8
all_400,scorefile,silent_gap,198,2
all_400,scorefile,silent_gap,199,3
all_400,scorefile,silent_gap,200,5
all_400,scorefile,silent_gap,201,6
all_400,scorefile,silent_gap,202,8
all_400,scorefile,silent_gap,203,4
all_400,scorefile,silent_gap,204,9
all_400,scorefile,silent_gap,205,8
all_400,scorefile,silent_gap,206,4
all_400,scorefile,silent_gap,207,7
all_400,scorefile,silent_gap,208,6
all_400,scorefile,silent_gap,209,7
all_400,scorefile,silent_gap,210,4
all_400,scorefile,silent_gap,211,6
all_400,scorefile,silent_gap,212,7
all_400,scorefile,silent_gap,213,4
all_400,scorefile,silent_gap,214,6
all_400,scorefile,silent_gap,215,7
all_400,scorefile,silent_gap,216,4
all_400,scorefile,silent_gap,217,7
all_400,scorefile,silent_gap,218,5
all_400,scorefile,silent_gap,219,5
all_400,scorefile,silent_gap,220,4
all_400,scorefile,silent_gap,221,3
all_400,scorefile,silent_gap,222,3
all_400,scorefile,silent_gap,223,4
all_400,scorefile,silent_gap,224,6
all_400,scorefile,silent_gap,225,3
all_400,scorefile,silent_gap,226,7
all_400,scorefile,silent_gap,227,4
all_400,scorefile,silent_gap,228,4
all_400,scorefile,silent_gap,229,3
all_400,scorefile,silent_gap,230,3
all_400,scorefile,silent_gap,231,6
all_400,scorefile,silent_gap,232,3
all_400,scorefile,silent_gap,233,2
all_400,scorefile,silent_gap,234,5
all_400,scorefile,silent_gap,235,3
all_400,scorefile,silent_gap,236,2
all_400,scorefile,silent_gap,237,4
all_400,scorefile,silent_gap,238,5
all_400,scorefile,silent_gap,239,1
all_400,scorefile,silent_gap,240,4
all_400,scorefile,silent_gap,241,1
all_400,scorefile,silent_gap,242,3
all_400,scorefile,silent_gap,243,4
all_400,scorefile,silent_gap,244,2
all_400,scorefile,silent_gap,245,2
all_400,scorefile,silent_gap,246,4
all_400,scorefile,silent_gap,247,3
all_400,scorefile,silent_gap,248,3
all_400,scorefile,silent_gap,249,6
all_400,scorefile,silent_gap,251,1
all_400,scorefile,silent_gap,252,2
all_400,scorefile,silent_gap,253,1
all_400,scorefile,silent_gap,254,1
all_400,scorefile,silent_gap,255,4
all_400,scorefile,silent_gap,256,2
all_400,scorefile,silent_gap,257,3
all_400,scorefile,silent_gap,258,2
all_400,scorefile,silent_gap,261,1
all_400,scorefile,silent_gap,262,3
all_400,scorefile,silent_gap,263,4
all_400,scorefile,silent_gap,264,1
all_400,scorefile,silent_gap,265,2
all_400,scorefile,silent_gap,266,3
all_400,scorefile,silent_gap,267,2
all_400,scorefile,silent_gap,268,2
all_400,scorefile,silent_gap,269,4
all_400,scorefile,silent_gap,274,2
all_400,scorefile,silent_gap,275,3
all_400,scorefile,silent_gap,278,2
all_400,scorefile,silent_gap,279,1
all_400,scorefile,silent_gap,280,3
all_400,scorefile,silent_gap,281,1
all_400,scorefile,silent_gap,282,2
all_400,scorefile,silent_gap,283,1
all_400,scorefile,silent_gap,285,1
all_400,scorefile,silent_gap,286,3
all_400,scorefile,silent_gap,287,1
all_400,scorefile,silent_gap,288,2
all_400,scorefile,silent_gap,293,1
all_400,scorefile,silent_gap,295,2
all_400,scorefile,silent_gap,297,1
all_400,scorefile,silent_gap,299,1
all_400,scorefile,silent_gap,301,2
all_400,scorefile,silent_gap,302,1
all_400,scorefile,silent_gap,303,1
all_400,scorefile,silent_gap,305,1
all_400,scorefile,silent_gap,308,1
all_400,scorefile,silent_gap,310,2
all_400,scorefile,silent_gap,311,1
all_400,scorefile,silent_gap,313,1
all_400,scorefile,silent_gap,314,1
all_400,scorefile,silent_gap,315,2
all_400,scorefile,silent_gap,317,1
all_400,scorefile,silent_gap,321,2
all_400,scorefile,silent_gap,322,3
all_400,scorefile,silent_gap,323,1
all_400,scorefile,silent_gap,325,2
all_400,scorefile,silent_gap,331,1
all_400,scorefile,silent_gap,332,1
all_400,scorefile,silent_gap,334,4
all_400,scorefile,silent_gap,336,1
all_400,scorefile,silent_gap,339,1
all_400,scorefile,silent_gap,340,1
all_400,scorefile,silent_gap,341,1
all_400,scorefile,silent_gap,346,1
all_400,scorefile,silent_gap,350,1
all_400,scorefile,silent_gap,353,1
all_400,scorefile,silent_gap,361,1
all_400,scorefile,silent_gap,363,1
all_400,scorefile,silent_gap,381,1
all_400,scorefile,silent_gap,382,2
all_400,scorefile,silent_gap,397,1
all_400,scorefile,silent_gap,398,1
all_400,scorefile,silent_gap,402,1
all_400,scorefile,silent_gap,414,1
all_400,scorefile,silent_gap,425,1
all_400,scorefile,silent_gap,430,1
all_400,scorefile,silent_gap,433,1
all_400,scorefile,silent_gap,435,1
all_400,scorefile,silent_gap,453,1
all_400,scorefile,burst_start_distance,2,5487
all_400,scorefile,burst_start_distance,3,4655
all_400,scorefile,burst_start_distance,4,3868
all_400,scorefile,burst_start_distance,5,3409
all_400,scorefile,burst_start_distance,6,2313
all_400,scorefile,burst_start_distance,7,2167
all_400,scorefile,burst_start_distance,8,1518
all_400,scorefile,burst_start_distance,9,1376
all_400,scorefile,burst_start_distance,10,1306
all_400,scorefile,burst_start_distance,11,1146
all_400,scorefile,burst_start_distance,12,1010
all_400,scorefile,burst_start_distance,13,1018
all_400,scorefile,burst_start_distance,14,840
all_400,scorefile,burst_start_distance,15,827
all_400,scorefile,burst_start_distance,16,760
all_400,scorefile,burst_start_distance,17,702
all_400,scorefile,burst_start_distance,18,600
all_400,scorefile,burst_start_distance,19,554
all_400,scorefile,burst_start_distance,20,538
all_400,scorefile,burst_start_distance,21,465
all_400,scorefile,burst_start_distance,22,452
all_400,scorefile,burst_start_distance,23,435
all_400,scorefile,burst_start_distance,24,366
all_400,scorefile,burst_start_distance,25,337
all_400,scorefile,burst_start_distance,26,313
all_400,scorefile,burst_start_distance,27,295
all_400,scorefile,burst_start_distance,28,277
all_400,scorefile,burst_start_distance,29,285
all_400,scorefile,burst_start_distance,30,229
all_400,scorefile,burst_start_distance,31,254
all_400,scorefile,burst_start_distance,32,249
all_400,scorefile,burst_start_distance,33,220
all_400,scorefile,burst_start_distance,34,217
all_400,scorefile,burst_start_distance,35,232
all_400,scorefile,burst_start_distance,36,216
all_400,scorefile,burst_start_distance,37,189
all_400,scorefile,burst_start_distance,38,170
all_400,scorefile,burst_start_distance,39,190
all_400,scorefile,burst_start_distance,40,180
all_400,scorefile,burst_start_distance,41,209
all_400,scorefile,burst_start_distance,42,163
all_400,scorefile,burst_start_distance,43,176
all_400,scorefile,burst_start_distance,44,160
all_400,scorefile,burst_start_distance,45,166
all_400,scorefile,burst_start_distance,46,136
all_400,scorefile,burst_start_distance,47,157
all_400,scorefile,burst_start_distance,48,139
all_400,scorefile,burst_start_distance,49,132
all_400,scorefile,burst_start_distance,50,132
all_400,scorefile,burst_start_distance,51,142
all_400,scorefile,burst_start_distance,52,124
all_400,scorefile,burst_start_distance,53,132
all_400,scorefile,burst_start_distance,54,121
all_400,scorefile,burst_start_distance,55,106
all_400,scorefile,burst_start_distance,56,127
all_400,scorefile,burst_start_distance,57,115
all_400,scorefile,burst_start_distance,58,94
all_400,scorefile,burst_start_distance,59,104
all_400,scorefile,burst_start_distance,60,108
all_400,scorefile,burst_start_distance,61,87
all_400,scorefile,burst_start_distance,62,87
all_400,scorefile,burst_start_distance,63,90
all_400,scorefile,burst_start_distance,64,84
all_400,scorefile,burst_start_distance,65,117
all_400,scorefile,burst_start_distance,66,99
all_400,scorefile,burst_start_distance,67,84
all_400,scorefile,burst_start_distance,68,84
all_400,scorefile,burst_start_distance,69,82
all_400,scorefile,burst_start_distance,70,76
all_400,scorefile,burst_start_distance,71,81
all_400,scorefile,burst_start_distance,72,66
all_400,scorefile,burst_start_distance,73,69
all_400,scorefile,burst_start_distance,74,60
all_400,scorefile,burst_start_distance,75,67
all_400,scorefile,burst_start_distance,76,66
all_400,scorefile,burst_start_distance,77,64
all_400,scorefile,burst_start_distance,78,80
all_400,scorefile,burst_start_distance,79,61
all_400,scorefile,burst_start_distance,80,77
all_400,scorefile,burst_start_distance,81,77
all_400,scorefile,burst_start_distance,82,59
all_400,scorefile,burst_start_distance,83,57
all_400,scorefile,burst_start_distance,84,67
all_400,scorefile,burst_start_distance,85,61
all_400,scorefile,burst_start_distance,86,68
all_400,scorefile,burst_start_distance,87,54
all_400,scorefile,burst_start_distance,88,56
all_400,scorefile,burst_start_distance,89,53
all_400,scorefile,burst_start_distance,90,52
all_400,scorefile,burst_start_distance,91,51
all_400,scorefile,burst_start_distance,92,49
all_400,scorefile,burst_start_distance,93,57
all_400,scorefile,burst_start_distance,94,53
all_400,scorefile,burst_start_distance,95,34
all_400,scorefile,burst_start_distance,96,56
all_400,scorefile,burst_start_distance,97,46
all_400,scorefile,burst_start_distance,98,54
all_400,scorefile,burst_start_distance,99,40
all_400,scorefile,burst_start_distance,100,31
all_400,scorefile,burst_start_distance,101,51
all_400,scorefile,burst_start_distance,102,45
all_400,scorefile,burst_start_distance,103,38
all_400,scorefile,burst_start_distance,104,35
all_400,scorefile,burst_start_distance,105,40
all_400,scorefile,burst_start_distance,106,49
all_400,scorefile,burst_start_distance,107,46
all_400,scorefile,burst_start_distance,108,40
all_400,scorefile,burst_start_distance,109,30
all_400,scorefile,burst_start_distance,110,39
all_400,scorefile,burst_start_distance,111,46
all_400,scorefile,burst_start_distance,112,40
all_400,scorefile,burst_start_distance,113,42
all_400,scorefile,burst_start_distance,114,51
all_400,scorefile,burst_start_distance,115,37
all_400,scorefile,burst_start_distance,116,19
all_400,scorefile,burst_start_distance,117,35
all_400,scorefile,burst_start_distance,118,42
all_400,scorefile,burst_start_distance,119,26
all_400,scorefile,burst_start_distance,120,35
all_400,scorefile,burst_start_distance,121,35
all_400,scorefile,burst_start_distance,122,33
all_400,scorefile,burst_start_distance,123,44
all_400,scorefile,burst_start_distance,124,27
all_400,scorefile,burst_start_distance,125,33
all_400,scorefile,burst_start_distance,126,34
all_400,scorefile,burst_start_distance,127,30
all_400,scorefile,burst_start_distance,128,31
all_400,scorefile,burst_start_distance,129,32
all_400,scorefile,burst_start_distance,130,36
all_400,scorefile,burst_start_distance,131,25
all_400,scorefile,burst_start_distance,132,30
all_400,scorefile,burst_start_distance,133,28
all_400,scorefile,burst_start_distance,134,21
all_400,scorefile,burst_start_distance,135,22
all_400,scorefile,burst_start_distance,136,28
all_400,scorefile,burst_start_distance,137,28
all_400,scorefile,burst_start_distance,138,28
all_400,scorefile,burst_start_distance,139,25
all_400,scorefile,burst_start_distance,140,33
all_400,scorefile,burst_start_distance,141,19
all_400,scorefile,burst_start_distance,142,16
all_400,scorefile,burst_start_distance,143,18
all_400,scorefile,burst_start_distance,144,19
all_400,scorefile,burst_start_distance,145,14
all_400,scorefile,burst_start_distance,146,21
all_400,scorefile,burst_start_distance,147,29
all_400,scorefile,burst_start_distance,148,17
all_400,scorefile,burst_start_distance,149,20
all_400,scorefile,burst_start_distance,150,14
all_400,scorefile,burst_start_distance,151,20
all_400,scorefile,burst_start_distance,152,18
all_400,scorefile,burst_start_distance,153,17
all_400,scorefile,burst_start_distance,154,17
all_400,scorefile,burst_start_distance,155,17
all_400,scorefile,burst_start_distance,156,10
all_400,scorefile,burst_start_distance,157,13
all_400,scorefile,burst_start_distance,158,19
all_400,scorefile,burst_start_distance,159,19
all_400,scorefile,burst_start_distance,160,12
all_400,scorefile,burst_start_distance,161,14
all_400,scorefile,burst_start_distance,162,12
all_400,scorefile,burst_start_distance,163,20
all_400,scorefile,burst_start_distance,164,10
all_400,scorefile,burst_start_distance,165,13
all_400,scorefile,burst_start_distance,166,8
all_400,scorefile,burst_start_distance,167,20
all_400,scorefile,burst_start_distance,168,17
all_400,scorefile,burst_start_distance,169,10
all_400,scorefile,burst_start_distance,170,6
all_400,scorefile,burst_start_distance,171,12
all_400,scorefile,burst_start_distance,172,12
all_400,scorefile,burst_start_distance,173,13
all_400,scorefile,burst_start_distance,174,15
all_400,scorefile,burst_start_distance,175,10
all_400,scorefile,burst_start_distance,176,11
all_400,scorefile,burst_start_distance,177,12
all_400,scorefile,burst_start_distance,178,11
all_400,scorefile,burst_start_distance,179,5
all_400,scorefile,burst_start_distance,180,13
all_400,scorefile,burst_start_distance,181,8
all_400,scorefile,burst_start_distance,182,7
all_400,scorefile,burst_start_distance,183,9
all_400,scorefile,burst_start_distance,184,14
all_400,scorefile,burst_start_distance,185,10
all_400,scorefile,burst_start_distance,186,8
all_400,scorefile,burst_start_distance,187,7
all_400,scorefile,burst_start_distance,188,6
all_400,scorefile,burst_start_distance,189,11
all_400,scorefile,burst_start_distance,190,8
all_400,scorefile,burst_start_distance,191,5
all_400,scorefile,burst_start_distance,192,6
all_400,scorefile,burst_start_distance,193,2
all_400,scorefile,burst_start_distance,194,8
all_400,scorefile,burst_start_distance,195,5
all_400,scorefile,burst_start_distance,196,8
all_400,scorefile,burst_start_distance,197,10
all_400,scorefile,burst_start_distance,198,10
all_400,scorefile,burst_start_distance,199,2
all_400,scorefile,burst_start_distance,201,5
all_400,scorefile,burst_start_distance,202,5
all_400,scorefile,burst_start_distance,203,9
all_400,scorefile,burst_start_distance,204,7
all_400,scorefile,burst_start_distance,205,9
all_400,scorefile,burst_start_distance,206,4
all_400,scorefile,burst_start_distance,207,5
all_400,scorefile,burst_start_distance,208,9
all_400,scorefile,burst_start_distance,209,6
all_400,scorefile,burst_start_distance,210,7
all_400,scorefile,burst_start_distance,211,4
all_400,scorefile,burst_start_distance,212,6
all_400,scorefile,burst_start_distance,213,6
all_400,scorefile,burst_start_distance,214,3
all_400,scorefile,burst_start_distance,215,6
all_400,scorefile,burst_start_distance,216,8
all_400,scorefile,burst_start_distance,217,2
all_400,scorefile,burst_start_distance,218,5
all_400,scorefile,burst_start_distance,219,8
all_400,scorefile,burst_start_distance,220,7
all_400,scorefile,burst_start_distance,221,4
all_400,scorefile,burst_start_distance,222,3
all_400,scorefile,burst_start_distance,223,2
all_400,scorefile,burst_start_distance,224,5
all_400,scorefile,burst_start_distance,225,6
all_400,scorefile,burst_start_distance,226,3
all_400,scorefile,burst_start_distance,227,4
all_400,scorefile,burst_start_distance,228,5
all_400,scorefile,burst_start_distance,229,7
all_400,scorefile,burst_start_distance,230,4
all_400,scorefile,burst_start_distance,231,2
all_400,scorefile,burst_start_distance,232,5
all_400,scorefile,burst_start_distance,233,3
all_400,scorefile,burst_start_distance,234,1
all_400,scorefile,burst_start_distance,235,6
all_400,scorefile,burst_start_distance,236,4
all_400,scorefile,burst_start_distance,237,2
all_400,scorefile,burst_start_distance,238,5
all_400,scorefile,burst_start_distance,239,5
all_400,scorefile,burst_start_distance,241,2
all_400,scorefile,burst_start_distance,242,2
all_400,scorefile,burst_start_distance,243,5
all_400,scorefile,burst_start_distance,244,3
all_400,scorefile,burst_start_distance,245,3
all_400,scorefile,burst_start_distance,247,5
all_400,scorefile,burst_start_distance,248,4
all_400,scorefile,burst_start_distance,249,3
all_400,scorefile,burst_start_distance,250,5
all_400,scorefile,burst_start_distance,252,1
all_400,scorefile,burst_start_distance,253,2
all_400,scorefile,burst_start_distance,254,1
all_400,scorefile,burst_start_distance,255,2
all_400,scorefile,burst_start_distance,256,4
all_400,scorefile,burst_start_distance,257,2
all_400,scorefile,burst_start_distance,258,3
all_400,scorefile,burst_start_distance,259,2
all_400,scorefile,burst_start_distance,262,1
all_400,scorefile,burst_start_distance,263,3
all_400,scorefile,burst_start_distance,264,3
all_400,scorefile,burst_start_distance,266,3
all_400,scorefile,burst_start_distance,267,3
all_400,scorefile,burst_start_distance,268,2
all_400,scorefile,burst_start_distance,269,2
all_400,scorefile,burst_start_distance,270,4
all_400,scorefile,burst_start_distance,271,1
all_400,scorefile,burst_start_distance,275,2
all_400,scorefile,burst_start_distance,276,2
all_400,scorefile,burst_start_distance,279,3
all_400,scorefile,burst_start_distance,280,1
all_400,scorefile,burst_start_distance,281,1
all_400,scorefile,burst_start_distance,282,1
all_400,scorefile,burst_start_distance,283,4
all_400,scorefile,burst_start_distance,284,1
all_400,scorefile,burst_start_distance,286,1
all_400,scorefile,burst_start_distance,287,3
all_400,scorefile,burst_start_distance,289,2
all_400,scorefile,burst_start_distance,290,1
all_400,scorefile,burst_start_distance,294,1
all_400,scorefile,burst_start_distance,296,2
all_400,scorefile,burst_start_distance,298,1
all_400,scorefile,burst_start_distance,300,1
all_400,scorefile,burst_start_distance,302,2
all_400,scorefile,burst_start_distance,304,1
all_400,scorefile,burst_start_distance,305,1
all_400,scorefile,burst_start_distance,306,1
all_400,scorefile,burst_start_distance,309,1
all_400,scorefile,burst_start_distance,311,2
all_400,scorefile,burst_start_distance,312,1
all_400,scorefile,burst_start_distance,314,1
all_400,scorefile,burst_start_distance,315,1
all_400,scorefile,burst_start_distance,316,2
all_400,scorefile,burst_start_distance,318,1
all_400,scorefile,burst_start_distance,322,2
all_400,scorefile,burst_start_distance,323,2
all_400,scorefile,burst_start_distance,324,1
all_400,scorefile,burst_start_distance,325,1
all_400,scorefile,burst_start_distance,326,2
all_400,scorefile,burst_start_distance,332,1
all_400,scorefile,burst_start_distance,333,1
all_400,scorefile,burst_start_distance,335,4
all_400,scorefile,burst_start_distance,337,1
all_400,scorefile,burst_start_distance,340,1
all_400,scorefile,burst_start_distance,341,1
all_400,scorefile,burst_start_distance,342,1
all_400,scorefile,burst_start_distance,347,1
all_400,scorefile,burst_start_distance,351,1
all_400,scorefile,burst_start_distance,354,1
all_400,scorefile,burst_start_distance,363,1
all_400,scorefile,burst_start_distance,364,1
all_400,scorefile,burst_start_distance,382,1
all_400,scorefile,burst_start_distance,383,2
all_400,scorefile,burst_start_distance,398,1
all_400,scorefile,burst_start_distance,399,1
all_400,scorefile,burst_start_distance,403,1
all_400,scorefile,burst_start_distance,415,1
all_400,scorefile,burst_start_distance,426,1
all_400,scorefile,burst_start_distance,431,1
all_400,scorefile,burst_start_distance,434,1
all_400,scorefile,burst_start_distance,436,1
all_400,scorefile,burst_start_distance,454,1
all_400,acquire,trigger_distance,1,18600
all_400,acquire,trigger_distance,2,6530
all_400,acquire,trigger_distance,3,2915
all_400,acquire,trigger_distance,4,2533
all_400,acquire,trigger_distance,5,1648
all_400,acquire,trigger_distance,6,1126
all_400,acquire,trigger_distance,7,1200
all_400,acquire,trigger_distance,8,903
all_400,acquire,trigger_distance,9,769
all_400,acquire,trigger_distance,10,681
all_400,acquire,trigger_distance,11,690
all_400,acquire,trigger_distance,12,577
all_400,acquire,trigger_distance,13,518
all_400,acquire,trigger_distance,14,492
all_400,acquire,trigger_distance,15,427
all_400,acquire,trigger_distance,16,448
all_400,acquire,trigger_distance,17,396
all_400,acquire,trigger_distance,18,449
all_400,acquire,trigger_distance,19,408
all_400,acquire,trigger_distance,20,318
all_400,acquire,trigger_distance,21,320
all_400,acquire,trigger_distance,22,271
all_400,acquire,trigger_distance,23,244
all_400,acquire,trigger_distance,24,241
all_400,acquire,trigger_distance,25,239
all_400,acquire,trigger_distance,26,216
all_400,acquire,trigger_distance,27,213
all_400,acquire,trigger_distance,28,194
all_400,acquire,trigger_distance,29,181
all_400,acquire,trigger_distance,30,186
all_400,acquire,trigger_distance,31,205
all_400,acquire,trigger_distance,32,178
all_400,acquire,trigger_distance,33,174
all_400,acquire,trigger_distance,34,183
all_400,acquire,trigger_distance,35,158
all_400,acquire,trigger_distance,36,164
all_400,acquire,trigger_distance,37,174
all_400,acquire,trigger_distance,38,161
all_400,acquire,trigger_distance,39,164
all_400,acquire,trigger_distance,40,135
all_400,acquire,trigger_distance,41,141
all_400,acquire,trigger_distance,42,141
all_400,acquire,trigger_distance,43,124
all_400,acquire,trigger_distance,44,123
all_400,acquire,trigger_distance,45,131
all_400,acquire,trigger_distance,46,96
all_400,acquire,trigger_distance,47,137
all_400,acquire,trigger_distance,48,120
all_400,acquire,trigger_distance,49,108
all_400,acquire,trigger_distance,50,108
all_400,acquire,trigger_distance,51,98
all_400,acquire,trigger_distance,52,115
all_400,acquire,trigger_distance,53,105
all_400,acquire,trigger_distance,54,102
all_400,acquire,trigger_distance,55,74
all_400,acquire,trigger_distance,56,90
all_400,acquire,trigger_distance,57,98
all_400,acquire,trigger_distance,58,90
all_400,acquire,trigger_distance,59,85
all_400,acquire,trigger_distance,60,97
all_400,acquire,trigger_distance,61,94
all_400,acquire,trigger_distance,62,77
all_400,acquire,trigger_distance,63,69
all_400,acquire,trigger_distance,64,71
all_400,acquire,trigger_distance,65,71
all_400,acquire,trigger_distance,66,84
all_400,acquire,trigger_distance,67,65
all_400,acquire,trigger_distance,68,83
all_400,acquire,trigger_distance,69,73
all_400,acquire,trigger_distance,70,59
all_400,acquire,trigger_distance,71,78
all_400,acquire,trigger_distance,72,62
all_400,acquire,trigger_distance,73,58
all_400,acquire,trigger_distance,74,73
all_400,acquire,trigger_distance,75,70
all_400,acquire,trigger_distance,76,51
all_400,acquire,trigger_distance,77,53
all_400,acquire,trigger_distance,78,57
all_400,acquire,trigger_distance,79,56
all_400,acquire,trigger_distance,80,56
all_400,acquire,trigger_distance,81,53
all_400,acquire,trigger_distance,82,66
all_400,acquire,trigger_distance,83,63
all_400,acquire,trigger_distance,84,48
all_400,acquire,trigger_distance,85,54
all_400,acquire,trigger_distance,86,61
all_400,acquire,trigger_distance,87,62
all_400,acquire,trigger_distance,88,52
all_400,acquire,trigger_distance,89,45
all_400,acquire,trigger_distance,90,62
all_400,acquire,trigger_distance,91,56
all_400,acquire,trigger_distance,92,50
all_400,acquire,trigger_distance,93,56
all_400,acquire,trigger_distance,94,48
all_400,acquire,trigger_distance,95,53
all_400,acquire,trigger_distance,96,46
all_400,acquire,trigger_distance,97,33
all_400,acquire,trigger_distance,98,47
all_400,acquire,trigger_distance,99,54
all_400,acquire,trigger_distance,100,36
all_400,acquire,trigger_distance,101,42
all_400,acquire,trigger_distance,102,51
all_400,acquire,trigger_distance,103,49
all_400,acquire,trigger_distance,104,40
all_400,acquire,trigger_distance,105,41
all_400,acquire,trigger_distance,106,39
all_400,acquire,trigger_distance,107,44
all_400,acquire,trigger_distance,108,35
all_400,acquire,trigger_distance,109,38
all_400,acquire,trigger_distance,110,37
all_400,acquire,trigger_distance,111,32
all_400,acquire,trigger_distance,112,35
all_400,acquire,trigger_distance,113,37
all_400,acquire,trigger_distance,114,41
all_400,acquire,trigger_distance,115,30
all_400,acquire,trigger_distance,116,27
all_400,acquire,trigger_distance,117,31
all_400,acquire,trigger_distance,118,28
all_400,acquire,trigger_distance,119,28
all_400,acquire,trigger_distance,120,31
all_400,acquire,trigger_distance,121,27
all_400,acquire,trigger_distance,122,33
all_400,acquire,trigger_distance,123,26
all_400,acquire,trigger_distance,124,35
all_400,acquire,trigger_distance,125,28
all_400,acquire,trigger_distance,126,36
all_400,acquire,trigger_distance,127,35
all_400,acquire,trigger_distance,128,25
all_400,acquire,trigger_distance,129,25
all_400,acquire,trigger_distance,130,35
all_400,acquire,trigger_distance,131,25
all_400,acquire,trigger_distance,132,23
all_400,acquire,trigger_distance,133,27
all_400,acquire,trigger_distance,134,28
all_400,acquire,trigger_distance,135,27
all_400,acquire,trigger_distance,136,21
all_400,acquire,trigger_distance,137,20
all_400,acquire,trigger_distance,138,26
all_400,acquire,trigger_distance,139,31
all_400,acquire,trigger_distance,140,35
all_400,acquire,trigger_distance,141,27
all_400,acquire,trigger_distance,142,15
all_400,acquire,trigger_distance,143,28
all_400,acquire,trigger_distance,144,29
all_400,acquire,trigger_distance,145,19
all_400,acquire,trigger_distance,146,21
all_400,acquire,trigger_distance,147,25
all_400,acquire,trigger_distance,148,12
all_400,acquire,trigger_distance,149,18
all_400,acquire,trigger_distance,150,18
all_400,acquire,trigger_distance,151,22
all_400,acquire,trigger_distance,152,19
all_400,acquire,trigger_distance,153,22
all_400,acquire,trigger_distance,154,22
all_400,acquire,trigger_distance,155,17
all_400,acquire,trigger_distance,156,19
all_400,acquire,trigger_distance,157,22
all_400,acquire,trigger_distance,158,12
all_400,acquire,trigger_distance,159,18
all_400,acquire,trigger_distance,160,12
all_400,acquire,trigger_distance,161,12
all_400,acquire,trigger_distance,162,16
all_400,acquire,trigger_distance,163,25
all_400,acquire,trigger_distance,164,24
all_400,acquire,trigger_distance,165,21
all_400,acquire,trigger_distance,166,22
all_400,acquire,trigger_distance,167,20
all_400,acquire,trigger_distance,168,15
all_400,acquire,trigger_distance,169,17
all_400,acquire,trigger_distance,170,19
all_400,acquire,trigger_distance,171,6
all_400,acquire,trigger_distance,172,13
all_400,acquire,trigger_distance,173,23
all_400,acquire,trigger_distance,174,19
all_400,acquire,trigger_distance,175,17
all_400,acquire,trigger_distance,176,9
all_400,acquire,trigger_distance,177,12
all_400,acquire,trigger_distance,178,17
all_400,acquire,trigger_distance,179,13
all_400,acquire,trigger_distance,180,11
all_400,acquire,trigger_distance,181,14
all_400,acquire,trigger_distance,182,16
all_400,acquire,trigger_distance,183,13
all_400,acquire,trigger_distance,184,13
all_400,acquire,trigger_distance,185,14
all_400,acquire,trigger_distance,186,13
all_400,acquire,trigger_distance,187,16
all_400,acquire,trigger_distance,188,16
all_400,acquire,trigger_distance,189,10
all_400,acquire,trigger_distance,190,13
all_400,acquire,trigger_distance,191,11
all_400,acquire,trigger_distance,192,8
all_400,acquire,trigger_distance,193,9
all_400,acquire,trigger_distance,194,12
all_400,acquire,trigger_distance,195,14
all_400,acquire,trigger_distance,196,7
all_400,acquire,trigger_distance,197,10
all_400,acquire,trigger_distance,198,13
all_400,acquire,trigger_distance,199,10
all_400,acquire,trigger_distance,200,12
all_400,acquire,trigger_distance,201,9
all_400,acquire,trigger_distance,202,14
all_400,acquire,trigger_distance,203,12
all_400,acquire,trigger_distance,204,7
all_400,acquire,trigger_distance,205,13
all_400,acquire,trigger_distance,206,6
all_400,acquire,trigger_distance,207,7
all_400,acquire,trigger_distance,208,14
all_400,acquire,trigger_distance,209,7
all_400,acquire,trigger_distance,210,4
all_400,acquire,trigger_distance,211,12
all_400,acquire,trigger_distance,212,10
all_400,acquire,trigger_distance,213,14
all_400,acquire,trigger_distance,214,6
all_400,acquire,trigger_distance,215,5
all_400,acquire,trigger_distance,216,6
all_400,acquire,trigger_distance,217,5
all_400,acquire,trigger_distance,218,7
all_400,acquire,trigger_distance,219,8
all_400,acquire,trigger_distance,220,9
all_400,acquire,trigger_distance,221,4
all_400,acquire,trigger_distance,222,13
all_400,acquire,trigger_distance,223,9
all_400,acquire,trigger_distance,224,8
all_400,acquire,trigger_distance,225,4
all_400,acquire,trigger_distance,226,9
all_400,acquire,trigger_distance,227,11
all_400,acquire,trigger_distance,228,7
all_400,acquire,trigger_distance,229,6
all_400,acquire,trigger_distance,230,7
all_400,acquire,trigger_distance,231,5
all_400,acquire,trigger_distance,232,4
all_400,acquire,trigger_distance,233,8
all_400,acquire,trigger_distance,234,3
all_400,acquire,trigger_distance,235,6
all_400,acquire,trigger_distance,236,5
all_400,acquire,trigger_distance,237,7
all_400,acquire,trigger_distance,238,7
all_400,acquire,trigger_distance,239,5
all_400,acquire,trigger_distance,240,5
all_400,acquire,trigger_distance,241,5
all_400,acquire,trigger_distance,242,9
all_400,acquire,trigger_distance,243,5
all_400,acquire,trigger_distance,244,8
all_400,acquire,trigger_distance,245,4
all_400,acquire,trigger_distance,246,6
all_400,acquire,trigger_distance,247,4
all_400,acquire,trigger_distance,248,7
all_400,acquire,trigger_distance,249,5
all_400,acquire,trigger_distance,250,5
all_400,acquire,trigger_distance,251,8
all_400,acquire,trigger_distance,252,4
all_400,acquire,trigger_distance,253,4
all_400,acquire,trigger_distance,254,5
all_400,acquire,trigger_distance,255,3
all_400,acquire,trigger_distance,256,5
all_400,acquire,trigger_distance,257,8
all_400,acquire,trigger_distance,258,8
all_400,acquire,trigger_distance,259,4
all_400,acquire,trigger_distance,260,2
all_400,acquire,trigger_distance,261,5
all_400,acquire,trigger_distance,262,3
all_400,acquire,trigger_distance,263,6
all_400,acquire,trigger_distance,264,4
all_400,acquire,trigger_distance,265,2
all_400,acquire,trigger_distance,266,5
all_400,acquire,trigger_distance,267,3
all_400,acquire,trigger_distance,268,5
all_400,acquire,trigger_distance,269,7
all_400,acquire,trigger_distance,270,5
all_400,acquire,trigger_distance,271,2
all_400,acquire,trigger_distance,272,4
all_400,acquire,trigger_distance,273,2
all_400,acquire,trigger_distance,274,4
all_400,acquire,trigger_distance,275,2
all_400,acquire,trigger_distance,276,2
all_400,acquire,trigger_distance,277,6
all_400,acquire,trigger_distance,278,5
all_400,acquire,trigger_distance,280,5
all_400,acquire,trigger_distance,281,7
all_400,acquire,trigger_distance,282,6
all_400,acquire,trigger_distance,283,3
all_400,acquire,trigger_distance,284,3
all_400,acquire,trigger_distance,285,1
all_400,acquire,trigger_distance,286,2
all_400,acquire,trigger_distance,287,2
all_400,acquire,trigger_distance,288,3
all_400,acquire,trigger_distance,289,1
all_400,acquire,trigger_distance,290,3
all_400,acquire,trigger_distance,291,2
all_400,acquire,trigger_distance,293,5
all_400,acquire,trigger_distance,294,3
all_400,acquire,trigger_distance,295,2
all_400,acquire,trigger_distance,296,1
all_400,acquire,trigger_distance,297,3
all_400,acquire,trigger_distance,298,4
all_400,acquire,trigger_distance,299,5
all_400,acquire,trigger_distance,300,2
all_400,acquire,trigger_distance,301,1
all_400,acquire,trigger_distance,302,2
all_400,acquire,trigger_distance,303,2
all_400,acquire,trigger_distance,305,4
all_400,acquire,trigger_distance,307,2
all_400,acquire,trigger_distance,308,2
all_400,acquire,trigger_distance,309,2
all_400,acquire,trigger_distance,312,1
all_400,acquire,trigger_distance,313,2
all_400,acquire,trigger_distance,314,3
all_400,acquire,trigger_distance,315,1
all_400,acquire,trigger_distance,316,4
all_400,acquire,trigger_distance,317,1
all_400,acquire,trigger_distance,318,2
all_400,acquire,trigger_distance,319,1
all_400,acquire,trigger_distance,320,1
all_400,acquire,trigger_distance,321,2
all_400,acquire,trigger_distance,322,4
all_400,acquire,trigger_distance,323,2
all_400,acquire,trigger_distance,324,2
all_400,acquire,trigger_distance,325,3
all_400,acquire,trigger_distance,326,2
all_400,acquire,trigger_distance,328,3
all_400,acquire,trigger_distance,329,1
all_400,acquire,trigger_distance,330,1
all_400,acquire,trigger_distance,331,2
all_400,acquire,trigger_distance,332,2
all_400,acquire,trigger_distance,334,5
all_400,acquire,trigger_distance,335,3
all_400,acquire,trigger_distance,336,1
all_400,acquire,trigger_distance,337,3
all_400,acquire,trigger_distance,338,4
all_400,acquire,trigger_distance,339,3
all_400,acquire,trigger_distance,340,2
all_400,acquire,trigger_distance,341,2
all_400,acquire,trigger_distance,342,2
all_400,acquire,trigger_distance,343,3
all_400,acquire,trigger_distance,345,1
all_400,acquire,trigger_distance,348,2
all_400,acquire,trigger_distance,349,1
all_400,acquire,trigger_distance,350,3
all_400,acquire,trigger_distance,351,2
all_400,acquire,trigger_distance,352,1
all_400,acquire,trigger_distance,355,1
all_400,acquire,trigger_distance,356,1
all_400,acquire,trigger_distance,357,1
all_400,acquire,trigger_distance,360,1
all_400,acquire,trigger_distance,361,3
all_400,acquire,trigger_distance,362,1
all_400,acquire,trigger_distance,364,2
all_400,acquire,trigger_distance,365,1
all_400,acquire,trigger_distance,366,2
all_400,acquire,trigger_distance,367,3
all_400,acquire,trigger_distance,371,1
all_400,acquire,trigger_distance,374,1
all_400,acquire,trigger_distance,376,1
all_400,acquire,trigger_distance,377,2
all_400,acquire,trigger_distance,378,1
all_400,acquire,trigger_distance,380,1
all_400,acquire,trigger_distance,384,1
all_400,acquire,trigger_distance,385,1
all_400,acquire,trigger_distance,387,2
all_400,acquire,trigger_distance,391,1
all_400,acquire,trigger_distance,393,1
all_400,acquire,trigger_distance,395,1
all_400,acquire,trigger_distance,396,1
all_400,acquire,trigger_distance,398,1
all_400,acquire,trigger_distance,399,1
all_400,acquire,trigger_distance,400,1
all_400,acquire,trigger_distance,401,1
all_400,acquire,trigger_distance,402,1
all_400,acquire,trigger_distance,407,1
all_400,acquire,trigger_distance,410,1
all_400,acquire,trigger_distance,411,1
all_400,acquire,trigger_distance,412,2
all_400,acquire,trigger_distance,413,3
all_400,acquire,trigger_distance,417,1
all_400,acquire,trigger_distance,420,2
all_400,acquire,trigger_distance,422,2
all_400,acquire,trigger_distance,424,1
all_400,acquire,trigger_distance,426,1
all_400,acquire,trigger_distance,428,1
all_400,acquire,trigger_distance,433,1
all_400,acquire,trigger_distance,434,2
all_400,acquire,trigger_distance,435,1
all_400,acquire,trigger_distance,438,1
all_400,acquire,trigger_distance,441,1
all_400,acquire,trigger_distance,443,3
all_400,acquire,trigger_distance,446,1
all_400,acquire,trigger_distance,447,1
all_400,acquire,trigger_distance,448,1
all_400,acquire,trigger_distance,451,1
all_400,acquire,trigger_distance,457,1
all_400,acquire,trigger_distance,458,2
all_400,acquire,trigger_distance,459,1
all_400,acquire,trigger_distance,462,1
all_400,acquire,trigger_distance,464,1
all_400,acquire,trigger_distance,471,1
all_400,acquire,trigger_distance,480,1
all_400,acquire,trigger_distance,492,2
all_400,acquire,trigger_distance,493,1
all_400,acquire,trigger_distance,504,2
all_400,acquire,trigger_distance,514,1
all_400,acquire,trigger_distance,519,1
all_400,acquire,trigger_distance,533,1
all_400,acquire,trigger_distance,534,1
all_400,acquire,trigger_distance,536,1
all_400,acquire,trigger_distance,543,1
all_400,acquire,trigger_distance,546,1
all_400,acquire,trigger_distance,548,1
all_400,acquire,trigger_distance,550,1
all_400,acquire,trigger_distance,554,1
all_400,acquire,trigger_distance,565,1
all_400,acquire,trigger_distance,568,1
all_400,acquire,trigger_distance,579,1
all_400,acquire,trigger_distance,583,1
all_400,acquire,trigger_distance,597,1
all_400,acquire,trigger_distance,631,1
all_400,acquire,trigger_distance,761,1
all_400,acquire,silent_gap,1,6530
all_400,acquire,silent_gap,2,2915
all_400,acquire,silent_gap,3,2533
all_400,acquire,silent_gap,4,1648
all_400,acquire,silent_gap,5,1126
all_400,acquire,silent_gap,6,1200
all_400,acquire,silent_gap,7,903
all_400,acquire,silent_gap,8,769
all_400,acquire,silent_gap,9,681
all_400,acquire,silent_gap,10,690
all_400,acquire,silent_gap,11,577
all_400,acquire,silent_gap,12,518
all_400,acquire,silent_gap,13,492
all_400,acquire,silent_gap,14,427
all_400,acquire,silent_gap,15,448
all_400,acquire,silent_gap,16,396
all_400,acquire,silent_gap,17,449
all_400,acquire,silent_gap,18,408
all_400,acquire,silent_gap,19,318
all_400,acquire,silent_gap,20,320
all_400,acquire,silent_gap,21,271
all_400,acquire,silent_gap,22,244
all_400,acquire,silent_gap,23,241
all_400,acquire,silent_gap,24,239
all_400,acquire,silent_gap,25,216
all_400,acquire,silent_gap,26,213
all_400,acquire,silent_gap,27,194
all_400,acquire,silent_gap,28,181
all_400,acquire,silent_gap,29,186
all_400,acquire,silent_gap,30,205
all_400,acquire,silent_gap,31,178
all_400,acquire,silent_gap,32,174
all_400,acquire,silent_gap,33,183
all_400,acquire,silent_gap,34,158
all_400,acquire,silent_gap,35,164
all_400,acquire,silent_gap,36,174
all_400,acquire,silent_gap,37,161
all_400,acquire,silent_gap,38,164
all_400,acquire,silent_gap,39,135
all_400,acquire,silent_gap,40,141
all_400,acquire,silent_gap,41,141
all_400,acquire,silent_gap,42,124
all_400,acquire,silent_gap,43,123
all_400,acquire,silent_gap,44,131
all_400,acquire,silent_gap,45,96
all_400,acquire,silent_gap,46,137
all_400,acquire,silent_gap,47,120
all_400,acquire,silent_gap,48,108
all_400,acquire,silent_gap,49,108
all_400,acquire,silent_gap,50,98
all_400,acquire,silent_gap,51,115
all_400,acquire,silent_gap,52,105
all_400,acquire,silent_gap,53,102
all_400,acquire,silent_gap,54,74
all_400,acquire,silent_gap,55,90
all_400,acquire,silent_gap,56,98
all_400,acquire,silent_gap,57,90
all_400,acquire,silent_gap,58,85
all_400,acquire,silent_gap,59,97
all_400,acquire,silent_gap,60,94
all_400,acquire,silent_gap,61,77
all_400,acquire,silent_gap,62,69
all_400,acquire,silent_gap,63,71
all_400,acquire,silent_gap,64,71
all_400,acquire,silent_gap,65,84
all_400,acquire,silent_gap,66,65
all_400,acquire,silent_gap,67,83
all_400,acquire,silent_gap,68,73
all_400,acquire,silent_gap,69,59
all_400,acquire,silent_gap,70,78
all_400,acquire,silent_gap,71,62
all_400,acquire,silent_gap,72,58
all_400,acquire,silent_gap,73,73
all_400,acquire,silent_gap,74,70
all_400,acquire,silent_gap,75,51
all_400,acquire,silent_gap,76,53
all_400,acquire,silent_gap,77,57
all_400,acquire,silent_gap,78,56
all_400,acquire,silent_gap,79,56
all_400,acquire,silent_gap,80,53
all_400,acquire,silent_gap,81,66
all_400,acquire,silent_gap,82,63
all_400,acquire,silent_gap,83,48
all_400,acquire,silent_gap,84,54
all_400,acquire,silent_gap,85,61
all_400,acquire,silent_gap,86,62
all_400,acquire,silent_gap,87,52
all_400,acquire,silent_gap,88,45
all_400,acquire,silent_gap,89,62
all_400,acquire,silent_gap,90,56
all_400,acquire,silent_gap,91,50
all_400,acquire,silent_gap,92,56
all_400,acquire,silent_gap,93,48
all_400,acquire,silent_gap,94,53
all_400,acquire,silent_gap,95,46
all_400,acquire,silent_gap,96,33
all_400,acquire,silent_gap,97,47
all_400,acquire,silent_gap,98,54
all_400,acquire,silent_gap,99,36
all_400,acquire,silent_gap,100,42
all_400,acquire,silent_gap,101,51
all_400,acquire,silent_gap,102,49
all_400,acquire,silent_gap,103,40
all_400,acquire,silent_gap,104,41
all_400,acquire,silent_gap,105,39
all_400,acquire,silent_gap,106,44
all_400,acquire,silent_gap,107,35
all_400,acquire,silent_gap,108,38
all_400,acquire,silent_gap,109,37
all_400,acquire,silent_gap,110,32
all_400,acquire,silent_gap,111,35
all_400,acquire,silent_gap,112,37
all_400,acquire,silent_gap,113,41
all_400,acquire,silent_gap,114,30
all_400,acquire,silent_gap,115,27
all_400,acquire,silent_gap,116,31
all_400,acquire,silent_gap,117,28
all_400,acquire,silent_gap,118,28
all_400,acquire,silent_gap,119,31
all_400,acquire,silent_gap,120,27
all_400,acquire,silent_gap,121,33
all_400,acquire,silent_gap,122,26
all_400,acquire,silent_gap,123,35
all_400,acquire,silent_gap,124,28
all_400,acquire,silent_gap,125,36
all_400,acquire,silent_gap,126,35
all_400,acquire,silent_gap,127,25
all_400,acquire,silent_gap,128,25
all_400,acquire,silent_gap,129,35
all_400,acquire,silent_gap,130,25
all_400,acquire,silent_gap,131,23
all_400,acquire,silent_gap,132,27
all_400,acquire,silent_gap,133,28
all_400,acquire,silent_gap,134,27
all_400,acquire,silent_gap,135,21
all_400,acquire,silent_gap,136,20
all_400,acquire,silent_gap,137,26
all_400,acquire,silent_gap,138,31
all_400,acquire,silent_gap,139,35
all_400,acquire,silent_gap,140,27
all_400,acquire,silent_gap,141,15
all_400,acquire,silent_gap,142,28
all_400,acquire,silent_gap,143,29
all_400,acquire,silent_gap,144,19
all_400,acquire,silent_gap,145,21
all_400,acquire,silent_gap,146,25
all_400,acquire,silent_gap,147,12
all_400,acquire,silent_gap,148,18
all_400,acquire,silent_gap,149,18
all_400,acquire,silent_gap,150,22
all_400,acquire,silent_gap,151,19
all_400,acquire,silent_gap,152,22
all_400,acquire,silent_gap,153,22
all_400,acquire,silent_gap,154,17
all_400,acquire,silent_gap,155,19
all_400,acquire,silent_gap,156,22
all_400,acquire,silent_gap,157,12
all_400,acquire,silent_gap,158,18
all_400,acquire,silent_gap,159,12
all_400,acquire,silent_gap,160,12
all_400,acquire,silent_gap,161,16
all_400,acquire,silent_gap,162,25
all_400,acquire,silent_gap,163,24
all_400,acquire,silent_gap,164,21
all_400,acquire,silent_gap,165,22
all_400,acquire,silent_gap,166,20
all_400,acquire,silent_gap,167,15
all_400,acquire,silent_gap,168,17
all_400,acquire,silent_gap,169,19
all_400,acquire,silent_gap,170,6
all_400,acquire,silent_gap,171,13
all_400,acquire,silent_gap,172,23
all_400,acquire,silent_gap,173,19
all_400,acquire,silent_gap,174,17
all_400,acquire,silent_gap,175,9
all_400,acquire,silent_gap,176,12
all_400,acquire,silent_gap,177,17
all_400,acquire,silent_gap,178,13
all_400,acquire,silent_gap,179,11
all_400,acquire,silent_gap,180,14
all_400,acquire,silent_gap,181,16
all_400,acquire,silent_gap,182,13
all_400,acquire,silent_gap,183,13
all_400,acquire,silent_gap,184,14
all_400,acquire,silent_gap,185,13
all_400,acquire,silent_gap,186,16
all_400,acquire,silent_gap,187,16
all_400,acquire,silent_gap,188,10
all_400,acquire,silent_gap,189,13
all_400,acquire,silent_gap,190,11
all_400,acquire,silent_gap,191,8
all_400,acquire,silent_gap,192,9
all_400,acquire,silent_gap,193,12
all_400,acquire,silent_gap,194,14
all_400,acquire,silent_gap,195,7
all_400,acquire,silent_gap,196,10
all_400,acquire,silent_gap,197,13
all_400,acquire,silent_gap,198,10
all_400,acquire,silent_gap,199,12
all_400,acquire,silent_gap,200,9
all_400,acquire,silent_gap,201,14
all_400,acquire,silent_gap,202,12
all_400,acquire,silent_gap,203,7
all_400,acquire,silent_gap,204,13
all_400,acquire,silent_gap,205,6
all_400,acquire,silent_gap,206,7
all_400,acquire,silent_gap,207,14
all_400,acquire,silent_gap,208,7
all_400,acquire,silent_gap,209,4
all_400,acquire,silent_gap,210,12
all_400,acquire,silent_gap,211,10
all_400,acquire,silent_gap,212,14
all_400,acquire,silent_gap,213,6
all_400,acquire,silent_gap,214,5
all_400,acquire,silent_gap,215,6
all_400,acquire,silent_gap,216,5
all_400,acquire,silent_gap,217,7
all_400,acquire,silent_gap,218,8
all_400,acquire,silent_gap,219,9
all_400,acquire,silent_gap,220,4
all_400,acquire,silent_gap,221,13
all_400,acquire,silent_gap,222,9
all_400,acquire,silent_gap,223,8
all_400,acquire,silent_gap,224,4
all_400,acquire,silent_gap,225,9
all_400,acquire,silent_gap,226,11
all_400,acquire,silent_gap,227,7
all_400,acquire,silent_gap,228,6
all_400,acquire,silent_gap,229,7
all_400,acquire,silent_gap,230,5
all_400,acquire,silent_gap,231,4
all_400,acquire,silent_gap,232,8
all_400,acquire,silent_gap,233,3
all_400,acquire,silent_gap,234,6
all_400,acquire,silent_gap,235,5
all_400,acquire,silent_gap,236,7
all_400,acquire,silent_gap,237,7
all_400,acquire,silent_gap,238,5
all_400,acquire,silent_gap,239,5
all_400,acquire,silent_gap,240,5
all_400,acquire,silent_gap,241,9
all_400,acquire,silent_gap,242,5
all_400,acquire,silent_gap,243,8
all_400,acquire,silent_gap,244,4
all_400,acquire,silent_gap,245,6
all_400,acquire,silent_gap,246,4
all_400,acquire,silent_gap,247,7
all_400,acquire,silent_gap,248,5
all_400,acquire,silent_gap,249,5
all_400,acquire,silent_gap,250,8
all_400,acquire,silent_gap,251,4
all_400,acquire,silent_gap,252,4
all_400,acquire,silent_gap,253,5
all_400,acquire,silent_gap,254,3
all_400,acquire,silent_gap,255,5
all_400,acquire,silent_gap,256,8
all_400,acquire,silent_gap,257,8
all_400,acquire,silent_gap,258,4
all_400,acquire,silent_gap,259,2
all_400,acquire,silent_gap,260,5
all_400,acquire,silent_gap,261,3
all_400,acquire,silent_gap,262,6
all_400,acquire,silent_gap,263,4
all_400,acquire,silent_gap,264,2
all_400,acquire,silent_gap,265,5
all_400,acquire,silent_gap,266,3
all_400,acquire,silent_gap,267,5
all_400,acquire,silent_gap,268,7
all_400,acquire,silent_gap,269,5
all_400,acquire,silent_gap,270,2
all_400,acquire,silent_gap,271,4
all_400,acquire,silent_gap,272,2
all_400,acquire,silent_gap,273,4
all_400,acquire,silent_gap,274,2
all_400,acquire,silent_gap,275,2
all_400,acquire,silent_gap,276,6
all_400,acquire,silent_gap,277,5
all_400,acquire,silent_gap,279,5
all_400,acquire,silent_gap,280,7
all_400,acquire,silent_gap,281,6
all_400,acquire,silent_gap,282,3
all_400,acquire,silent_gap,283,3
all_400,acquire,silent_gap,284,1
all_400,acquire,silent_gap,285,2
all_400,acquire,silent_gap,286,2
all_400,acquire,silent_gap,287,3
all_400,acquire,silent_gap,288,1
all_400,acquire,silent_gap,289,3
all_400,acquire,silent_gap,290,2
all_400,acquire,silent_gap,292,5
all_400,acquire,silent_gap,293,3
all_400,acquire,silent_gap,294,2
all_400,acquire,silent_gap,295,1
all_400,acquire,silent_gap,296,3
all_400,acquire,silent_gap,297,4
all_400,acquire,silent_gap,298,5
all_400,acquire,silent_gap,299,2
all_400,acquire,silent_gap,300,1
all_400,acquire,silent_gap,301,2
all_400,acquire,silent_gap,302,2
all_400,acquire,silent_gap,304,4
all_400,acquire,silent_gap,306,2
all_400,acquire,silent_gap,307,2
all_400,acquire,silent_gap,308,2
all_400,acquire,silent_gap,311,1
all_400,acquire,silent_gap,312,2
all_400,acquire,silent_gap,313,3
all_400,acquire,silent_gap,314,1
all_400,acquire,silent_gap,315,4
all_400,acquire,silent_gap,316,1
all_400,acquire,silent_gap,317,2
all_400,acquire,silent_gap,318,1
all_400,acquire,silent_gap,319,1
all_400,acquire,silent_gap,320,2
all_400,acquire,silent_gap,321,4
all_400,acquire,silent_gap,322,2
all_400,acquire,silent_gap,323,2
all_400,acquire,silent_gap,324,3
all_400,acquire,silent_gap,325,2
all_400,acquire,silent_gap,327,3
all_400,acquire,silent_gap,328,1
all_400,acquire,silent_gap,329,1
all_400,acquire,silent_gap,330,2
all_400,acquire,silent_gap,331,2
all_400,acquire,silent_gap,333,5
all_400,acquire,silent_gap,334,3
all_400,acquire,silent_gap,335,1
all_400,acquire,silent_gap,336,3
all_400,acquire,silent_gap,337,4
all_400,acquire,silent_gap,338,3
all_400,acquire,silent_gap,339,2
all_400,acquire,silent_gap,340,2
all_400,acquire,silent_gap,341,2
all_400,acquire,silent_gap,342,3
all_400,acquire,silent_gap,344,1
all_400,acquire,silent_gap,347,2
all_400,acquire,silent_gap,348,1
all_400,acquire,silent_gap,349,3
all_400,acquire,silent_gap,350,2
all_400,acquire,silent_gap,351,1
all_400,acquire,silent_gap,354,1
all_400,acquire,silent_gap,355,1
all_400,acquire,silent_gap,356,1
all_400,acquire,silent_gap,359,1
all_400,acquire,silent_gap,360,3
all_400,acquire,silent_gap,361,1
all_400,acquire,silent_gap,363,2
all_400,acquire,silent_gap,364,1
all_400,acquire,silent_gap,365,2
all_400,acquire,silent_gap,366,3
all_400,acquire,silent_gap,370,1
all_400,acquire,silent_gap,373,1
all_400,acquire,silent_gap,375,1
all_400,acquire,silent_gap,376,2
all_400,acquire,silent_gap,377,1
all_400,acquire,silent_gap,379,1
all_400,acquire,silent_gap,383,1
all_400,acquire,silent_gap,384,1
all_400,acquire,silent_gap,386,2
all_400,acquire,silent_gap,390,1
all_400,acquire,silent_gap,392,1
all_400,acquire,silent_gap,394,1
all_400,acquire,silent_gap,395,1
all_400,acquire,silent_gap,397,1
all_400,acquire,silent_gap,398,1
all_400,acquire,silent_gap,399,1
all_400,acquire,silent_gap,400,1
all_400,acquire,silent_gap,401,1
all_400,acquire,silent_gap,406,1
all_400,acquire,silent_gap,409,1
all_400,acquire,silent_gap,410,1
all_400,acquire,silent_gap,411,2
all_400,acquire,silent_gap,412,3
all_400,acquire,silent_gap,416,1
all_400,acquire,silent_gap,419,2
all_400,acquire,silent_gap,421,2
all_400,acquire,silent_gap,423,1
all_400,acquire,silent_gap,425,1
all_400,acquire,silent_gap,427,1
all_400,acquire,silent_gap,432,1
all_400,acquire,silent_gap,433,2
all_400,acquire,silent_gap,434,1
all_400,acquire,silent_gap,437,1
all_400,acquire,silent_gap,440,1
all_400,acquire,silent_gap,442,3
all_400,acquire,silent_gap,445,1
all_400,acquire,silent_gap,446,1
all_400,acquire,silent_gap,447,1
all_400,acquire,silent_gap,450,1
all_400,acquire,silent_gap,456,1
all_400,acquire,silent_gap,457,2
all_400,acquire,silent_gap,458,1
all_400,acquire,silent_gap,461,1
all_400,acquire,silent_gap,463,1
all_400,acquire,silent_gap,470,1
all_400,acquire,silent_gap,479,1
all_400,acquire,silent_gap,491,2
all_400,acquire,silent_gap,492,1
all_400,acquire,silent_gap,503,2
all_400,acquire,silent_gap,513,1
all_400,acquire,silent_gap,518,1
all_400,acquire,silent_gap,532,1
all_400,acquire,silent_gap,533,1
all_400,acquire,silent_gap,535,1
all_400,acquire,silent_gap,542,1
all_400,acquire,silent_gap,545,1
all_400,acquire,silent_gap,547,1
all_400,acquire,silent_gap,549,1
all_400,acquire,silent_gap,553,1
all_400,acquire,silent_gap,564,1
all_400,acquire,silent_gap,567,1
all_400,acquire,silent_gap,578,1
all_400,acquire,silent_gap,582,1
all_400,acquire,silent_gap,596,1
all_400,acquire,silent_gap,630,1
all_400,acquire,silent_gap,760,1
all_400,acquire,burst_start_distance,2,4472
all_400,acquire,burst_start_distance,3,3332
all_400,acquire,burst_start_distance,4,2884
all_400,acquire,burst_start_distance,5,1880
all_400,acquire,burst_start_distance,6,1363
all_400,acquire,burst_start_distance,7,1124
all_400,acquire,burst_start_distance,8,1023
all_400,acquire,burst_start_distance,9,992
all_400,acquire,burst_start_distance,10,731
all_400,acquire,burst_start_distance,11,728
all_400,acquire,burst_start_distance,12,652
all_400,acquire,burst_start_distance,13,550
all_400,acquire,burst_start_distance,14,547
all_400,acquire,burst_start_distance,15,475
all_400,acquire,burst_start_distance,16,458
all_400,acquire,burst_start_distance,17,403
all_400,acquire,burst_start_distance,18,485
all_400,acquire,burst_start_distance,19,407
all_400,acquire,burst_start_distance,20,324
all_400,acquire,burst_start_distance,21,337
all_400,acquire,burst_start_distance,22,294
all_400,acquire,burst_start_distance,23,265
all_400,acquire,burst_start_distance,24,240
all_400,acquire,burst_start_distance,25,256
all_400,acquire,burst_start_distance,26,211
all_400,acquire,burst_start_distance,27,225
all_400,acquire,burst_start_distance,28,188
all_400,acquire,burst_start_distance,29,199
all_400,acquire,burst_start_distance,30,196
all_400,acquire,burst_start_distance,31,208
all_400,acquire,burst_start_distance,32,181
all_400,acquire,burst_start_distance,33,177
all_400,acquire,burst_start_distance,34,173
all_400,acquire,burst_start_distance,35,172
all_400,acquire,burst_start_distance,36,147
all_400,acquire,burst_start_distance,37,184
all_400,acquire,burst_start_distance,38,172
all_400,acquire,burst_start_distance,39,164
all_400,acquire,burst_start_distance,40,137
all_400,acquire,burst_start_distance,41,147
all_400,acquire,burst_start_distance,42,132
all_400,acquire,burst_start_distance,43,129
all_400,acquire,burst_start_distance,44,135
all_400,acquire,burst_start_distance,45,125
all_400,acquire,burst_start_distance,46,101
all_400,acquire,burst_start_distance,47,139
all_400,acquire,burst_start_distance,48,124
all_400,acquire,burst_start_distance,49,110
all_400,acquire,burst_start_distance,50,112
all_400,acquire,burst_start_distance,51,93
all_400,acquire,burst_start_distance,52,111
all_400,acquire,burst_start_distance,53,111
all_400,acquire,burst_start_distance,54,102
all_400,acquire,burst_start_distance,55,78
all_400,acquire,burst_start_distance,56,92
all_400,acquire,burst_start_distance,57,94
all_400,acquire,burst_start_distance,58,97
all_400,acquire,burst_start_distance,59,94
all_400,acquire,burst_start_distance,60,89
all_400,acquire,burst_start_distance,61,90
all_400,acquire,burst_start_distance,62,80
all_400,acquire,burst_start_distance,63,68
all_400,acquire,burst_start_distance,64,65
all_400,acquire,burst_start_distance,65,81
all_400,acquire,burst_start_distance,66,82
all_400,acquire,burst_start_distance,67,71
all_400,acquire,burst_start_distance,68,81
all_400,acquire,burst_start_distance,69,75
all_400,acquire,burst_start_distance,70,63
all_400,acquire,burst_start_distance,71,72
all_400,acquire,burst_start_distance,72,68
all_400,acquire,burst_start_distance,73,67
all_400,acquire,burst_start_distance,74,66
all_400,acquire,burst_start_distance,75,68
all_400,acquire,burst_start_distance,76,60
all_400,acquire,burst_start_distance,77,44
all_400,acquire,burst_start_distance,78,56
all_400,acquire,burst_start_distance,79,64
all_400,acquire,burst_start_distance,80,57
all_400,acquire,burst_start_distance,81,51
all_400,acquire,burst_start_distance,82,55
all_400,acquire,burst_start_distance,83,65
all_400,acquire,burst_start_distance,84,52
all_400,acquire,burst_start_distance,85,51
all_400,acquire,burst_start_distance,86,59
all_400,acquire,burst_start_distance,87,65
all_400,acquire,burst_start_distance,88,60
all_400,acquire,burst_start_distance,89,47
all_400,acquire,burst_start_distance,90,65
all_400,acquire,burst_start_distance,91,53
all_400,acquire,burst_start_distance,92,51
all_400,acquire,burst_start_distance,93,51
all_400,acquire,burst_start_distance,94,47
all_400,acquire,burst_start_distance,95,50
all_400,acquire,burst_start_distance,96,56
all_400,acquire,burst_start_distance,97,31
all_400,acquire,burst_start_distance,98,43
all_400,acquire,burst_start_distance,99,51
all_400,acquire,burst_start_distance,100,45
all_400,acquire,burst_start_distance,101,42
all_400,acquire,burst_start_distance,102,47
all_400,acquire,burst_start_distance,103,51
all_400,acquire,burst_start_distance,104,41
all_400,acquire,burst_start_distance,105,45
all_400,acquire,burst_start_distance,106,35
all_400,acquire,burst_start_distance,107,35
all_400,acquire,burst_start_distance,108,39
all_400,acquire,burst_start_distance,109,42
all_400,acquire,burst_start_distance,110,42
all_400,acquire,burst_start_distance,111,36
all_400,acquire,burst_start_distance,112,33
all_400,acquire,burst_start_distance,113,36
all_400,acquire,burst_start_distance,114,38
all_400,acquire,burst_start_distance,115,33
all_400,acquire,burst_start_distance,116,30
all_400,acquire,burst_start_distance,117,33
all_400,acquire,burst_start_distance,118,22
all_400,acquire,burst_start_distance,119,30
all_400,acquire,burst_start_distance,120,33
all_400,acquire,burst_start_distance,121,26
all_400,acquire,burst_start_distance,122,31
all_400,acquire,burst_start_distance,123,26
all_400,acquire,burst_start_distance,124,27
all_400,acquire,burst_start_distance,125,32
all_400,acquire,burst_start_distance,126,34
all_400,acquire,burst_start_distance,127,41
all_400,acquire,burst_start_distance,128,26
all_400,acquire,burst_start_distance,129,22
all_400,acquire,burst_start_distance,130,28
all_400,acquire,burst_start_distance,131,32
all_400,acquire,burst_start_distance,132,20
all_400,acquire,burst_start_distance,133,32
all_400,acquire,burst_start_distance,134,27
all_400,acquire,burst_start_distance,135,33
all_400,acquire,burst_start_distance,136,21
all_400,acquire,burst_start_distance,137,18
all_400,acquire,burst_start_distance,138,25
all_400,acquire,burst_start_distance,139,26
all_400,acquire,burst_start_distance,140,38
all_400,acquire,burst_start_distance,141,28
all_400,acquire,burst_start_distance,142,17
all_400,acquire,burst_start_distance,143,24
all_400,acquire,burst_start_distance,144,32
all_400,acquire,burst_start_distance,145,19
all_400,acquire,burst_start_distance,146,23
all_400,acquire,burst_start_distance,147,27
all_400,acquire,burst_start_distance,148,12
all_400,acquire,burst_start_distance,149,19
all_400,acquire,burst_start_distance,150,15
all_400,acquire,burst_start_distance,151,25
all_400,acquire,burst_start_distance,152,21
all_400,acquire,burst_start_distance,153,15
all_400,acquire,burst_start_distance,154,24
all_400,acquire,burst_start_distance,155,17
all_400,acquire,burst_start_distance,156,21
all_400,acquire,burst_start_distance,157,22
all_400,acquire,burst_start_distance,158,14
all_400,acquire,burst_start_distance,159,15
all_400,acquire,burst_start_distance,160,16
all_400,acquire,burst_start_distance,161,13
all_400,acquire,burst_start_distance,162,16
all_400,acquire,burst_start_distance,163,24
all_400,acquire,burst_start_distance,164,23
all_400,acquire,burst_start_distance,165,22
all_400,acquire,burst_start_distance,166,21
all_400,acquire,burst_start_distance,167,20
all_400,acquire,burst_start_distance,168,15
all_400,acquire,burst_start_distance,169,18
all_400,acquire,burst_start_distance,170,14
all_400,acquire,burst_start_distance,171,9
all_400,acquire,burst_start_distance,172,12
all_400,acquire,burst_start_distance,173,19
all_400,acquire,burst_start_distance,174,22
all_400,acquire,burst_start_distance,175,15
all_400,acquire,burst_start_distance,176,12
all_400,acquire,burst_start_distance,177,16
all_400,acquire,burst_start_distance,178,13
all_400,acquire,burst_start_distance,179,12
all_400,acquire,burst_start_distance,180,14
all_400,acquire,burst_start_distance,181,16
all_400,acquire,burst_start_distance,182,17
all_400,acquire,burst_start_distance,183,9
all_400,acquire,burst_start_distance,184,18
all_400,acquire,burst_start_distance,185,10
all_400,acquire,burst_start_distance,186,11
all_400,acquire,burst_start_distance,187,15
all_400,acquire,burst_start_distance,188,22
all_400,acquire,burst_start_distance,189,10
all_400,acquire,burst_start_distance,190,10
all_400,acquire,burst_start_distance,191,14
all_400,acquire,burst_start_distance,192,9
all_400,acquire,burst_start_distance,193,9
all_400,acquire,burst_start_distance,194,12
all_400,acquire,burst_start_distance,195,14
all_400,acquire,burst_start_distance,196,7
all_400,acquire,burst_start_distance,197,9
all_400,acquire,burst_start_distance,198,16
all_400,acquire,burst_start_distance,199,10
all_400,acquire,burst_start_distance,200,11
all_400,acquire,burst_start_distance,201,10
all_400,acquire,burst_start_distance,202,13
all_400,acquire,burst_start_distance,203,7
all_400,acquire,burst_start_distance,204,9
all_400,acquire,burst_start_distance,205,11
all_400,acquire,burst_start_distance,206,9
all_400,acquire,burst_start_distance,207,8
all_400,acquire,burst_start_distance,208,15
all_400,acquire,burst_start_distance,209,7
all_400,acquire,burst_start_distance,210,2
all_400,acquire,burst_start_distance,211,14
all_400,acquire,burst_start_distance,212,9
all_400,acquire,burst_start_distance,213,14
all_400,acquire,burst_start_distance,214,6
all_400,acquire,burst_start_distance,215,4
all_400,acquire,burst_start_distance,216,7
all_400,acquire,burst_start_distance,217,5
all_400,acquire,burst_start_distance,218,7
all_400,acquire,burst_start_distance,219,7
all_400,acquire,burst_start_distance,220,11
all_400,acquire,burst_start_distance,221,4
all_400,acquire,burst_start_distance,222,13
all_400,acquire,burst_start_distance,223,6
all_400,acquire,burst_start_distance,224,8
all_400,acquire,burst_start_distance,225,6
all_400,acquire,burst_start_distance,226,9
all_400,acquire,burst_start_distance,227,9
all_400,acquire,burst_start_distance,228,8
all_400,acquire,burst_start_distance,229,6
all_400,acquire,burst_start_distance,230,7
all_400,acquire,burst_start_distance,231,8
all_400,acquire,burst_start_distance,232,4
all_400,acquire,burst_start_distance,233,7
all_400,acquire,burst_start_distance,234,3
all_400,acquire,burst_start_distance,235,5
all_400,acquire,burst_start_distance,236,4
all_400,acquire,burst_start_distance,237,10
all_400,acquire,burst_start_distance,238,7
all_400,acquire,burst_start_distance,239,5
all_400,acquire,burst_start_distance,240,5
all_400,acquire,burst_start_distance,241,5
all_400,acquire,burst_start_distance,242,8
all_400,acquire,burst_start_distance,243,6
all_400,acquire,burst_start_distance,244,7
all_400,acquire,burst_start_distance,245,3
all_400,acquire,burst_start_distance,246,7
all_400,acquire,burst_start_distance,247,4
all_400,acquire,burst_start_distance,248,5
all_400,acquire,burst_start_distance,249,8
all_400,acquire,burst_start_distance,250,4
all_400,acquire,burst_start_distance,251,8
all_400,acquire,burst_start_distance,252,5
all_400,acquire,burst_start_distance,253,5
all_400,acquire,burst_start_distance,254,4
all_400,acquire,burst_start_distance,255,3
all_400,acquire,burst_start_distance,256,5
all_400,acquire,burst_start_distance,257,9
all_400,acquire,burst_start_distance,258,8
all_400,acquire,burst_start_distance,259,4
all_400,acquire,burst_start_distance,261,5
all_400,acquire,burst_start_distance,262,5
all_400,acquire,burst_start_distance,263,5
all_400,acquire,burst_start_distance,264,4
all_400,acquire,burst_start_distance,265,3
all_400,acquire,burst_start_distance,266,3
all_400,acquire,burst_start_distance,267,2
all_400,acquire,burst_start_distance,268,4
all_400,acquire,burst_start_distance,269,10
all_400,acquire,burst_start_distance,270,3
all_400,acquire,burst_start_distance,271,5
all_400,acquire,burst_start_distance,272,5
all_400,acquire,burst_start_distance,273,2
all_400,acquire,burst_start_distance,274,3
all_400,acquire,burst_start_distance,275,3
all_400,acquire,burst_start_distance,276,2
all_400,acquire,burst_start_distance,277,4
all_400,acquire,burst_start_distance,278,4
all_400,acquire,burst_start_distance,279,1
all_400,acquire,burst_start_distance,280,5
all_400,acquire,burst_start_distance,281,7
all_400,acquire,burst_start_distance,282,3
all_400,acquire,burst_start_distance,283,2
all_400,acquire,burst_start_distance,284,2
all_400,acquire,burst_start_distance,285,4
all_400,acquire,burst_start_distance,286,3
all_400,acquire,burst_start_distance,287,3
all_400,acquire,burst_start_distance,288,4
all_400,acquire,burst_start_distance,289,1
all_400,acquire,burst_start_distance,290,2
all_400,acquire,burst_start_distance,291,3
all_400,acquire,burst_start_distance,292,1
all_400,acquire,burst_start_distance,293,4
all_400,acquire,burst_start_distance,294,2
all_400,acquire,burst_start_distance,295,3
all_400,acquire,burst_start_distance,296,2
all_400,acquire,burst_start_distance,297,1
all_400,acquire,burst_start_distance,298,3
all_400,acquire,burst_start_distance,299,7
all_400,acquire,burst_start_distance,300,2
all_400,acquire,burst_start_distance,301,2
all_400,acquire,burst_start_distance,303,3
all_400,acquire,burst_start_distance,305,3
all_400,acquire,burst_start_distance,306,2
all_400,acquire,burst_start_distance,308,2
all_400,acquire,burst_start_distance,309,2
all_400,acquire,burst_start_distance,310,1
all_400,acquire,burst_start_distance,311,1
all_400,acquire,burst_start_distance,313,1
all_400,acquire,burst_start_distance,314,2
all_400,acquire,burst_start_distance,315,3
all_400,acquire,burst_start_distance,316,4
all_400,acquire,burst_start_distance,317,1
all_400,acquire,burst_start_distance,318,1
all_400,acquire,burst_start_distance,319,3
all_400,acquire,burst_start_distance,320,1
all_400,acquire,burst_start_distance,321,2
all_400,acquire,burst_start_distance,322,3
all_400,acquire,burst_start_distance,323,3
all_400,acquire,burst_start_distance,324,2
all_400,acquire,burst_start_distance,325,3
all_400,acquire,burst_start_distance,326,2
all_400,acquire,burst_start_distance,329,4
all_400,acquire,burst_start_distance,330,1
all_400,acquire,burst_start_distance,332,1
all_400,acquire,burst_start_distance,333,2
all_400,acquire,burst_start_distance,334,5
all_400,acquire,burst_start_distance,335,2
all_400,acquire,burst_start_distance,336,3
all_400,acquire,burst_start_distance,337,3
all_400,acquire,burst_start_distance,338,3
all_400,acquire,burst_start_distance,339,1
all_400,acquire,burst_start_distance,340,4
all_400,acquire,burst_start_distance,341,2
all_400,acquire,burst_start_distance,342,2
all_400,acquire,burst_start_distance,343,3
all_400,acquire,burst_start_distance,344,1
all_400,acquire,burst_start_distance,345,1
all_400,acquire,burst_start_distance,348,2
all_400,acquire,burst_start_distance,349,1
all_400,acquire,burst_start_distance,350,2
all_400,acquire,burst_start_distance,351,2
all_400,acquire,burst_start_distance,352,2
all_400,acquire,burst_start_distance,356,2
all_400,acquire,burst_start_distance,357,1
all_400,acquire,burst_start_distance,360,1
all_400,acquire,burst_start_distance,361,2
all_400,acquire,burst_start_distance,362,2
all_400,acquire,burst_start_distance,364,1
all_400,acquire,burst_start_distance,366,1
all_400,acquire,burst_start_distance,367,4
all_400,acquire,burst_start_distance,369,2
all_400,acquire,burst_start_distance,373,1
all_400,acquire,burst_start_distance,374,1
all_400,acquire,burst_start_distance,376,1
all_400,acquire,burst_start_distance,377,1
all_400,acquire,burst_start_distance,378,1
all_400,acquire,burst_start_distance,381,1
all_400,acquire,burst_start_distance,382,1
all_400,acquire,burst_start_distance,384,1
all_400,acquire,burst_start_distance,386,1
all_400,acquire,burst_start_distance,387,2
all_400,acquire,burst_start_distance,391,1
all_400,acquire,burst_start_distance,394,1
all_400,acquire,burst_start_distance,395,1
all_400,acquire,burst_start_distance,396,1
all_400,acquire,burst_start_distance,399,1
all_400,acquire,burst_start_distance,400,2
all_400,acquire,burst_start_distance,401,1
all_400,acquire,burst_start_distance,402,1
all_400,acquire,burst_start_distance,407,1
all_400,acquire,burst_start_distance,411,2
all_400,acquire,burst_start_distance,412,2
all_400,acquire,burst_start_distance,413,2
all_400,acquire,burst_start_distance,414,1
all_400,acquire,burst_start_distance,417,1
all_400,acquire,burst_start_distance,420,2
all_400,acquire,burst_start_distance,422,1
all_400,acquire,burst_start_distance,425,1
all_400,acquire,burst_start_distance,426,1
all_400,acquire,burst_start_distance,427,1
all_400,acquire,burst_start_distance,428,1
all_400,acquire,burst_start_distance,434,2
all_400,acquire,burst_start_distance,435,1
all_400,acquire,burst_start_distance,436,1
all_400,acquire,burst_start_distance,438,1
all_400,acquire,burst_start_distance,441,1
all_400,acquire,burst_start_distance,443,2
all_400,acquire,burst_start_distance,444,1
all_400,acquire,burst_start_distance,446,1
all_400,acquire,burst_start_distance,448,2
all_400,acquire,burst_start_distance,451,1
all_400,acquire,burst_start_distance,457,1
all_400,acquire,burst_start_distance,458,2
all_400,acquire,burst_start_distance,459,1
all_400,acquire,burst_start_distance,462,1
all_400,acquire,burst_start_distance,464,1
all_400,acquire,burst_start_distance,471,1
all_400,acquire,burst_start_distance,480,1
all_400,acquire,burst_start_distance,492,2
all_400,acquire,burst_start_distance,493,1
all_400,acquire,burst_start_distance,504,1
all_400,acquire,burst_start_distance,507,1
all_400,acquire,burst_start_distance,514,1
all_400,acquire,burst_start_distance,519,1
all_400,acquire,burst_start_distance,533,1
all_400,acquire,burst_start_distance,535,1
all_400,acquire,burst_start_distance,536,1
all_400,acquire,burst_start_distance,543,1
all_400,acquire,burst_start_distance,546,1
all_400,acquire,burst_start_distance,548,1
all_400,acquire,burst_start_distance,550,1
all_400,acquire,burst_start_distance,554,1
all_400,acquire,burst_start_distance,565,1
all_400,acquire,burst_start_distance,568,1
all_400,acquire,burst_start_distance,579,1
all_400,acquire,burst_start_distance,583,1
all_400,acquire,burst_start_distance,597,1
all_400,acquire,burst_start_distance,631,1
all_400,acquire,burst_start_distance,763,1
all_400,report,trigger_distance,1,32766
all_400,report,trigger_distance,2,5042
all_400,report,trigger_distance,3,2142
all_400,report,trigger_distance,4,1419
all_400,report,trigger_distance,5,1102
all_400,report,trigger_distance,6,801
all_400,report,trigger_distance,7,621
all_400,report,trigger_distance,8,607
all_400,report,trigger_distance,9,584
all_400,report,trigger_distance,10,500
all_400,report,trigger_distance,11,476
all_400,report,trigger_distance,12,389
all_400,report,trigger_distance,13,275
all_400,report,trigger_distance,14,224
all_400,report,trigger_distance,15,201
all_400,report,trigger_distance,16,232
all_400,report,trigger_distance,17,228
all_400,report,trigger_distance,18,200
all_400,report,trigger_distance,19,187
all_400,report,trigger_distance,20,226
all_400,report,trigger_distance,21,168
all_400,report,trigger_distance,22,146
all_400,report,trigger_distance,23,153
all_400,report,trigger_distance,24,131
all_400,report,trigger_distance,25,128
all_400,report,trigger_distance,26,127
all_400,report,trigger_distance,27,111
all_400,report,trigger_distance,28,104
all_400,report,trigger_distance,29,109
all_400,report,trigger_distance,30,115
all_400,report,trigger_distance,31,102
all_400,report,trigger_distance,32,99
all_400,report,trigger_distance,33,105
all_400,report,trigger_distance,34,96
all_400,report,trigger_distance,35,90
all_400,report,trigger_distance,36,106
all_400,report,trigger_distance,37,99
all_400,report,trigger_distance,38,109
all_400,report,trigger_distance,39,88
all_400,report,trigger_distance,40,84
all_400,report,trigger_distance,41,93
all_400,report,trigger_distance,42,69
all_400,report,trigger_distance,43,85
all_400,report,trigger_distance,44,56
all_400,report,trigger_distance,45,66
all_400,report,trigger_distance,46,65
all_400,report,trigger_distance,47,52
all_400,report,trigger_distance,48,60
all_400,report,trigger_distance,49,58
all_400,report,trigger_distance,50,47
all_400,report,trigger_distance,51,45
all_400,report,trigger_distance,52,51
all_400,report,trigger_distance,53,51
all_400,report,trigger_distance,54,52
all_400,report,trigger_distance,55,46
all_400,report,trigger_distance,56,42
all_400,report,trigger_distance,57,61
all_400,report,trigger_distance,58,35
all_400,report,trigger_distance,59,41
all_400,report,trigger_distance,60,35
all_400,report,trigger_distance,61,37
all_400,report,trigger_distance,62,34
all_400,report,trigger_distance,63,38
all_400,report,trigger_distance,64,40
all_400,report,trigger_distance,65,31
all_400,report,trigger_distance,66,34
all_400,report,trigger_distance,67,35
all_400,report,trigger_distance,68,29
all_400,report,trigger_distance,69,31
all_400,report,trigger_distance,70,34
all_400,report,trigger_distance,71,35
all_400,report,trigger_distance,72,25
all_400,report,trigger_distance,73,32
all_400,report,trigger_distance,74,35
all_400,report,trigger_distance,75,32
all_400,report,trigger_distance,76,34
all_400,report,trigger_distance,77,23
all_400,report,trigger_distance,78,35
all_400,report,trigger_distance,79,23
all_400,report,trigger_distance,80,33
all_400,report,trigger_distance,81,34
all_400,report,trigger_distance,82,20
all_400,report,trigger_distance,83,33
all_400,report,trigger_distance,84,19
all_400,report,trigger_distance,85,17
all_400,report,trigger_distance,86,26
all_400,report,trigger_distance,87,19
all_400,report,trigger_distance,88,22
all_400,report,trigger_distance,89,25
all_400,report,trigger_distance,90,27
all_400,report,trigger_distance,91,20
all_400,report,trigger_distance,92,23
all_400,report,trigger_distance,93,22
all_400,report,trigger_distance,94,26
all_400,report,trigger_distance,95,25
all_400,report,trigger_distance,96,24
all_400,report,trigger_distance,97,17
all_400,report,trigger_distance,98,30
all_400,report,trigger_distance,99,28
all_400,report,trigger_distance,100,25
all_400,report,trigger_distance,101,30
all_400,report,trigger_distance,102,22
all_400,report,trigger_distance,103,27
all_400,report,trigger_distance,104,21
all_400,report,trigger_distance,105,29
all_400,report,trigger_distance,106,23
all_400,report,trigger_distance,107,21
all_400,report,trigger_distance,108,21
all_400,report,trigger_distance,109,15
all_400,report,trigger_distance,110,26
all_400,report,trigger_distance,111,19
all_400,report,trigger_distance,112,27
all_400,report,trigger_distance,113,15
all_400,report,trigger_distance,114,22
all_400,report,trigger_distance,115,22
all_400,report,trigger_distance,116,28
all_400,report,trigger_distance,117,25
all_400,report,trigger_distance,118,16
all_400,report,trigger_distance,119,25
all_400,report,trigger_distance,120,24
all_400,report,trigger_distance,121,27
all_400,report,trigger_distance,122,14
all_400,report,trigger_distance,123,16
all_400,report,trigger_distance,124,16
all_400,report,trigger_distance,125,19
all_400,report,trigger_distance,126,25
all_400,report,trigger_distance,127,15
all_400,report,trigger_distance,128,18
all_400,report,trigger_distance,129,15
all_400,report,trigger_distance,130,26
all_400,report,trigger_distance,131,22
all_400,report,trigger_distance,132,15
all_400,report,trigger_distance,133,20
all_400,report,trigger_distance,134,19
all_400,report,trigger_distance,135,17
all_400,report,trigger_distance,136,18
all_400,report,trigger_distance,137,19
all_400,report,trigger_distance,138,12
all_400,report,trigger_distance,139,18
all_400,report,trigger_distance,140,19
all_400,report,trigger_distance,141,13
all_400,report,trigger_distance,142,17
all_400,report,trigger_distance,143,17
all_400,report,trigger_distance,144,20
all_400,report,trigger_distance,145,15
all_400,report,trigger_distance,146,19
all_400,report,trigger_distance,147,15
all_400,report,trigger_distance,148,17
all_400,report,trigger_distance,149,21
all_400,report,trigger_distance,150,16
all_400,report,trigger_distance,151,19
all_400,report,trigger_distance,152,17
all_400,report,trigger_distance,153,18
all_400,report,trigger_distance,154,8
all_400,report,trigger_distance,155,23
all_400,report,trigger_distance,156,19
all_400,report,trigger_distance,157,20
all_400,report,trigger_distance,158,20
all_400,report,trigger_distance,159,22
all_400,report,trigger_distance,160,15
all_400,report,trigger_distance,161,16
all_400,report,trigger_distance,162,15
all_400,report,trigger_distance,163,20
all_400,report,trigger_distance,164,13
all_400,report,trigger_distance,165,9
all_400,report,trigger_distance,166,16
all_400,report,trigger_distance,167,12
all_400,report,trigger_distance,168,9
all_400,report,trigger_distance,169,13
all_400,report,trigger_distance,170,18
all_400,report,trigger_distance,171,11
all_400,report,trigger_distance,172,21
all_400,report,trigger_distance,173,14
all_400,report,trigger_distance,174,12
all_400,report,trigger_distance,175,12
all_400,report,trigger_distance,176,18
all_400,report,trigger_distance,177,5
all_400,report,trigger_distance,178,10
all_400,report,trigger_distance,179,12
all_400,report,trigger_distance,180,10
all_400,report,trigger_distance,181,15
all_400,report,trigger_distance,182,12
all_400,report,trigger_distance,183,6
all_400,report,trigger_distance,184,12
all_400,report,trigger_distance,185,10
all_400,report,trigger_distance,186,10
all_400,report,trigger_distance,187,15
all_400,report,trigger_distance,188,7
all_400,report,trigger_distance,189,14
all_400,report,trigger_distance,190,9
all_400,report,trigger_distance,191,9
all_400,report,trigger_distance,192,5
all_400,report,trigger_distance,193,9
all_400,report,trigger_distance,194,13
all_400,report,trigger_distance,195,5
all_400,report,trigger_distance,196,8
all_400,report,trigger_distance,197,5
all_400,report,trigger_distance,198,6
all_400,report,trigger_distance,199,6
all_400,report,trigger_distance,200,8
all_400,report,trigger_distance,201,7
all_400,report,trigger_distance,202,7
all_400,report,trigger_distance,203,9
all_400,report,trigger_distance,204,6
all_400,report,trigger_distance,205,5
all_400,report,trigger_distance,206,6
all_400,report,trigger_distance,207,13
all_400,report,trigger_distance,208,10
all_400,report,trigger_distance,209,12
all_400,report,trigger_distance,210,11
all_400,report,trigger_distance,211,13
all_400,report,trigger_distance,212,7
all_400,report,trigger_distance,213,11
all_400,report,trigger_distance,214,12
all_400,report,trigger_distance,215,10
all_400,report,trigger_distance,216,6
all_400,report,trigger_distance,217,4
all_400,report,trigger_distance,218,8
all_400,report,trigger_distance,219,6
all_400,report,trigger_distance,220,7
all_400,report,trigger_distance,221,6
all_400,report,trigger_distance,222,3
all_400,report,trigger_distance,223,8
all_400,report,trigger_distance,224,5
all_400,report,trigger_distance,225,10
all_400,report,trigger_distance,226,6
all_400,report,trigger_distance,227,8
all_400,report,trigger_distance,228,8
all_400,report,trigger_distance,229,3
all_400,report,trigger_distance,230,6
all_400,report,trigger_distance,231,10
all_400,report,trigger_distance,232,6
all_400,report,trigger_distance,233,5
all_400,report,trigger_distance,234,9
all_400,report,trigger_distance,235,9
all_400,report,trigger_distance,236,3
all_400,report,trigger_distance,237,6
all_400,report,trigger_distance,238,6
all_400,report,trigger_distance,239,4
all_400,report,trigger_distance,240,8
all_400,report,trigger_distance,241,8
all_400,report,trigger_distance,242,6
all_400,report,trigger_distance,243,4
all_400,report,trigger_distance,244,4
all_400,report,trigger_distance,245,5
all_400,report,trigger_distance,247,5
all_400,report,trigger_distance,248,5
all_400,report,trigger_distance,249,8
all_400,report,trigger_distance,250,6
all_400,report,trigger_distance,251,6
all_400,report,trigger_distance,252,7
all_400,report,trigger_distance,253,1
all_400,report,trigger_distance,254,7
all_400,report,trigger_distance,255,6
all_400,report,trigger_distance,256,4
all_400,report,trigger_distance,257,5
all_400,report,trigger_distance,258,7
all_400,report,trigger_distance,259,4
all_400,report,trigger_distance,260,3
all_400,report,trigger_distance,261,1
all_400,report,trigger_distance,262,4
all_400,report,trigger_distance,263,3
all_400,report,trigger_distance,264,6
all_400,report,trigger_distance,265,2
all_400,report,trigger_distance,266,7
all_400,report,trigger_distance,267,4
all_400,report,trigger_distance,268,1
all_400,report,trigger_distance,269,4
all_400,report,trigger_distance,270,2
all_400,report,trigger_distance,271,2
all_400,report,trigger_distance,272,4
all_400,report,trigger_distance,273,2
all_400,report,trigger_distance,274,5
all_400,report,trigger_distance,275,2
all_400,report,trigger_distance,276,6
all_400,report,trigger_distance,277,6
all_400,report,trigger_distance,278,3
all_400,report,trigger_distance,279,2
all_400,report,trigger_distance,280,5
all_400,report,trigger_distance,281,3
all_400,report,trigger_distance,282,1
all_400,report,trigger_distance,283,3
all_400,report,trigger_distance,284,1
all_400,report,trigger_distance,285,3
all_400,report,trigger_distance,286,2
all_400,report,trigger_distance,287,2
all_400,report,trigger_distance,288,7
all_400,report,trigger_distance,289,6
all_400,report,trigger_distance,290,2
all_400,report,trigger_distance,291,1
all_400,report,trigger_distance,292,6
all_400,report,trigger_distance,293,3
all_400,report,trigger_distance,294,5
all_400,report,trigger_distance,295,2
all_400,report,trigger_distance,296,3
all_400,report,trigger_distance,297,2
all_400,report,trigger_distance,298,5
all_400,report,trigger_distance,299,2
all_400,report,trigger_distance,300,4
all_400,report,trigger_distance,301,4
all_400,report,trigger_distance,302,4
all_400,report,trigger_distance,303,4
all_400,report,trigger_distance,304,4
all_400,report,trigger_distance,305,2
all_400,report,trigger_distance,306,6
all_400,report,trigger_distance,307,2
all_400,report,trigger_distance,308,2
all_400,report,trigger_distance,309,5
all_400,report,trigger_distance,310,4
all_400,report,trigger_distance,311,2
all_400,report,trigger_distance,312,2
all_400,report,trigger_distance,313,2
all_400,report,trigger_distance,314,1
all_400,report,trigger_distance,315,4
all_400,report,trigger_distance,316,3
all_400,report,trigger_distance,317,1
all_400,report,trigger_distance,318,3
all_400,report,trigger_distance,319,3
all_400,report,trigger_distance,320,2
all_400,report,trigger_distance,321,1
all_400,report,trigger_distance,322,5
all_400,report,trigger_distance,323,3
all_400,report,trigger_distance,324,2
all_400,report,trigger_distance,325,2
all_400,report,trigger_distance,326,2
all_400,report,trigger_distance,327,3
all_400,report,trigger_distance,328,2
all_400,report,trigger_distance,330,2
all_400,report,trigger_distance,331,1
all_400,report,trigger_distance,332,1
all_400,report,trigger_distance,333,1
all_400,report,trigger_distance,334,1
all_400,report,trigger_distance,335,2
all_400,report,trigger_distance,336,1
all_400,report,trigger_distance,337,2
all_400,report,trigger_distance,338,1
all_400,report,trigger_distance,339,2
all_400,report,trigger_distance,340,1
all_400,report,trigger_distance,341,2
all_400,report,trigger_distance,342,1
all_400,report,trigger_distance,343,3
all_400,report,trigger_distance,344,3
all_400,report,trigger_distance,345,1
all_400,report,trigger_distance,346,1
all_400,report,trigger_distance,347,2
all_400,report,trigger_distance,348,2
all_400,report,trigger_distance,349,3
all_400,report,trigger_distance,350,2
all_400,report,trigger_distance,351,2
all_400,report,trigger_distance,352,2
all_400,report,trigger_distance,353,2
all_400,report,trigger_distance,354,1
all_400,report,trigger_distance,355,1
all_400,report,trigger_distance,356,2
all_400,report,trigger_distance,357,1
all_400,report,trigger_distance,358,1
all_400,report,trigger_distance,359,2
all_400,report,trigger_distance,361,3
all_400,report,trigger_distance,362,2
all_400,report,trigger_distance,363,1
all_400,report,trigger_distance,364,1
all_400,report,trigger_distance,365,2
all_400,report,trigger_distance,366,1
all_400,report,trigger_distance,367,1
all_400,report,trigger_distance,368,2
all_400,report,trigger_distance,369,2
all_400,report,trigger_distance,370,2
all_400,report,trigger_distance,371,2
all_400,report,trigger_distance,373,2
all_400,report,trigger_distance,374,1
all_400,report,trigger_distance,376,2
all_400,report,trigger_distance,377,1
all_400,report,trigger_distance,378,3
all_400,report,trigger_distance,383,1
all_400,report,trigger_distance,384,3
all_400,report,trigger_distance,385,1
all_400,report,trigger_distance,389,2
all_400,report,trigger_distance,390,4
all_400,report,trigger_distance,394,1
all_400,report,trigger_distance,395,2
all_400,report,trigger_distance,396,1
all_400,report,trigger_distance,397,1
all_400,report,trigger_distance,398,1
all_400,report,trigger_distance,399,1
all_400,report,trigger_distance,401,1
all_400,report,trigger_distance,402,3
all_400,report,trigger_distance,404,1
all_400,report,trigger_distance,406,1
all_400,report,trigger_distance,407,2
all_400,report,trigger_distance,409,1
all_400,report,trigger_distance,412,2
all_400,report,trigger_distance,415,1
all_400,report,trigger_distance,417,2
all_400,report,trigger_distance,418,1
all_400,report,trigger_distance,421,3
all_400,report,trigger_distance,422,2
all_400,report,trigger_distance,423,1
all_400,report,trigger_distance,426,2
all_400,report,trigger_distance,430,1
all_400,report,trigger_distance,431,1
all_400,report,trigger_distance,432,3
all_400,report,trigger_distance,433,1
all_400,report,trigger_distance,434,1
all_400,report,trigger_distance,436,1
all_400,report,trigger_distance,438,1
all_400,report,trigger_distance,439,1
all_400,report,trigger_distance,440,1
all_400,report,trigger_distance,441,2
all_400,report,trigger_distance,443,1
all_400,report,trigger_distance,444,2
all_400,report,trigger_distance,445,3
all_400,report,trigger_distance,450,1
all_400,report,trigger_distance,451,2
all_400,report,trigger_distance,452,2
all_400,report,trigger_distance,453,4
all_400,report,trigger_distance,454,1
all_400,report,trigger_distance,456,1
all_400,report,trigger_distance,458,1
all_400,report,trigger_distance,459,1
all_400,report,trigger_distance,461,1
all_400,report,trigger_distance,462,1
all_400,report,trigger_distance,463,1
all_400,report,trigger_distance,466,3
all_400,report,trigger_distance,467,2
all_400,report,trigger_distance,468,1
all_400,report,trigger_distance,469,1
all_400,report,trigger_distance,470,2
all_400,report,trigger_distance,471,1
all_400,report,trigger_distance,473,3
all_400,report,trigger_distance,475,1
all_400,report,trigger_distance,477,1
all_400,report,trigger_distance,478,1
all_400,report,trigger_distance,479,1
all_400,report,trigger_distance,480,1
all_400,report,trigger_distance,481,2
all_400,report,trigger_distance,482,1
all_400,report,trigger_distance,485,1
all_400,report,trigger_distance,486,3
all_400,report,trigger_distance,487,2
all_400,report,trigger_distance,488,2
all_400,report,trigger_distance,493,1
all_400,report,trigger_distance,497,1
all_400,report,trigger_distance,498,2
all_400,report,trigger_distance,501,2
all_400,report,trigger_distance,502,3
all_400,report,trigger_distance,503,1
all_400,report,trigger_distance,504,1
all_400,report,trigger_distance,505,1
all_400,report,trigger_distance,507,1
all_400,report,trigger_distance,508,2
all_400,report,trigger_distance,510,1
all_400,report,trigger_distance,511,2
all_400,report,trigger_distance,513,2
all_400,report,trigger_distance,514,2
all_400,report,trigger_distance,516,1
all_400,report,trigger_distance,517,1
all_400,report,trigger_distance,519,1
all_400,report,trigger_distance,520,4
all_400,report,trigger_distance,521,1
all_400,report,trigger_distance,522,2
all_400,report,trigger_distance,523,1
all_400,report,trigger_distance,524,4
all_400,report,trigger_distance,525,1
all_400,report,trigger_distance,526,2
all_400,report,trigger_distance,527,3
all_400,report,trigger_distance,528,2
all_400,report,trigger_distance,532,1
all_400,report,trigger_distance,533,2
all_400,report,trigger_distance,535,1
all_400,report,trigger_distance,536,3
all_400,report,trigger_distance,537,2
all_400,report,trigger_distance,538,1
all_400,report,trigger_distance,539,3
all_400,report,trigger_distance,541,1
all_400,report,trigger_distance,543,1
all_400,report,trigger_distance,544,1
all_400,report,trigger_distance,545,1
all_400,report,trigger_distance,546,1
all_400,report,trigger_distance,548,1
all_400,report,trigger_distance,549,1
all_400,report,trigger_distance,550,2
all_400,report,trigger_distance,551,1
all_400,report,trigger_distance,553,1
all_400,report,trigger_distance,554,1
all_400,report,trigger_distance,562,1
all_400,report,trigger_distance,563,1
all_400,report,trigger_distance,566,1
all_400,report,trigger_distance,567,1
all_400,report,trigger_distance,568,2
all_400,report,trigger_distance,569,3
all_400,report,trigger_distance,571,2
all_400,report,trigger_distance,572,2
all_400,report,trigger_distance,573,1
all_400,report,trigger_distance,574,1
all_400,report,trigger_distance,575,2
all_400,report,trigger_distance,576,2
all_400,report,trigger_distance,577,1
all_400,report,trigger_distance,579,1
all_400,report,trigger_distance,581,1
all_400,report,trigger_distance,583,1
all_400,report,trigger_distance,584,1
all_400,report,trigger_distance,585,1
all_400,report,trigger_distance,587,3
all_400,report,trigger_distance,590,2
all_400,report,trigger_distance,591,3
all_400,report,trigger_distance,593,1
all_400,report,trigger_distance,594,2
all_400,report,trigger_distance,595,2
all_400,report,trigger_distance,597,2
all_400,report,trigger_distance,599,1
all_400,report,trigger_distance,600,2
all_400,report,trigger_distance,602,1
all_400,report,trigger_distance,605,3
all_400,report,trigger_distance,606,1
all_400,report,trigger_distance,607,1
all_400,report,trigger_distance,609,2
all_400,report,trigger_distance,610,1
all_400,report,trigger_distance,612,2
all_400,report,trigger_distance,613,2
all_400,report,trigger_distance,616,1
all_400,report,trigger_distance,617,1
all_400,report,trigger_distance,621,1
all_400,report,trigger_distance,622,1
all_400,report,trigger_distance,623,1
all_400,report,trigger_distance,625,2
all_400,report,trigger_distance,626,1
all_400,report,trigger_distance,628,1
all_400,report,trigger_distance,629,1
all_400,report,trigger_distance,630,1
all_400,report,trigger_distance,633,1
all_400,report,trigger_distance,634,2
all_400,report,trigger_distance,636,2
all_400,report,trigger_distance,637,2
all_400,report,trigger_distance,639,1
all_400,report,trigger_distance,640,1
all_400,report,trigger_distance,641,1
all_400,report,trigger_distance,642,1
all_400,report,trigger_distance,643,2
all_400,report,trigger_distance,644,1
all_400,report,trigger_distance,645,1
all_400,report,trigger_distance,647,1
all_400,report,trigger_distance,651,1
all_400,report,trigger_distance,653,1
all_400,report,trigger_distance,654,1
all_400,report,trigger_distance,656,1
all_400,report,trigger_distance,657,1
all_400,report,trigger_distance,659,1
all_400,report,trigger_distance,660,1
all_400,report,trigger_distance,665,1
all_400,report,trigger_distance,666,1
all_400,report,trigger_distance,667,2
all_400,report,trigger_distance,668,1
all_400,report,trigger_distance,669,1
all_400,report,trigger_distance,671,1
all_400,report,trigger_distance,672,2
all_400,report,trigger_distance,680,4
all_400,report,trigger_distance,681,2
all_400,report,trigger_distance,682,1
all_400,report,trigger_distance,683,1
all_400,report,trigger_distance,685,2
all_400,report,trigger_distance,687,2
all_400,report,trigger_distance,688,1
all_400,report,trigger_distance,690,1
all_400,report,trigger_distance,691,1
all_400,report,trigger_distance,693,1
all_400,report,trigger_distance,694,2
all_400,report,trigger_distance,695,1
all_400,report,trigger_distance,696,1
all_400,report,trigger_distance,698,2
all_400,report,trigger_distance,699,1
all_400,report,trigger_distance,705,1
all_400,report,trigger_distance,709,1
all_400,report,trigger_distance,712,1
all_400,report,trigger_distance,714,1
all_400,report,trigger_distance,717,2
all_400,report,trigger_distance,719,1
all_400,report,trigger_distance,725,1
all_400,report,trigger_distance,729,1
all_400,report,trigger_distance,738,2
all_400,report,trigger_distance,739,1
all_400,report,trigger_distance,741,1
all_400,report,trigger_distance,743,1
all_400,report,trigger_distance,745,1
all_400,report,trigger_distance,746,1
all_400,report,trigger_distance,748,1
all_400,report,trigger_distance,753,1
all_400,report,trigger_distance,754,1
all_400,report,trigger_distance,756,3
all_400,report,trigger_distance,757,1
all_400,report,trigger_distance,758,1
all_400,report,trigger_distance,760,1
all_400,report,trigger_distance,762,1
all_400,report,trigger_distance,764,1
all_400,report,trigger_distance,765,1
all_400,report,trigger_distance,767,3
all_400,report,trigger_distance,768,1
all_400,report,trigger_distance,770,1
all_400,report,trigger_distance,771,1
all_400,report,trigger_distance,772,1
all_400,report,trigger_distance,773,1
all_400,report,trigger_distance,775,2
all_400,report,trigger_distance,778,1
all_400,report,trigger_distance,784,1
all_400,report,trigger_distance,788,1
all_400,report,trigger_distance,790,1
all_400,report,trigger_distance,798,1
all_400,report,trigger_distance,800,1
all_400,report,trigger_distance,801,1
all_400,report,trigger_distance,803,1
all_400,report,trigger_distance,808,1
all_400,report,trigger_distance,813,2
all_400,report,trigger_distance,814,1
all_400,report,trigger_distance,816,1
all_400,report,trigger_distance,818,1
all_400,report,trigger_distance,819,1
all_400,report,trigger_distance,820,2
all_400,report,trigger_distance,822,2
all_400,report,trigger_distance,826,1
all_400,report,trigger_distance,827,1
all_400,report,trigger_distance,830,1
all_400,report,trigger_distance,831,1
all_400,report,trigger_distance,832,1
all_400,report,trigger_distance,834,1
all_400,report,trigger_distance,836,1
all_400,report,trigger_distance,841,1
all_400,report,trigger_distance,846,1
all_400,report,trigger_distance,848,1
all_400,report,trigger_distance,853,1
all_400,report,trigger_distance,854,1
all_400,report,trigger_distance,855,1
all_400,report,trigger_distance,856,1
all_400,report,trigger_distance,857,2
all_400,report,trigger_distance,859,2
all_400,report,trigger_distance,860,1
all_400,report,trigger_distance,868,1
all_400,report,trigger_distance,875,2
all_400,report,trigger_distance,880,1
all_400,report,trigger_distance,881,2
all_400,report,trigger_distance,883,1
all_400,report,trigger_distance,889,1
all_400,report,trigger_distance,890,1
all_400,report,trigger_distance,893,2
all_400,report,trigger_distance,899,1
all_400,report,trigger_distance,904,1
all_400,report,trigger_distance,906,1
all_400,report,trigger_distance,913,1
all_400,report,trigger_distance,916,1
all_400,report,trigger_distance,922,1
all_400,report,trigger_distance,925,1
all_400,report,trigger_distance,926,2
all_400,report,trigger_distance,928,1
all_400,report,trigger_distance,930,1
all_400,report,trigger_distance,934,1
all_400,report,trigger_distance,935,1
all_400,report,trigger_distance,938,1
all_400,report,trigger_distance,939,1
all_400,report,trigger_distance,946,1
all_400,report,trigger_distance,947,1
all_400,report,trigger_distance,950,1
all_400,report,trigger_distance,958,1
all_400,report,trigger_distance,978,1
all_400,report,trigger_distance,980,1
all_400,report,trigger_distance,983,1
all_400,report,trigger_distance,989,1
all_400,report,trigger_distance,990,1
all_400,report,trigger_distance,995,1
all_400,report,trigger_distance,997,1
all_400,report,trigger_distance,1000,1
all_400,report,trigger_distance,1002,2
all_400,report,trigger_distance,1017,1
all_400,report,trigger_distance,1019,1
all_400,report,trigger_distance,1022,1
all_400,report,trigger_distance,1029,1
all_400,report,trigger_distance,1040,1
all_400,report,trigger_distance,1062,1
all_400,report,trigger_distance,1074,1
all_400,report,trigger_distance,1085,1
all_400,report,trigger_distance,1098,1
all_400,report,trigger_distance,1104,1
all_400,report,trigger_distance,1107,1
all_400,report,trigger_distance,1111,1
all_400,report,trigger_distance,1124,1
all_400,report,trigger_distance,1125,1
all_400,report,trigger_distance,1135,1
all_400,report,trigger_distance,1165,1
all_400,report,trigger_distance,1167,2
all_400,report,trigger_distance,1175,1
all_400,report,trigger_distance,1182,1
all_400,report,trigger_distance,1218,1
all_400,report,trigger_distance,1230,1
all_400,report,trigger_distance,1256,1
all_400,report,trigger_distance,1282,1
all_400,report,trigger_distance,1312,1
all_400,report,trigger_distance,1314,2
all_400,report,trigger_distance,1338,1
all_400,report,trigger_distance,1376,1
all_400,report,trigger_distance,1470,1
all_400,report,trigger_distance,1511,1
all_400,report,trigger_distance,1565,1
all_400,report,trigger_distance,1580,1
all_400,report,trigger_distance,1747,1
all_400,report,trigger_distance,1796,1
all_400,report,silent_gap,1,5042
all_400,report,silent_gap,2,2142
all_400,report,silent_gap,3,1419
all_400,report,silent_gap,4,1102
all_400,report,silent_gap,5,801
all_400,report,silent_gap,6,621
all_400,report,silent_gap,7,607
all_400,report,silent_gap,8,584
all_400,report,silent_gap,9,500
all_400,report,silent_gap,10,476
all_400,report,silent_gap,11,389
all_400,report,silent_gap,12,275
all_400,report,silent_gap,13,224
all_400,report,silent_gap,14,201
all_400,report,silent_gap,15,232
all_400,report,silent_gap,16,228
all_400,report,silent_gap,17,200
all_400,report,silent_gap,18,187
all_400,report,silent_gap,19,226
all_400,report,silent_gap,20,168
all_400,report,silent_gap,21,146
all_400,report,silent_gap,22,153
all_400,report,silent_gap,23,131
all_400,report,silent_gap,24,128
all_400,report,silent_gap,25,127
all_400,report,silent_gap,26,111
all_400,report,silent_gap,27,104
all_400,report,silent_gap,28,109
all_400,report,silent_gap,29,115
all_400,report,silent_gap,30,102
all_400,report,silent_gap,31,99
all_400,report,silent_gap,32,105
all_400,report,silent_gap,33,96
all_400,report,silent_gap,34,90
all_400,report,silent_gap,35,106
all_400,report,silent_gap,36,99
all_400,report,silent_gap,37,109
all_400,report,silent_gap,38,88
all_400,report,silent_gap,39,84
all_400,report,silent_gap,40,93
all_400,report,silent_gap,41,69
all_400,report,silent_gap,42,85
all_400,report,silent_gap,43,56
all_400,report,silent_gap,44,66
all_400,report,silent_gap,45,65
all_400,report,silent_gap,46,52
all_400,report,silent_gap,47,60
all_400,report,silent_gap,48,58
all_400,report,silent_gap,49,47
all_400,report,silent_gap,50,45
all_400,report,silent_gap,51,51
all_400,report,silent_gap,52,51
all_400,report,silent_gap,53,52
all_400,report,silent_gap,54,46
all_400,report,silent_gap,55,42
all_400,report,silent_gap,56,61
all_400,report,silent_gap,57,35
all_400,report,silent_gap,58,41
all_400,report,silent_gap,59,35
all_400,report,silent_gap,60,37
all_400,report,silent_gap,61,34
all_400,report,silent_gap,62,38
all_400,report,silent_gap,63,40
all_400,report,silent_gap,64,31
all_400,report,silent_gap,65,34
all_400,report,silent_gap,66,35
all_400,report,silent_gap,67,29
all_400,report,silent_gap,68,31
all_400,report,silent_gap,69,34
all_400,report,silent_gap,70,35
all_400,report,silent_gap,71,25
all_400,report,silent_gap,72,32
all_400,report,silent_gap,73,35
all_400,report,silent_gap,74,32
all_400,report,silent_gap,75,34
all_400,report,silent_gap,76,23
all_400,report,silent_gap,77,35
all_400,report,silent_gap,78,23
all_400,report,silent_gap,79,33
all_400,report,silent_gap,80,34
all_400,report,silent_gap,81,20
all_400,report,silent_gap,82,33
all_400,report,silent_gap,83,19
all_400,report,silent_gap,84,17
all_400,report,silent_gap,85,26
all_400,report,silent_gap,86,19
all_400,report,silent_gap,87,22
all_400,report,silent_gap,88,25
all_400,report,silent_gap,89,27
all_400,report,silent_gap,90,20
all_400,report,silent_gap,91,23
all_400,report,silent_gap,92,22
all_400,report,silent_gap,93,26
all_400,report,silent_gap,94,25
all_400,report,silent_gap,95,24
all_400,report,silent_gap,96,17
all_400,report,silent_gap,97,30
all_400,report,silent_gap,98,28
all_400,report,silent_gap,99,25
all_400,report,silent_gap,100,30
all_400,report,silent_gap,101,22
all_400,report,silent_gap,102,27
all_400,report,silent_gap,103,21
all_400,report,silent_gap,104,29
all_400,report,silent_gap,105,23
all_400,report,silent_gap,106,21
all_400,report,silent_gap,107,21
all_400,report,silent_gap,108,15
all_400,report,silent_gap,109,26
all_400,report,silent_gap,110,19
all_400,report,silent_gap,111,27
all_400,report,silent_gap,112,15
all_400,report,silent_gap,113,22
all_400,report,silent_gap,114,22
all_400,report,silent_gap,115,28
all_400,report,silent_gap,116,25
all_400,report,silent_gap,117,16
all_400,report,silent_gap,118,25
all_400,report,silent_gap,119,24
all_400,report,silent_gap,120,27
all_400,report,silent_gap,121,14
all_400,report,silent_gap,122,16
all_400,report,silent_gap,123,16
all_400,report,silent_gap,124,19
all_400,report,silent_gap,125,25
all_400,report,silent_gap,126,15
all_400,report,silent_gap,127,18
all_400,report,silent_gap,128,15
all_400,report,silent_gap,129,26
all_400,report,silent_gap,130,22
all_400,report,silent_gap,131,15
all_400,report,silent_gap,132,20
all_400,report,silent_gap,133,19
all_400,report,silent_gap,134,17
all_400,report,silent_gap,135,18
all_400,report,silent_gap,136,19
all_400,report,silent_gap,137,12
all_400,report,silent_gap,138,18
all_400,report,silent_gap,139,19
all_400,report,silent_gap,140,13
all_400,report,silent_gap,141,17
all_400,report,silent_gap,142,17
all_400,report,silent_gap,143,20
all_400,report,silent_gap,144,15
all_400,report,silent_gap,145,19
all_400,report,silent_gap,146,15
all_400,report,silent_gap,147,17
all_400,report,silent_gap,148,21
all_400,report,silent_gap,149,16
all_400,report,silent_gap,150,19
all_400,report,silent_gap,151,17
all_400,report,silent_gap,152,18
all_400,report,silent_gap,153,8
all_400,report,silent_gap,154,23
all_400,report,silent_gap,155,19
all_400,report,silent_gap,156,20
all_400,report,silent_gap,157,20
all_400,report,silent_gap,158,22
all_400,report,silent_gap,159,15
all_400,report,silent_gap,160,16
all_400,report,silent_gap,161,15
all_400,report,silent_gap,162,20
all_400,report,silent_gap,163,13
all_400,report,silent_gap,164,9
all_400,report,silent_gap,165,16
all_400,report,silent_gap,166,12
all_400,report,silent_gap,167,9
all_400,report,silent_gap,168,13
all_400,report,silent_gap,169,18
all_400,report,silent_gap,170,11
all_400,report,silent_gap,171,21
all_400,report,silent_gap,172,14
all_400,report,silent_gap,173,12
all_400,report,silent_gap,174,12
all_400,report,silent_gap,175,18
all_400,report,silent_gap,176,5
all_400,report,silent_gap,177,10
all_400,report,silent_gap,178,12
all_400,report,silent_gap,179,10
all_400,report,silent_gap,180,15
all_400,report,silent_gap,181,12
all_400,report,silent_gap,182,6
all_400,report,silent_gap,183,12
all_400,report,silent_gap,184,10
all_400,report,silent_gap,185,10
all_400,report,silent_gap,186,15
all_400,report,silent_gap,187,7
all_400,report,silent_gap,188,14
all_400,report,silent_gap,189,9
all_400,report,silent_gap,190,9
all_400,report,silent_gap,191,5
all_400,report,silent_gap,192,9
all_400,report,silent_gap,193,13
all_400,report,silent_gap,194,5
all_400,report,silent_gap,195,8
all_400,report,silent_gap,196,5
all_400,report,silent_gap,197,6
all_400,report,silent_gap,198,6
all_400,report,silent_gap,199,8
all_400,report,silent_gap,200,7
all_400,report,silent_gap,201,7
all_400,report,silent_gap,202,9
all_400,report,silent_gap,203,6
all_400,report,silent_gap,204,5
all_400,report,silent_gap,205,6
all_400,report,silent_gap,206,13
all_400,report,silent_gap,207,10
all_400,report,silent_gap,208,12
all_400,report,silent_gap,209,11
all_400,report,silent_gap,210,13
all_400,report,silent_gap,211,7
all_400,report,silent_gap,212,11
all_400,report,silent_gap,213,12
all_400,report,silent_gap,214,10
all_400,report,silent_gap,215,6
all_400,report,silent_gap,216,4
all_400,report,silent_gap,217,8
all_400,report,silent_gap,218,6
all_400,report,silent_gap,219,7
all_400,report,silent_gap,220,6
all_400,report,silent_gap,221,3
all_400,report,silent_gap,222,8
all_400,report,silent_gap,223,5
all_400,report,silent_gap,224,10
all_400,report,silent_gap,225,6
all_400,report,silent_gap,226,8
all_400,report,silent_gap,227,8
all_400,report,silent_gap,228,3
all_400,report,silent_gap,229,6
all_400,report,silent_gap,230,10
all_400,report,silent_gap,231,6
all_400,report,silent_gap,232,5
all_400,report,silent_gap,233,9
all_400,report,silent_gap,234,9
all_400,report,silent_gap,235,3
all_400,report,silent_gap,236,6
all_400,report,silent_gap,237,6
all_400,report,silent_gap,238,4
all_400,report,silent_gap,239,8
all_400,report,silent_gap,240,8
all_400,report,silent_gap,241,6
all_400,report,silent_gap,242,4
all_400,report,silent_gap,243,4
all_400,report,silent_gap,244,5
all_400,report,silent_gap,246,5
all_400,report,silent_gap,247,5
all_400,report,silent_gap,248,8
all_400,report,silent_gap,249,6
all_400,report,silent_gap,250,6
all_400,report,silent_gap,251,7
all_400,report,silent_gap,252,1
all_400,report,silent_gap,253,7
all_400,report,silent_gap,254,6
all_400,report,silent_gap,255,4
all_400,report,silent_gap,256,5
all_400,report,silent_gap,257,7
all_400,report,silent_gap,258,4
all_400,report,silent_gap,259,3
all_400,report,silent_gap,260,1
all_400,report,silent_gap,261,4
all_400,report,silent_gap,262,3
all_400,report,silent_gap,263,6
all_400,report,silent_gap,264,2
all_400,report,silent_gap,265,7
all_400,report,silent_gap,266,4
all_400,report,silent_gap,267,1
all_400,report,silent_gap,268,4
all_400,report,silent_gap,269,2
all_400,report,silent_gap,270,2
all_400,report,silent_gap,271,4
all_400,report,silent_gap,272,2
all_400,report,silent_gap,273,5
all_400,report,silent_gap,274,2
all_400,report,silent_gap,275,6
all_400,report,silent_gap,276,6
all_400,report,silent_gap,277,3
all_400,report,silent_gap,278,2
all_400,report,silent_gap,279,5
all_400,report,silent_gap,280,3
all_400,report,silent_gap,281,1
all_400,report,silent_gap,282,3
all_400,report,silent_gap,283,1
all_400,report,silent_gap,284,3
all_400,report,silent_gap,285,2
all_400,report,silent_gap,286,2
all_400,report,silent_gap,287,7
all_400,report,silent_gap,288,6
all_400,report,silent_gap,289,2
all_400,report,silent_gap,290,1
all_400,report,silent_gap,291,6
all_400,report,silent_gap,292,3
all_400,report,silent_gap,293,5
all_400,report,silent_gap,294,2
all_400,report,silent_gap,295,3
all_400,report,silent_gap,296,2
all_400,report,silent_gap,297,5
all_400,report,silent_gap,298,2
all_400,report,silent_gap,299,4
all_400,report,silent_gap,300,4
all_400,report,silent_gap,301,4
all_400,report,silent_gap,302,4
all_400,report,silent_gap,303,4
all_400,report,silent_gap,304,2
all_400,report,silent_gap,305,6
all_400,report,silent_gap,306,2
all_400,report,silent_gap,307,2
all_400,report,silent_gap,308,5
all_400,report,silent_gap,309,4
all_400,report,silent_gap,310,2
all_400,report,silent_gap,311,2
all_400,report,silent_gap,312,2
all_400,report,silent_gap,313,1
all_400,report,silent_gap,314,4
all_400,report,silent_gap,315,3
all_400,report,silent_gap,316,1
all_400,report,silent_gap,317,3
all_400,report,silent_gap,318,3
all_400,report,silent_gap,319,2
all_400,report,silent_gap,320,1
all_400,report,silent_gap,321,5
all_400,report,silent_gap,322,3
all_400,report,silent_gap,323,2
all_400,report,silent_gap,324,2
all_400,report,silent_gap,325,2
all_400,report,silent_gap,326,3
all_400,report,silent_gap,327,2
all_400,report,silent_gap,329,2
all_400,report,silent_gap,330,1
all_400,report,silent_gap,331,1
all_400,report,silent_gap,332,1
all_400,report,silent_gap,333,1
all_400,report,silent_gap,334,2
all_400,report,silent_gap,335,1
all_400,report,silent_gap,336,2
all_400,report,silent_gap,337,1
all_400,report,silent_gap,338,2
all_400,report,silent_gap,339,1
all_400,report,silent_gap,340,2
all_400,report,silent_gap,341,1
all_400,report,silent_gap,342,3
all_400,report,silent_gap,343,3
all_400,report,silent_gap,344,1
all_400,report,silent_gap,345,1
all_400,report,silent_gap,346,2
all_400,report,silent_gap,347,2
all_400,report,silent_gap,348,3
all_400,report,silent_gap,349,2
all_400,report,silent_gap,350,2
all_400,report,silent_gap,351,2
all_400,report,silent_gap,352,2
all_400,report,silent_gap,353,1
all_400,report,silent_gap,354,1
all_400,report,silent_gap,355,2
all_400,report,silent_gap,356,1
all_400,report,silent_gap,357,1
all_400,report,silent_gap,358,2
all_400,report,silent_gap,360,3
all_400,report,silent_gap,361,2
all_400,report,silent_gap,362,1
all_400,report,silent_gap,363,1
all_400,report,silent_gap,364,2
all_400,report,silent_gap,365,1
all_400,report,silent_gap,366,1
all_400,report,silent_gap,367,2
all_400,report,silent_gap,368,2
all_400,report,silent_gap,369,2
all_400,report,silent_gap,370,2
all_400,report,silent_gap,372,2
all_400,report,silent_gap,373,1
all_400,report,silent_gap,375,2
all_400,report,silent_gap,376,1
all_400,report,silent_gap,377,3
all_400,report,silent_gap,382,1
all_400,report,silent_gap,383,3
all_400,report,silent_gap,384,1
all_400,report,silent_gap,388,2
all_400,report,silent_gap,389,4
all_400,report,silent_gap,393,1
all_400,report,silent_gap,394,2
all_400,report,silent_gap,395,1
all_400,report,silent_gap,396,1
all_400,report,silent_gap,397,1
all_400,report,silent_gap,398,1
all_400,report,silent_gap,400,1
all_400,report,silent_gap,401,3
all_400,report,silent_gap,403,1
all_400,report,silent_gap,405,1
all_400,report,silent_gap,406,2
all_400,report,silent_gap,408,1
all_400,report,silent_gap,411,2
all_400,report,silent_gap,414,1
all_400,report,silent_gap,416,2
all_400,report,silent_gap,417,1
all_400,report,silent_gap,420,3
all_400,report,silent_gap,421,2
all_400,report,silent_gap,422,1
all_400,report,silent_gap,425,2
all_400,report,silent_gap,429,1
all_400,report,silent_gap,430,1
all_400,report,silent_gap,431,3
all_400,report,silent_gap,432,1
all_400,report,silent_gap,433,1
all_400,report,silent_gap,435,1
all_400,report,silent_gap,437,1
all_400,report,silent_gap,438,1
all_400,report,silent_gap,439,1
all_400,report,silent_gap,440,2
all_400,report,silent_gap,442,1
all_400,report,silent_gap,443,2
all_400,report,silent_gap,444,3
all_400,report,silent_gap,449,1
all_400,report,silent_gap,450,2
all_400,report,silent_gap,451,2
all_400,report,silent_gap,452,4
all_400,report,silent_gap,453,1
all_400,report,silent_gap,455,1
all_400,report,silent_gap,457,1
all_400,report,silent_gap,458,1
all_400,report,silent_gap,460,1
all_400,report,silent_gap,461,1
all_400,report,silent_gap,462,1
all_400,report,silent_gap,465,3
all_400,report,silent_gap,466,2
all_400,report,silent_gap,467,1
all_400,report,silent_gap,468,1
all_400,report,silent_gap,469,2
all_400,report,silent_gap,470,1
all_400,report,silent_gap,472,3
all_400,report,silent_gap,474,1
all_400,report,silent_gap,476,1
all_400,report,silent_gap,477,1
all_400,report,silent_gap,478,1
all_400,report,silent_gap,479,1
all_400,report,silent_gap,480,2
all_400,report,silent_gap,481,1
all_400,report,silent_gap,484,1
all_400,report,silent_gap,485,3
all_400,report,silent_gap,486,2
all_400,report,silent_gap,487,2
all_400,report,silent_gap,492,1
all_400,report,silent_gap,496,1
all_400,report,silent_gap,497,2
all_400,report,silent_gap,500,2
all_400,report,silent_gap,501,3
all_400,report,silent_gap,502,1
all_400,report,silent_gap,503,1
all_400,report,silent_gap,504,1
all_400,report,silent_gap,506,1
all_400,report,silent_gap,507,2
all_400,report,silent_gap,509,1
all_400,report,silent_gap,510,2
all_400,report,silent_gap,512,2
all_400,report,silent_gap,513,2
all_400,report,silent_gap,515,1
all_400,report,silent_gap,516,1
all_400,report,silent_gap,518,1
all_400,report,silent_gap,519,4
all_400,report,silent_gap,520,1
all_400,report,silent_gap,521,2
all_400,report,silent_gap,522,1
all_400,report,silent_gap,523,4
all_400,report,silent_gap,524,1
all_400,report,silent_gap,525,2
all_400,report,silent_gap,526,3
all_400,report,silent_gap,527,2
all_400,report,silent_gap,531,1
all_400,report,silent_gap,532,2
all_400,report,silent_gap,534,1
all_400,report,silent_gap,535,3
all_400,report,silent_gap,536,2
all_400,report,silent_gap,537,1
all_400,report,silent_gap,538,3
all_400,report,silent_gap,540,1
all_400,report,silent_gap,542,1
all_400,report,silent_gap,543,1
all_400,report,silent_gap,544,1
all_400,report,silent_gap,545,1
all_400,report,silent_gap,547,1
all_400,report,silent_gap,548,1
all_400,report,silent_gap,549,2
all_400,report,silent_gap,550,1
all_400,report,silent_gap,552,1
all_400,report,silent_gap,553,1
all_400,report,silent_gap,561,1
all_400,report,silent_gap,562,1
all_400,report,silent_gap,565,1
all_400,report,silent_gap,566,1
all_400,report,silent_gap,567,2
all_400,report,silent_gap,568,3
all_400,report,silent_gap,570,2
all_400,report,silent_gap,571,2
all_400,report,silent_gap,572,1
all_400,report,silent_gap,573,1
all_400,report,silent_gap,574,2
all_400,report,silent_gap,575,2
all_400,report,silent_gap,576,1
all_400,report,silent_gap,578,1
all_400,report,silent_gap,580,1
all_400,report,silent_gap,582,1
all_400,report,silent_gap,583,1
all_400,report,silent_gap,584,1
all_400,report,silent_gap,586,3
all_400,report,silent_gap,589,2
all_400,report,silent_gap,590,3
all_400,report,silent_gap,592,1
all_400,report,silent_gap,593,2
all_400,report,silent_gap,594,2
all_400,report,silent_gap,596,2
all_400,report,silent_gap,598,1
all_400,report,silent_gap,599,2
all_400,report,silent_gap,601,1
all_400,report,silent_gap,604,3
all_400,report,silent_gap,605,1
all_400,report,silent_gap,606,1
all_400,report,silent_gap,608,2
all_400,report,silent_gap,609,1
all_400,report,silent_gap,611,2
all_400,report,silent_gap,612,2
all_400,report,silent_gap,615,1
all_400,report,silent_gap,616,1
all_400,report,silent_gap,620,1
all_400,report,silent_gap,621,1
all_400,report,silent_gap,622,1
all_400,report,silent_gap,624,2
all_400,report,silent_gap,625,1
all_400,report,silent_gap,627,1
all_400,report,silent_gap,628,1
all_400,report,silent_gap,629,1
all_400,report,silent_gap,632,1
all_400,report,silent_gap,633,2
all_400,report,silent_gap,635,2
all_400,report,silent_gap,636,2
all_400,report,silent_gap,638,1
all_400,report,silent_gap,639,1
all_400,report,silent_gap,640,1
all_400,report,silent_gap,641,1
all_400,report,silent_gap,642,2
all_400,report,silent_gap,643,1
all_400,report,silent_gap,644,1
all_400,report,silent_gap,646,1
all_400,report,silent_gap,650,1
all_400,report,silent_gap,652,1
all_400,report,silent_gap,653,1
all_400,report,silent_gap,655,1
all_400,report,silent_gap,656,1
all_400,report,silent_gap,658,1
all_400,report,silent_gap,659,1
all_400,report,silent_gap,664,1
all_400,report,silent_gap,665,1
all_400,report,silent_gap,666,2
all_400,report,silent_gap,667,1
all_400,report,silent_gap,668,1
all_400,report,silent_gap,670,1
all_400,report,silent_gap,671,2
all_400,report,silent_gap,679,4
all_400,report,silent_gap,680,2
all_400,report,silent_gap,681,1
all_400,report,silent_gap,682,1
all_400,report,silent_gap,684,2
all_400,report,silent_gap,686,2
all_400,report,silent_gap,687,1
all_400,report,silent_gap,689,1
all_400,report,silent_gap,690,1
all_400,report,silent_gap,692,1
all_400,report,silent_gap,693,2
all_400,report,silent_gap,694,1
all_400,report,silent_gap,695,1
all_400,report,silent_gap,697,2
all_400,report,silent_gap,698,1
all_400,report,silent_gap,704,1
all_400,report,silent_gap,708,1
all_400,report,silent_gap,711,1
all_400,report,silent_gap,713,1
all_400,report,silent_gap,716,2
all_400,report,silent_gap,718,1
all_400,report,silent_gap,724,1
all_400,report,silent_gap,728,1
all_400,report,silent_gap,737,2
all_400,report,silent_gap,738,1
all_400,report,silent_gap,740,1
all_400,report,silent_gap,742,1
all_400,report,silent_gap,744,1
all_400,report,silent_gap,745,1
all_400,report,silent_gap,747,1
all_400,report,silent_gap,752,1
all_400,report,silent_gap,753,1
all_400,report,silent_gap,755,3
all_400,report,silent_gap,756,1
all_400,report,silent_gap,757,1
all_400,report,silent_gap,759,1
all_400,report,silent_gap,761,1
all_400,report,silent_gap,763,1
all_400,report,silent_gap,764,1
all_400,report,silent_gap,766,3
all_400,report,silent_gap,767,1
all_400,report,silent_gap,769,1
all_400,report,silent_gap,770,1
all_400,report,silent_gap,771,1
all_400,report,silent_gap,772,1
all_400,report,silent_gap,774,2
all_400,report,silent_gap,777,1
all_400,report,silent_gap,783,1
all_400,report,silent_gap,787,1
all_400,report,silent_gap,789,1
all_400,report,silent_gap,797,1
all_400,report,silent_gap,799,1
all_400,report,silent_gap,800,1
all_400,report,silent_gap,802,1
all_400,report,silent_gap,807,1
all_400,report,silent_gap,812,2
all_400,report,silent_gap,813,1
all_400,report,silent_gap,815,1
all_400,report,silent_gap,817,1
all_400,report,silent_gap,818,1
all_400,report,silent_gap,819,2
all_400,report,silent_gap,821,2
all_400,report,silent_gap,825,1
all_400,report,silent_gap,826,1
all_400,report,silent_gap,829,1
all_400,report,silent_gap,830,1
all_400,report,silent_gap,831,1
all_400,report,silent_gap,833,1
all_400,report,silent_gap,835,1
all_400,report,silent_gap,840,1
all_400,report,silent_gap,845,1
all_400,report,silent_gap,847,1
all_400,report,silent_gap,852,1
all_400,report,silent_gap,853,1
all_400,report,silent_gap,854,1
all_400,report,silent_gap,855,1
all_400,report,silent_gap,856,2
all_400,report,silent_gap,858,2
all_400,report,silent_gap,859,1
all_400,report,silent_gap,867,1
all_400,report,silent_gap,874,2
all_400,report,silent_gap,879,1
all_400,report,silent_gap,880,2
all_400,report,silent_gap,882,1
all_400,report,silent_gap,888,1
all_400,report,silent_gap,889,1
all_400,report,silent_gap,892,2
all_400,report,silent_gap,898,1
all_400,report,silent_gap,903,1
all_400,report,silent_gap,905,1
all_400,report,silent_gap,912,1
all_400,report,silent_gap,915,1
all_400,report,silent_gap,921,1
all_400,report,silent_gap,924,1
all_400,report,silent_gap,925,2
all_400,report,silent_gap,927,1
all_400,report,silent_gap,929,1
all_400,report,silent_gap,933,1
all_400,report,silent_gap,934,1
all_400,report,silent_gap,937,1
all_400,report,silent_gap,938,1
all_400,report,silent_gap,945,1
all_400,report,silent_gap,946,1
all_400,report,silent_gap,949,1
all_400,report,silent_gap,957,1
all_400,report,silent_gap,977,1
all_400,report,silent_gap,979,1
all_400,report,silent_gap,982,1
all_400,report,silent_gap,988,1
all_400,report,silent_gap,989,1
all_400,report,silent_gap,994,1
all_400,report,silent_gap,996,1
all_400,report,silent_gap,999,1
all_400,report,silent_gap,1001,2
all_400,report,silent_gap,1016,1
all_400,report,silent_gap,1018,1
all_400,report,silent_gap,1021,1
all_400,report,silent_gap,1028,1
all_400,report,silent_gap,1039,1
all_400,report,silent_gap,1061,1
all_400,report,silent_gap,1073,1
all_400,report,silent_gap,1084,1
all_400,report,silent_gap,1097,1
all_400,report,silent_gap,1103,1
all_400,report,silent_gap,1106,1
all_400,report,silent_gap,1110,1
all_400,report,silent_gap,1123,1
all_400,report,silent_gap,1124,1
all_400,report,silent_gap,1134,1
all_400,report,silent_gap,1164,1
all_400,report,silent_gap,1166,2
all_400,report,silent_gap,1174,1
all_400,report,silent_gap,1181,1
all_400,report,silent_gap,1217,1
all_400,report,silent_gap,1229,1
all_400,report,silent_gap,1255,1
all_400,report,silent_gap,1281,1
all_400,report,silent_gap,1311,1
all_400,report,silent_gap,1313,2
all_400,report,silent_gap,1337,1
all_400,report,silent_gap,1375,1
all_400,report,silent_gap,1469,1
all_400,report,silent_gap,1510,1
all_400,report,silent_gap,1564,1
all_400,report,silent_gap,1579,1
all_400,report,silent_gap,1746,1
all_400,report,silent_gap,1795,1
all_400,report,burst_start_distance,2,2649
all_400,report,burst_start_distance,3,2009
all_400,report,burst_start_distance,4,1895
all_400,report,burst_start_distance,5,1418
all_400,report,burst_start_distance,6,1169
all_400,report,burst_start_distance,7,849
all_400,report,burst_start_distance,8,660
all_400,report,burst_start_distance,9,669
all_400,report,burst_start_distance,10,593
all_400,report,burst_start_distance,11,581
all_400,report,burst_start_distance,12,506
all_400,report,burst_start_distance,13,381
all_400,report,burst_start_distance,14,301
all_400,report,burst_start_distance,15,264
all_400,report,burst_start_distance,16,271
all_400,report,burst_start_distance,17,290
all_400,report,burst_start_distance,18,239
all_400,report,burst_start_distance,19,209
all_400,report,burst_start_distance,20,265
all_400,report,burst_start_distance,21,178
all_400,report,burst_start_distance,22,178
all_400,report,burst_start_distance,23,151
all_400,report,burst_start_distance,24,160
all_400,report,burst_start_distance,25,135
all_400,report,burst_start_distance,26,141
all_400,report,burst_start_distance,27,117
all_400,report,burst_start_distance,28,113
all_400,report,burst_start_distance,29,116
all_400,report,burst_start_distance,30,102
all_400,report,burst_start_distance,31,112
all_400,report,burst_start_distance,32,102
all_400,report,burst_start_distance,33,103
all_400,report,burst_start_distance,34,95
all_400,report,burst_start_distance,35,93
all_400,report,burst_start_distance,36,104
all_400,report,burst_start_distance,37,85
all_400,report,burst_start_distance,38,101
all_400,report,burst_start_distance,39,95
all_400,report,burst_start_distance,40,95
all_400,report,burst_start_distance,41,92
all_400,report,burst_start_distance,42,68
all_400,report,burst_start_distance,43,83
all_400,report,burst_start_distance,44,77
all_400,report,burst_start_distance,45,77
all_400,report,burst_start_distance,46,68
all_400,report,burst_start_distance,47,58
all_400,report,burst_start_distance,48,59
all_400,report,burst_start_distance,49,44
all_400,report,burst_start_distance,50,62
all_400,report,burst_start_distance,51,41
all_400,report,burst_start_distance,52,55
all_400,report,burst_start_distance,53,56
all_400,report,burst_start_distance,54,56
all_400,report,burst_start_distance,55,50
all_400,report,burst_start_distance,56,51
all_400,report,burst_start_distance,57,54
all_400,report,burst_start_distance,58,38
all_400,report,burst_start_distance,59,43
all_400,report,burst_start_distance,60,33
all_400,report,burst_start_distance,61,36
all_400,report,burst_start_distance,62,38
all_400,report,burst_start_distance,63,38
all_400,report,burst_start_distance,64,47
all_400,report,burst_start_distance,65,34
all_400,report,burst_start_distance,66,31
all_400,report,burst_start_distance,67,39
all_400,report,burst_start_distance,68,43
all_400,report,burst_start_distance,69,35
all_400,report,burst_start_distance,70,30
all_400,report,burst_start_distance,71,33
all_400,report,burst_start_distance,72,19
all_400,report,burst_start_distance,73,29
all_400,report,burst_start_distance,74,29
all_400,report,burst_start_distance,75,26
all_400,report,burst_start_distance,76,39
all_400,report,burst_start_distance,77,31
all_400,report,burst_start_distance,78,34
all_400,report,burst_start_distance,79,22
all_400,report,burst_start_distance,80,34
all_400,report,burst_start_distance,81,33
all_400,report,burst_start_distance,82,28
all_400,report,burst_start_distance,83,29
all_400,report,burst_start_distance,84,23
all_400,report,burst_start_distance,85,21
all_400,report,burst_start_distance,86,26
all_400,report,burst_start_distance,87,23
all_400,report,burst_start_distance,88,22
all_400,report,burst_start_distance,89,27
all_400,report,burst_start_distance,90,24
all_400,report,burst_start_distance,91,26
all_400,report,burst_start_distance,92,22
all_400,report,burst_start_distance,93,19
all_400,report,burst_start_distance,94,32
all_400,report,burst_start_distance,95,25
all_400,report,burst_start_distance,96,30
all_400,report,burst_start_distance,97,17
all_400,report,burst_start_distance,98,26
all_400,report,burst_start_distance,99,28
all_400,report,burst_start_distance,100,31
all_400,report,burst_start_distance,101,29
all_400,report,burst_start_distance,102,24
all_400,report,burst_start_distance,103,28
all_400,report,burst_start_distance,104,17
all_400,report,burst_start_distance,105,26
all_400,report,burst_start_distance,106,26
all_400,report,burst_start_distance,107,22
all_400,report,burst_start_distance,108,25
all_400,report,burst_start_distance,109,16
all_400,report,burst_start_distance,110,22
all_400,report,burst_start_distance,111,23
all_400,report,burst_start_distance,112,22
all_400,report,burst_start_distance,113,15
all_400,report,burst_start_distance,114,22
all_400,report,burst_start_distance,115,24
all_400,report,burst_start_distance,116,32
all_400,report,burst_start_distance,117,16
all_400,report,burst_start_distance,118,16
all_400,report,burst_start_distance,119,22
all_400,report,burst_start_distance,120,24
all_400,report,burst_start_distance,121,23
all_400,report,burst_start_distance,122,17
all_400,report,burst_start_distance,123,22
all_400,report,burst_start_distance,124,19
all_400,report,burst_start_distance,125,23
all_400,report,burst_start_distance,126,22
all_400,report,burst_start_distance,127,15
all_400,report,burst_start_distance,128,19
all_400,report,burst_start_distance,129,17
all_400,report,burst_start_distance,130,25
all_400,report,burst_start_distance,131,15
all_400,report,burst_start_distance,132,14
all_400,report,burst_start_distance,133,22
all_400,report,burst_start_distance,134,28
all_400,report,burst_start_distance,135,15
all_400,report,burst_start_distance,136,22
all_400,report,burst_start_distance,137,17
all_400,report,burst_start_distance,138,10
all_400,report,burst_start_distance,139,15
all_400,report,burst_start_distance,140,21
all_400,report,burst_start_distance,141,14
all_400,report,burst_start_distance,142,13
all_400,report,burst_start_distance,143,20
all_400,report,burst_start_distance,144,22
all_400,report,burst_start_distance,145,11
all_400,report,burst_start_distance,146,18
all_400,report,burst_start_distance,147,16
all_400,report,burst_start_distance,148,18
all_400,report,burst_start_distance,149,20
all_400,report,burst_start_distance,150,16
all_400,report,burst_start_distance,151,25
all_400,report,burst_start_distance,152,15
all_400,report,burst_start_distance,153,19
all_400,report,burst_start_distance,154,12
all_400,report,burst_start_distance,155,21
all_400,report,burst_start_distance,156,25
all_400,report,burst_start_distance,157,18
all_400,report,burst_start_distance,158,19
all_400,report,burst_start_distance,159,20
all_400,report,burst_start_distance,160,14
all_400,report,burst_start_distance,161,16
all_400,report,burst_start_distance,162,15
all_400,report,burst_start_distance,163,17
all_400,report,burst_start_distance,164,14
all_400,report,burst_start_distance,165,11
all_400,report,burst_start_distance,166,17
all_400,report,burst_start_distance,167,15
all_400,report,burst_start_distance,168,13
all_400,report,burst_start_distance,169,10
all_400,report,burst_start_distance,170,11
all_400,report,burst_start_distance,171,11
all_400,report,burst_start_distance,172,14
all_400,report,burst_start_distance,173,14
all_400,report,burst_start_distance,174,10
all_400,report,burst_start_distance,175,17
all_400,report,burst_start_distance,176,20
all_400,report,burst_start_distance,177,10
all_400,report,burst_start_distance,178,11
all_400,report,burst_start_distance,179,12
all_400,report,burst_start_distance,180,10
all_400,report,burst_start_distance,181,11
all_400,report,burst_start_distance,182,13
all_400,report,burst_start_distance,183,5
all_400,report,burst_start_distance,184,11
all_400,report,burst_start_distance,185,12
all_400,report,burst_start_distance,186,12
all_400,report,burst_start_distance,187,13
all_400,report,burst_start_distance,188,12
all_400,report,burst_start_distance,189,15
all_400,report,burst_start_distance,190,9
all_400,report,burst_start_distance,191,10
all_400,report,burst_start_distance,192,7
all_400,report,burst_start_distance,193,6
all_400,report,burst_start_distance,194,9
all_400,report,burst_start_distance,195,8
all_400,report,burst_start_distance,196,12
all_400,report,burst_start_distance,197,5
all_400,report,burst_start_distance,198,6
all_400,report,burst_start_distance,199,12
all_400,report,burst_start_distance,200,4
all_400,report,burst_start_distance,201,6
all_400,report,burst_start_distance,202,6
all_400,report,burst_start_distance,203,8
all_400,report,burst_start_distance,204,12
all_400,report,burst_start_distance,205,3
all_400,report,burst_start_distance,206,7
all_400,report,burst_start_distance,207,11
all_400,report,burst_start_distance,208,8
all_400,report,burst_start_distance,209,8
all_400,report,burst_start_distance,210,12
all_400,report,burst_start_distance,211,12
all_400,report,burst_start_distance,212,9
all_400,report,burst_start_distance,213,8
all_400,report,burst_start_distance,214,12
all_400,report,burst_start_distance,215,15
all_400,report,burst_start_distance,216,7
all_400,report,burst_start_distance,217,6
all_400,report,burst_start_distance,218,9
all_400,report,burst_start_distance,219,8
all_400,report,burst_start_distance,220,4
all_400,report,burst_start_distance,221,6
all_400,report,burst_start_distance,222,3
all_400,report,burst_start_distance,223,11
all_400,report,burst_start_distance,224,4
all_400,report,burst_start_distance,225,7
all_400,report,burst_start_distance,226,6
all_400,report,burst_start_distance,227,6
all_400,report,burst_start_distance,228,8
all_400,report,burst_start_distance,229,4
all_400,report,burst_start_distance,230,3
all_400,report,burst_start_distance,231,11
all_400,report,burst_start_distance,232,8
all_400,report,burst_start_distance,233,7
all_400,report,burst_start_distance,234,6
all_400,report,burst_start_distance,235,11
all_400,report,burst_start_distance,236,4
all_400,report,burst_start_distance,237,6
all_400,report,burst_start_distance,238,10
all_400,report,burst_start_distance,239,5
all_400,report,burst_start_distance,240,6
all_400,report,burst_start_distance,241,7
all_400,report,burst_start_distance,242,7
all_400,report,burst_start_distance,243,4
all_400,report,burst_start_distance,244,6
all_400,report,burst_start_distance,245,4
all_400,report,burst_start_distance,247,7
all_400,report,burst_start_distance,248,1
all_400,report,burst_start_distance,249,6
all_400,report,burst_start_distance,250,6
all_400,report,burst_start_distance,251,7
all_400,report,burst_start_distance,252,6
all_400,report,burst_start_distance,253,3
all_400,report,burst_start_distance,254,8
all_400,report,burst_start_distance,255,5
all_400,report,burst_start_distance,256,7
all_400,report,burst_start_distance,257,3
all_400,report,burst_start_distance,258,10
all_400,report,burst_start_distance,259,4
all_400,report,burst_start_distance,260,4
all_400,report,burst_start_distance,261,2
all_400,report,burst_start_distance,262,3
all_400,report,burst_start_distance,263,2
all_400,report,burst_start_distance,264,7
all_400,report,burst_start_distance,265,3
all_400,report,burst_start_distance,266,7
all_400,report,burst_start_distance,267,4
all_400,report,burst_start_distance,268,2
all_400,report,burst_start_distance,269,2
all_400,report,burst_start_distance,270,2
all_400,report,burst_start_distance,271,4
all_400,report,burst_start_distance,272,3
all_400,report,burst_start_distance,273,2
all_400,report,burst_start_distance,274,6
all_400,report,burst_start_distance,275,1
all_400,report,burst_start_distance,276,4
all_400,report,burst_start_distance,277,7
all_400,report,burst_start_distance,278,1
all_400,report,burst_start_distance,279,3
all_400,report,burst_start_distance,280,4
all_400,report,burst_start_distance,281,4
all_400,report,burst_start_distance,282,2
all_400,report,burst_start_distance,283,2
all_400,report,burst_start_distance,284,1
all_400,report,burst_start_distance,285,3
all_400,report,burst_start_distance,286,2
all_400,report,burst_start_distance,287,4
all_400,report,burst_start_distance,288,5
all_400,report,burst_start_distance,289,7
all_400,report,burst_start_distance,290,4
all_400,report,burst_start_distance,291,1
all_400,report,burst_start_distance,292,4
all_400,report,burst_start_distance,293,3
all_400,report,burst_start_distance,294,6
all_400,report,burst_start_distance,295,2
all_400,report,burst_start_distance,296,4
all_400,report,burst_start_distance,297,3
all_400,report,burst_start_distance,298,5
all_400,report,burst_start_distance,299,2
all_400,report,burst_start_distance,300,3
all_400,report,burst_start_distance,301,3
all_400,report,burst_start_distance,302,4
all_400,report,burst_start_distance,303,3
all_400,report,burst_start_distance,304,4
all_400,report,burst_start_distance,305,1
all_400,report,burst_start_distance,306,3
all_400,report,burst_start_distance,307,4
all_400,report,burst_start_distance,308,3
all_400,report,burst_start_distance,309,6
all_400,report,burst_start_distance,310,4
all_400,report,burst_start_distance,311,4
all_400,report,burst_start_distance,312,2
all_400,report,burst_start_distance,313,2
all_400,report,burst_start_distance,314,1
all_400,report,burst_start_distance,315,5
all_400,report,burst_start_distance,316,2
all_400,report,burst_start_distance,317,1
all_400,report,burst_start_distance,318,4
all_400,report,burst_start_distance,319,1
all_400,report,burst_start_distance,320,3
all_400,report,burst_start_distance,321,2
all_400,report,burst_start_distance,322,5
all_400,report,burst_start_distance,323,3
all_400,report,burst_start_distance,324,1
all_400,report,burst_start_distance,325,1
all_400,report,burst_start_distance,326,4
all_400,report,burst_start_distance,327,2
all_400,report,burst_start_distance,328,2
all_400,report,burst_start_distance,329,1
all_400,report,burst_start_distance,330,2
all_400,report,burst_start_distance,331,1
all_400,report,burst_start_distance,332,1
all_400,report,burst_start_distance,333,1
all_400,report,burst_start_distance,335,3
all_400,report,burst_start_distance,336,1
all_400,report,burst_start_distance,337,2
all_400,report,burst_start_distance,338,1
all_400,report,burst_start_distance,339,2
all_400,report,burst_start_distance,340,1
all_400,report,burst_start_distance,341,1
all_400,report,burst_start_distance,342,1
all_400,report,burst_start_distance,343,3
all_400,report,burst_start_distance,344,4
all_400,report,burst_start_distance,345,1
all_400,report,burst_start_distance,346,1
all_400,report,burst_start_distance,347,1
all_400,report,burst_start_distance,348,3
all_400,report,burst_start_distance,349,3
all_400,report,burst_start_distance,350,1
all_400,report,burst_start_distance,351,2
all_400,report,burst_start_distance,352,2
all_400,report,burst_start_distance,353,2
all_400,report,burst_start_distance,354,2
all_400,report,burst_start_distance,355,1
all_400,report,burst_start_distance,356,1
all_400,report,burst_start_distance,357,1
all_400,report,burst_start_distance,358,2
all_400,report,burst_start_distance,359,2
all_400,report,burst_start_distance,361,3
all_400,report,burst_start_distance,362,2
all_400,report,burst_start_distance,363,1
all_400,report,burst_start_distance,364,1
all_400,report,burst_start_distance,365,2
all_400,report,burst_start_distance,366,1
all_400,report,burst_start_distance,367,1
all_400,report,burst_start_distance,368,2
all_400,report,burst_start_distance,370,4
all_400,report,burst_start_distance,371,2
all_400,report,burst_start_distance,373,1
all_400,report,burst_start_distance,374,1
all_400,report,burst_start_distance,376,2
all_400,report,burst_start_distance,377,1
all_400,report,burst_start_distance,378,3
all_400,report,burst_start_distance,379,1
all_400,report,burst_start_distance,384,2
all_400,report,burst_start_distance,385,2
all_400,report,burst_start_distance,386,1
all_400,report,burst_start_distance,389,2
all_400,report,burst_start_distance,390,4
all_400,report,burst_start_distance,395,3
all_400,report,burst_start_distance,396,1
all_400,report,burst_start_distance,397,1
all_400,report,burst_start_distance,398,1
all_400,report,burst_start_distance,399,1
all_400,report,burst_start_distance,401,1
all_400,report,burst_start_distance,402,3
all_400,report,burst_start_distance,405,1
all_400,report,burst_start_distance,407,2
all_400,report,burst_start_distance,409,2
all_400,report,burst_start_distance,412,2
all_400,report,burst_start_distance,415,1
all_400,report,burst_start_distance,417,1
all_400,report,burst_start_distance,418,2
all_400,report,burst_start_distance,421,3
all_400,report,burst_start_distance,422,2
all_400,report,burst_start_distance,423,1
all_400,report,burst_start_distance,426,1
all_400,report,burst_start_distance,427,1
all_400,report,burst_start_distance,430,1
all_400,report,burst_start_distance,431,1
all_400,report,burst_start_distance,432,3
all_400,report,burst_start_distance,433,1
all_400,report,burst_start_distance,434,1
all_400,report,burst_start_distance,436,1
all_400,report,burst_start_distance,439,2
all_400,report,burst_start_distance,440,1
all_400,report,burst_start_distance,441,2
all_400,report,burst_start_distance,443,1
all_400,report,burst_start_distance,444,1
all_400,report,burst_start_distance,445,4
all_400,report,burst_start_distance,450,1
all_400,report,burst_start_distance,451,2
all_400,report,burst_start_distance,452,2
all_400,report,burst_start_distance,453,2
all_400,report,burst_start_distance,454,1
all_400,report,burst_start_distance,455,1
all_400,report,burst_start_distance,456,2
all_400,report,burst_start_distance,458,1
all_400,report,burst_start_distance,459,1
all_400,report,burst_start_distance,461,1
all_400,report,burst_start_distance,462,1
all_400,report,burst_start_distance,463,1
all_400,report,burst_start_distance,466,3
all_400,report,burst_start_distance,467,1
all_400,report,burst_start_distance,468,1
all_400,report,burst_start_distance,469,2
all_400,report,burst_start_distance,470,1
all_400,report,burst_start_distance,471,1
all_400,report,burst_start_distance,473,3
all_400,report,burst_start_distance,474,1
all_400,report,burst_start_distance,475,1
all_400,report,burst_start_distance,477,1
all_400,report,burst_start_distance,478,1
all_400,report,burst_start_distance,479,1
all_400,report,burst_start_distance,480,1
all_400,report,burst_start_distance,481,1
all_400,report,burst_start_distance,482,2
all_400,report,burst_start_distance,485,1
all_400,report,burst_start_distance,486,3
all_400,report,burst_start_distance,487,2
all_400,report,burst_start_distance,488,2
all_400,report,burst_start_distance,493,1
all_400,report,burst_start_distance,497,1
all_400,report,burst_start_distance,498,2
all_400,report,burst_start_distance,501,2
all_400,report,burst_start_distance,502,3
all_400,report,burst_start_distance,503,1
all_400,report,burst_start_distance,505,2
all_400,report,burst_start_distance,507,1
all_400,report,burst_start_distance,508,1
all_400,report,burst_start_distance,509,1
all_400,report,burst_start_distance,510,1
all_400,report,burst_start_distance,511,2
all_400,report,burst_start_distance,513,2
all_400,report,burst_start_distance,514,2
all_400,report,burst_start_distance,516,1
all_400,report,burst_start_distance,517,1
all_400,report,burst_start_distance,519,1
all_400,report,burst_start_distance,520,4
all_400,report,burst_start_distance,521,1
all_400,report,burst_start_distance,522,1
all_400,report,burst_start_distance,523,1
all_400,report,burst_start_distance,524,3
all_400,report,burst_start_distance,525,3
all_400,report,burst_start_distance,527,2
all_400,report,burst_start_distance,528,3
all_400,report,burst_start_distance,529,1
all_400,report,burst_start_distance,530,1
all_400,report,burst_start_distance,532,1
all_400,report,burst_start_distance,533,1
all_400,report,burst_start_distance,534,1
all_400,report,burst_start_distance,535,1
all_400,report,burst_start_distance,536,2
all_400,report,burst_start_distance,537,2
all_400,report,burst_start_distance,538,2
all_400,report,burst_start_distance,539,3
all_400,report,burst_start_distance,541,1
all_400,report,burst_start_distance,543,1
all_400,report,burst_start_distance,545,2
all_400,report,burst_start_distance,546,1
all_400,report,burst_start_distance,548,1
all_400,report,burst_start_distance,550,2
all_400,report,burst_start_distance,551,1
all_400,report,burst_start_distance,553,1
all_400,report,burst_start_distance,554,1
all_400,report,burst_start_distance,561,1
all_400,report,burst_start_distance,562,1
all_400,report,burst_start_distance,565,1
all_400,report,burst_start_distance,566,1
all_400,report,burst_start_distance,567,1
all_400,report,burst_start_distance,568,2
all_400,report,burst_start_distance,569,3
all_400,report,burst_start_distance,571,2
all_400,report,burst_start_distance,572,2
all_400,report,burst_start_distance,573,1
all_400,report,burst_start_distance,574,1
all_400,report,burst_start_distance,575,1
all_400,report,burst_start_distance,576,2
all_400,report,burst_start_distance,577,2
all_400,report,burst_start_distance,579,1
all_400,report,burst_start_distance,581,1
all_400,report,burst_start_distance,583,1
all_400,report,burst_start_distance,584,1
all_400,report,burst_start_distance,585,1
all_400,report,burst_start_distance,587,3
all_400,report,burst_start_distance,590,2
all_400,report,burst_start_distance,591,3
all_400,report,burst_start_distance,593,1
all_400,report,burst_start_distance,594,2
all_400,report,burst_start_distance,595,2
all_400,report,burst_start_distance,597,2
all_400,report,burst_start_distance,599,1
all_400,report,burst_start_distance,600,2
all_400,report,burst_start_distance,602,1
all_400,report,burst_start_distance,605,3
all_400,report,burst_start_distance,606,1
all_400,report,burst_start_distance,607,1
all_400,report,burst_start_distance,609,2
all_400,report,burst_start_distance,610,1
all_400,report,burst_start_distance,612,2
all_400,report,burst_start_distance,613,2
all_400,report,burst_start_distance,616,1
all_400,report,burst_start_distance,617,1
all_400,report,burst_start_distance,622,2
all_400,report,burst_start_distance,623,1
all_400,report,burst_start_distance,625,1
all_400,report,burst_start_distance,627,2
all_400,report,burst_start_distance,629,2
all_400,report,burst_start_distance,631,1
all_400,report,burst_start_distance,633,1
all_400,report,burst_start_distance,634,2
all_400,report,burst_start_distance,636,1
all_400,report,burst_start_distance,637,3
all_400,report,burst_start_distance,640,2
all_400,report,burst_start_distance,641,1
all_400,report,burst_start_distance,642,1
all_400,report,burst_start_distance,643,2
all_400,report,burst_start_distance,645,1
all_400,report,burst_start_distance,647,2
all_400,report,burst_start_distance,651,1
all_400,report,burst_start_distance,653,1
all_400,report,burst_start_distance,654,1
all_400,report,burst_start_distance,656,1
all_400,report,burst_start_distance,657,1
all_400,report,burst_start_distance,660,2
all_400,report,burst_start_distance,666,2
all_400,report,burst_start_distance,667,2
all_400,report,burst_start_distance,668,1
all_400,report,burst_start_distance,669,1
all_400,report,burst_start_distance,671,1
all_400,report,burst_start_distance,672,2
all_400,report,burst_start_distance,680,3
all_400,report,burst_start_distance,681,3
all_400,report,burst_start_distance,682,1
all_400,report,burst_start_distance,685,3
all_400,report,burst_start_distance,687,1
all_400,report,burst_start_distance,688,2
all_400,report,burst_start_distance,690,1
all_400,report,burst_start_distance,691,1
all_400,report,burst_start_distance,693,1
all_400,report,burst_start_distance,694,2
all_400,report,burst_start_distance,695,1
all_400,report,burst_start_distance,696,1
all_400,report,burst_start_distance,698,2
all_400,report,burst_start_distance,700,1
all_400,report,burst_start_distance,705,1
all_400,report,burst_start_distance,709,1
all_400,report,burst_start_distance,712,1
all_400,report,burst_start_distance,714,1
all_400,report,burst_start_distance,717,1
all_400,report,burst_start_distance,718,1
all_400,report,burst_start_distance,719,1
all_400,report,burst_start_distance,725,1
all_400,report,burst_start_distance,729,1
all_400,report,burst_start_distance,738,2
all_400,report,burst_start_distance,739,1
all_400,report,burst_start_distance,741,1
all_400,report,burst_start_distance,743,1
all_400,report,burst_start_distance,745,1
all_400,report,burst_start_distance,746,1
all_400,report,burst_start_distance,749,1
all_400,report,burst_start_distance,753,1
all_400,report,burst_start_distance,754,1
all_400,report,burst_start_distance,756,3
all_400,report,burst_start_distance,758,2
all_400,report,burst_start_distance,760,1
all_400,report,burst_start_distance,762,1
all_400,report,burst_start_distance,764,1
all_400,report,burst_start_distance,765,1
all_400,report,burst_start_distance,767,1
all_400,report,burst_start_distance,768,2
all_400,report,burst_start_distance,769,1
all_400,report,burst_start_distance,770,1
all_400,report,burst_start_distance,771,1
all_400,report,burst_start_distance,772,1
all_400,report,burst_start_distance,773,1
all_400,report,burst_start_distance,775,2
all_400,report,burst_start_distance,778,1
all_400,report,burst_start_distance,784,1
all_400,report,burst_start_distance,788,1
all_400,report,burst_start_distance,790,1
all_400,report,burst_start_distance,798,1
all_400,report,burst_start_distance,801,2
all_400,report,burst_start_distance,803,1
all_400,report,burst_start_distance,809,1
all_400,report,burst_start_distance,813,2
all_400,report,burst_start_distance,814,1
all_400,report,burst_start_distance,816,1
all_400,report,burst_start_distance,818,1
all_400,report,burst_start_distance,820,2
all_400,report,burst_start_distance,821,1
all_400,report,burst_start_distance,822,1
all_400,report,burst_start_distance,823,1
all_400,report,burst_start_distance,827,2
all_400,report,burst_start_distance,830,1
all_400,report,burst_start_distance,831,1
all_400,report,burst_start_distance,832,1
all_400,report,burst_start_distance,834,1
all_400,report,burst_start_distance,836,1
all_400,report,burst_start_distance,841,1
all_400,report,burst_start_distance,847,1
all_400,report,burst_start_distance,848,1
all_400,report,burst_start_distance,853,1
all_400,report,burst_start_distance,854,1
all_400,report,burst_start_distance,855,1
all_400,report,burst_start_distance,856,1
all_400,report,burst_start_distance,857,2
all_400,report,burst_start_distance,859,2
all_400,report,burst_start_distance,860,1
all_400,report,burst_start_distance,868,1
all_400,report,burst_start_distance,875,2
all_400,report,burst_start_distance,880,1
all_400,report,burst_start_distance,881,1
all_400,report,burst_start_distance,883,2
all_400,report,burst_start_distance,889,1
all_400,report,burst_start_distance,890,1
all_400,report,burst_start_distance,893,2
all_400,report,burst_start_distance,899,1
all_400,report,burst_start_distance,904,1
all_400,report,burst_start_distance,906,1
all_400,report,burst_start_distance,913,1
all_400,report,burst_start_distance,917,1
all_400,report,burst_start_distance,922,1
all_400,report,burst_start_distance,925,1
all_400,report,burst_start_distance,926,2
all_400,report,burst_start_distance,928,1
all_400,report,burst_start_distance,930,1
all_400,report,burst_start_distance,934,1
all_400,report,burst_start_distance,935,1
all_400,report,burst_start_distance,938,1
all_400,report,burst_start_distance,939,1
all_400,report,burst_start_distance,947,1
all_400,report,burst_start_distance,948,1
all_400,report,burst_start_distance,950,1
all_400,report,burst_start_distance,959,1
all_400,report,burst_start_distance,978,1
all_400,report,burst_start_distance,980,1
all_400,report,burst_start_distance,983,1
all_400,report,burst_start_distance,989,1
all_400,report,burst_start_distance,990,1
all_400,report,burst_start_distance,995,1
all_400,report,burst_start_distance,997,1
all_400,report,burst_start_distance,1000,1
all_400,report,burst_start_distance,1002,1
all_400,report,burst_start_distance,1003,1
all_400,report,burst_start_distance,1017,1
all_400,report,burst_start_distance,1020,1
all_400,report,burst_start_distance,1022,1
all_400,report,burst_start_distance,1029,1
all_400,report,burst_start_distance,1040,1
all_400,report,burst_start_distance,1062,1
all_400,report,burst_start_distance,1074,1
all_400,report,burst_start_distance,1085,1
all_400,report,burst_start_distance,1098,1
all_400,report,burst_start_distance,1105,1
all_400,report,burst_start_distance,1107,1
all_400,report,burst_start_distance,1112,1
all_400,report,burst_start_distance,1124,1
all_400,report,burst_start_distance,1125,1
all_400,report,burst_start_distance,1135,1
all_400,report,burst_start_distance,1165,1
all_400,report,burst_start_distance,1167,2
all_400,report,burst_start_distance,1175,1
all_400,report,burst_start_distance,1184,1
all_400,report,burst_start_distance,1218,1
all_400,report,burst_start_distance,1230,1
all_400,report,burst_start_distance,1257,1
all_400,report,burst_start_distance,1282,1
all_400,report,burst_start_distance,1313,1
all_400,report,burst_start_distance,1314,2
all_400,report,burst_start_distance,1339,1
all_400,report,burst_start_distance,1376,1
all_400,report,burst_start_distance,1470,1
all_400,report,burst_start_distance,1511,1
all_400,report,burst_start_distance,1565,1
all_400,report,burst_start_distance,1580,1
all_400,report,burst_start_distance,1747,1
all_400,report,burst_start_distance,1796,1
all_400,motivated,trigger_distance,1,34741
all_400,motivated,trigger_distance,2,6022
all_400,motivated,trigger_distance,3,2342
all_400,motivated,trigger_distance,4,1917
all_400,motivated,trigger_distance,5,2276
all_400,motivated,trigger_distance,6,1712
all_400,motivated,trigger_distance,7,1747
all_400,motivated,trigger_distance,8,1137
all_400,motivated,trigger_distance,9,1411
all_400,motivated,trigger_distance,10,943
all_400,motivated,trigger_distance,11,895
all_400,motivated,trigger_distance,12,911
all_400,motivated,trigger_distance,13,866
all_400,motivated,trigger_distance,14,645
all_400,motivated,trigger_distance,15,568
all_400,motivated,trigger_distance,16,502
all_400,motivated,trigger_distance,17,502
all_400,motivated,trigger_distance,18,499
all_400,motivated,trigger_distance,19,433
all_400,motivated,trigger_distance,20,402
all_400,motivated,trigger_distance,21,404
all_400,motivated,trigger_distance,22,333
all_400,motivated,trigger_distance,23,328
all_400,motivated,trigger_distance,24,314
all_400,motivated,trigger_distance,25,303
all_400,motivated,trigger_distance,26,285
all_400,motivated,trigger_distance,27,261
all_400,motivated,trigger_distance,28,342
all_400,motivated,trigger_distance,29,348
all_400,motivated,trigger_distance,30,273
all_400,motivated,trigger_distance,31,292
all_400,motivated,trigger_distance,32,271
all_400,motivated,trigger_distance,33,252
all_400,motivated,trigger_distance,34,256
all_400,motivated,trigger_distance,35,257
all_400,motivated,trigger_distance,36,215
all_400,motivated,trigger_distance,37,231
all_400,motivated,trigger_distance,38,239
all_400,motivated,trigger_distance,39,197
all_400,motivated,trigger_distance,40,219
all_400,motivated,trigger_distance,41,179
all_400,motivated,trigger_distance,42,180
all_400,motivated,trigger_distance,43,187
all_400,motivated,trigger_distance,44,171
all_400,motivated,trigger_distance,45,184
all_400,motivated,trigger_distance,46,139
all_400,motivated,trigger_distance,47,161
all_400,motivated,trigger_distance,48,171
all_400,motivated,trigger_distance,49,137
all_400,motivated,trigger_distance,50,134
all_400,motivated,trigger_distance,51,151
all_400,motivated,trigger_distance,52,132
all_400,motivated,trigger_distance,53,116
all_400,motivated,trigger_distance,54,105
all_400,motivated,trigger_distance,55,116
all_400,motivated,trigger_distance,56,116
all_400,motivated,trigger_distance,57,109
all_400,motivated,trigger_distance,58,112
all_400,motivated,trigger_distance,59,87
all_400,motivated,trigger_distance,60,74
all_400,motivated,trigger_distance,61,84
all_400,motivated,trigger_distance,62,79
all_400,motivated,trigger_distance,63,84
all_400,motivated,trigger_distance,64,85
all_400,motivated,trigger_distance,65,84
all_400,motivated,trigger_distance,66,76
all_400,motivated,trigger_distance,67,66
all_400,motivated,trigger_distance,68,76
all_400,motivated,trigger_distance,69,77
all_400,motivated,trigger_distance,70,85
all_400,motivated,trigger_distance,71,73
all_400,motivated,trigger_distance,72,55
all_400,motivated,trigger_distance,73,78
all_400,motivated,trigger_distance,74,59
all_400,motivated,trigger_distance,75,78
all_400,motivated,trigger_distance,76,86
all_400,motivated,trigger_distance,77,79
all_400,motivated,trigger_distance,78,74
all_400,motivated,trigger_distance,79,72
all_400,motivated,trigger_distance,80,62
all_400,motivated,trigger_distance,81,64
all_400,motivated,trigger_distance,82,55
all_400,motivated,trigger_distance,83,53
all_400,motivated,trigger_distance,84,55
all_400,motivated,trigger_distance,85,55
all_400,motivated,trigger_distance,86,60
all_400,motivated,trigger_distance,87,66
all_400,motivated,trigger_distance,88,54
all_400,motivated,trigger_distance,89,55
all_400,motivated,trigger_distance,90,50
all_400,motivated,trigger_distance,91,38
all_400,motivated,trigger_distance,92,29
all_400,motivated,trigger_distance,93,40
all_400,motivated,trigger_distance,94,39
all_400,motivated,trigger_distance,95,46
all_400,motivated,trigger_distance,96,46
all_400,motivated,trigger_distance,97,41
all_400,motivated,trigger_distance,98,42
all_400,motivated,trigger_distance,99,33
all_400,motivated,trigger_distance,100,48
all_400,motivated,trigger_distance,101,34
all_400,motivated,trigger_distance,102,40
all_400,motivated,trigger_distance,103,37
all_400,motivated,trigger_distance,104,29
all_400,motivated,trigger_distance,105,38
all_400,motivated,trigger_distance,106,39
all_400,motivated,trigger_distance,107,24
all_400,motivated,trigger_distance,108,33
all_400,motivated,trigger_distance,109,37
all_400,motivated,trigger_distance,110,20
all_400,motivated,trigger_distance,111,26
all_400,motivated,trigger_distance,112,34
all_400,motivated,trigger_distance,113,26
all_400,motivated,trigger_distance,114,25
all_400,motivated,trigger_distance,115,29
all_400,motivated,trigger_distance,116,28
all_400,motivated,trigger_distance,117,35
all_400,motivated,trigger_distance,118,24
all_400,motivated,trigger_distance,119,24
all_400,motivated,trigger_distance,120,27
all_400,motivated,trigger_distance,121,15
all_400,motivated,trigger_distance,122,29
all_400,motivated,trigger_distance,123,32
all_400,motivated,trigger_distance,124,30
all_400,motivated,trigger_distance,125,24
all_400,motivated,trigger_distance,126,26
all_400,motivated,trigger_distance,127,25
all_400,motivated,trigger_distance,128,18
all_400,motivated,trigger_distance,129,25
all_400,motivated,trigger_distance,130,23
all_400,motivated,trigger_distance,131,14
all_400,motivated,trigger_distance,132,19
all_400,motivated,trigger_distance,133,22
all_400,motivated,trigger_distance,134,21
all_400,motivated,trigger_distance,135,27
all_400,motivated,trigger_distance,136,23
all_400,motivated,trigger_distance,137,24
all_400,motivated,trigger_distance,138,23
all_400,motivated,trigger_distance,139,24
all_400,motivated,trigger_distance,140,22
all_400,motivated,trigger_distance,141,15
all_400,motivated,trigger_distance,142,18
all_400,motivated,trigger_distance,143,15
all_400,motivated,trigger_distance,144,15
all_400,motivated,trigger_distance,145,22
all_400,motivated,trigger_distance,146,15
all_400,motivated,trigger_distance,147,16
all_400,motivated,trigger_distance,148,16
all_400,motivated,trigger_distance,149,10
all_400,motivated,trigger_distance,150,30
all_400,motivated,trigger_distance,151,10
all_400,motivated,trigger_distance,152,21
all_400,motivated,trigger_distance,153,12
all_400,motivated,trigger_distance,154,14
all_400,motivated,trigger_distance,155,7
all_400,motivated,trigger_distance,156,15
all_400,motivated,trigger_distance,157,18
all_400,motivated,trigger_distance,158,14
all_400,motivated,trigger_distance,159,16
all_400,motivated,trigger_distance,160,14
all_400,motivated,trigger_distance,161,12
all_400,motivated,trigger_distance,162,12
all_400,motivated,trigger_distance,163,12
all_400,motivated,trigger_distance,164,9
all_400,motivated,trigger_distance,165,10
all_400,motivated,trigger_distance,166,15
all_400,motivated,trigger_distance,167,10
all_400,motivated,trigger_distance,168,9
all_400,motivated,trigger_distance,169,15
all_400,motivated,trigger_distance,170,11
all_400,motivated,trigger_distance,171,11
all_400,motivated,trigger_distance,172,10
all_400,motivated,trigger_distance,173,8
all_400,motivated,trigger_distance,174,19
all_400,motivated,trigger_distance,175,9
all_400,motivated,trigger_distance,176,13
all_400,motivated,trigger_distance,177,7
all_400,motivated,trigger_distance,178,17
all_400,motivated,trigger_distance,179,10
all_400,motivated,trigger_distance,180,13
all_400,motivated,trigger_distance,181,10
all_400,motivated,trigger_distance,182,16
all_400,motivated,trigger_distance,183,14
all_400,motivated,trigger_distance,184,2
all_400,motivated,trigger_distance,185,5
all_400,motivated,trigger_distance,186,7
all_400,motivated,trigger_distance,187,7
all_400,motivated,trigger_distance,188,14
all_400,motivated,trigger_distance,189,9
all_400,motivated,trigger_distance,190,10
all_400,motivated,trigger_distance,191,8
all_400,motivated,trigger_distance,192,7
all_400,motivated,trigger_distance,193,8
all_400,motivated,trigger_distance,194,2
all_400,motivated,trigger_distance,195,9
all_400,motivated,trigger_distance,196,7
all_400,motivated,trigger_distance,197,6
all_400,motivated,trigger_distance,198,12
all_400,motivated,trigger_distance,199,14
all_400,motivated,trigger_distance,200,11
all_400,motivated,trigger_distance,201,4
all_400,motivated,trigger_distance,202,5
all_400,motivated,trigger_distance,203,9
all_400,motivated,trigger_distance,204,8
all_400,motivated,trigger_distance,205,6
all_400,motivated,trigger_distance,206,7
all_400,motivated,trigger_distance,207,8
all_400,motivated,trigger_distance,208,4
all_400,motivated,trigger_distance,209,13
all_400,motivated,trigger_distance,210,4
all_400,motivated,trigger_distance,211,7
all_400,motivated,trigger_distance,212,4
all_400,motivated,trigger_distance,213,3
all_400,motivated,trigger_distance,214,6
all_400,motivated,trigger_distance,215,7
all_400,motivated,trigger_distance,216,5
all_400,motivated,trigger_distance,217,6
all_400,motivated,trigger_distance,218,3
all_400,motivated,trigger_distance,219,2
all_400,motivated,trigger_distance,220,8
all_400,motivated,trigger_distance,221,8
all_400,motivated,trigger_distance,222,2
all_400,motivated,trigger_distance,223,3
all_400,motivated,trigger_distance,224,5
all_400,motivated,trigger_distance,225,5
all_400,motivated,trigger_distance,226,2
all_400,motivated,trigger_distance,227,2
all_400,motivated,trigger_distance,228,6
all_400,motivated,trigger_distance,229,5
all_400,motivated,trigger_distance,230,5
all_400,motivated,trigger_distance,231,3
all_400,motivated,trigger_distance,232,2
all_400,motivated,trigger_distance,233,4
all_400,motivated,trigger_distance,234,4
all_400,motivated,trigger_distance,235,1
all_400,motivated,trigger_distance,236,2
all_400,motivated,trigger_distance,237,4
all_400,motivated,trigger_distance,238,3
all_400,motivated,trigger_distance,239,2
all_400,motivated,trigger_distance,240,3
all_400,motivated,trigger_distance,241,3
all_400,motivated,trigger_distance,242,5
all_400,motivated,trigger_distance,243,5
all_400,motivated,trigger_distance,244,1
all_400,motivated,trigger_distance,245,5
all_400,motivated,trigger_distance,246,3
all_400,motivated,trigger_distance,247,7
all_400,motivated,trigger_distance,248,2
all_400,motivated,trigger_distance,249,5
all_400,motivated,trigger_distance,250,4
all_400,motivated,trigger_distance,251,1
all_400,motivated,trigger_distance,253,1
all_400,motivated,trigger_distance,254,3
all_400,motivated,trigger_distance,255,1
all_400,motivated,trigger_distance,256,7
all_400,motivated,trigger_distance,257,1
all_400,motivated,trigger_distance,258,4
all_400,motivated,trigger_distance,259,4
all_400,motivated,trigger_distance,260,1
all_400,motivated,trigger_distance,261,1
all_400,motivated,trigger_distance,262,1
all_400,motivated,trigger_distance,264,1
all_400,motivated,trigger_distance,265,4
all_400,motivated,trigger_distance,266,2
all_400,motivated,trigger_distance,268,1
all_400,motivated,trigger_distance,269,1
all_400,motivated,trigger_distance,270,2
all_400,motivated,trigger_distance,271,3
all_400,motivated,trigger_distance,272,4
all_400,motivated,trigger_distance,273,1
all_400,motivated,trigger_distance,274,1
all_400,motivated,trigger_distance,275,1
all_400,motivated,trigger_distance,276,3
all_400,motivated,trigger_distance,277,2
all_400,motivated,trigger_distance,280,3
all_400,motivated,trigger_distance,281,4
all_400,motivated,trigger_distance,282,2
all_400,motivated,trigger_distance,283,5
all_400,motivated,trigger_distance,284,3
all_400,motivated,trigger_distance,285,2
all_400,motivated,trigger_distance,286,1
all_400,motivated,trigger_distance,287,3
all_400,motivated,trigger_distance,288,3
all_400,motivated,trigger_distance,289,2
all_400,motivated,trigger_distance,291,1
all_400,motivated,trigger_distance,292,1
all_400,motivated,trigger_distance,294,1
all_400,motivated,trigger_distance,295,2
all_400,motivated,trigger_distance,297,1
all_400,motivated,trigger_distance,299,3
all_400,motivated,trigger_distance,304,2
all_400,motivated,trigger_distance,305,1
all_400,motivated,trigger_distance,306,2
all_400,motivated,trigger_distance,307,2
all_400,motivated,trigger_distance,308,2
all_400,motivated,trigger_distance,310,2
all_400,motivated,trigger_distance,312,1
all_400,motivated,trigger_distance,313,1
all_400,motivated,trigger_distance,314,2
all_400,motivated,trigger_distance,315,1
all_400,motivated,trigger_distance,317,1
all_400,motivated,trigger_distance,319,1
all_400,motivated,trigger_distance,322,2
all_400,motivated,trigger_distance,327,1
all_400,motivated,trigger_distance,328,2
all_400,motivated,trigger_distance,329,2
all_400,motivated,trigger_distance,330,1
all_400,motivated,trigger_distance,332,1
all_400,motivated,trigger_distance,333,2
all_400,motivated,trigger_distance,334,1
all_400,motivated,trigger_distance,343,1
all_400,motivated,trigger_distance,345,1
all_400,motivated,trigger_distance,346,1
all_400,motivated,trigger_distance,348,1
all_400,motivated,trigger_distance,352,1
all_400,motivated,trigger_distance,362,1
all_400,motivated,trigger_distance,373,1
all_400,motivated,trigger_distance,375,1
all_400,motivated,trigger_distance,378,2
all_400,motivated,trigger_distance,379,1
all_400,motivated,trigger_distance,385,1
all_400,motivated,trigger_distance,397,1
all_400,motivated,trigger_distance,404,1
all_400,motivated,trigger_distance,415,1
all_400,motivated,trigger_distance,420,1
all_400,motivated,trigger_distance,425,1
all_400,motivated,trigger_distance,428,1
all_400,motivated,trigger_distance,433,1
all_400,motivated,trigger_distance,553,1
all_400,motivated,silent_gap,1,6022
all_400,motivated,silent_gap,2,2342
all_400,motivated,silent_gap,3,1917
all_400,motivated,silent_gap,4,2276
all_400,motivated,silent_gap,5,1712
all_400,motivated,silent_gap,6,1747
all_400,motivated,silent_gap,7,1137
all_400,motivated,silent_gap,8,1411
all_400,motivated,silent_gap,9,943
all_400,motivated,silent_gap,10,895
all_400,motivated,silent_gap,11,911
all_400,motivated,silent_gap,12,866
all_400,motivated,silent_gap,13,645
all_400,motivated,silent_gap,14,568
all_400,motivated,silent_gap,15,502
all_400,motivated,silent_gap,16,502
all_400,motivated,silent_gap,17,499
all_400,motivated,silent_gap,18,433
all_400,motivated,silent_gap,19,402
all_400,motivated,silent_gap,20,404
all_400,motivated,silent_gap,21,333
all_400,motivated,silent_gap,22,328
all_400,motivated,silent_gap,23,314
all_400,motivated,silent_gap,24,303
all_400,motivated,silent_gap,25,285
all_400,motivated,silent_gap,26,261
all_400,motivated,silent_gap,27,342
all_400,motivated,silent_gap,28,348
all_400,motivated,silent_gap,29,273
all_400,motivated,silent_gap,30,292
all_400,motivated,silent_gap,31,271
all_400,motivated,silent_gap,32,252
all_400,motivated,silent_gap,33,256
all_400,motivated,silent_gap,34,257
all_400,motivated,silent_gap,35,215
all_400,motivated,silent_gap,36,231
all_400,motivated,silent_gap,37,239
all_400,motivated,silent_gap,38,197
all_400,motivated,silent_gap,39,219
all_400,motivated,silent_gap,40,179
all_400,motivated,silent_gap,41,180
all_400,motivated,silent_gap,42,187
all_400,motivated,silent_gap,43,171
all_400,motivated,silent_gap,44,184
all_400,motivated,silent_gap,45,139
all_400,motivated,silent_gap,46,161
all_400,motivated,silent_gap,47,171
all_400,motivated,silent_gap,48,137
all_400,motivated,silent_gap,49,134
all_400,motivated,silent_gap,50,151
all_400,motivated,silent_gap,51,132
all_400,motivated,silent_gap,52,116
all_400,motivated,silent_gap,53,105
all_400,motivated,silent_gap,54,116
all_400,motivated,silent_gap,55,116
all_400,motivated,silent_gap,56,109
all_400,motivated,silent_gap,57,112
all_400,motivated,silent_gap,58,87
all_400,motivated,silent_gap,59,74
all_400,motivated,silent_gap,60,84
all_400,motivated,silent_gap,61,79
all_400,motivated,silent_gap,62,84
all_400,motivated,silent_gap,63,85
all_400,motivated,silent_gap,64,84
all_400,motivated,silent_gap,65,76
all_400,motivated,silent_gap,66,66
all_400,motivated,silent_gap,67,76
all_400,motivated,silent_gap,68,77
all_400,motivated,silent_gap,69,85
all_400,motivated,silent_gap,70,73
all_400,motivated,silent_gap,71,55
all_400,motivated,silent_gap,72,78
all_400,motivated,silent_gap,73,59
all_400,motivated,silent_gap,74,78
all_400,motivated,silent_gap,75,86
all_400,motivated,silent_gap,76,79
all_400,motivated,silent_gap,77,74
all_400,motivated,silent_gap,78,72
all_400,motivated,silent_gap,79,62
all_400,motivated,silent_gap,80,64
all_400,motivated,silent_gap,81,55
all_400,motivated,silent_gap,82,53
all_400,motivated,silent_gap,83,55
all_400,motivated,silent_gap,84,55
all_400,motivated,silent_gap,85,60
all_400,motivated,silent_gap,86,66
all_400,motivated,silent_gap,87,54
all_400,motivated,silent_gap,88,55
all_400,motivated,silent_gap,89,50
all_400,motivated,silent_gap,90,38
all_400,motivated,silent_gap,91,29
all_400,motivated,silent_gap,92,40
all_400,motivated,silent_gap,93,39
all_400,motivated,silent_gap,94,46
all_400,motivated,silent_gap,95,46
all_400,motivated,silent_gap,96,41
all_400,motivated,silent_gap,97,42
all_400,motivated,silent_gap,98,33
all_400,motivated,silent_gap,99,48
all_400,motivated,silent_gap,100,34
all_400,motivated,silent_gap,101,40
all_400,motivated,silent_gap,102,37
all_400,motivated,silent_gap,103,29
all_400,motivated,silent_gap,104,38
all_400,motivated,silent_gap,105,39
all_400,motivated,silent_gap,106,24
all_400,motivated,silent_gap,107,33
all_400,motivated,silent_gap,108,37
all_400,motivated,silent_gap,109,20
all_400,motivated,silent_gap,110,26
all_400,motivated,silent_gap,111,34
all_400,motivated,silent_gap,112,26
all_400,motivated,silent_gap,113,25
all_400,motivated,silent_gap,114,29
all_400,motivated,silent_gap,115,28
all_400,motivated,silent_gap,116,35
all_400,motivated,silent_gap,117,24
all_400,motivated,silent_gap,118,24
all_400,motivated,silent_gap,119,27
all_400,motivated,silent_gap,120,15
all_400,motivated,silent_gap,121,29
all_400,motivated,silent_gap,122,32
all_400,motivated,silent_gap,123,30
all_400,motivated,silent_gap,124,24
all_400,motivated,silent_gap,125,26
all_400,motivated,silent_gap,126,25
all_400,motivated,silent_gap,127,18
all_400,motivated,silent_gap,128,25
all_400,motivated,silent_gap,129,23
all_400,motivated,silent_gap,130,14
all_400,motivated,silent_gap,131,19
all_400,motivated,silent_gap,132,22
all_400,motivated,silent_gap,133,21
all_400,motivated,silent_gap,134,27
all_400,motivated,silent_gap,135,23
all_400,motivated,silent_gap,136,24
all_400,motivated,silent_gap,137,23
all_400,motivated,silent_gap,138,24
all_400,motivated,silent_gap,139,22
all_400,motivated,silent_gap,140,15
all_400,motivated,silent_gap,141,18
all_400,motivated,silent_gap,142,15
all_400,motivated,silent_gap,143,15
all_400,motivated,silent_gap,144,22
all_400,motivated,silent_gap,145,15
all_400,motivated,silent_gap,146,16
all_400,motivated,silent_gap,147,16
all_400,motivated,silent_gap,148,10
all_400,motivated,silent_gap,149,30
all_400,motivated,silent_gap,150,10
all_400,motivated,silent_gap,151,21
all_400,motivated,silent_gap,152,12
all_400,motivated,silent_gap,153,14
all_400,motivated,silent_gap,154,7
all_400,motivated,silent_gap,155,15
all_400,motivated,silent_gap,156,18
all_400,motivated,silent_gap,157,14
all_400,motivated,silent_gap,158,16
all_400,motivated,silent_gap,159,14
all_400,motivated,silent_gap,160,12
all_400,motivated,silent_gap,161,12
all_400,motivated,silent_gap,162,12
all_400,motivated,silent_gap,163,9
all_400,motivated,silent_gap,164,10
all_400,motivated,silent_gap,165,15
all_400,motivated,silent_gap,166,10
all_400,motivated,silent_gap,167,9
all_400,motivated,silent_gap,168,15
all_400,motivated,silent_gap,169,11
all_400,motivated,silent_gap,170,11
all_400,motivated,silent_gap,171,10
all_400,motivated,silent_gap,172,8
all_400,motivated,silent_gap,173,19
all_400,motivated,silent_gap,174,9
all_400,motivated,silent_gap,175,13
all_400,motivated,silent_gap,176,7
all_400,motivated,silent_gap,177,17
all_400,motivated,silent_gap,178,10
all_400,motivated,silent_gap,179,13
all_400,motivated,silent_gap,180,10
all_400,motivated,silent_gap,181,16
all_400,motivated,silent_gap,182,14
all_400,motivated,silent_gap,183,2
all_400,motivated,silent_gap,184,5
all_400,motivated,silent_gap,185,7
all_400,motivated,silent_gap,186,7
all_400,motivated,silent_gap,187,14
all_400,motivated,silent_gap,188,9
all_400,motivated,silent_gap,189,10
all_400,motivated,silent_gap,190,8
all_400,motivated,silent_gap,191,7
all_400,motivated,silent_gap,192,8
all_400,motivated,silent_gap,193,2
all_400,motivated,silent_gap,194,9
all_400,motivated,silent_gap,195,7
all_400,motivated,silent_gap,196,6
all_400,motivated,silent_gap,197,12
all_400,motivated,silent_gap,198,14
all_400,motivated,silent_gap,199,11
all_400,motivated,silent_gap,200,4
all_400,motivated,silent_gap,201,5
all_400,motivated,silent_gap,202,9
all_400,motivated,silent_gap,203,8
all_400,motivated,silent_gap,204,6
all_400,motivated,silent_gap,205,7
all_400,motivated,silent_gap,206,8
all_400,motivated,silent_gap,207,4
all_400,motivated,silent_gap,208,13
all_400,motivated,silent_gap,209,4
all_400,motivated,silent_gap,210,7
all_400,motivated,silent_gap,211,4
all_400,motivated,silent_gap,212,3
all_400,motivated,silent_gap,213,6
all_400,motivated,silent_gap,214,7
all_400,motivated,silent_gap,215,5
all_400,motivated,silent_gap,216,6
all_400,motivated,silent_gap,217,3
all_400,motivated,silent_gap,218,2
all_400,motivated,silent_gap,219,8
all_400,motivated,silent_gap,220,8
all_400,motivated,silent_gap,221,2
all_400,motivated,silent_gap,222,3
all_400,motivated,silent_gap,223,5
all_400,motivated,silent_gap,224,5
all_400,motivated,silent_gap,225,2
all_400,motivated,silent_gap,226,2
all_400,motivated,silent_gap,227,6
all_400,motivated,silent_gap,228,5
all_400,motivated,silent_gap,229,5
all_400,motivated,silent_gap,230,3
all_400,motivated,silent_gap,231,2
all_400,motivated,silent_gap,232,4
all_400,motivated,silent_gap,233,4
all_400,motivated,silent_gap,234,1
all_400,motivated,silent_gap,235,2
all_400,motivated,silent_gap,236,4
all_400,motivated,silent_gap,237,3
all_400,motivated,silent_gap,238,2
all_400,motivated,silent_gap,239,3
all_400,motivated,silent_gap,240,3
all_400,motivated,silent_gap,241,5
all_400,motivated,silent_gap,242,5
all_400,motivated,silent_gap,243,1
all_400,motivated,silent_gap,244,5
all_400,motivated,silent_gap,245,3
all_400,motivated,silent_gap,246,7
all_400,motivated,silent_gap,247,2
all_400,motivated,silent_gap,248,5
all_400,motivated,silent_gap,249,4
all_400,motivated,silent_gap,250,1
all_400,motivated,silent_gap,252,1
all_400,motivated,silent_gap,253,3
all_400,motivated,silent_gap,254,1
all_400,motivated,silent_gap,255,7
all_400,motivated,silent_gap,256,1
all_400,motivated,silent_gap,257,4
all_400,motivated,silent_gap,258,4
all_400,motivated,silent_gap,259,1
all_400,motivated,silent_gap,260,1
all_400,motivated,silent_gap,261,1
all_400,motivated,silent_gap,263,1
all_400,motivated,silent_gap,264,4
all_400,motivated,silent_gap,265,2
all_400,motivated,silent_gap,267,1
all_400,motivated,silent_gap,268,1
all_400,motivated,silent_gap,269,2
all_400,motivated,silent_gap,270,3
all_400,motivated,silent_gap,271,4
all_400,motivated,silent_gap,272,1
all_400,motivated,silent_gap,273,1
all_400,motivated,silent_gap,274,1
all_400,motivated,silent_gap,275,3
all_400,motivated,silent_gap,276,2
all_400,motivated,silent_gap,279,3
all_400,motivated,silent_gap,280,4
all_400,motivated,silent_gap,281,2
all_400,motivated,silent_gap,282,5
all_400,motivated,silent_gap,283,3
all_400,motivated,silent_gap,284,2
all_400,motivated,silent_gap,285,1
all_400,motivated,silent_gap,286,3
all_400,motivated,silent_gap,287,3
all_400,motivated,silent_gap,288,2
all_400,motivated,silent_gap,290,1
all_400,motivated,silent_gap,291,1
all_400,motivated,silent_gap,293,1
all_400,motivated,silent_gap,294,2
all_400,motivated,silent_gap,296,1
all_400,motivated,silent_gap,298,3
all_400,motivated,silent_gap,303,2
all_400,motivated,silent_gap,304,1
all_400,motivated,silent_gap,305,2
all_400,motivated,silent_gap,306,2
all_400,motivated,silent_gap,307,2
all_400,motivated,silent_gap,309,2
all_400,motivated,silent_gap,311,1
all_400,motivated,silent_gap,312,1
all_400,motivated,silent_gap,313,2
all_400,motivated,silent_gap,314,1
all_400,motivated,silent_gap,316,1
all_400,motivated,silent_gap,318,1
all_400,motivated,silent_gap,321,2
all_400,motivated,silent_gap,326,1
all_400,motivated,silent_gap,327,2
all_400,motivated,silent_gap,328,2
all_400,motivated,silent_gap,329,1
all_400,motivated,silent_gap,331,1
all_400,motivated,silent_gap,332,2
all_400,motivated,silent_gap,333,1
all_400,motivated,silent_gap,342,1
all_400,motivated,silent_gap,344,1
all_400,motivated,silent_gap,345,1
all_400,motivated,silent_gap,347,1
all_400,motivated,silent_gap,351,1
all_400,motivated,silent_gap,361,1
all_400,motivated,silent_gap,372,1
all_400,motivated,silent_gap,374,1
all_400,motivated,silent_gap,377,2
all_400,motivated,silent_gap,378,1
all_400,motivated,silent_gap,384,1
all_400,motivated,silent_gap,396,1
all_400,motivated,silent_gap,403,1
all_400,motivated,silent_gap,414,1
all_400,motivated,silent_gap,419,1
all_400,motivated,silent_gap,424,1
all_400,motivated,silent_gap,427,1
all_400,motivated,silent_gap,432,1
all_400,motivated,silent_gap,552,1
all_400,motivated,burst_start_distance,2,3848
all_400,motivated,burst_start_distance,3,2499
all_400,motivated,burst_start_distance,4,1919
all_400,motivated,burst_start_distance,5,1789
all_400,motivated,burst_start_distance,6,2001
all_400,motivated,burst_start_distance,7,1669
all_400,motivated,burst_start_distance,8,1715
all_400,motivated,burst_start_distance,9,1574
all_400,motivated,burst_start_distance,10,1380
all_400,motivated,burst_start_distance,11,1042
all_400,motivated,burst_start_distance,12,986
all_400,motivated,burst_start_distance,13,947
all_400,motivated,burst_start_distance,14,861
all_400,motivated,burst_start_distance,15,685
all_400,motivated,burst_start_distance,16,566
all_400,motivated,burst_start_distance,17,540
all_400,motivated,burst_start_distance,18,518
all_400,motivated,burst_start_distance,19,452
all_400,motivated,burst_start_distance,20,421
all_400,motivated,burst_start_distance,21,393
all_400,motivated,burst_start_distance,22,361
all_400,motivated,burst_start_distance,23,341
all_400,motivated,burst_start_distance,24,329
all_400,motivated,burst_start_distance,25,313
all_400,motivated,burst_start_distance,26,289
all_400,motivated,burst_start_distance,27,289
all_400,motivated,burst_start_distance,28,297
all_400,motivated,burst_start_distance,29,325
all_400,motivated,burst_start_distance,30,284
all_400,motivated,burst_start_distance,31,306
all_400,motivated,burst_start_distance,32,264
all_400,motivated,burst_start_distance,33,252
all_400,motivated,burst_start_distance,34,262
all_400,motivated,burst_start_distance,35,243
all_400,motivated,burst_start_distance,36,260
all_400,motivated,burst_start_distance,37,234
all_400,motivated,burst_start_distance,38,245
all_400,motivated,burst_start_distance,39,232
all_400,motivated,burst_start_distance,40,221
all_400,motivated,burst_start_distance,41,224
all_400,motivated,burst_start_distance,42,177
all_400,motivated,burst_start_distance,43,183
all_400,motivated,burst_start_distance,44,162
all_400,motivated,burst_start_distance,45,180
all_400,motivated,burst_start_distance,46,160
all_400,motivated,burst_start_distance,47,176
all_400,motivated,burst_start_distance,48,169
all_400,motivated,burst_start_distance,49,152
all_400,motivated,burst_start_distance,50,138
all_400,motivated,burst_start_distance,51,146
all_400,motivated,burst_start_distance,52,145
all_400,motivated,burst_start_distance,53,106
all_400,motivated,burst_start_distance,54,125
all_400,motivated,burst_start_distance,55,129
all_400,motivated,burst_start_distance,56,113
all_400,motivated,burst_start_distance,57,108
all_400,motivated,burst_start_distance,58,113
all_400,motivated,burst_start_distance,59,97
all_400,motivated,burst_start_distance,60,92
all_400,motivated,burst_start_distance,61,82
all_400,motivated,burst_start_distance,62,70
all_400,motivated,burst_start_distance,63,89
all_400,motivated,burst_start_distance,64,81
all_400,motivated,burst_start_distance,65,97
all_400,motivated,burst_start_distance,66,79
all_400,motivated,burst_start_distance,67,59
all_400,motivated,burst_start_distance,68,77
all_400,motivated,burst_start_distance,69,69
all_400,motivated,burst_start_distance,70,93
all_400,motivated,burst_start_distance,71,84
all_400,motivated,burst_start_distance,72,57
all_400,motivated,burst_start_distance,73,68
all_400,motivated,burst_start_distance,74,67
all_400,motivated,burst_start_distance,75,69
all_400,motivated,burst_start_distance,76,83
all_400,motivated,burst_start_distance,77,80
all_400,motivated,burst_start_distance,78,85
all_400,motivated,burst_start_distance,79,70
all_400,motivated,burst_start_distance,80,58
all_400,motivated,burst_start_distance,81,69
all_400,motivated,burst_start_distance,82,53
all_400,motivated,burst_start_distance,83,60
all_400,motivated,burst_start_distance,84,59
all_400,motivated,burst_start_distance,85,62
all_400,motivated,burst_start_distance,86,48
all_400,motivated,burst_start_distance,87,69
all_400,motivated,burst_start_distance,88,58
all_400,motivated,burst_start_distance,89,57
all_400,motivated,burst_start_distance,90,48
all_400,motivated,burst_start_distance,91,50
all_400,motivated,burst_start_distance,92,34
all_400,motivated,burst_start_distance,93,32
all_400,motivated,burst_start_distance,94,38
all_400,motivated,burst_start_distance,95,48
all_400,motivated,burst_start_distance,96,46
all_400,motivated,burst_start_distance,97,44
all_400,motivated,burst_start_distance,98,35
all_400,motivated,burst_start_distance,99,41
all_400,motivated,burst_start_distance,100,42
all_400,motivated,burst_start_distance,101,35
all_400,motivated,burst_start_distance,102,41
all_400,motivated,burst_start_distance,103,36
all_400,motivated,burst_start_distance,104,35
all_400,motivated,burst_start_distance,105,41
all_400,motivated,burst_start_distance,106,32
all_400,motivated,burst_start_distance,107,34
all_400,motivated,burst_start_distance,108,36
all_400,motivated,burst_start_distance,109,31
all_400,motivated,burst_start_distance,110,28
all_400,motivated,burst_start_distance,111,24
all_400,motivated,burst_start_distance,112,30
all_400,motivated,burst_start_distance,113,30
all_400,motivated,burst_start_distance,114,20
all_400,motivated,burst_start_distance,115,26
all_400,motivated,burst_start_distance,116,34
all_400,motivated,burst_start_distance,117,37
all_400,motivated,burst_start_distance,118,26
all_400,motivated,burst_start_distance,119,20
all_400,motivated,burst_start_distance,120,28
all_400,motivated,burst_start_distance,121,25
all_400,motivated,burst_start_distance,122,23
all_400,motivated,burst_start_distance,123,32
all_400,motivated,burst_start_distance,124,27
all_400,motivated,burst_start_distance,125,29
all_400,motivated,burst_start_distance,126,24
all_400,motivated,burst_start_distance,127,28
all_400,motivated,burst_start_distance,128,17
all_400,motivated,burst_start_distance,129,21
all_400,motivated,burst_start_distance,130,20
all_400,motivated,burst_start_distance,131,21
all_400,motivated,burst_start_distance,132,23
all_400,motivated,burst_start_distance,133,19
all_400,motivated,burst_start_distance,134,21
all_400,motivated,burst_start_distance,135,29
all_400,motivated,burst_start_distance,136,24
all_400,motivated,burst_start_distance,137,20
all_400,motivated,burst_start_distance,138,18
all_400,motivated,burst_start_distance,139,22
all_400,motivated,burst_start_distance,140,30
all_400,motivated,burst_start_distance,141,14
all_400,motivated,burst_start_distance,142,19
all_400,motivated,burst_start_distance,143,14
all_400,motivated,burst_start_distance,144,14
all_400,motivated,burst_start_distance,145,21
all_400,motivated,burst_start_distance,146,20
all_400,motivated,burst_start_distance,147,12
all_400,motivated,burst_start_distance,148,15
all_400,motivated,burst_start_distance,149,14
all_400,motivated,burst_start_distance,150,25
all_400,motivated,burst_start_distance,151,17
all_400,motivated,burst_start_distance,152,21
all_400,motivated,burst_start_distance,153,12
all_400,motivated,burst_start_distance,154,17
all_400,motivated,burst_start_distance,155,9
all_400,motivated,burst_start_distance,156,13
all_400,motivated,burst_start_distance,157,14
all_400,motivated,burst_start_distance,158,15
all_400,motivated,burst_start_distance,159,10
all_400,motivated,burst_start_distance,160,15
all_400,motivated,burst_start_distance,161,13
all_400,motivated,burst_start_distance,162,15
all_400,motivated,burst_start_distance,163,13
all_400,motivated,burst_start_distance,164,13
all_400,motivated,burst_start_distance,165,8
all_400,motivated,burst_start_distance,166,14
all_400,motivated,burst_start_distance,167,15
all_400,motivated,burst_start_distance,168,12
all_400,motivated,burst_start_distance,169,9
all_400,motivated,burst_start_distance,170,12
all_400,motivated,burst_start_distance,171,11
all_400,motivated,burst_start_distance,172,7
all_400,motivated,burst_start_distance,173,11
all_400,motivated,burst_start_distance,174,15
all_400,motivated,burst_start_distance,175,12
all_400,motivated,burst_start_distance,176,13
all_400,motivated,burst_start_distance,177,6
all_400,motivated,burst_start_distance,178,18
all_400,motivated,burst_start_distance,179,12
all_400,motivated,burst_start_distance,180,12
all_400,motivated,burst_start_distance,181,6
all_400,motivated,burst_start_distance,182,15
all_400,motivated,burst_start_distance,183,12
all_400,motivated,burst_start_distance,184,8
all_400,motivated,burst_start_distance,185,8
all_400,motivated,burst_start_distance,186,6
all_400,motivated,burst_start_distance,187,4
all_400,motivated,burst_start_distance,188,13
all_400,motivated,burst_start_distance,189,10
all_400,motivated,burst_start_distance,190,10
all_400,motivated,burst_start_distance,191,8
all_400,motivated,burst_start_distance,192,9
all_400,motivated,burst_start_distance,193,8
all_400,motivated,burst_start_distance,194,2
all_400,motivated,burst_start_distance,195,6
all_400,motivated,burst_start_distance,196,8
all_400,motivated,burst_start_distance,197,9
all_400,motivated,burst_start_distance,198,9
all_400,motivated,burst_start_distance,199,7
all_400,motivated,burst_start_distance,200,14
all_400,motivated,burst_start_distance,201,8
all_400,motivated,burst_start_distance,202,6
all_400,motivated,burst_start_distance,203,9
all_400,motivated,burst_start_distance,204,9
all_400,motivated,burst_start_distance,205,7
all_400,motivated,burst_start_distance,206,5
all_400,motivated,burst_start_distance,207,9
all_400,motivated,burst_start_distance,208,6
all_400,motivated,burst_start_distance,209,13
all_400,motivated,burst_start_distance,210,6
all_400,motivated,burst_start_distance,211,4
all_400,motivated,burst_start_distance,212,7
all_400,motivated,burst_start_distance,213,4
all_400,motivated,burst_start_distance,214,5
all_400,motivated,burst_start_distance,215,8
all_400,motivated,burst_start_distance,216,6
all_400,motivated,burst_start_distance,217,2
all_400,motivated,burst_start_distance,218,6
all_400,motivated,burst_start_distance,219,1
all_400,motivated,burst_start_distance,220,4
all_400,motivated,burst_start_distance,221,10
all_400,motivated,burst_start_distance,222,4
all_400,motivated,burst_start_distance,223,2
all_400,motivated,burst_start_distance,224,4
all_400,motivated,burst_start_distance,225,2
all_400,motivated,burst_start_distance,226,5
all_400,motivated,burst_start_distance,227,5
all_400,motivated,burst_start_distance,228,4
all_400,motivated,burst_start_distance,229,4
all_400,motivated,burst_start_distance,230,5
all_400,motivated,burst_start_distance,231,3
all_400,motivated,burst_start_distance,232,2
all_400,motivated,burst_start_distance,233,5
all_400,motivated,burst_start_distance,234,5
all_400,motivated,burst_start_distance,235,2
all_400,motivated,burst_start_distance,236,2
all_400,motivated,burst_start_distance,237,3
all_400,motivated,burst_start_distance,238,5
all_400,motivated,burst_start_distance,239,1
all_400,motivated,burst_start_distance,240,2
all_400,motivated,burst_start_distance,241,1
all_400,motivated,burst_start_distance,242,5
all_400,motivated,burst_start_distance,243,7
all_400,motivated,burst_start_distance,244,3
all_400,motivated,burst_start_distance,245,4
all_400,motivated,burst_start_distance,246,3
all_400,motivated,burst_start_distance,247,3
all_400,motivated,burst_start_distance,248,4
all_400,motivated,burst_start_distance,249,6
all_400,motivated,burst_start_distance,250,5
all_400,motivated,burst_start_distance,252,1
all_400,motivated,burst_start_distance,253,2
all_400,motivated,burst_start_distance,254,1
all_400,motivated,burst_start_distance,255,2
all_400,motivated,burst_start_distance,256,5
all_400,motivated,burst_start_distance,257,2
all_400,motivated,burst_start_distance,258,4
all_400,motivated,burst_start_distance,259,5
all_400,motivated,burst_start_distance,260,1
all_400,motivated,burst_start_distance,261,1
all_400,motivated,burst_start_distance,262,1
all_400,motivated,burst_start_distance,264,2
all_400,motivated,burst_start_distance,265,2
all_400,motivated,burst_start_distance,266,4
all_400,motivated,burst_start_distance,269,1
all_400,motivated,burst_start_distance,270,2
all_400,motivated,burst_start_distance,271,1
all_400,motivated,burst_start_distance,272,6
all_400,motivated,burst_start_distance,273,2
all_400,motivated,burst_start_distance,275,2
all_400,motivated,burst_start_distance,276,2
all_400,motivated,burst_start_distance,277,3
all_400,motivated,burst_start_distance,280,2
all_400,motivated,burst_start_distance,281,3
all_400,motivated,burst_start_distance,282,3
all_400,motivated,burst_start_distance,283,1
all_400,motivated,burst_start_distance,284,3
all_400,motivated,burst_start_distance,285,4
all_400,motivated,burst_start_distance,286,4
all_400,motivated,burst_start_distance,287,1
all_400,motivated,burst_start_distance,288,3
all_400,motivated,burst_start_distance,289,3
all_400,motivated,burst_start_distance,290,1
all_400,motivated,burst_start_distance,292,1
all_400,motivated,burst_start_distance,293,1
all_400,motivated,burst_start_distance,294,1
all_400,motivated,burst_start_distance,295,2
all_400,motivated,burst_start_distance,297,1
all_400,motivated,burst_start_distance,299,1
all_400,motivated,burst_start_distance,300,2
all_400,motivated,burst_start_distance,304,2
all_400,motivated,burst_start_distance,306,2
all_400,motivated,burst_start_distance,307,2
all_400,motivated,burst_start_distance,308,2
all_400,motivated,burst_start_distance,309,1
all_400,motivated,burst_start_distance,310,1
all_400,motivated,burst_start_distance,311,1
all_400,motivated,burst_start_distance,312,1
all_400,motivated,burst_start_distance,314,2
all_400,motivated,burst_start_distance,315,2
all_400,motivated,burst_start_distance,318,1
all_400,motivated,burst_start_distance,319,1
all_400,motivated,burst_start_distance,322,1
all_400,motivated,burst_start_distance,323,1
all_400,motivated,burst_start_distance,328,3
all_400,motivated,burst_start_distance,329,2
all_400,motivated,burst_start_distance,330,1
all_400,motivated,burst_start_distance,332,1
all_400,motivated,burst_start_distance,334,1
all_400,motivated,burst_start_distance,335,2
all_400,motivated,burst_start_distance,344,1
all_400,motivated,burst_start_distance,345,1
all_400,motivated,burst_start_distance,348,1
all_400,motivated,burst_start_distance,349,1
all_400,motivated,burst_start_distance,352,1
all_400,motivated,burst_start_distance,363,1
all_400,motivated,burst_start_distance,373,1
all_400,motivated,burst_start_distance,375,1
all_400,motivated,burst_start_distance,378,1
all_400,motivated,burst_start_distance,380,2
all_400,motivated,burst_start_distance,385,1
all_400,motivated,burst_start_distance,397,1
all_400,motivated,burst_start_distance,404,1
all_400,motivated,burst_start_distance,416,1
all_400,motivated,burst_start_distance,420,1
all_400,motivated,burst_start_distance,426,1
all_400,motivated,burst_start_distance,428,1
all_400,motivated,burst_start_distance,433,1
all_400,motivated,burst_start_distance,553,1
four_displayed,suite,trigger_distance,1,238
four_displayed,suite,trigger_distance,2,63
four_displayed,suite,trigger_distance,3,50
four_displayed,suite,trigger_distance,4,37
four_displayed,suite,trigger_distance,5,26
four_displayed,suite,trigger_distance,6,14
four_displayed,suite,trigger_distance,7,23
four_displayed,suite,trigger_distance,8,11
four_displayed,suite,trigger_distance,9,14
four_displayed,suite,trigger_distance,10,8
four_displayed,suite,trigger_distance,11,6
four_displayed,suite,trigger_distance,12,4
four_displayed,suite,trigger_distance,13,4
four_displayed,suite,trigger_distance,14,6
four_displayed,suite,trigger_distance,15,5
four_displayed,suite,trigger_distance,16,3
four_displayed,suite,trigger_distance,17,3
four_displayed,suite,trigger_distance,18,1
four_displayed,suite,trigger_distance,19,8
four_displayed,suite,trigger_distance,20,1
four_displayed,suite,trigger_distance,21,6
four_displayed,suite,trigger_distance,22,2
four_displayed,suite,trigger_distance,23,1
four_displayed,suite,trigger_distance,24,1
four_displayed,suite,trigger_distance,25,2
four_displayed,suite,trigger_distance,26,1
four_displayed,suite,trigger_distance,27,2
four_displayed,suite,trigger_distance,28,2
four_displayed,suite,trigger_distance,29,3
four_displayed,suite,trigger_distance,30,3
four_displayed,suite,trigger_distance,31,2
four_displayed,suite,trigger_distance,32,3
four_displayed,suite,trigger_distance,33,1
four_displayed,suite,trigger_distance,35,1
four_displayed,suite,trigger_distance,36,1
four_displayed,suite,trigger_distance,37,4
four_displayed,suite,trigger_distance,40,2
four_displayed,suite,trigger_distance,41,1
four_displayed,suite,trigger_distance,44,1
four_displayed,suite,trigger_distance,46,1
four_displayed,suite,trigger_distance,47,1
four_displayed,suite,trigger_distance,48,2
four_displayed,suite,trigger_distance,49,1
four_displayed,suite,trigger_distance,50,2
four_displayed,suite,trigger_distance,51,1
four_displayed,suite,trigger_distance,52,1
four_displayed,suite,trigger_distance,55,2
four_displayed,suite,trigger_distance,57,1
four_displayed,suite,trigger_distance,58,2
four_displayed,suite,trigger_distance,60,1
four_displayed,suite,trigger_distance,61,2
four_displayed,suite,trigger_distance,63,1
four_displayed,suite,trigger_distance,67,1
four_displayed,suite,trigger_distance,69,1
four_displayed,suite,trigger_distance,70,1
four_displayed,suite,trigger_distance,71,1
four_displayed,suite,trigger_distance,75,1
four_displayed,suite,trigger_distance,76,2
four_displayed,suite,trigger_distance,78,1
four_displayed,suite,trigger_distance,79,1
four_displayed,suite,trigger_distance,80,1
four_displayed,suite,trigger_distance,81,1
four_displayed,suite,trigger_distance,83,1
four_displayed,suite,trigger_distance,84,1
four_displayed,suite,trigger_distance,85,1
four_displayed,suite,trigger_distance,86,1
four_displayed,suite,trigger_distance,87,1
four_displayed,suite,trigger_distance,92,2
four_displayed,suite,trigger_distance,93,1
four_displayed,suite,trigger_distance,97,1
four_displayed,suite,trigger_distance,99,1
four_displayed,suite,trigger_distance,104,1
four_displayed,suite,trigger_distance,106,1
four_displayed,suite,trigger_distance,111,2
four_displayed,suite,trigger_distance,113,1
four_displayed,suite,trigger_distance,117,1
four_displayed,suite,trigger_distance,121,1
four_displayed,suite,trigger_distance,132,1
four_displayed,suite,trigger_distance,133,1
four_displayed,suite,trigger_distance,135,1
four_displayed,suite,trigger_distance,136,1
four_displayed,suite,trigger_distance,138,1
four_displayed,suite,trigger_distance,155,1
four_displayed,suite,trigger_distance,157,1
four_displayed,suite,trigger_distance,158,1
four_displayed,suite,trigger_distance,159,1
four_displayed,suite,trigger_distance,161,1
four_displayed,suite,trigger_distance,162,1
four_displayed,suite,trigger_distance,180,1
four_displayed,suite,trigger_distance,190,1
four_displayed,suite,trigger_distance,208,1
four_displayed,suite,trigger_distance,215,1
four_displayed,suite,trigger_distance,220,1
four_displayed,suite,trigger_distance,233,1
four_displayed,suite,trigger_distance,246,1
four_displayed,suite,trigger_distance,249,1
four_displayed,suite,trigger_distance,251,1
four_displayed,suite,trigger_distance,294,1
four_displayed,suite,trigger_distance,301,1
four_displayed,suite,trigger_distance,308,1
four_displayed,suite,trigger_distance,356,1
four_displayed,suite,trigger_distance,422,1
four_displayed,suite,silent_gap,1,63
four_displayed,suite,silent_gap,2,50
four_displayed,suite,silent_gap,3,37
four_displayed,suite,silent_gap,4,26
four_displayed,suite,silent_gap,5,14
four_displayed,suite,silent_gap,6,23
four_displayed,suite,silent_gap,7,11
four_displayed,suite,silent_gap,8,14
four_displayed,suite,silent_gap,9,8
four_displayed,suite,silent_gap,10,6
four_displayed,suite,silent_gap,11,4
four_displayed,suite,silent_gap,12,4
four_displayed,suite,silent_gap,13,6
four_displayed,suite,silent_gap,14,5
four_displayed,suite,silent_gap,15,3
four_displayed,suite,silent_gap,16,3
four_displayed,suite,silent_gap,17,1
four_displayed,suite,silent_gap,18,8
four_displayed,suite,silent_gap,19,1
four_displayed,suite,silent_gap,20,6
four_displayed,suite,silent_gap,21,2
four_displayed,suite,silent_gap,22,1
four_displayed,suite,silent_gap,23,1
four_displayed,suite,silent_gap,24,2
four_displayed,suite,silent_gap,25,1
four_displayed,suite,silent_gap,26,2
four_displayed,suite,silent_gap,27,2
four_displayed,suite,silent_gap,28,3
four_displayed,suite,silent_gap,29,3
four_displayed,suite,silent_gap,30,2
four_displayed,suite,silent_gap,31,3
four_displayed,suite,silent_gap,32,1
four_displayed,suite,silent_gap,34,1
four_displayed,suite,silent_gap,35,1
four_displayed,suite,silent_gap,36,4
four_displayed,suite,silent_gap,39,2
four_displayed,suite,silent_gap,40,1
four_displayed,suite,silent_gap,43,1
four_displayed,suite,silent_gap,45,1
four_displayed,suite,silent_gap,46,1
four_displayed,suite,silent_gap,47,2
four_displayed,suite,silent_gap,48,1
four_displayed,suite,silent_gap,49,2
four_displayed,suite,silent_gap,50,1
four_displayed,suite,silent_gap,51,1
four_displayed,suite,silent_gap,54,2
four_displayed,suite,silent_gap,56,1
four_displayed,suite,silent_gap,57,2
four_displayed,suite,silent_gap,59,1
four_displayed,suite,silent_gap,60,2
four_displayed,suite,silent_gap,62,1
four_displayed,suite,silent_gap,66,1
four_displayed,suite,silent_gap,68,1
four_displayed,suite,silent_gap,69,1
four_displayed,suite,silent_gap,70,1
four_displayed,suite,silent_gap,74,1
four_displayed,suite,silent_gap,75,2
four_displayed,suite,silent_gap,77,1
four_displayed,suite,silent_gap,78,1
four_displayed,suite,silent_gap,79,1
four_displayed,suite,silent_gap,80,1
four_displayed,suite,silent_gap,82,1
four_displayed,suite,silent_gap,83,1
four_displayed,suite,silent_gap,84,1
four_displayed,suite,silent_gap,85,1
four_displayed,suite,silent_gap,86,1
four_displayed,suite,silent_gap,91,2
four_displayed,suite,silent_gap,92,1
four_displayed,suite,silent_gap,96,1
four_displayed,suite,silent_gap,98,1
four_displayed,suite,silent_gap,103,1
four_displayed,suite,silent_gap,105,1
four_displayed,suite,silent_gap,110,2
four_displayed,suite,silent_gap,112,1
four_displayed,suite,silent_gap,116,1
four_displayed,suite,silent_gap,120,1
four_displayed,suite,silent_gap,131,1
four_displayed,suite,silent_gap,132,1
four_displayed,suite,silent_gap,134,1
four_displayed,suite,silent_gap,135,1
four_displayed,suite,silent_gap,137,1
four_displayed,suite,silent_gap,154,1
four_displayed,suite,silent_gap,156,1
four_displayed,suite,silent_gap,157,1
four_displayed,suite,silent_gap,158,1
four_displayed,suite,silent_gap,160,1
four_displayed,suite,silent_gap,161,1
four_displayed,suite,silent_gap,179,1
four_displayed,suite,silent_gap,189,1
four_displayed,suite,silent_gap,207,1
four_displayed,suite,silent_gap,214,1
four_displayed,suite,silent_gap,219,1
four_displayed,suite,silent_gap,232,1
four_displayed,suite,silent_gap,245,1
four_displayed,suite,silent_gap,248,1
four_displayed,suite,silent_gap,250,1
four_displayed,suite,silent_gap,293,1
four_displayed,suite,silent_gap,300,1
four_displayed,suite,silent_gap,307,1
four_displayed,suite,silent_gap,355,1
four_displayed,suite,silent_gap,421,1
four_displayed,suite,burst_start_distance,2,37
four_displayed,suite,burst_start_distance,3,41
four_displayed,suite,burst_start_distance,4,38
four_displayed,suite,burst_start_distance,5,35
four_displayed,suite,burst_start_distance,6,22
four_displayed,suite,burst_start_distance,7,24
four_displayed,suite,burst_start_distance,8,16
four_displayed,suite,burst_start_distance,9,19
four_displayed,suite,burst_start_distance,10,11
four_displayed,suite,burst_start_distance,11,5
four_displayed,suite,burst_start_distance,12,7
four_displayed,suite,burst_start_distance,13,4
four_displayed,suite,burst_start_distance,14,6
four_displayed,suite,burst_start_distance,15,5
four_displayed,suite,burst_start_distance,16,3
four_displayed,suite,burst_start_distance,17,1
four_displayed,suite,burst_start_distance,18,3
four_displayed,suite,burst_start_distance,19,9
four_displayed,suite,burst_start_distance,21,7
four_displayed,suite,burst_start_distance,22,1
four_displayed,suite,burst_start_distance,23,2
four_displayed,suite,burst_start_distance,25,3
four_displayed,suite,burst_start_distance,26,1
four_displayed,suite,burst_start_distance,27,1
four_displayed,suite,burst_start_distance,28,3
four_displayed,suite,burst_start_distance,29,2
four_displayed,suite,burst_start_distance,30,4
four_displayed,suite,burst_start_distance,31,2
four_displayed,suite,burst_start_distance,32,3
four_displayed,suite,burst_start_distance,33,1
four_displayed,suite,burst_start_distance,35,1
four_displayed,suite,burst_start_distance,36,1
four_displayed,suite,burst_start_distance,37,3
four_displayed,suite,burst_start_distance,41,3
four_displayed,suite,burst_start_distance,42,1
four_displayed,suite,burst_start_distance,45,1
four_displayed,suite,burst_start_distance,46,1
four_displayed,suite,burst_start_distance,47,1
four_displayed,suite,burst_start_distance,48,1
four_displayed,suite,burst_start_distance,49,1
four_displayed,suite,burst_start_distance,50,3
four_displayed,suite,burst_start_distance,52,1
four_displayed,suite,burst_start_distance,53,1
four_displayed,suite,burst_start_distance,55,1
four_displayed,suite,burst_start_distance,57,2
four_displayed,suite,burst_start_distance,58,1
four_displayed,suite,burst_start_distance,59,1
four_displayed,suite,burst_start_distance,60,1
four_displayed,suite,burst_start_distance,61,2
four_displayed,suite,burst_start_distance,63,1
four_displayed,suite,burst_start_distance,67,1
four_displayed,suite,burst_start_distance,69,1
four_displayed,suite,burst_start_distance,71,1
four_displayed,suite,burst_start_distance,73,1
four_displayed,suite,burst_start_distance,75,1
four_displayed,suite,burst_start_distance,76,2
four_displayed,suite,burst_start_distance,78,1
four_displayed,suite,burst_start_distance,79,1
four_displayed,suite,burst_start_distance,81,1
four_displayed,suite,burst_start_distance,83,1
four_displayed,suite,burst_start_distance,84,1
four_displayed,suite,burst_start_distance,86,2
four_displayed,suite,burst_start_distance,87,1
four_displayed,suite,burst_start_distance,89,1
four_displayed,suite,burst_start_distance,92,2
four_displayed,suite,burst_start_distance,93,1
four_displayed,suite,burst_start_distance,97,1
four_displayed,suite,burst_start_distance,99,1
four_displayed,suite,burst_start_distance,106,1
four_displayed,suite,burst_start_distance,107,1
four_displayed,suite,burst_start_distance,111,2
four_displayed,suite,burst_start_distance,117,2
four_displayed,suite,burst_start_distance,121,1
four_displayed,suite,burst_start_distance,132,1
four_displayed,suite,burst_start_distance,133,1
four_displayed,suite,burst_start_distance,135,1
four_displayed,suite,burst_start_distance,136,1
four_displayed,suite,burst_start_distance,138,1
four_displayed,suite,burst_start_distance,155,1
four_displayed,suite,burst_start_distance,157,1
four_displayed,suite,burst_start_distance,158,1
four_displayed,suite,burst_start_distance,159,1
four_displayed,suite,burst_start_distance,161,1
four_displayed,suite,burst_start_distance,162,1
four_displayed,suite,burst_start_distance,182,1
four_displayed,suite,burst_start_distance,190,1
four_displayed,suite,burst_start_distance,208,1
four_displayed,suite,burst_start_distance,215,1
four_displayed,suite,burst_start_distance,220,1
four_displayed,suite,burst_start_distance,233,1
four_displayed,suite,burst_start_distance,247,1
four_displayed,suite,burst_start_distance,249,1
four_displayed,suite,burst_start_distance,251,1
four_displayed,suite,burst_start_distance,295,1
four_displayed,suite,burst_start_distance,302,1
four_displayed,suite,burst_start_distance,309,1
four_displayed,suite,burst_start_distance,356,1
four_displayed,suite,burst_start_distance,422,1
four_displayed,validator,trigger_distance,1,376
four_displayed,validator,trigger_distance,2,61
four_displayed,validator,trigger_distance,3,30
four_displayed,validator,trigger_distance,4,16
four_displayed,validator,trigger_distance,5,23
four_displayed,validator,trigger_distance,6,11
four_displayed,validator,trigger_distance,7,5
four_displayed,validator,trigger_distance,8,11
four_displayed,validator,trigger_distance,9,2
four_displayed,validator,trigger_distance,10,8
four_displayed,validator,trigger_distance,11,2
four_displayed,validator,trigger_distance,12,4
four_displayed,validator,trigger_distance,13,3
four_displayed,validator,trigger_distance,14,6
four_displayed,validator,trigger_distance,15,5
four_displayed,validator,trigger_distance,16,4
four_displayed,validator,trigger_distance,17,3
four_displayed,validator,trigger_distance,18,5
four_displayed,validator,trigger_distance,19,4
four_displayed,validator,trigger_distance,20,3
four_displayed,validator,trigger_distance,21,1
four_displayed,validator,trigger_distance,22,3
four_displayed,validator,trigger_distance,23,4
four_displayed,validator,trigger_distance,24,2
four_displayed,validator,trigger_distance,26,1
four_displayed,validator,trigger_distance,27,3
four_displayed,validator,trigger_distance,28,1
four_displayed,validator,trigger_distance,29,4
four_displayed,validator,trigger_distance,31,3
four_displayed,validator,trigger_distance,32,3
four_displayed,validator,trigger_distance,33,4
four_displayed,validator,trigger_distance,35,2
four_displayed,validator,trigger_distance,36,1
four_displayed,validator,trigger_distance,37,1
four_displayed,validator,trigger_distance,40,1
four_displayed,validator,trigger_distance,41,1
four_displayed,validator,trigger_distance,43,2
four_displayed,validator,trigger_distance,44,1
four_displayed,validator,trigger_distance,45,4
four_displayed,validator,trigger_distance,46,1
four_displayed,validator,trigger_distance,47,2
four_displayed,validator,trigger_distance,49,1
four_displayed,validator,trigger_distance,51,3
four_displayed,validator,trigger_distance,52,1
four_displayed,validator,trigger_distance,53,1
four_displayed,validator,trigger_distance,54,2
four_displayed,validator,trigger_distance,55,3
four_displayed,validator,trigger_distance,56,1
four_displayed,validator,trigger_distance,57,1
four_displayed,validator,trigger_distance,58,2
four_displayed,validator,trigger_distance,59,1
four_displayed,validator,trigger_distance,60,1
four_displayed,validator,trigger_distance,62,3
four_displayed,validator,trigger_distance,63,1
four_displayed,validator,trigger_distance,64,2
four_displayed,validator,trigger_distance,66,1
four_displayed,validator,trigger_distance,67,1
four_displayed,validator,trigger_distance,71,1
four_displayed,validator,trigger_distance,72,1
four_displayed,validator,trigger_distance,73,4
four_displayed,validator,trigger_distance,75,1
four_displayed,validator,trigger_distance,81,1
four_displayed,validator,trigger_distance,82,1
four_displayed,validator,trigger_distance,85,1
four_displayed,validator,trigger_distance,86,2
four_displayed,validator,trigger_distance,90,1
four_displayed,validator,trigger_distance,91,1
four_displayed,validator,trigger_distance,93,1
four_displayed,validator,trigger_distance,96,1
four_displayed,validator,trigger_distance,97,2
four_displayed,validator,trigger_distance,100,1
four_displayed,validator,trigger_distance,107,2
four_displayed,validator,trigger_distance,109,1
four_displayed,validator,trigger_distance,110,1
four_displayed,validator,trigger_distance,114,1
four_displayed,validator,trigger_distance,118,1
four_displayed,validator,trigger_distance,120,1
four_displayed,validator,trigger_distance,121,1
four_displayed,validator,trigger_distance,123,2
four_displayed,validator,trigger_distance,127,1
four_displayed,validator,trigger_distance,132,1
four_displayed,validator,trigger_distance,135,1
four_displayed,validator,trigger_distance,138,1
four_displayed,validator,trigger_distance,145,1
four_displayed,validator,trigger_distance,147,1
four_displayed,validator,trigger_distance,148,1
four_displayed,validator,trigger_distance,159,1
four_displayed,validator,trigger_distance,169,2
four_displayed,validator,trigger_distance,182,2
four_displayed,validator,trigger_distance,187,1
four_displayed,validator,trigger_distance,199,1
four_displayed,validator,trigger_distance,210,1
four_displayed,validator,trigger_distance,238,1
four_displayed,validator,trigger_distance,241,1
four_displayed,validator,trigger_distance,277,1
four_displayed,validator,trigger_distance,323,1
four_displayed,validator,trigger_distance,395,1
four_displayed,validator,silent_gap,1,61
four_displayed,validator,silent_gap,2,30
four_displayed,validator,silent_gap,3,16
four_displayed,validator,silent_gap,4,23
four_displayed,validator,silent_gap,5,11
four_displayed,validator,silent_gap,6,5
four_displayed,validator,silent_gap,7,11
four_displayed,validator,silent_gap,8,2
four_displayed,validator,silent_gap,9,8
four_displayed,validator,silent_gap,10,2
four_displayed,validator,silent_gap,11,4
four_displayed,validator,silent_gap,12,3
four_displayed,validator,silent_gap,13,6
four_displayed,validator,silent_gap,14,5
four_displayed,validator,silent_gap,15,4
four_displayed,validator,silent_gap,16,3
four_displayed,validator,silent_gap,17,5
four_displayed,validator,silent_gap,18,4
four_displayed,validator,silent_gap,19,3
four_displayed,validator,silent_gap,20,1
four_displayed,validator,silent_gap,21,3
four_displayed,validator,silent_gap,22,4
four_displayed,validator,silent_gap,23,2
four_displayed,validator,silent_gap,25,1
four_displayed,validator,silent_gap,26,3
four_displayed,validator,silent_gap,27,1
four_displayed,validator,silent_gap,28,4
four_displayed,validator,silent_gap,30,3
four_displayed,validator,silent_gap,31,3
four_displayed,validator,silent_gap,32,4
four_displayed,validator,silent_gap,34,2
four_displayed,validator,silent_gap,35,1
four_displayed,validator,silent_gap,36,1
four_displayed,validator,silent_gap,39,1
four_displayed,validator,silent_gap,40,1
four_displayed,validator,silent_gap,42,2
four_displayed,validator,silent_gap,43,1
four_displayed,validator,silent_gap,44,4
four_displayed,validator,silent_gap,45,1
four_displayed,validator,silent_gap,46,2
four_displayed,validator,silent_gap,48,1
four_displayed,validator,silent_gap,50,3
four_displayed,validator,silent_gap,51,1
four_displayed,validator,silent_gap,52,1
four_displayed,validator,silent_gap,53,2
four_displayed,validator,silent_gap,54,3
four_displayed,validator,silent_gap,55,1
four_displayed,validator,silent_gap,56,1
four_displayed,validator,silent_gap,57,2
four_displayed,validator,silent_gap,58,1
four_displayed,validator,silent_gap,59,1
four_displayed,validator,silent_gap,61,3
four_displayed,validator,silent_gap,62,1
four_displayed,validator,silent_gap,63,2
four_displayed,validator,silent_gap,65,1
four_displayed,validator,silent_gap,66,1
four_displayed,validator,silent_gap,70,1
four_displayed,validator,silent_gap,71,1
four_displayed,validator,silent_gap,72,4
four_displayed,validator,silent_gap,74,1
four_displayed,validator,silent_gap,80,1
four_displayed,validator,silent_gap,81,1
four_displayed,validator,silent_gap,84,1
four_displayed,validator,silent_gap,85,2
four_displayed,validator,silent_gap,89,1
four_displayed,validator,silent_gap,90,1
four_displayed,validator,silent_gap,92,1
four_displayed,validator,silent_gap,95,1
four_displayed,validator,silent_gap,96,2
four_displayed,validator,silent_gap,99,1
four_displayed,validator,silent_gap,106,2
four_displayed,validator,silent_gap,108,1
four_displayed,validator,silent_gap,109,1
four_displayed,validator,silent_gap,113,1
four_displayed,validator,silent_gap,117,1
four_displayed,validator,silent_gap,119,1
four_displayed,validator,silent_gap,120,1
four_displayed,validator,silent_gap,122,2
four_displayed,validator,silent_gap,126,1
four_displayed,validator,silent_gap,131,1
four_displayed,validator,silent_gap,134,1
four_displayed,validator,silent_gap,137,1
four_displayed,validator,silent_gap,144,1
four_displayed,validator,silent_gap,146,1
four_displayed,validator,silent_gap,147,1
four_displayed,validator,silent_gap,158,1
four_displayed,validator,silent_gap,168,2
four_displayed,validator,silent_gap,181,2
four_displayed,validator,silent_gap,186,1
four_displayed,validator,silent_gap,198,1
four_displayed,validator,silent_gap,209,1
four_displayed,validator,silent_gap,237,1
four_displayed,validator,silent_gap,240,1
four_displayed,validator,silent_gap,276,1
four_displayed,validator,silent_gap,322,1
four_displayed,validator,silent_gap,394,1
four_displayed,validator,burst_start_distance,2,30
four_displayed,validator,burst_start_distance,3,24
four_displayed,validator,burst_start_distance,4,19
four_displayed,validator,burst_start_distance,5,29
four_displayed,validator,burst_start_distance,6,10
four_displayed,validator,burst_start_distance,7,17
four_displayed,validator,burst_start_distance,8,7
four_displayed,validator,burst_start_distance,9,13
four_displayed,validator,burst_start_distance,10,5
four_displayed,validator,burst_start_distance,11,4
four_displayed,validator,burst_start_distance,12,9
four_displayed,validator,burst_start_distance,13,5
four_displayed,validator,burst_start_distance,14,7
four_displayed,validator,burst_start_distance,15,5
four_displayed,validator,burst_start_distance,16,5
four_displayed,validator,burst_start_distance,17,4
four_displayed,validator,burst_start_distance,18,2
four_displayed,validator,burst_start_distance,19,5
four_displayed,validator,burst_start_distance,20,3
four_displayed,validator,burst_start_distance,21,2
four_displayed,validator,burst_start_distance,22,3
four_displayed,validator,burst_start_distance,23,4
four_displayed,validator,burst_start_distance,24,2
four_displayed,validator,burst_start_distance,25,2
four_displayed,validator,burst_start_distance,27,2
four_displayed,validator,burst_start_distance,28,1
four_displayed,validator,burst_start_distance,29,4
four_displayed,validator,burst_start_distance,31,3
four_displayed,validator,burst_start_distance,32,1
four_displayed,validator,burst_start_distance,33,4
four_displayed,validator,burst_start_distance,34,3
four_displayed,validator,burst_start_distance,35,1
four_displayed,validator,burst_start_distance,36,2
four_displayed,validator,burst_start_distance,37,1
four_displayed,validator,burst_start_distance,40,1
four_displayed,validator,burst_start_distance,41,1
four_displayed,validator,burst_start_distance,43,2
four_displayed,validator,burst_start_distance,44,2
four_displayed,validator,burst_start_distance,45,2
four_displayed,validator,burst_start_distance,46,2
four_displayed,validator,burst_start_distance,47,2
four_displayed,validator,burst_start_distance,49,1
four_displayed,validator,burst_start_distance,51,4
four_displayed,validator,burst_start_distance,53,1
four_displayed,validator,burst_start_distance,54,1
four_displayed,validator,burst_start_distance,55,2
four_displayed,validator,burst_start_distance,56,2
four_displayed,validator,burst_start_distance,57,3
four_displayed,validator,burst_start_distance,60,1
four_displayed,validator,burst_start_distance,61,2
four_displayed,validator,burst_start_distance,62,3
four_displayed,validator,burst_start_distance,63,1
four_displayed,validator,burst_start_distance,64,2
four_displayed,validator,burst_start_distance,66,1
four_displayed,validator,burst_start_distance,67,2
four_displayed,validator,burst_start_distance,72,1
four_displayed,validator,burst_start_distance,73,4
four_displayed,validator,burst_start_distance,75,2
four_displayed,validator,burst_start_distance,82,2
four_displayed,validator,burst_start_distance,85,1
four_displayed,validator,burst_start_distance,87,2
four_displayed,validator,burst_start_distance,90,1
four_displayed,validator,burst_start_distance,93,1
four_displayed,validator,burst_start_distance,94,1
four_displayed,validator,burst_start_distance,96,1
four_displayed,validator,burst_start_distance,97,1
four_displayed,validator,burst_start_distance,98,1
four_displayed,validator,burst_start_distance,100,1
four_displayed,validator,burst_start_distance,107,2
four_displayed,validator,burst_start_distance,109,1
four_displayed,validator,burst_start_distance,110,1
four_displayed,validator,burst_start_distance,114,1
four_displayed,validator,burst_start_distance,119,1
four_displayed,validator,burst_start_distance,121,2
four_displayed,validator,burst_start_distance,123,2
four_displayed,validator,burst_start_distance,127,1
four_displayed,validator,burst_start_distance,132,1
four_displayed,validator,burst_start_distance,135,1
four_displayed,validator,burst_start_distance,138,1
four_displayed,validator,burst_start_distance,146,1
four_displayed,validator,burst_start_distance,149,1
four_displayed,validator,burst_start_distance,153,1
four_displayed,validator,burst_start_distance,159,1
four_displayed,validator,burst_start_distance,169,2
four_displayed,validator,burst_start_distance,183,1
four_displayed,validator,burst_start_distance,187,1
four_displayed,validator,burst_start_distance,191,1
four_displayed,validator,burst_start_distance,203,1
four_displayed,validator,burst_start_distance,211,1
four_displayed,validator,burst_start_distance,239,1
four_displayed,validator,burst_start_distance,241,1
four_displayed,validator,burst_start_distance,277,1
four_displayed,validator,burst_start_distance,323,1
four_displayed,validator,burst_start_distance,396,1
four_displayed,scorefile,trigger_distance,1,321
four_displayed,scorefile,trigger_distance,2,82
four_displayed,scorefile,trigger_distance,3,40
four_displayed,scorefile,trigger_distance,4,32
four_displayed,scorefile,trigger_distance,5,21
four_displayed,scorefile,trigger_distance,6,15
four_displayed,scorefile,trigger_distance,7,17
four_displayed,scorefile,trigger_distance,8,10
four_displayed,scorefile,trigger_distance,9,10
four_displayed,scorefile,trigger_distance,10,7
four_displayed,scorefile,trigger_distance,11,7
four_displayed,scorefile,trigger_distance,12,1
four_displayed,scorefile,trigger_distance,13,15
four_displayed,scorefile,trigger_distance,14,6
four_displayed,scorefile,trigger_distance,15,4
four_displayed,scorefile,trigger_distance,16,6
four_displayed,scorefile,trigger_distance,17,3
four_displayed,scorefile,trigger_distance,18,4
four_displayed,scorefile,trigger_distance,19,5
four_displayed,scorefile,trigger_distance,20,3
four_displayed,scorefile,trigger_distance,21,4
four_displayed,scorefile,trigger_distance,22,2
four_displayed,scorefile,trigger_distance,23,1
four_displayed,scorefile,trigger_distance,24,3
four_displayed,scorefile,trigger_distance,25,4
four_displayed,scorefile,trigger_distance,26,1
four_displayed,scorefile,trigger_distance,28,2
four_displayed,scorefile,trigger_distance,29,1
four_displayed,scorefile,trigger_distance,31,2
four_displayed,scorefile,trigger_distance,32,2
four_displayed,scorefile,trigger_distance,33,2
four_displayed,scorefile,trigger_distance,34,1
four_displayed,scorefile,trigger_distance,35,4
four_displayed,scorefile,trigger_distance,36,2
four_displayed,scorefile,trigger_distance,37,2
four_displayed,scorefile,trigger_distance,38,4
four_displayed,scorefile,trigger_distance,39,3
four_displayed,scorefile,trigger_distance,40,3
four_displayed,scorefile,trigger_distance,41,4
four_displayed,scorefile,trigger_distance,42,2
four_displayed,scorefile,trigger_distance,43,3
four_displayed,scorefile,trigger_distance,44,1
four_displayed,scorefile,trigger_distance,45,1
four_displayed,scorefile,trigger_distance,47,3
four_displayed,scorefile,trigger_distance,48,1
four_displayed,scorefile,trigger_distance,49,2
four_displayed,scorefile,trigger_distance,50,2
four_displayed,scorefile,trigger_distance,51,3
four_displayed,scorefile,trigger_distance,52,1
four_displayed,scorefile,trigger_distance,53,1
four_displayed,scorefile,trigger_distance,54,2
four_displayed,scorefile,trigger_distance,55,3
four_displayed,scorefile,trigger_distance,56,1
four_displayed,scorefile,trigger_distance,57,2
four_displayed,scorefile,trigger_distance,58,1
four_displayed,scorefile,trigger_distance,61,1
four_displayed,scorefile,trigger_distance,63,1
four_displayed,scorefile,trigger_distance,64,1
four_displayed,scorefile,trigger_distance,65,1
four_displayed,scorefile,trigger_distance,66,1
four_displayed,scorefile,trigger_distance,68,1
four_displayed,scorefile,trigger_distance,69,2
four_displayed,scorefile,trigger_distance,72,1
four_displayed,scorefile,trigger_distance,73,1
four_displayed,scorefile,trigger_distance,74,1
four_displayed,scorefile,trigger_distance,75,1
four_displayed,scorefile,trigger_distance,77,2
four_displayed,scorefile,trigger_distance,79,1
four_displayed,scorefile,trigger_distance,81,3
four_displayed,scorefile,trigger_distance,83,1
four_displayed,scorefile,trigger_distance,86,1
four_displayed,scorefile,trigger_distance,87,1
four_displayed,scorefile,trigger_distance,88,3
four_displayed,scorefile,trigger_distance,89,1
four_displayed,scorefile,trigger_distance,91,1
four_displayed,scorefile,trigger_distance,92,1
four_displayed,scorefile,trigger_distance,94,1
four_displayed,scorefile,trigger_distance,95,1
four_displayed,scorefile,trigger_distance,100,2
four_displayed,scorefile,trigger_distance,102,1
four_displayed,scorefile,trigger_distance,105,1
four_displayed,scorefile,trigger_distance,107,1
four_displayed,scorefile,trigger_distance,110,1
four_displayed,scorefile,trigger_distance,113,1
four_displayed,scorefile,trigger_distance,115,1
four_displayed,scorefile,trigger_distance,117,1
four_displayed,scorefile,trigger_distance,122,1
four_displayed,scorefile,trigger_distance,123,1
four_displayed,scorefile,trigger_distance,126,1
four_displayed,scorefile,trigger_distance,130,1
four_displayed,scorefile,trigger_distance,132,1
four_displayed,scorefile,trigger_distance,134,1
four_displayed,scorefile,trigger_distance,139,1
four_displayed,scorefile,trigger_distance,143,1
four_displayed,scorefile,trigger_distance,147,1
four_displayed,scorefile,trigger_distance,150,1
four_displayed,scorefile,trigger_distance,151,1
four_displayed,scorefile,trigger_distance,154,1
four_displayed,scorefile,trigger_distance,165,1
four_displayed,scorefile,trigger_distance,172,1
four_displayed,scorefile,trigger_distance,173,1
four_displayed,scorefile,trigger_distance,179,1
four_displayed,scorefile,trigger_distance,209,1
four_displayed,scorefile,trigger_distance,216,1
four_displayed,scorefile,trigger_distance,242,1
four_displayed,scorefile,trigger_distance,311,1
four_displayed,scorefile,trigger_distance,335,1
four_displayed,scorefile,silent_gap,1,82
four_displayed,scorefile,silent_gap,2,40
four_displayed,scorefile,silent_gap,3,32
four_displayed,scorefile,silent_gap,4,21
four_displayed,scorefile,silent_gap,5,15
four_displayed,scorefile,silent_gap,6,17
four_displayed,scorefile,silent_gap,7,10
four_displayed,scorefile,silent_gap,8,10
four_displayed,scorefile,silent_gap,9,7
four_displayed,scorefile,silent_gap,10,7
four_displayed,scorefile,silent_gap,11,1
four_displayed,scorefile,silent_gap,12,15
four_displayed,scorefile,silent_gap,13,6
four_displayed,scorefile,silent_gap,14,4
four_displayed,scorefile,silent_gap,15,6
four_displayed,scorefile,silent_gap,16,3
four_displayed,scorefile,silent_gap,17,4
four_displayed,scorefile,silent_gap,18,5
four_displayed,scorefile,silent_gap,19,3
four_displayed,scorefile,silent_gap,20,4
four_displayed,scorefile,silent_gap,21,2
four_displayed,scorefile,silent_gap,22,1
four_displayed,scorefile,silent_gap,23,3
four_displayed,scorefile,silent_gap,24,4
four_displayed,scorefile,silent_gap,25,1
four_displayed,scorefile,silent_gap,27,2
four_displayed,scorefile,silent_gap,28,1
four_displayed,scorefile,silent_gap,30,2
four_displayed,scorefile,silent_gap,31,2
four_displayed,scorefile,silent_gap,32,2
four_displayed,scorefile,silent_gap,33,1
four_displayed,scorefile,silent_gap,34,4
four_displayed,scorefile,silent_gap,35,2
four_displayed,scorefile,silent_gap,36,2
four_displayed,scorefile,silent_gap,37,4
four_displayed,scorefile,silent_gap,38,3
four_displayed,scorefile,silent_gap,39,3
four_displayed,scorefile,silent_gap,40,4
four_displayed,scorefile,silent_gap,41,2
four_displayed,scorefile,silent_gap,42,3
four_displayed,scorefile,silent_gap,43,1
four_displayed,scorefile,silent_gap,44,1
four_displayed,scorefile,silent_gap,46,3
four_displayed,scorefile,silent_gap,47,1
four_displayed,scorefile,silent_gap,48,2
four_displayed,scorefile,silent_gap,49,2
four_displayed,scorefile,silent_gap,50,3
four_displayed,scorefile,silent_gap,51,1
four_displayed,scorefile,silent_gap,52,1
four_displayed,scorefile,silent_gap,53,2
four_displayed,scorefile,silent_gap,54,3
four_displayed,scorefile,silent_gap,55,1
four_displayed,scorefile,silent_gap,56,2
four_displayed,scorefile,silent_gap,57,1
four_displayed,scorefile,silent_gap,60,1
four_displayed,scorefile,silent_gap,62,1
four_displayed,scorefile,silent_gap,63,1
four_displayed,scorefile,silent_gap,64,1
four_displayed,scorefile,silent_gap,65,1
four_displayed,scorefile,silent_gap,67,1
four_displayed,scorefile,silent_gap,68,2
four_displayed,scorefile,silent_gap,71,1
four_displayed,scorefile,silent_gap,72,1
four_displayed,scorefile,silent_gap,73,1
four_displayed,scorefile,silent_gap,74,1
four_displayed,scorefile,silent_gap,76,2
four_displayed,scorefile,silent_gap,78,1
four_displayed,scorefile,silent_gap,80,3
four_displayed,scorefile,silent_gap,82,1
four_displayed,scorefile,silent_gap,85,1
four_displayed,scorefile,silent_gap,86,1
four_displayed,scorefile,silent_gap,87,3
four_displayed,scorefile,silent_gap,88,1
four_displayed,scorefile,silent_gap,90,1
four_displayed,scorefile,silent_gap,91,1
four_displayed,scorefile,silent_gap,93,1
four_displayed,scorefile,silent_gap,94,1
four_displayed,scorefile,silent_gap,99,2
four_displayed,scorefile,silent_gap,101,1
four_displayed,scorefile,silent_gap,104,1
four_displayed,scorefile,silent_gap,106,1
four_displayed,scorefile,silent_gap,109,1
four_displayed,scorefile,silent_gap,112,1
four_displayed,scorefile,silent_gap,114,1
four_displayed,scorefile,silent_gap,116,1
four_displayed,scorefile,silent_gap,121,1
four_displayed,scorefile,silent_gap,122,1
four_displayed,scorefile,silent_gap,125,1
four_displayed,scorefile,silent_gap,129,1
four_displayed,scorefile,silent_gap,131,1
four_displayed,scorefile,silent_gap,133,1
four_displayed,scorefile,silent_gap,138,1
four_displayed,scorefile,silent_gap,142,1
four_displayed,scorefile,silent_gap,146,1
four_displayed,scorefile,silent_gap,149,1
four_displayed,scorefile,silent_gap,150,1
four_displayed,scorefile,silent_gap,153,1
four_displayed,scorefile,silent_gap,164,1
four_displayed,scorefile,silent_gap,171,1
four_displayed,scorefile,silent_gap,172,1
four_displayed,scorefile,silent_gap,178,1
four_displayed,scorefile,silent_gap,208,1
four_displayed,scorefile,silent_gap,215,1
four_displayed,scorefile,silent_gap,241,1
four_displayed,scorefile,silent_gap,310,1
four_displayed,scorefile,silent_gap,334,1
four_displayed,scorefile,burst_start_distance,2,50
four_displayed,scorefile,burst_start_distance,3,41
four_displayed,scorefile,burst_start_distance,4,36
four_displayed,scorefile,burst_start_distance,5,28
four_displayed,scorefile,burst_start_distance,6,15
four_displayed,scorefile,burst_start_distance,7,18
four_displayed,scorefile,burst_start_distance,8,12
four_displayed,scorefile,burst_start_distance,9,15
four_displayed,scorefile,burst_start_distance,10,7
four_displayed,scorefile,burst_start_distance,11,11
four_displayed,scorefile,burst_start_distance,12,6
four_displayed,scorefile,burst_start_distance,13,14
four_displayed,scorefile,burst_start_distance,14,6
four_displayed,scorefile,burst_start_distance,15,6
four_displayed,scorefile,burst_start_distance,16,4
four_displayed,scorefile,burst_start_distance,17,5
four_displayed,scorefile,burst_start_distance,18,3
four_displayed,scorefile,burst_start_distance,19,5
four_displayed,scorefile,burst_start_distance,20,3
four_displayed,scorefile,burst_start_distance,21,5
four_displayed,scorefile,burst_start_distance,22,2
four_displayed,scorefile,burst_start_distance,23,1
four_displayed,scorefile,burst_start_distance,24,5
four_displayed,scorefile,burst_start_distance,25,3
four_displayed,scorefile,burst_start_distance,26,2
four_displayed,scorefile,burst_start_distance,28,1
four_displayed,scorefile,burst_start_distance,30,1
four_displayed,scorefile,burst_start_distance,31,1
four_displayed,scorefile,burst_start_distance,32,3
four_displayed,scorefile,burst_start_distance,34,2
four_displayed,scorefile,burst_start_distance,35,4
four_displayed,scorefile,burst_start_distance,36,2
four_displayed,scorefile,burst_start_distance,37,2
four_displayed,scorefile,burst_start_distance,38,4
four_displayed,scorefile,burst_start_distance,39,4
four_displayed,scorefile,burst_start_distance,40,3
four_displayed,scorefile,burst_start_distance,41,2
four_displayed,scorefile,burst_start_distance,42,1
four_displayed,scorefile,burst_start_distance,43,3
four_displayed,scorefile,burst_start_distance,44,2
four_displayed,scorefile,burst_start_distance,45,3
four_displayed,scorefile,burst_start_distance,46,1
four_displayed,scorefile,burst_start_distance,47,3
four_displayed,scorefile,burst_start_distance,48,1
four_displayed,scorefile,burst_start_distance,49,2
four_displayed,scorefile,burst_start_distance,50,2
four_displayed,scorefile,burst_start_distance,51,3
four_displayed,scorefile,burst_start_distance,52,1
four_displayed,scorefile,burst_start_distance,53,1
four_displayed,scorefile,burst_start_distance,54,1
four_displayed,scorefile,burst_start_distance,55,2
four_displayed,scorefile,burst_start_distance,56,2
four_displayed,scorefile,burst_start_distance,58,3
four_displayed,scorefile,burst_start_distance,60,1
four_displayed,scorefile,burst_start_distance,61,1
four_displayed,scorefile,burst_start_distance,63,1
four_displayed,scorefile,burst_start_distance,64,1
four_displayed,scorefile,burst_start_distance,65,1
four_displayed,scorefile,burst_start_distance,66,1
four_displayed,scorefile,burst_start_distance,68,1
four_displayed,scorefile,burst_start_distance,69,2
four_displayed,scorefile,burst_start_distance,72,1
four_displayed,scorefile,burst_start_distance,73,1
four_displayed,scorefile,burst_start_distance,76,2
four_displayed,scorefile,burst_start_distance,77,2
four_displayed,scorefile,burst_start_distance,81,1
four_displayed,scorefile,burst_start_distance,82,3
four_displayed,scorefile,burst_start_distance,84,1
four_displayed,scorefile,burst_start_distance,86,1
four_displayed,scorefile,burst_start_distance,87,1
four_displayed,scorefile,burst_start_distance,88,2
four_displayed,scorefile,burst_start_distance,89,2
four_displayed,scorefile,burst_start_distance,91,1
four_displayed,scorefile,burst_start_distance,94,2
four_displayed,scorefile,burst_start_distance,95,1
four_displayed,scorefile,burst_start_distance,100,1
four_displayed,scorefile,burst_start_distance,101,1
four_displayed,scorefile,burst_start_distance,102,1
four_displayed,scorefile,burst_start_distance,107,1
four_displayed,scorefile,burst_start_distance,110,1
four_displayed,scorefile,burst_start_distance,111,1
four_displayed,scorefile,burst_start_distance,113,1
four_displayed,scorefile,burst_start_distance,115,1
four_displayed,scorefile,burst_start_distance,117,1
four_displayed,scorefile,burst_start_distance,122,1
four_displayed,scorefile,burst_start_distance,125,1
four_displayed,scorefile,burst_start_distance,130,2
four_displayed,scorefile,burst_start_distance,132,1
four_displayed,scorefile,burst_start_distance,135,1
four_displayed,scorefile,burst_start_distance,139,1
four_displayed,scorefile,burst_start_distance,144,1
four_displayed,scorefile,burst_start_distance,147,1
four_displayed,scorefile,burst_start_distance,151,1
four_displayed,scorefile,burst_start_distance,154,1
four_displayed,scorefile,burst_start_distance,158,1
four_displayed,scorefile,burst_start_distance,165,1
four_displayed,scorefile,burst_start_distance,173,1
four_displayed,scorefile,burst_start_distance,174,1
four_displayed,scorefile,burst_start_distance,180,1
four_displayed,scorefile,burst_start_distance,209,1
four_displayed,scorefile,burst_start_distance,216,1
four_displayed,scorefile,burst_start_distance,242,1
four_displayed,scorefile,burst_start_distance,311,1
four_displayed,scorefile,burst_start_distance,335,1
four_displayed,acquire,trigger_distance,1,206
four_displayed,acquire,trigger_distance,2,75
four_displayed,acquire,trigger_distance,3,17
four_displayed,acquire,trigger_distance,4,30
four_displayed,acquire,trigger_distance,5,19
four_displayed,acquire,trigger_distance,6,14
four_displayed,acquire,trigger_distance,7,16
four_displayed,acquire,trigger_distance,8,10
four_displayed,acquire,trigger_distance,9,8
four_displayed,acquire,trigger_distance,10,6
four_displayed,acquire,trigger_distance,11,7
four_displayed,acquire,trigger_distance,12,4
four_displayed,acquire,trigger_distance,13,6
four_displayed,acquire,trigger_distance,14,4
four_displayed,acquire,trigger_distance,15,5
four_displayed,acquire,trigger_distance,16,6
four_displayed,acquire,trigger_distance,17,3
four_displayed,acquire,trigger_distance,18,5
four_displayed,acquire,trigger_distance,19,3
four_displayed,acquire,trigger_distance,20,5
four_displayed,acquire,trigger_distance,21,8
four_displayed,acquire,trigger_distance,22,5
four_displayed,acquire,trigger_distance,23,3
four_displayed,acquire,trigger_distance,24,2
four_displayed,acquire,trigger_distance,25,3
four_displayed,acquire,trigger_distance,26,2
four_displayed,acquire,trigger_distance,27,2
four_displayed,acquire,trigger_distance,28,2
four_displayed,acquire,trigger_distance,29,2
four_displayed,acquire,trigger_distance,30,4
four_displayed,acquire,trigger_distance,31,3
four_displayed,acquire,trigger_distance,32,5
four_displayed,acquire,trigger_distance,33,2
four_displayed,acquire,trigger_distance,34,3
four_displayed,acquire,trigger_distance,35,3
four_displayed,acquire,trigger_distance,36,1
four_displayed,acquire,trigger_distance,37,2
four_displayed,acquire,trigger_distance,39,4
four_displayed,acquire,trigger_distance,41,2
four_displayed,acquire,trigger_distance,42,4
four_displayed,acquire,trigger_distance,43,1
four_displayed,acquire,trigger_distance,44,1
four_displayed,acquire,trigger_distance,45,2
four_displayed,acquire,trigger_distance,47,1
four_displayed,acquire,trigger_distance,49,2
four_displayed,acquire,trigger_distance,51,1
four_displayed,acquire,trigger_distance,52,2
four_displayed,acquire,trigger_distance,53,2
four_displayed,acquire,trigger_distance,54,1
four_displayed,acquire,trigger_distance,60,1
four_displayed,acquire,trigger_distance,61,1
four_displayed,acquire,trigger_distance,62,1
four_displayed,acquire,trigger_distance,65,2
four_displayed,acquire,trigger_distance,66,1
four_displayed,acquire,trigger_distance,67,1
four_displayed,acquire,trigger_distance,68,2
four_displayed,acquire,trigger_distance,69,1
four_displayed,acquire,trigger_distance,72,1
four_displayed,acquire,trigger_distance,73,1
four_displayed,acquire,trigger_distance,76,1
four_displayed,acquire,trigger_distance,80,1
four_displayed,acquire,trigger_distance,85,1
four_displayed,acquire,trigger_distance,90,1
four_displayed,acquire,trigger_distance,91,2
four_displayed,acquire,trigger_distance,93,3
four_displayed,acquire,trigger_distance,98,1
four_displayed,acquire,trigger_distance,100,1
four_displayed,acquire,trigger_distance,107,1
four_displayed,acquire,trigger_distance,109,1
four_displayed,acquire,trigger_distance,110,1
four_displayed,acquire,trigger_distance,113,2
four_displayed,acquire,trigger_distance,120,1
four_displayed,acquire,trigger_distance,121,1
four_displayed,acquire,trigger_distance,123,2
four_displayed,acquire,trigger_distance,124,1
four_displayed,acquire,trigger_distance,125,2
four_displayed,acquire,trigger_distance,127,1
four_displayed,acquire,trigger_distance,131,2
four_displayed,acquire,trigger_distance,132,1
four_displayed,acquire,trigger_distance,136,1
four_displayed,acquire,trigger_distance,140,3
four_displayed,acquire,trigger_distance,144,1
four_displayed,acquire,trigger_distance,162,1
four_displayed,acquire,trigger_distance,170,1
four_displayed,acquire,trigger_distance,202,1
four_displayed,acquire,trigger_distance,210,1
four_displayed,acquire,trigger_distance,240,1
four_displayed,acquire,trigger_distance,246,2
four_displayed,acquire,trigger_distance,258,1
four_displayed,acquire,trigger_distance,268,1
four_displayed,acquire,trigger_distance,294,1
four_displayed,acquire,trigger_distance,334,1
four_displayed,acquire,trigger_distance,443,1
four_displayed,acquire,silent_gap,1,75
four_displayed,acquire,silent_gap,2,17
four_displayed,acquire,silent_gap,3,30
four_displayed,acquire,silent_gap,4,19
four_displayed,acquire,silent_gap,5,14
four_displayed,acquire,silent_gap,6,16
four_displayed,acquire,silent_gap,7,10
four_displayed,acquire,silent_gap,8,8
four_displayed,acquire,silent_gap,9,6
four_displayed,acquire,silent_gap,10,7
four_displayed,acquire,silent_gap,11,4
four_displayed,acquire,silent_gap,12,6
four_displayed,acquire,silent_gap,13,4
four_displayed,acquire,silent_gap,14,5
four_displayed,acquire,silent_gap,15,6
four_displayed,acquire,silent_gap,16,3
four_displayed,acquire,silent_gap,17,5
four_displayed,acquire,silent_gap,18,3
four_displayed,acquire,silent_gap,19,5
four_displayed,acquire,silent_gap,20,8
four_displayed,acquire,silent_gap,21,5
four_displayed,acquire,silent_gap,22,3
four_displayed,acquire,silent_gap,23,2
four_displayed,acquire,silent_gap,24,3
four_displayed,acquire,silent_gap,25,2
four_displayed,acquire,silent_gap,26,2
four_displayed,acquire,silent_gap,27,2
four_displayed,acquire,silent_gap,28,2
four_displayed,acquire,silent_gap,29,4
four_displayed,acquire,silent_gap,30,3
four_displayed,acquire,silent_gap,31,5
four_displayed,acquire,silent_gap,32,2
four_displayed,acquire,silent_gap,33,3
four_displayed,acquire,silent_gap,34,3
four_displayed,acquire,silent_gap,35,1
four_displayed,acquire,silent_gap,36,2
four_displayed,acquire,silent_gap,38,4
four_displayed,acquire,silent_gap,40,2
four_displayed,acquire,silent_gap,41,4
four_displayed,acquire,silent_gap,42,1
four_displayed,acquire,silent_gap,43,1
four_displayed,acquire,silent_gap,44,2
four_displayed,acquire,silent_gap,46,1
four_displayed,acquire,silent_gap,48,2
four_displayed,acquire,silent_gap,50,1
four_displayed,acquire,silent_gap,51,2
four_displayed,acquire,silent_gap,52,2
four_displayed,acquire,silent_gap,53,1
four_displayed,acquire,silent_gap,59,1
four_displayed,acquire,silent_gap,60,1
four_displayed,acquire,silent_gap,61,1
four_displayed,acquire,silent_gap,64,2
four_displayed,acquire,silent_gap,65,1
four_displayed,acquire,silent_gap,66,1
four_displayed,acquire,silent_gap,67,2
four_displayed,acquire,silent_gap,68,1
four_displayed,acquire,silent_gap,71,1
four_displayed,acquire,silent_gap,72,1
four_displayed,acquire,silent_gap,75,1
four_displayed,acquire,silent_gap,79,1
four_displayed,acquire,silent_gap,84,1
four_displayed,acquire,silent_gap,89,1
four_displayed,acquire,silent_gap,90,2
four_displayed,acquire,silent_gap,92,3
four_displayed,acquire,silent_gap,97,1
four_displayed,acquire,silent_gap,99,1
four_displayed,acquire,silent_gap,106,1
four_displayed,acquire,silent_gap,108,1
four_displayed,acquire,silent_gap,109,1
four_displayed,acquire,silent_gap,112,2
four_displayed,acquire,silent_gap,119,1
four_displayed,acquire,silent_gap,120,1
four_displayed,acquire,silent_gap,122,2
four_displayed,acquire,silent_gap,123,1
four_displayed,acquire,silent_gap,124,2
four_displayed,acquire,silent_gap,126,1
four_displayed,acquire,silent_gap,130,2
four_displayed,acquire,silent_gap,131,1
four_displayed,acquire,silent_gap,135,1
four_displayed,acquire,silent_gap,139,3
four_displayed,acquire,silent_gap,143,1
four_displayed,acquire,silent_gap,161,1
four_displayed,acquire,silent_gap,169,1
four_displayed,acquire,silent_gap,201,1
four_displayed,acquire,silent_gap,209,1
four_displayed,acquire,silent_gap,239,1
four_displayed,acquire,silent_gap,245,2
four_displayed,acquire,silent_gap,257,1
four_displayed,acquire,silent_gap,267,1
four_displayed,acquire,silent_gap,293,1
four_displayed,acquire,silent_gap,333,1
four_displayed,acquire,silent_gap,442,1
four_displayed,acquire,burst_start_distance,2,50
four_displayed,acquire,burst_start_distance,3,27
four_displayed,acquire,burst_start_distance,4,32
four_displayed,acquire,burst_start_distance,5,20
four_displayed,acquire,burst_start_distance,6,18
four_displayed,acquire,burst_start_distance,7,19
four_displayed,acquire,burst_start_distance,8,7
four_displayed,acquire,burst_start_distance,9,11
four_displayed,acquire,burst_start_distance,10,8
four_displayed,acquire,burst_start_distance,11,7
four_displayed,acquire,burst_start_distance,12,7
four_displayed,acquire,burst_start_distance,13,4
four_displayed,acquire,burst_start_distance,14,3
four_displayed,acquire,burst_start_distance,15,6
four_displayed,acquire,burst_start_distance,16,7
four_displayed,acquire,burst_start_distance,17,1
four_displayed,acquire,burst_start_distance,18,5
four_displayed,acquire,burst_start_distance,19,4
four_displayed,acquire,burst_start_distance,20,3
four_displayed,acquire,burst_start_distance,21,7
four_displayed,acquire,burst_start_distance,22,4
four_displayed,acquire,burst_start_distance,23,6
four_displayed,acquire,burst_start_distance,24,2
four_displayed,acquire,burst_start_distance,25,5
four_displayed,acquire,burst_start_distance,26,1
four_displayed,acquire,burst_start_distance,27,2
four_displayed,acquire,burst_start_distance,28,2
four_displayed,acquire,burst_start_distance,29,4
four_displayed,acquire,burst_start_distance,30,3
four_displayed,acquire,burst_start_distance,31,3
four_displayed,acquire,burst_start_distance,32,4
four_displayed,acquire,burst_start_distance,33,2
four_displayed,acquire,burst_start_distance,34,5
four_displayed,acquire,burst_start_distance,35,1
four_displayed,acquire,burst_start_distance,37,1
four_displayed,acquire,burst_start_distance,38,1
four_displayed,acquire,burst_start_distance,39,5
four_displayed,acquire,burst_start_distance,40,1
four_displayed,acquire,burst_start_distance,41,1
four_displayed,acquire,burst_start_distance,42,2
four_displayed,acquire,burst_start_distance,43,4
four_displayed,acquire,burst_start_distance,44,1
four_displayed,acquire,burst_start_distance,45,3
four_displayed,acquire,burst_start_distance,47,1
four_displayed,acquire,burst_start_distance,49,2
four_displayed,acquire,burst_start_distance,52,2
four_displayed,acquire,burst_start_distance,53,2
four_displayed,acquire,burst_start_distance,55,2
four_displayed,acquire,burst_start_distance,60,1
four_displayed,acquire,burst_start_distance,61,1
four_displayed,acquire,burst_start_distance,62,1
four_displayed,acquire,burst_start_distance,65,2
four_displayed,acquire,burst_start_distance,66,1
four_displayed,acquire,burst_start_distance,67,1
four_displayed,acquire,burst_start_distance,68,2
four_displayed,acquire,burst_start_distance,69,1
four_displayed,acquire,burst_start_distance,72,1
four_displayed,acquire,burst_start_distance,73,1
four_displayed,acquire,burst_start_distance,76,1
four_displayed,acquire,burst_start_distance,80,1
four_displayed,acquire,burst_start_distance,85,1
four_displayed,acquire,burst_start_distance,90,1
four_displayed,acquire,burst_start_distance,91,1
four_displayed,acquire,burst_start_distance,93,3
four_displayed,acquire,burst_start_distance,94,1
four_displayed,acquire,burst_start_distance,98,1
four_displayed,acquire,burst_start_distance,100,1
four_displayed,acquire,burst_start_distance,109,1
four_displayed,acquire,burst_start_distance,110,1
four_displayed,acquire,burst_start_distance,111,1
four_displayed,acquire,burst_start_distance,113,1
four_displayed,acquire,burst_start_distance,114,1
four_displayed,acquire,burst_start_distance,120,1
four_displayed,acquire,burst_start_distance,121,1
four_displayed,acquire,burst_start_distance,123,1
four_displayed,acquire,burst_start_distance,124,2
four_displayed,acquire,burst_start_distance,125,1
four_displayed,acquire,burst_start_distance,126,1
four_displayed,acquire,burst_start_distance,128,1
four_displayed,acquire,burst_start_distance,131,1
four_displayed,acquire,burst_start_distance,132,1
four_displayed,acquire,burst_start_distance,133,1
four_displayed,acquire,burst_start_distance,136,1
four_displayed,acquire,burst_start_distance,140,2
four_displayed,acquire,burst_start_distance,143,1
four_displayed,acquire,burst_start_distance,144,1
four_displayed,acquire,burst_start_distance,162,1
four_displayed,acquire,burst_start_distance,173,1
four_displayed,acquire,burst_start_distance,202,1
four_displayed,acquire,burst_start_distance,211,1
four_displayed,acquire,burst_start_distance,240,1
four_displayed,acquire,burst_start_distance,246,2
four_displayed,acquire,burst_start_distance,262,1
four_displayed,acquire,burst_start_distance,272,1
four_displayed,acquire,burst_start_distance,295,1
four_displayed,acquire,burst_start_distance,334,1
four_displayed,acquire,burst_start_distance,444,1
four_displayed,report,trigger_distance,1,449
four_displayed,report,trigger_distance,2,60
four_displayed,report,trigger_distance,3,30
four_displayed,report,trigger_distance,4,19
four_displayed,report,trigger_distance,5,15
four_displayed,report,trigger_distance,6,9
four_displayed,report,trigger_distance,7,7
four_displayed,report,trigger_distance,8,4
four_displayed,report,trigger_distance,9,15
four_displayed,report,trigger_distance,10,6
four_displayed,report,trigger_distance,11,4
four_displayed,report,trigger_distance,12,6
four_displayed,report,trigger_distance,13,6
four_displayed,report,trigger_distance,14,1
four_displayed,report,trigger_distance,15,1
four_displayed,report,trigger_distance,16,3
four_displayed,report,trigger_distance,17,3
four_displayed,report,trigger_distance,18,2
four_displayed,report,trigger_distance,19,4
four_displayed,report,trigger_distance,20,2
four_displayed,report,trigger_distance,21,3
four_displayed,report,trigger_distance,22,2
four_displayed,report,trigger_distance,23,2
four_displayed,report,trigger_distance,26,1
four_displayed,report,trigger_distance,27,1
four_displayed,report,trigger_distance,29,2
four_displayed,report,trigger_distance,31,1
four_displayed,report,trigger_distance,32,2
four_displayed,report,trigger_distance,34,1
four_displayed,report,trigger_distance,36,2
four_displayed,report,trigger_distance,37,1
four_displayed,report,trigger_distance,38,2
four_displayed,report,trigger_distance,42,3
four_displayed,report,trigger_distance,43,1
four_displayed,report,trigger_distance,44,1
four_displayed,report,trigger_distance,45,1
four_displayed,report,trigger_distance,47,1
four_displayed,report,trigger_distance,48,1
four_displayed,report,trigger_distance,54,2
four_displayed,report,trigger_distance,58,2
four_displayed,report,trigger_distance,66,1
four_displayed,report,trigger_distance,74,1
four_displayed,report,trigger_distance,75,1
four_displayed,report,trigger_distance,78,1
four_displayed,report,trigger_distance,86,2
four_displayed,report,trigger_distance,97,1
four_displayed,report,trigger_distance,103,1
four_displayed,report,trigger_distance,106,1
four_displayed,report,trigger_distance,108,1
four_displayed,report,trigger_distance,111,1
four_displayed,report,trigger_distance,112,1
four_displayed,report,trigger_distance,116,1
four_displayed,report,trigger_distance,119,1
four_displayed,report,trigger_distance,124,1
four_displayed,report,trigger_distance,129,1
four_displayed,report,trigger_distance,139,1
four_displayed,report,trigger_distance,148,1
four_displayed,report,trigger_distance,149,1
four_displayed,report,trigger_distance,159,2
four_displayed,report,trigger_distance,168,1
four_displayed,report,trigger_distance,169,1
four_displayed,report,trigger_distance,170,1
four_displayed,report,trigger_distance,172,1
four_displayed,report,trigger_distance,196,1
four_displayed,report,trigger_distance,206,1
four_displayed,report,trigger_distance,214,1
four_displayed,report,trigger_distance,247,1
four_displayed,report,trigger_distance,248,1
four_displayed,report,trigger_distance,254,1
four_displayed,report,trigger_distance,306,1
four_displayed,report,trigger_distance,548,1
four_displayed,report,trigger_distance,739,1
four_displayed,report,trigger_distance,841,1
four_displayed,report,trigger_distance,913,1
four_displayed,report,trigger_distance,1218,1
four_displayed,report,silent_gap,1,60
four_displayed,report,silent_gap,2,30
four_displayed,report,silent_gap,3,19
four_displayed,report,silent_gap,4,15
four_displayed,report,silent_gap,5,9
four_displayed,report,silent_gap,6,7
four_displayed,report,silent_gap,7,4
four_displayed,report,silent_gap,8,15
four_displayed,report,silent_gap,9,6
four_displayed,report,silent_gap,10,4
four_displayed,report,silent_gap,11,6
four_displayed,report,silent_gap,12,6
four_displayed,report,silent_gap,13,1
four_displayed,report,silent_gap,14,1
four_displayed,report,silent_gap,15,3
four_displayed,report,silent_gap,16,3
four_displayed,report,silent_gap,17,2
four_displayed,report,silent_gap,18,4
four_displayed,report,silent_gap,19,2
four_displayed,report,silent_gap,20,3
four_displayed,report,silent_gap,21,2
four_displayed,report,silent_gap,22,2
four_displayed,report,silent_gap,25,1
four_displayed,report,silent_gap,26,1
four_displayed,report,silent_gap,28,2
four_displayed,report,silent_gap,30,1
four_displayed,report,silent_gap,31,2
four_displayed,report,silent_gap,33,1
four_displayed,report,silent_gap,35,2
four_displayed,report,silent_gap,36,1
four_displayed,report,silent_gap,37,2
four_displayed,report,silent_gap,41,3
four_displayed,report,silent_gap,42,1
four_displayed,report,silent_gap,43,1
four_displayed,report,silent_gap,44,1
four_displayed,report,silent_gap,46,1
four_displayed,report,silent_gap,47,1
four_displayed,report,silent_gap,53,2
four_displayed,report,silent_gap,57,2
four_displayed,report,silent_gap,65,1
four_displayed,report,silent_gap,73,1
four_displayed,report,silent_gap,74,1
four_displayed,report,silent_gap,77,1
four_displayed,report,silent_gap,85,2
four_displayed,report,silent_gap,96,1
four_displayed,report,silent_gap,102,1
four_displayed,report,silent_gap,105,1
four_displayed,report,silent_gap,107,1
four_displayed,report,silent_gap,110,1
four_displayed,report,silent_gap,111,1
four_displayed,report,silent_gap,115,1
four_displayed,report,silent_gap,118,1
four_displayed,report,silent_gap,123,1
four_displayed,report,silent_gap,128,1
four_displayed,report,silent_gap,138,1
four_displayed,report,silent_gap,147,1
four_displayed,report,silent_gap,148,1
four_displayed,report,silent_gap,158,2
four_displayed,report,silent_gap,167,1
four_displayed,report,silent_gap,168,1
four_displayed,report,silent_gap,169,1
four_displayed,report,silent_gap,171,1
four_displayed,report,silent_gap,195,1
four_displayed,report,silent_gap,205,1
four_displayed,report,silent_gap,213,1
four_displayed,report,silent_gap,246,1
four_displayed,report,silent_gap,247,1
four_displayed,report,silent_gap,253,1
four_displayed,report,silent_gap,305,1
four_displayed,report,silent_gap,547,1
four_displayed,report,silent_gap,738,1
four_displayed,report,silent_gap,840,1
four_displayed,report,silent_gap,912,1
four_displayed,report,silent_gap,1217,1
four_displayed,report,burst_start_distance,2,31
four_displayed,report,burst_start_distance,3,27
four_displayed,report,burst_start_distance,4,29
four_displayed,report,burst_start_distance,5,16
four_displayed,report,burst_start_distance,6,12
four_displayed,report,burst_start_distance,7,12
four_displayed,report,burst_start_distance,8,5
four_displayed,report,burst_start_distance,9,11
four_displayed,report,burst_start_distance,10,11
four_displayed,report,burst_start_distance,11,7
four_displayed,report,burst_start_distance,12,6
four_displayed,report,burst_start_distance,13,5
four_displayed,report,burst_start_distance,14,3
four_displayed,report,burst_start_distance,15,3
four_displayed,report,burst_start_distance,16,2
four_displayed,report,burst_start_distance,17,4
four_displayed,report,burst_start_distance,18,2
four_displayed,report,burst_start_distance,19,5
four_displayed,report,burst_start_distance,20,3
four_displayed,report,burst_start_distance,21,2
four_displayed,report,burst_start_distance,22,4
four_displayed,report,burst_start_distance,23,2
four_displayed,report,burst_start_distance,26,2
four_displayed,report,burst_start_distance,27,1
four_displayed,report,burst_start_distance,29,1
four_displayed,report,burst_start_distance,31,1
four_displayed,report,burst_start_distance,32,1
four_displayed,report,burst_start_distance,33,1
four_displayed,report,burst_start_distance,36,2
four_displayed,report,burst_start_distance,38,1
four_displayed,report,burst_start_distance,41,2
four_displayed,report,burst_start_distance,42,2
four_displayed,report,burst_start_distance,43,2
four_displayed,report,burst_start_distance,44,1
four_displayed,report,burst_start_distance,45,3
four_displayed,report,burst_start_distance,47,1
four_displayed,report,burst_start_distance,50,1
four_displayed,report,burst_start_distance,53,1
four_displayed,report,burst_start_distance,56,1
four_displayed,report,burst_start_distance,57,1
four_displayed,report,burst_start_distance,58,2
four_displayed,report,burst_start_distance,66,1
four_displayed,report,burst_start_distance,76,1
four_displayed,report,burst_start_distance,78,1
four_displayed,report,burst_start_distance,87,1
four_displayed,report,burst_start_distance,89,1
four_displayed,report,burst_start_distance,103,1
four_displayed,report,burst_start_distance,105,1
four_displayed,report,burst_start_distance,106,2
four_displayed,report,burst_start_distance,109,1
four_displayed,report,burst_start_distance,111,1
four_displayed,report,burst_start_distance,112,1
four_displayed,report,burst_start_distance,116,1
four_displayed,report,burst_start_distance,123,1
four_displayed,report,burst_start_distance,125,1
four_displayed,report,burst_start_distance,129,1
four_displayed,report,burst_start_distance,141,1
four_displayed,report,burst_start_distance,148,1
four_displayed,report,burst_start_distance,149,1
four_displayed,report,burst_start_distance,159,2
four_displayed,report,burst_start_distance,168,1
four_displayed,report,burst_start_distance,170,1
four_displayed,report,burst_start_distance,173,1
four_displayed,report,burst_start_distance,186,1
four_displayed,report,burst_start_distance,196,1
four_displayed,report,burst_start_distance,206,1
four_displayed,report,burst_start_distance,214,1
four_displayed,report,burst_start_distance,247,1
four_displayed,report,burst_start_distance,249,1
four_displayed,report,burst_start_distance,254,1
four_displayed,report,burst_start_distance,311,1
four_displayed,report,burst_start_distance,548,1
four_displayed,report,burst_start_distance,739,1
four_displayed,report,burst_start_distance,841,1
four_displayed,report,burst_start_distance,913,1
four_displayed,report,burst_start_distance,1218,1
four_displayed,motivated,trigger_distance,1,416
four_displayed,motivated,trigger_distance,2,52
four_displayed,motivated,trigger_distance,3,23
four_displayed,motivated,trigger_distance,4,17
four_displayed,motivated,trigger_distance,5,31
four_displayed,motivated,trigger_distance,6,21
four_displayed,motivated,trigger_distance,7,25
four_displayed,motivated,trigger_distance,8,15
four_displayed,motivated,trigger_distance,9,18
four_displayed,motivated,trigger_distance,10,7
four_displayed,motivated,trigger_distance,11,7
four_displayed,motivated,trigger_distance,12,7
four_displayed,motivated,trigger_distance,13,3
four_displayed,motivated,trigger_distance,14,10
four_displayed,motivated,trigger_distance,15,5
four_displayed,motivated,trigger_distance,16,10
four_displayed,motivated,trigger_distance,17,6
four_displayed,motivated,trigger_distance,18,8
four_displayed,motivated,trigger_distance,19,10
four_displayed,motivated,trigger_distance,20,6
four_displayed,motivated,trigger_distance,21,6
four_displayed,motivated,trigger_distance,22,2
four_displayed,motivated,trigger_distance,23,2
four_displayed,motivated,trigger_distance,24,3
four_displayed,motivated,trigger_distance,26,2
four_displayed,motivated,trigger_distance,27,4
four_displayed,motivated,trigger_distance,28,2
four_displayed,motivated,trigger_distance,29,6
four_displayed,motivated,trigger_distance,30,4
four_displayed,motivated,trigger_distance,31,3
four_displayed,motivated,trigger_distance,32,7
four_displayed,motivated,trigger_distance,33,4
four_displayed,motivated,trigger_distance,34,3
four_displayed,motivated,trigger_distance,35,3
four_displayed,motivated,trigger_distance,36,2
four_displayed,motivated,trigger_distance,37,1
four_displayed,motivated,trigger_distance,38,2
four_displayed,motivated,trigger_distance,39,2
four_displayed,motivated,trigger_distance,40,2
four_displayed,motivated,trigger_distance,42,3
four_displayed,motivated,trigger_distance,43,1
four_displayed,motivated,trigger_distance,45,1
four_displayed,motivated,trigger_distance,46,1
four_displayed,motivated,trigger_distance,47,1
four_displayed,motivated,trigger_distance,48,3
four_displayed,motivated,trigger_distance,49,2
four_displayed,motivated,trigger_distance,50,1
four_displayed,motivated,trigger_distance,51,1
four_displayed,motivated,trigger_distance,52,1
four_displayed,motivated,trigger_distance,53,2
four_displayed,motivated,trigger_distance,54,1
four_displayed,motivated,trigger_distance,55,2
four_displayed,motivated,trigger_distance,56,6
four_displayed,motivated,trigger_distance,57,1
four_displayed,motivated,trigger_distance,62,1
four_displayed,motivated,trigger_distance,63,1
four_displayed,motivated,trigger_distance,65,1
four_displayed,motivated,trigger_distance,67,1
four_displayed,motivated,trigger_distance,71,2
four_displayed,motivated,trigger_distance,73,2
four_displayed,motivated,trigger_distance,74,1
four_displayed,motivated,trigger_distance,75,5
four_displayed,motivated,trigger_distance,76,3
four_displayed,motivated,trigger_distance,81,2
four_displayed,motivated,trigger_distance,85,1
four_displayed,motivated,trigger_distance,86,2
four_displayed,motivated,trigger_distance,87,2
four_displayed,motivated,trigger_distance,90,1
four_displayed,motivated,trigger_distance,91,1
four_displayed,motivated,trigger_distance,94,1
four_displayed,motivated,trigger_distance,102,1
four_displayed,motivated,trigger_distance,107,1
four_displayed,motivated,trigger_distance,112,1
four_displayed,motivated,trigger_distance,119,1
four_displayed,motivated,trigger_distance,122,1
four_displayed,motivated,trigger_distance,124,2
four_displayed,motivated,trigger_distance,130,1
four_displayed,motivated,trigger_distance,132,1
four_displayed,motivated,trigger_distance,149,1
four_displayed,motivated,trigger_distance,163,1
four_displayed,motivated,trigger_distance,171,1
four_displayed,motivated,trigger_distance,175,1
four_displayed,motivated,trigger_distance,188,1
four_displayed,motivated,trigger_distance,192,1
four_displayed,motivated,trigger_distance,203,1
four_displayed,motivated,trigger_distance,211,1
four_displayed,motivated,trigger_distance,216,1
four_displayed,motivated,trigger_distance,226,1
four_displayed,motivated,trigger_distance,254,1
four_displayed,motivated,trigger_distance,264,1
four_displayed,motivated,trigger_distance,282,1
four_displayed,motivated,silent_gap,1,52
four_displayed,motivated,silent_gap,2,23
four_displayed,motivated,silent_gap,3,17
four_displayed,motivated,silent_gap,4,31
four_displayed,motivated,silent_gap,5,21
four_displayed,motivated,silent_gap,6,25
four_displayed,motivated,silent_gap,7,15
four_displayed,motivated,silent_gap,8,18
four_displayed,motivated,silent_gap,9,7
four_displayed,motivated,silent_gap,10,7
four_displayed,motivated,silent_gap,11,7
four_displayed,motivated,silent_gap,12,3
four_displayed,motivated,silent_gap,13,10
four_displayed,motivated,silent_gap,14,5
four_displayed,motivated,silent_gap,15,10
four_displayed,motivated,silent_gap,16,6
four_displayed,motivated,silent_gap,17,8
four_displayed,motivated,silent_gap,18,10
four_displayed,motivated,silent_gap,19,6
four_displayed,motivated,silent_gap,20,6
four_displayed,motivated,silent_gap,21,2
four_displayed,motivated,silent_gap,22,2
four_displayed,motivated,silent_gap,23,3
four_displayed,motivated,silent_gap,25,2
four_displayed,motivated,silent_gap,26,4
four_displayed,motivated,silent_gap,27,2
four_displayed,motivated,silent_gap,28,6
four_displayed,motivated,silent_gap,29,4
four_displayed,motivated,silent_gap,30,3
four_displayed,motivated,silent_gap,31,7
four_displayed,motivated,silent_gap,32,4
four_displayed,motivated,silent_gap,33,3
four_displayed,motivated,silent_gap,34,3
four_displayed,motivated,silent_gap,35,2
four_displayed,motivated,silent_gap,36,1
four_displayed,motivated,silent_gap,37,2
four_displayed,motivated,silent_gap,38,2
four_displayed,motivated,silent_gap,39,2
four_displayed,motivated,silent_gap,41,3
four_displayed,motivated,silent_gap,42,1
four_displayed,motivated,silent_gap,44,1
four_displayed,motivated,silent_gap,45,1
four_displayed,motivated,silent_gap,46,1
four_displayed,motivated,silent_gap,47,3
four_displayed,motivated,silent_gap,48,2
four_displayed,motivated,silent_gap,49,1
four_displayed,motivated,silent_gap,50,1
four_displayed,motivated,silent_gap,51,1
four_displayed,motivated,silent_gap,52,2
four_displayed,motivated,silent_gap,53,1
four_displayed,motivated,silent_gap,54,2
four_displayed,motivated,silent_gap,55,6
four_displayed,motivated,silent_gap,56,1
four_displayed,motivated,silent_gap,61,1
four_displayed,motivated,silent_gap,62,1
four_displayed,motivated,silent_gap,64,1
four_displayed,motivated,silent_gap,66,1
four_displayed,motivated,silent_gap,70,2
four_displayed,motivated,silent_gap,72,2
four_displayed,motivated,silent_gap,73,1
four_displayed,motivated,silent_gap,74,5
four_displayed,motivated,silent_gap,75,3
four_displayed,motivated,silent_gap,80,2
four_displayed,motivated,silent_gap,84,1
four_displayed,motivated,silent_gap,85,2
four_displayed,motivated,silent_gap,86,2
four_displayed,motivated,silent_gap,89,1
four_displayed,motivated,silent_gap,90,1
four_displayed,motivated,silent_gap,93,1
four_displayed,motivated,silent_gap,101,1
four_displayed,motivated,silent_gap,106,1
four_displayed,motivated,silent_gap,111,1
four_displayed,motivated,silent_gap,118,1
four_displayed,motivated,silent_gap,121,1
four_displayed,motivated,silent_gap,123,2
four_displayed,motivated,silent_gap,129,1
four_displayed,motivated,silent_gap,131,1
four_displayed,motivated,silent_gap,148,1
four_displayed,motivated,silent_gap,162,1
four_displayed,motivated,silent_gap,170,1
four_displayed,motivated,silent_gap,174,1
four_displayed,motivated,silent_gap,187,1
four_displayed,motivated,silent_gap,191,1
four_displayed,motivated,silent_gap,202,1
four_displayed,motivated,silent_gap,210,1
four_displayed,motivated,silent_gap,215,1
four_displayed,motivated,silent_gap,225,1
four_displayed,motivated,silent_gap,253,1
four_displayed,motivated,silent_gap,263,1
four_displayed,motivated,silent_gap,281,1
four_displayed,motivated,burst_start_distance,2,29
four_displayed,motivated,burst_start_distance,3,24
four_displayed,motivated,burst_start_distance,4,15
four_displayed,motivated,burst_start_distance,5,21
four_displayed,motivated,burst_start_distance,6,18
four_displayed,motivated,burst_start_distance,7,22
four_displayed,motivated,burst_start_distance,8,29
four_displayed,motivated,burst_start_distance,9,20
four_displayed,motivated,burst_start_distance,10,15
four_displayed,motivated,burst_start_distance,11,13
four_displayed,motivated,burst_start_distance,12,6
four_displayed,motivated,burst_start_distance,13,5
four_displayed,motivated,burst_start_distance,14,12
four_displayed,motivated,burst_start_distance,15,6
four_displayed,motivated,burst_start_distance,16,8
four_displayed,motivated,burst_start_distance,17,9
four_displayed,motivated,burst_start_distance,18,10
four_displayed,motivated,burst_start_distance,19,6
four_displayed,motivated,burst_start_distance,20,8
four_displayed,motivated,burst_start_distance,21,8
four_displayed,motivated,burst_start_distance,22,1
four_displayed,motivated,burst_start_distance,23,4
four_displayed,motivated,burst_start_distance,24,5
four_displayed,motivated,burst_start_distance,27,3
four_displayed,motivated,burst_start_distance,28,3
four_displayed,motivated,burst_start_distance,29,5
four_displayed,motivated,burst_start_distance,30,4
four_displayed,motivated,burst_start_distance,31,3
four_displayed,motivated,burst_start_distance,32,7
four_displayed,motivated,burst_start_distance,33,2
four_displayed,motivated,burst_start_distance,34,6
four_displayed,motivated,burst_start_distance,35,2
four_displayed,motivated,burst_start_distance,36,2
four_displayed,motivated,burst_start_distance,37,4
four_displayed,motivated,burst_start_distance,39,2
four_displayed,motivated,burst_start_distance,40,3
four_displayed,motivated,burst_start_distance,42,3
four_displayed,motivated,burst_start_distance,43,1
four_displayed,motivated,burst_start_distance,45,1
four_displayed,motivated,burst_start_distance,46,2
four_displayed,motivated,burst_start_distance,48,3
four_displayed,motivated,burst_start_distance,49,2
four_displayed,motivated,burst_start_distance,50,1
four_displayed,motivated,burst_start_distance,51,1
four_displayed,motivated,burst_start_distance,52,2
four_displayed,motivated,burst_start_distance,53,1
four_displayed,motivated,burst_start_distance,54,2
four_displayed,motivated,burst_start_distance,55,1
four_displayed,motivated,burst_start_distance,56,4
four_displayed,motivated,burst_start_distance,57,1
four_displayed,motivated,burst_start_distance,58,2
four_displayed,motivated,burst_start_distance,59,1
four_displayed,motivated,burst_start_distance,63,2
four_displayed,motivated,burst_start_distance,65,1
four_displayed,motivated,burst_start_distance,70,1
four_displayed,motivated,burst_start_distance,71,2
four_displayed,motivated,burst_start_distance,73,1
four_displayed,motivated,burst_start_distance,74,1
four_displayed,motivated,burst_start_distance,75,3
four_displayed,motivated,burst_start_distance,76,1
four_displayed,motivated,burst_start_distance,77,3
four_displayed,motivated,burst_start_distance,78,1
four_displayed,motivated,burst_start_distance,79,1
four_displayed,motivated,burst_start_distance,81,2
four_displayed,motivated,burst_start_distance,85,1
four_displayed,motivated,burst_start_distance,87,3
four_displayed,motivated,burst_start_distance,88,1
four_displayed,motivated,burst_start_distance,90,1
four_displayed,motivated,burst_start_distance,91,1
four_displayed,motivated,burst_start_distance,94,1
four_displayed,motivated,burst_start_distance,102,1
four_displayed,motivated,burst_start_distance,108,1
four_displayed,motivated,burst_start_distance,112,1
four_displayed,motivated,burst_start_distance,119,1
four_displayed,motivated,burst_start_distance,122,1
four_displayed,motivated,burst_start_distance,124,2
four_displayed,motivated,burst_start_distance,131,1
four_displayed,motivated,burst_start_distance,133,1
four_displayed,motivated,burst_start_distance,149,1
four_displayed,motivated,burst_start_distance,164,1
four_displayed,motivated,burst_start_distance,173,1
four_displayed,motivated,burst_start_distance,175,1
four_displayed,motivated,burst_start_distance,189,1
four_displayed,motivated,burst_start_distance,192,1
four_displayed,motivated,burst_start_distance,203,1
four_displayed,motivated,burst_start_distance,212,1
four_displayed,motivated,burst_start_distance,216,1
four_displayed,motivated,burst_start_distance,226,1
four_displayed,motivated,burst_start_distance,254,1
four_displayed,motivated,burst_start_distance,264,1
four_displayed,motivated,burst_start_distance,286,1
